session_begin, conflict_type, username, time_created, number_of_commits, time_first_committed, number_of_updates, time_first_updated, time_resolved, resolved, lifetime_in_sec, value, ,
02/16/2015 20:16:51, syntactic, MRSV, 02/16/2015 20:36:21, 0, , 0, , 02/16/2015 20:36:37, 1, 16, generate [3A60805B-3A524F70-A064ACD1-88108A11/Task] in generateTask in SATGen has no execution time, ,
02/16/2015 20:16:51, syntactic, MRSV, 02/16/2015 20:48:41, 0, , 0, , 02/16/2015 20:49:53, 1, 72, generate [3F426F4B-6D164164-816FE575-67A4324F/Task] in generateTask in SubsetSumGen has no execution time, ,
02/16/2015 20:16:51, semantic_overall, MRSV, 02/16/2015 20:37:43, 0, , 0, , 02/16/2015 20:38:02, 1, 19, Energy: Overall Total violates requirement [4044164.4593 < 4000000.0], ,
02/16/2015 20:16:51, semantic_overall, MRSV, 02/16/2015 20:41:05, 0, , 0, , 02/16/2015 20:41:48, 1, 43, Energy: Overall Total violates requirement [4192981.6944 < 4000000.0], ,
02/16/2015 20:16:51, semantic_overall, MRSV, 02/16/2015 20:34:45, 1, 02/16/2015 20:42:10, 0, , 02/16/2015 20:43:04, 1, 499, Memory: Overall Maximum violates requirement [31494.0 < 30000.0], ,
02/16/2015 20:16:51, semantic_overall, MRSV, 02/16/2015 20:44:16, 0, , 0, , 02/16/2015 20:44:20, 1, 4, Memory: Overall Maximum violates requirement [51366.0 < 30000.0], ,
