time_finish, event_type, origin_component, username, event_id, value, value_change, option_change, blank_1, blank_2, blank_3, blank_4, blank_5, blank_6, blank_7, blank_8, time_begin, ,
02/15/2015 22:39:39, Design, FLAME Client, participant_0, 1, X`3f426f4b.6d164164.816fe575.67a4324f`ATTR`generate`Task`MON::Model [Task]`Aspect=xADLBehaviorAspect&Position=301.259`37598ce1.81784bb5.996843e8.1d554a61`Process`MON::Model [Process]`executionTime=7.5&memoryUsage=3&taskInstruction=nextTask = new Task;|nextTask->getTaskState().value() = 0;|nextTask->getTaskID().value() = taskIDCounter->getNextTaskID().value()++;````````````, , , , , , , , , , , 02/15/2015 22:39:39, ,
02/15/2015 22:39:45, Design, FLAME Client, participant_0, 2, X`3f426f4b.6d164164.816fe575.67a4324f`ATTR`generate`Task`MON::Model [Task]`Aspect=xADLBehaviorAspect&Position=301.259`37598ce1.81784bb5.996843e8.1d554a61`Process`MON::Model [Process]`executionTime=7.5&memoryUsage=5500&taskInstruction=nextTask = new Task;|nextTask->getTaskState().value() = 0;|nextTask->getTaskID().value() = taskIDCounter->getNextTaskID().value()++;````````````, , , , , , , , , , , 02/15/2015 22:39:45, ,
02/15/2015 22:40:17, Design, FLAME Client, participant_0, 3, X`176369f9.b385435c.b2d59a0f.66ba660c`ATTR`Host_SubsetSum`Host`MON::Set [Host]`Aspect=xADLCoreAspect&Position=1610.385`bb42af9e.ee894de6.a8870ee2.566cbbfe`Architecture`MON::Model [Architecture]`receiveEnergyCost=101.280000&receiveEnergyOverhead=64.990000&transmitEnergyCost=182.000000&transmitEnergyOverhead=82.450000````````````, , , , , , , , , , , 02/15/2015 22:40:17, ,
02/15/2015 22:40:23, Design, FLAME Client, participant_0, 4, X`176369f9.b385435c.b2d59a0f.66ba660c`ATTR`Host_SubsetSum`Host`MON::Set [Host]`Aspect=xADLCoreAspect&Position=1610.385`bb42af9e.ee894de6.a8870ee2.566cbbfe`Architecture`MON::Model [Architecture]`receiveEnergyCost=101.280000&receiveEnergyOverhead=64.990000&transmitEnergyCost=182.000000&transmitEnergyOverhead=217.000000````````````, , , , , , , , , , , 02/15/2015 22:40:23, ,
02/15/2015 22:41:54, Design, FLAME Client, participant_1, 1, X`4c379791.2eea468a.a8abbb1d.e5fba9bb`ATTR`perform`Task`MON::Model [Task]`Aspect=xADLBehaviorAspect&Position=336.217`c270ab26.2fff4b88.bf50a288.2d000ee5`Process`MON::Model [Process]`executionTime=350&memoryUsage=27&taskInstruction=nextResult[thread_id] = new Result;|nextResult[thread_id]->getResultState().value() = 0;|nextResult[thread_id]->getResultID().value() = nextTask[thread_id]->getTaskID().value();|nextResult[thread_id]->getResultValue().value() = 1;````````````, , , , , , , , , , , 02/15/2015 22:41:54, ,
02/15/2015 22:42:20, Design, FLAME Client, participant_1, 2, X`4c379791.2eea468a.a8abbb1d.e5fba9bb`ATTR`perform`Task`MON::Model [Task]`Aspect=xADLBehaviorAspect&Position=336.217`c270ab26.2fff4b88.bf50a288.2d000ee5`Process`MON::Model [Process]`executionTime=350&memoryUsage=39&taskInstruction=nextResult[thread_id] = new Result;|nextResult[thread_id]->getResultState().value() = 0;|nextResult[thread_id]->getResultID().value() = nextTask[thread_id]->getTaskID().value();|nextResult[thread_id]->getResultValue().value() = 1;````````````, , , , , , , , , , , 02/15/2015 22:42:20, ,
02/15/2015 22:47:39, Snapshot, FLAME Client, participant_0, 5, , , , , , , , , , , , 02/15/2015 22:47:39, ,
02/15/2015 22:48:11, Design, FLAME Client, participant_0, 6, X`3a60805b.3a524f70.a064acd1.88108a11`ATTR`generate`Task`MON::Model [Task]`Aspect=xADLBehaviorAspect&Position=301.259`fd961ab4.712348fe.91a8653d.18529735`Process`MON::Model [Process]`executionTime=7.5&memoryUsage=3&taskInstruction=nextTask = new Task;|nextTask->getTaskState().value() = 0;|nextTask->getTaskID().value() = taskIDCounter->getNextTaskID().value()++;````````````, , , , , , , , , , , 02/15/2015 22:48:11, ,
02/15/2015 22:48:20, Design, FLAME Client, participant_0, 7, X`3a60805b.3a524f70.a064acd1.88108a11`ATTR`generate`Task`MON::Model [Task]`Aspect=xADLBehaviorAspect&Position=301.259`fd961ab4.712348fe.91a8653d.18529735`Process`MON::Model [Process]`executionTime=7.5&memoryUsage=5500&taskInstruction=nextTask = new Task;|nextTask->getTaskState().value() = 0;|nextTask->getTaskID().value() = taskIDCounter->getNextTaskID().value()++;````````````, , , , , , , , , , , 02/15/2015 22:48:20, ,
02/15/2015 22:48:48, Design, FLAME Client, participant_0, 8, X`de311a94.5ac54159.8e7ae434.321ec71e`ATTR`HostSAT`Host`MON::Set [Host]`Aspect=xADLCoreAspect&Position=1610.497`bb42af9e.ee894de6.a8870ee2.566cbbfe`Architecture`MON::Model [Architecture]`receiveEnergyCost=101.280000&receiveEnergyOverhead=64.990000&transmitEnergyCost=182.000000&transmitEnergyOverhead=82.450000````````````, , , , , , , , , , , 02/15/2015 22:48:48, ,
02/15/2015 22:48:53, Design, FLAME Client, participant_0, 9, X`de311a94.5ac54159.8e7ae434.321ec71e`ATTR`HostSAT`Host`MON::Set [Host]`Aspect=xADLCoreAspect&Position=1610.497`bb42af9e.ee894de6.a8870ee2.566cbbfe`Architecture`MON::Model [Architecture]`receiveEnergyCost=101.280000&receiveEnergyOverhead=64.990000&transmitEnergyCost=182.000000&transmitEnergyOverhead=217.000000````````````, , , , , , , , , , , 02/15/2015 22:48:53, ,
02/15/2015 22:55:29, Design, FLAME Client, participant_1, 3, X`4c379791.2eea468a.a8abbb1d.e5fba9bb`ATTR`perform`Task`MON::Model [Task]`Aspect=xADLBehaviorAspect&Position=336.217`c270ab26.2fff4b88.bf50a288.2d000ee5`Process`MON::Model [Process]`executionTime=200&memoryUsage=39&taskInstruction=nextResult[thread_id] = new Result;|nextResult[thread_id]->getResultState().value() = 0;|nextResult[thread_id]->getResultID().value() = nextTask[thread_id]->getTaskID().value();|nextResult[thread_id]->getResultValue().value() = 1;````````````, , , , , , , , , , , 02/15/2015 22:55:29, ,
02/15/2015 22:55:29, Snapshot, FLAME Client, participant_0, 10, , , , , , , , , , , , 02/15/2015 22:55:29, ,
02/15/2015 22:55:42, Design, FLAME Client, participant_1, 4, X`4c379791.2eea468a.a8abbb1d.e5fba9bb`ATTR`perform`Task`MON::Model [Task]`Aspect=xADLBehaviorAspect&Position=336.217`c270ab26.2fff4b88.bf50a288.2d000ee5`Process`MON::Model [Process]`executionTime=200&memoryUsage=92&taskInstruction=nextResult[thread_id] = new Result;|nextResult[thread_id]->getResultState().value() = 0;|nextResult[thread_id]->getResultID().value() = nextTask[thread_id]->getTaskID().value();|nextResult[thread_id]->getResultValue().value() = 1;````````````, , , , , , , , , , , 02/15/2015 22:55:42, ,
02/15/2015 22:57:30, Design, FLAME Client, participant_0, 11, X`3f426f4b.6d164164.816fe575.67a4324f`ATTR`generate`Task`MON::Model [Task]`Aspect=xADLBehaviorAspect&Position=301.259`37598ce1.81784bb5.996843e8.1d554a61`Process`MON::Model [Process]`executionTime=7&memoryUsage=5500&taskInstruction=nextTask = new Task;|nextTask->getTaskState().value() = 0;|nextTask->getTaskID().value() = taskIDCounter->getNextTaskID().value()++;````````````, , , , , , , , , , , 02/15/2015 22:57:30, ,
02/15/2015 22:57:36, Design, FLAME Client, participant_0, 12, X`3f426f4b.6d164164.816fe575.67a4324f`ATTR`generate`Task`MON::Model [Task]`Aspect=xADLBehaviorAspect&Position=301.259`37598ce1.81784bb5.996843e8.1d554a61`Process`MON::Model [Process]`executionTime=7&memoryUsage=11000&taskInstruction=nextTask = new Task;|nextTask->getTaskState().value() = 0;|nextTask->getTaskID().value() = taskIDCounter->getNextTaskID().value()++;````````````, , , , , , , , , , , 02/15/2015 22:57:36, ,
02/15/2015 22:57:51, Design, FLAME Client, participant_0, 13, X`176369f9.b385435c.b2d59a0f.66ba660c`ATTR`Host_SubsetSum`Host`MON::Set [Host]`Aspect=xADLCoreAspect&Position=1610.385`bb42af9e.ee894de6.a8870ee2.566cbbfe`Architecture`MON::Model [Architecture]`receiveEnergyCost=101.280000&receiveEnergyOverhead=64.990000&transmitEnergyCost=330.000000&transmitEnergyOverhead=217.000000````````````, , , , , , , , , , , 02/15/2015 22:57:51, ,
02/15/2015 22:57:59, Design, FLAME Client, participant_0, 14, X`176369f9.b385435c.b2d59a0f.66ba660c`ATTR`Host_SubsetSum`Host`MON::Set [Host]`Aspect=xADLCoreAspect&Position=1610.385`bb42af9e.ee894de6.a8870ee2.566cbbfe`Architecture`MON::Model [Architecture]`receiveEnergyCost=101.280000&receiveEnergyOverhead=64.990000&transmitEnergyCost=330.000000&transmitEnergyOverhead=429.000000````````````, , , , , , , , , , , 02/15/2015 22:57:59, ,
02/15/2015 23:00:17, Design, FLAME Client, participant_1, 5, X`4c379791.2eea468a.a8abbb1d.e5fba9bb`ATTR`perform`Task`MON::Model [Task]`Aspect=xADLBehaviorAspect&Position=336.217`c270ab26.2fff4b88.bf50a288.2d000ee5`Process`MON::Model [Process]`executionTime=500&memoryUsage=92&taskInstruction=nextResult[thread_id] = new Result;|nextResult[thread_id]->getResultState().value() = 0;|nextResult[thread_id]->getResultID().value() = nextTask[thread_id]->getTaskID().value();|nextResult[thread_id]->getResultValue().value() = 1;````````````, , , , , , , , , , , 02/15/2015 23:00:17, ,
02/15/2015 23:00:22, Design, FLAME Client, participant_1, 6, X`4c379791.2eea468a.a8abbb1d.e5fba9bb`ATTR`perform`Task`MON::Model [Task]`Aspect=xADLBehaviorAspect&Position=336.217`c270ab26.2fff4b88.bf50a288.2d000ee5`Process`MON::Model [Process]`executionTime=500&memoryUsage=27&taskInstruction=nextResult[thread_id] = new Result;|nextResult[thread_id]->getResultState().value() = 0;|nextResult[thread_id]->getResultID().value() = nextTask[thread_id]->getTaskID().value();|nextResult[thread_id]->getResultValue().value() = 1;````````````, , , , , , , , , , , 02/15/2015 23:00:22, ,
