TIME, Event name, OriginComponent, SenderUsername, EventID, Value, ,
20140330_1551_49, Login, XTEAM Engine, MRSV, , ,
20140330_1552_19, Login, CoWare XTEAM Client, participant_0, , ,
20140330_1552_50, Login, CoWare XTEAM Client, participant_1, , ,
20140330_1553_33, Design, CoWare XTEAM Client, participant_0, 1, X`26cde46c.9c5842b6.86a460a7.9af47b0b`ATTR`generate`Task`MON::Model [Task]`Aspect=xADLBehaviorAspect&Position=231.196`8bf46823.a38b47d7.afbbc04e.7988ae39`Process`MON::Model [Process]`executionTime=10&memoryUsage=250&taskInstruction=nextRequest = new Request;|nextRequest->getRequestKind().value() = "Salinity";````````````, ,
20140330_1553_34, Notification, XTEAM Engine, MRSV, 1, Simulation execution beginning, ,
20140330_1553_35, Design, CoWare XTEAM Client, participant_0, 2, X`26cde46c.9c5842b6.86a460a7.9af47b0b`ATTR`generate`Task`MON::Model [Task]`Aspect=xADLBehaviorAspect&Position=231.196`8bf46823.a38b47d7.afbbc04e.7988ae39`Process`MON::Model [Process]`executionTime=6&memoryUsage=250&taskInstruction=nextRequest = new Request;|nextRequest->getRequestKind().value() = "Salinity";````````````, ,
20140330_1553_36, Notification, XTEAM Engine, MRSV, 2, Simulation execution beginning, ,
20140330_1553_53, Design, CoWare XTEAM Client, participant_1, 1, X`823be07d.a4c04349.bb5bd637.1efca24`ATTR`forward`Task`MON::Model [Task]`Aspect=xADLBehaviorAspect&Position=280.196`64012bb1.f194748.9fe467dc.cb2e84f5`Process`MON::Model [Process]`executionTime=7&memoryUsage=1&taskInstruction=````````````, ,
20140330_1553_54, Notification, XTEAM Engine, MRSV, 3, Simulation execution beginning, ,
20140330_1553_55, Design, CoWare XTEAM Client, participant_1, 2, X`823be07d.a4c04349.bb5bd637.1efca24`ATTR`forward`Task`MON::Model [Task]`Aspect=xADLBehaviorAspect&Position=280.196`64012bb1.f194748.9fe467dc.cb2e84f5`Process`MON::Model [Process]`executionTime=7&memoryUsage=15&taskInstruction=````````````, ,
20140330_1553_56, Design, CoWare XTEAM Client, participant_0, 3, X`8bf46823.a38b47d7.afbbc04e.7988ae39`REGISTRY`generateRequest`Process`MON::Model [Process]`Aspect=xADLBehaviorAspect&Position=98.126`aa0cfe94.d0224387.928a6ce9.daf29ef7`Component`MON::Model [Component]`initialProcess=true````````````, ,
20140330_1553_57, Notification, XTEAM Engine, MRSV, 4, Simulation execution beginning, ,
20140330_1553_58, Notification, XTEAM Engine, MRSV, 1, Simulation execution completion, ,
20140330_1553_58, XTEAM, XTEAM Engine, MRSV, , ,
20140330_1553_58, XTEAM, XTEAM Engine, MRSV, , ,
20140330_1553_58, XTEAM, XTEAM Engine, MRSV, , ,
20140330_1553_58, Notification, XTEAM Engine, MRSV, 5, Simulation execution beginning, ,
20140330_1554_03, Notification, XTEAM Engine, MRSV, 2, Simulation execution completion, ,
20140330_1554_03, XTEAM, XTEAM Engine, MRSV, , ,
20140330_1554_03, XTEAM, XTEAM Engine, MRSV, , ,
20140330_1554_03, XTEAM, XTEAM Engine, MRSV, , ,
20140330_1554_09, Design, CoWare XTEAM Client, participant_0, 4, X`6e9c8fd6.f1e64dd2.b80f329b.5eaf84d5`ATTR`generate`Task`MON::Model [Task]`Aspect=xADLBehaviorAspect&Position=231.196`949ce290.11ad4a14.a3b729fe.76f3e91a`Process`MON::Model [Process]`executionTime=6&memoryUsage=3&taskInstruction=nextRequest = new Request;|nextRequest->getRequestKind().value() = "Salinity";````````````, ,
20140330_1554_11, Design, CoWare XTEAM Client, participant_0, 5, X`6e9c8fd6.f1e64dd2.b80f329b.5eaf84d5`ATTR`generate`Task`MON::Model [Task]`Aspect=xADLBehaviorAspect&Position=231.196`949ce290.11ad4a14.a3b729fe.76f3e91a`Process`MON::Model [Process]`executionTime=6&memoryUsage=250&taskInstruction=nextRequest = new Request;|nextRequest->getRequestKind().value() = "Salinity";````````````, ,
20140330_1554_12, Notification, XTEAM Engine, MRSV, 6, Simulation execution beginning, ,
20140330_1554_13, Notification, XTEAM Engine, MRSV, 7, Simulation execution beginning, ,
20140330_1554_18, Design, CoWare XTEAM Client, participant_1, 3, X`cc6f3a99.39734696.be3c4499.34632100`ATTR`Host_Salinity`Host`MON::Set [Host]`Aspect=xADLCoreAspect&Position=966.763`53c8e4c.6bec48b1.8f5efd8e.55e34f54`Architecture`MON::Model [Architecture]`receiveEnergyCost=13.000000&receiveEnergyOverhead=45.000000&transmitEnergyCost=12.000000&transmitEnergyOverhead=40.000000````````````, ,
20140330_1554_19, Notification, XTEAM Engine, MRSV, 8, Simulation execution beginning, ,
20140330_1554_20, Design, CoWare XTEAM Client, participant_0, 6, X`422c11c0.c89a428f.838be7f4.7ffbcbd6`ATTR`generate`Task`MON::Model [Task]`Aspect=xADLBehaviorAspect&Position=231.196`f5e3fc53.9152438c.8adc2b0b.e095f1c6`Process`MON::Model [Process]`executionTime=6&memoryUsage=3&taskInstruction=nextRequest = new Request;|nextRequest->getRequestKind().value() = "Salinity";````````````, ,
20140330_1554_22, Design, CoWare XTEAM Client, participant_0, 7, X`422c11c0.c89a428f.838be7f4.7ffbcbd6`ATTR`generate`Task`MON::Model [Task]`Aspect=xADLBehaviorAspect&Position=231.196`f5e3fc53.9152438c.8adc2b0b.e095f1c6`Process`MON::Model [Process]`executionTime=6&memoryUsage=250&taskInstruction=nextRequest = new Request;|nextRequest->getRequestKind().value() = "Salinity";````````````, ,
20140330_1554_23, Notification, XTEAM Engine, MRSV, 9, Simulation execution beginning, ,
20140330_1554_23, Design, CoWare XTEAM Client, participant_1, 4, X`cc6f3a99.39734696.be3c4499.34632100`ATTR`Host_Salinity`Host`MON::Set [Host]`Aspect=xADLCoreAspect&Position=966.763`53c8e4c.6bec48b1.8f5efd8e.55e34f54`Architecture`MON::Model [Architecture]`receiveEnergyCost=20.000000&receiveEnergyOverhead=45.000000&transmitEnergyCost=12.000000&transmitEnergyOverhead=40.000000````````````, ,
20140330_1554_25, Notification, XTEAM Engine, MRSV, 10, Simulation execution beginning, ,
20140330_1554_26, Notification, XTEAM Engine, MRSV, 3, Simulation execution completion, ,
20140330_1554_26, XTEAM, XTEAM Engine, MRSV, , ,
20140330_1554_26, XTEAM, XTEAM Engine, MRSV, , ,
20140330_1554_26, XTEAM, XTEAM Engine, MRSV, , ,
20140330_1554_27, Notification, XTEAM Engine, MRSV, 11, Simulation execution beginning, ,
20140330_1554_31, Design, CoWare XTEAM Client, participant_1, 5, X`cc6f3a99.39734696.be3c4499.34632100`ATTR`Host_Salinity`Host`MON::Set [Host]`Aspect=xADLCoreAspect&Position=966.763`53c8e4c.6bec48b1.8f5efd8e.55e34f54`Architecture`MON::Model [Architecture]`receiveEnergyCost=20.000000&receiveEnergyOverhead=70.000000&transmitEnergyCost=12.000000&transmitEnergyOverhead=40.000000````````````, ,
20140330_1554_31, Notification, XTEAM Engine, MRSV, 5, Simulation execution completion, ,
20140330_1554_31, XTEAM, XTEAM Engine, MRSV, , ,
20140330_1554_31, XTEAM, XTEAM Engine, MRSV, , ,
20140330_1554_31, XTEAM, XTEAM Engine, MRSV, , ,
20140330_1554_32, Notification, XTEAM Engine, MRSV, 12, Simulation execution beginning, ,
20140330_1554_44, Notification, XTEAM Engine, MRSV, 4, Simulation execution completion, ,
20140330_1554_44, XTEAM, XTEAM Engine, MRSV, , ,
20140330_1554_44, XTEAM, XTEAM Engine, MRSV, , ,
20140330_1554_44, XTEAM, XTEAM Engine, MRSV, , ,
20140330_1554_48, Notification, XTEAM Engine, MRSV, 7, Simulation execution completion, ,
20140330_1554_48, XTEAM, XTEAM Engine, MRSV, , ,
20140330_1554_48, XTEAM, XTEAM Engine, MRSV, , ,
20140330_1554_48, XTEAM, XTEAM Engine, MRSV, , ,
20140330_1554_48, Notification, XTEAM Engine, MRSV, 6, Simulation execution completion, ,
20140330_1554_48, XTEAM, XTEAM Engine, MRSV, , ,
20140330_1554_48, XTEAM, XTEAM Engine, MRSV, , ,
20140330_1554_48, XTEAM, XTEAM Engine, MRSV, , ,
20140330_1555_02, Notification, XTEAM Engine, MRSV, 9, Simulation execution completion, ,
20140330_1555_02, XTEAM, XTEAM Engine, MRSV, , ,
20140330_1555_02, XTEAM, XTEAM Engine, MRSV, , ,
20140330_1555_02, XTEAM, XTEAM Engine, MRSV, , ,
20140330_1555_03, Notification, XTEAM Engine, MRSV, 8, Simulation execution completion, ,
20140330_1555_03, XTEAM, XTEAM Engine, MRSV, , ,
20140330_1555_03, XTEAM, XTEAM Engine, MRSV, , ,
20140330_1555_03, XTEAM, XTEAM Engine, MRSV, , ,
20140330_1555_03, Notification, XTEAM Engine, MRSV, 11, Simulation execution completion, ,
20140330_1555_03, XTEAM, XTEAM Engine, MRSV, , ,
20140330_1555_03, XTEAM, XTEAM Engine, MRSV, , ,
20140330_1555_03, XTEAM, XTEAM Engine, MRSV, , ,
20140330_1555_10, Notification, XTEAM Engine, MRSV, 10, Simulation execution completion, ,
20140330_1555_10, XTEAM, XTEAM Engine, MRSV, , ,
20140330_1555_10, XTEAM, XTEAM Engine, MRSV, , ,
20140330_1555_10, XTEAM, XTEAM Engine, MRSV, , ,
20140330_1555_17, Notification, XTEAM Engine, MRSV, 12, Simulation execution completion, ,
20140330_1555_17, XTEAM, XTEAM Engine, MRSV, , ,
20140330_1555_17, XTEAM, XTEAM Engine, MRSV, , ,
20140330_1555_17, XTEAM, XTEAM Engine, MRSV, , ,
20140330_1555_19, Design, CoWare XTEAM Client, participant_1, 6, X`94210f92.7f2948b5.85ae7022.b47edab9`ATTR`forward`Task`MON::Model [Task]`Aspect=xADLBehaviorAspect&Position=280.196`bae5c031.c23642cf.9833b82f.3b18d72d`Process`MON::Model [Process]`executionTime=7&memoryUsage=1&taskInstruction=````````````, ,
20140330_1555_22, Notification, XTEAM Engine, MRSV, 13, Simulation execution beginning, ,
20140330_1555_22, Design, CoWare XTEAM Client, participant_1, 7, X`94210f92.7f2948b5.85ae7022.b47edab9`ATTR`forward`Task`MON::Model [Task]`Aspect=xADLBehaviorAspect&Position=280.196`bae5c031.c23642cf.9833b82f.3b18d72d`Process`MON::Model [Process]`executionTime=7&memoryUsage=15&taskInstruction=````````````, ,
20140330_1555_24, Notification, XTEAM Engine, MRSV, 14, Simulation execution beginning, ,
20140330_1555_34, Design, CoWare XTEAM Client, participant_1, 8, X`f603f85b.e43844a4.b3627b58.f951dcdf`ATTR`Host_Temp`Host`MON::Set [Host]`Aspect=xADLCoreAspect&Position=1106.763`53c8e4c.6bec48b1.8f5efd8e.55e34f54`Architecture`MON::Model [Architecture]`receiveEnergyCost=13.000000&receiveEnergyOverhead=45.000000&transmitEnergyCost=12.000000&transmitEnergyOverhead=40.000000````````````, ,
20140330_1555_35, Notification, XTEAM Engine, MRSV, 15, Simulation execution beginning, ,
20140330_1555_39, Design, CoWare XTEAM Client, participant_1, 9, X`f603f85b.e43844a4.b3627b58.f951dcdf`ATTR`Host_Temp`Host`MON::Set [Host]`Aspect=xADLCoreAspect&Position=1106.763`53c8e4c.6bec48b1.8f5efd8e.55e34f54`Architecture`MON::Model [Architecture]`receiveEnergyCost=20.000000&receiveEnergyOverhead=45.000000&transmitEnergyCost=12.000000&transmitEnergyOverhead=40.000000````````````, ,
20140330_1555_42, Design, CoWare XTEAM Client, participant_1, 10, X`f603f85b.e43844a4.b3627b58.f951dcdf`ATTR`Host_Temp`Host`MON::Set [Host]`Aspect=xADLCoreAspect&Position=1106.763`53c8e4c.6bec48b1.8f5efd8e.55e34f54`Architecture`MON::Model [Architecture]`receiveEnergyCost=20.000000&receiveEnergyOverhead=70.000000&transmitEnergyCost=12.000000&transmitEnergyOverhead=40.000000````````````, ,
20140330_1555_42, Notification, XTEAM Engine, MRSV, 16, Simulation execution beginning, ,
20140330_1555_45, Notification, XTEAM Engine, MRSV, 17, Simulation execution beginning, ,
20140330_1555_59, Notification, XTEAM Engine, MRSV, 14, Simulation execution completion, ,
20140330_1555_59, XTEAM, XTEAM Engine, MRSV, , ,
20140330_1555_59, XTEAM, XTEAM Engine, MRSV, , ,
20140330_1555_59, XTEAM, XTEAM Engine, MRSV, , ,
20140330_1556_04, Notification, XTEAM Engine, MRSV, 13, Simulation execution completion, ,
20140330_1556_04, XTEAM, XTEAM Engine, MRSV, , ,
20140330_1556_04, XTEAM, XTEAM Engine, MRSV, , ,
20140330_1556_04, XTEAM, XTEAM Engine, MRSV, , ,
20140330_1556_18, Notification, XTEAM Engine, MRSV, 15, Simulation execution completion, ,
20140330_1556_18, XTEAM, XTEAM Engine, MRSV, , ,
20140330_1556_18, XTEAM, XTEAM Engine, MRSV, , ,
20140330_1556_18, XTEAM, XTEAM Engine, MRSV, , ,
20140330_1556_21, Notification, XTEAM Engine, MRSV, 16, Simulation execution completion, ,
20140330_1556_21, XTEAM, XTEAM Engine, MRSV, , ,
20140330_1556_21, XTEAM, XTEAM Engine, MRSV, , ,
20140330_1556_21, XTEAM, XTEAM Engine, MRSV, , ,
20140330_1556_26, Notification, XTEAM Engine, MRSV, 17, Simulation execution completion, ,
20140330_1556_26, XTEAM, XTEAM Engine, MRSV, , ,
20140330_1556_26, XTEAM, XTEAM Engine, MRSV, , ,
20140330_1556_26, XTEAM, XTEAM Engine, MRSV, , ,
20140330_1557_45, Design, CoWare XTEAM Client, participant_0, 8, X`b2286afc.2b884302.9bcd92bf.95b2fe8a`REGISTRY`TempReqGen`Component`MON::Model [Component]`Aspect=xADLCoreAspect&Position=168.469`53c8e4c.6bec48b1.8f5efd8e.55e34f54`Architecture`MON::Model [Architecture]`description=````````````, ,
20140330_1557_46, Notification, XTEAM Engine, MRSV, 18, Simulation execution beginning, ,
20140330_1558_09, Notification, XTEAM Engine, MRSV, 18, Simulation execution completion, ,
20140330_1558_09, XTEAM, XTEAM Engine, MRSV, , ,
20140330_1558_09, XTEAM, XTEAM Engine, MRSV, , ,
20140330_1558_09, XTEAM, XTEAM Engine, MRSV, , ,
20140330_1558_31, Design, CoWare XTEAM Client, participant_0, 9, X`aa0cfe94.d0224387.928a6ce9.daf29ef7`REGISTRY`SalinityReqGen`Component`MON::Model [Component]`Aspect=xADLCoreAspect&Position=168.42`53c8e4c.6bec48b1.8f5efd8e.55e34f54`Architecture`MON::Model [Architecture]`description=````````````, ,
20140330_1558_32, Notification, XTEAM Engine, MRSV, 19, Simulation execution beginning, ,
20140330_1558_42, Design, CoWare XTEAM Client, participant_0, 10, X`3709314b.7a93486e.8dc9b26c.f4772d70`ATTR`Host_1`Host`MON::Set [Host]`Aspect=xADLCoreAspect&Position=42.49`53c8e4c.6bec48b1.8f5efd8e.55e34f54`Architecture`MON::Model [Architecture]`receiveEnergyCost=18.000000&receiveEnergyOverhead=48.000000&transmitEnergyCost=50.000000&transmitEnergyOverhead=45.000000````````````, ,
20140330_1558_43, Notification, XTEAM Engine, MRSV, 20, Simulation execution beginning, ,
20140330_1558_45, Design, CoWare XTEAM Client, participant_0, 11, X`3709314b.7a93486e.8dc9b26c.f4772d70`ATTR`Host_1`Host`MON::Set [Host]`Aspect=xADLCoreAspect&Position=42.49`53c8e4c.6bec48b1.8f5efd8e.55e34f54`Architecture`MON::Model [Architecture]`receiveEnergyCost=18.000000&receiveEnergyOverhead=48.000000&transmitEnergyCost=50.000000&transmitEnergyOverhead=200.000000````````````, ,
20140330_1558_46, Notification, XTEAM Engine, MRSV, 21, Simulation execution beginning, ,
20140330_1558_47, Design, CoWare XTEAM Client, participant_0, 12, X`3709314b.7a93486e.8dc9b26c.f4772d70`ATTR`Host_1`Host`MON::Set [Host]`Aspect=xADLCoreAspect&Position=42.49`53c8e4c.6bec48b1.8f5efd8e.55e34f54`Architecture`MON::Model [Architecture]`receiveEnergyCost=65.000000&receiveEnergyOverhead=48.000000&transmitEnergyCost=50.000000&transmitEnergyOverhead=200.000000````````````, ,
20140330_1558_47, Login, CoWare XTEAM Client, participant_1, , ,
20140330_1558_48, Notification, XTEAM Engine, MRSV, 22, Simulation execution beginning, ,
20140330_1558_51, Design, CoWare XTEAM Client, participant_0, 13, X`3709314b.7a93486e.8dc9b26c.f4772d70`ATTR`Host_1`Host`MON::Set [Host]`Aspect=xADLCoreAspect&Position=42.49`53c8e4c.6bec48b1.8f5efd8e.55e34f54`Architecture`MON::Model [Architecture]`receiveEnergyCost=65.000000&receiveEnergyOverhead=240.000000&transmitEnergyCost=50.000000&transmitEnergyOverhead=200.000000````````````, ,
20140330_1558_57, Notification, XTEAM Engine, MRSV, 23, Simulation execution beginning, ,
20140330_1559_01, Notification, XTEAM Engine, MRSV, 19, Simulation execution completion, ,
20140330_1559_01, XTEAM, XTEAM Engine, MRSV, , ,
20140330_1559_01, XTEAM, XTEAM Engine, MRSV, , ,
20140330_1559_01, XTEAM, XTEAM Engine, MRSV, , ,
20140330_1559_01, Design, CoWare XTEAM Client, participant_0, 14, X`26cde46c.9c5842b6.86a460a7.9af47b0b`ATTR`generate`Task`MON::Model [Task]`Aspect=xADLBehaviorAspect&Position=231.196`8bf46823.a38b47d7.afbbc04e.7988ae39`Process`MON::Model [Process]`executionTime=4&memoryUsage=250&taskInstruction=nextRequest = new Request;|nextRequest->getRequestKind().value() = "Salinity";````````````, ,
20140330_1559_05, Notification, XTEAM Engine, MRSV, 24, Simulation execution beginning, ,
20140330_1559_16, Notification, XTEAM Engine, MRSV, 20, Simulation execution completion, ,
20140330_1559_16, XTEAM, XTEAM Engine, MRSV, , ,
20140330_1559_16, XTEAM, XTEAM Engine, MRSV, , ,
20140330_1559_16, XTEAM, XTEAM Engine, MRSV, , ,
20140330_1559_18, Notification, XTEAM Engine, MRSV, 22, Simulation execution completion, ,
20140330_1559_18, XTEAM, XTEAM Engine, MRSV, , ,
20140330_1559_18, XTEAM, XTEAM Engine, MRSV, , ,
20140330_1559_18, XTEAM, XTEAM Engine, MRSV, , ,
20140330_1559_20, Design, CoWare XTEAM Client, participant_0, 15, X`6e9c8fd6.f1e64dd2.b80f329b.5eaf84d5`ATTR`generate`Task`MON::Model [Task]`Aspect=xADLBehaviorAspect&Position=231.196`949ce290.11ad4a14.a3b729fe.76f3e91a`Process`MON::Model [Process]`executionTime=7&memoryUsage=250&taskInstruction=nextRequest = new Request;|nextRequest->getRequestKind().value() = "Salinity";````````````, ,
20140330_1559_21, Notification, XTEAM Engine, MRSV, 25, Simulation execution beginning, ,
20140330_1559_22, Design, CoWare XTEAM Client, participant_0, 16, X`6e9c8fd6.f1e64dd2.b80f329b.5eaf84d5`ATTR`generate`Task`MON::Model [Task]`Aspect=xADLBehaviorAspect&Position=231.196`949ce290.11ad4a14.a3b729fe.76f3e91a`Process`MON::Model [Process]`executionTime=7&memoryUsage=3&taskInstruction=nextRequest = new Request;|nextRequest->getRequestKind().value() = "Salinity";````````````, ,
20140330_1559_23, Notification, XTEAM Engine, MRSV, 21, Simulation execution completion, ,
20140330_1559_23, XTEAM, XTEAM Engine, MRSV, , ,
20140330_1559_23, XTEAM, XTEAM Engine, MRSV, , ,
20140330_1559_23, XTEAM, XTEAM Engine, MRSV, , ,
20140330_1559_24, Notification, XTEAM Engine, MRSV, 26, Simulation execution beginning, ,
20140330_1559_34, Design, CoWare XTEAM Client, participant_0, 17, X`1d380676.204a4521.b3bb7c52.2bae3451`ATTR`Host_2`Host`MON::Set [Host]`Aspect=xADLCoreAspect&Position=42.350`53c8e4c.6bec48b1.8f5efd8e.55e34f54`Architecture`MON::Model [Architecture]`receiveEnergyCost=18.000000&receiveEnergyOverhead=48.000000&transmitEnergyCost=50.000000&transmitEnergyOverhead=45.000000````````````, ,
20140330_1559_35, Notification, XTEAM Engine, MRSV, 27, Simulation execution beginning, ,
20140330_1559_35, Notification, XTEAM Engine, MRSV, 23, Simulation execution completion, ,
20140330_1559_35, XTEAM, XTEAM Engine, MRSV, , ,
20140330_1559_35, XTEAM, XTEAM Engine, MRSV, , ,
20140330_1559_35, XTEAM, XTEAM Engine, MRSV, , ,
20140330_1559_37, Design, CoWare XTEAM Client, participant_0, 18, X`1d380676.204a4521.b3bb7c52.2bae3451`ATTR`Host_2`Host`MON::Set [Host]`Aspect=xADLCoreAspect&Position=42.350`53c8e4c.6bec48b1.8f5efd8e.55e34f54`Architecture`MON::Model [Architecture]`receiveEnergyCost=18.000000&receiveEnergyOverhead=48.000000&transmitEnergyCost=50.000000&transmitEnergyOverhead=200.000000````````````, ,
20140330_1559_38, Design, CoWare XTEAM Client, participant_0, 19, X`1d380676.204a4521.b3bb7c52.2bae3451`ATTR`Host_2`Host`MON::Set [Host]`Aspect=xADLCoreAspect&Position=42.350`53c8e4c.6bec48b1.8f5efd8e.55e34f54`Architecture`MON::Model [Architecture]`receiveEnergyCost=1865.000000&receiveEnergyOverhead=48.000000&transmitEnergyCost=50.000000&transmitEnergyOverhead=200.000000````````````, ,
20140330_1559_39, Notification, XTEAM Engine, MRSV, 28, Simulation execution beginning, ,
20140330_1559_40, Notification, XTEAM Engine, MRSV, 29, Simulation execution beginning, ,
20140330_1559_42, Design, CoWare XTEAM Client, participant_0, 20, X`1d380676.204a4521.b3bb7c52.2bae3451`ATTR`Host_2`Host`MON::Set [Host]`Aspect=xADLCoreAspect&Position=42.350`53c8e4c.6bec48b1.8f5efd8e.55e34f54`Architecture`MON::Model [Architecture]`receiveEnergyCost=1865.000000&receiveEnergyOverhead=240.000000&transmitEnergyCost=50.000000&transmitEnergyOverhead=200.000000````````````, ,
20140330_1559_44, Notification, XTEAM Engine, MRSV, 24, Simulation execution completion, ,
20140330_1559_44, XTEAM, XTEAM Engine, MRSV, , ,
20140330_1559_44, XTEAM, XTEAM Engine, MRSV, , ,
20140330_1559_44, XTEAM, XTEAM Engine, MRSV, , ,
20140330_1559_45, Design, CoWare XTEAM Client, participant_0, 21, X`1d380676.204a4521.b3bb7c52.2bae3451`ATTR`Host_2`Host`MON::Set [Host]`Aspect=xADLCoreAspect&Position=42.350`53c8e4c.6bec48b1.8f5efd8e.55e34f54`Architecture`MON::Model [Architecture]`receiveEnergyCost=65.000000&receiveEnergyOverhead=240.000000&transmitEnergyCost=50.000000&transmitEnergyOverhead=200.000000````````````, ,
20140330_1559_48, Notification, XTEAM Engine, MRSV, 30, Simulation execution beginning, ,
20140330_1559_51, Notification, XTEAM Engine, MRSV, 31, Simulation execution beginning, ,
20140330_1600_04, Notification, XTEAM Engine, MRSV, 25, Simulation execution completion, ,
20140330_1600_04, XTEAM, XTEAM Engine, MRSV, , ,
20140330_1600_04, XTEAM, XTEAM Engine, MRSV, , ,
20140330_1600_04, XTEAM, XTEAM Engine, MRSV, , ,
20140330_1600_04, Notification, XTEAM Engine, MRSV, 26, Simulation execution completion, ,
20140330_1600_04, XTEAM, XTEAM Engine, MRSV, , ,
20140330_1600_04, XTEAM, XTEAM Engine, MRSV, , ,
20140330_1600_04, XTEAM, XTEAM Engine, MRSV, , ,
20140330_1600_20, Notification, XTEAM Engine, MRSV, 28, Simulation execution completion, ,
20140330_1600_20, XTEAM, XTEAM Engine, MRSV, , ,
20140330_1600_20, XTEAM, XTEAM Engine, MRSV, , ,
20140330_1600_20, XTEAM, XTEAM Engine, MRSV, , ,
20140330_1600_20, XTEAM, XTEAM Engine, MRSV, , ,
20140330_1600_20, XTEAM, XTEAM Engine, MRSV, , ,
20140330_1600_20, XTEAM, XTEAM Engine, MRSV, , ,
20140330_1600_20, Notification, XTEAM Engine, MRSV, 27, Simulation execution completion, ,
20140330_1600_21, Notification, XTEAM Engine, MRSV, 29, Simulation execution completion, ,
20140330_1600_21, XTEAM, XTEAM Engine, MRSV, , ,
20140330_1600_21, XTEAM, XTEAM Engine, MRSV, , ,
20140330_1600_21, XTEAM, XTEAM Engine, MRSV, , ,
20140330_1600_26, Design, CoWare XTEAM Client, participant_1, 11, X`94210f92.7f2948b5.85ae7022.b47edab9`ATTR`forward`Task`MON::Model [Task]`Aspect=xADLBehaviorAspect&Position=280.196`bae5c031.c23642cf.9833b82f.3b18d72d`Process`MON::Model [Process]`executionTime=0&memoryUsage=15&taskInstruction=````````````, ,
20140330_1600_27, Notification, XTEAM Engine, MRSV, 32, Simulation execution beginning, ,
20140330_1600_29, Design, CoWare XTEAM Client, participant_1, 12, X`94210f92.7f2948b5.85ae7022.b47edab9`ATTR`forward`Task`MON::Model [Task]`Aspect=xADLBehaviorAspect&Position=280.196`bae5c031.c23642cf.9833b82f.3b18d72d`Process`MON::Model [Process]`executionTime=0&memoryUsage=1&taskInstruction=````````````, ,
20140330_1600_33, Notification, XTEAM Engine, MRSV, 30, Simulation execution completion, ,
20140330_1600_33, XTEAM, XTEAM Engine, MRSV, , ,
20140330_1600_33, XTEAM, XTEAM Engine, MRSV, , ,
20140330_1600_33, XTEAM, XTEAM Engine, MRSV, , ,
20140330_1600_34, Notification, XTEAM Engine, MRSV, 33, Simulation execution beginning, ,
20140330_1600_39, Notification, XTEAM Engine, MRSV, 31, Simulation execution completion, ,
20140330_1600_39, XTEAM, XTEAM Engine, MRSV, , ,
20140330_1600_39, XTEAM, XTEAM Engine, MRSV, , ,
20140330_1600_39, XTEAM, XTEAM Engine, MRSV, , ,
20140330_1600_58, Notification, XTEAM Engine, MRSV, 32, Simulation execution completion, ,
20140330_1600_58, XTEAM, XTEAM Engine, MRSV, , ,
20140330_1600_58, XTEAM, XTEAM Engine, MRSV, , ,
20140330_1600_58, XTEAM, XTEAM Engine, MRSV, , ,
20140330_1601_02, Notification, XTEAM Engine, MRSV, 33, Simulation execution completion, ,
20140330_1601_02, XTEAM, XTEAM Engine, MRSV, , ,
20140330_1601_02, XTEAM, XTEAM Engine, MRSV, , ,
20140330_1601_02, XTEAM, XTEAM Engine, MRSV, , ,
20140330_1601_33, Design, CoWare XTEAM Client, participant_1, 13, X`94210f92.7f2948b5.85ae7022.b47edab9`ATTR`forward`Task`MON::Model [Task]`Aspect=xADLBehaviorAspect&Position=280.196`bae5c031.c23642cf.9833b82f.3b18d72d`Process`MON::Model [Process]`executionTime=0&memoryUsage=15&taskInstruction=````````````, ,
20140330_1601_35, Notification, XTEAM Engine, MRSV, 34, Simulation execution beginning, ,
20140330_1601_47, Design, CoWare XTEAM Client, participant_1, 14, X`f603f85b.e43844a4.b3627b58.f951dcdf`ATTR`Host_Temp`Host`MON::Set [Host]`Aspect=xADLCoreAspect&Position=1106.763`53c8e4c.6bec48b1.8f5efd8e.55e34f54`Architecture`MON::Model [Architecture]`receiveEnergyCost=20.000000&receiveEnergyOverhead=70.000000&transmitEnergyCost=11.000000&transmitEnergyOverhead=40.000000````````````, ,
20140330_1601_48, Notification, XTEAM Engine, MRSV, 35, Simulation execution beginning, ,
20140330_1601_50, Design, CoWare XTEAM Client, participant_1, 15, X`f603f85b.e43844a4.b3627b58.f951dcdf`ATTR`Host_Temp`Host`MON::Set [Host]`Aspect=xADLCoreAspect&Position=1106.763`53c8e4c.6bec48b1.8f5efd8e.55e34f54`Architecture`MON::Model [Architecture]`receiveEnergyCost=13.000000&receiveEnergyOverhead=70.000000&transmitEnergyCost=11.000000&transmitEnergyOverhead=40.000000````````````, ,
20140330_1601_51, Notification, XTEAM Engine, MRSV, 36, Simulation execution beginning, ,
20140330_1601_53, Design, CoWare XTEAM Client, participant_1, 16, X`f603f85b.e43844a4.b3627b58.f951dcdf`ATTR`Host_Temp`Host`MON::Set [Host]`Aspect=xADLCoreAspect&Position=1106.763`53c8e4c.6bec48b1.8f5efd8e.55e34f54`Architecture`MON::Model [Architecture]`receiveEnergyCost=13.000000&receiveEnergyOverhead=15.000000&transmitEnergyCost=11.000000&transmitEnergyOverhead=40.000000````````````, ,
20140330_1601_54, Notification, XTEAM Engine, MRSV, 37, Simulation execution beginning, ,
20140330_1602_04, Notification, XTEAM Engine, MRSV, 34, Simulation execution completion, ,
20140330_1602_04, XTEAM, XTEAM Engine, MRSV, , ,
20140330_1602_04, XTEAM, XTEAM Engine, MRSV, , ,
20140330_1602_04, XTEAM, XTEAM Engine, MRSV, , ,
20140330_1602_11, Notification, XTEAM Engine, MRSV, 35, Simulation execution completion, ,
20140330_1602_11, XTEAM, XTEAM Engine, MRSV, , ,
20140330_1602_11, XTEAM, XTEAM Engine, MRSV, , ,
20140330_1602_11, XTEAM, XTEAM Engine, MRSV, , ,
20140330_1602_18, Notification, XTEAM Engine, MRSV, 36, Simulation execution completion, ,
20140330_1602_18, XTEAM, XTEAM Engine, MRSV, , ,
20140330_1602_18, XTEAM, XTEAM Engine, MRSV, , ,
20140330_1602_18, XTEAM, XTEAM Engine, MRSV, , ,
20140330_1602_19, Notification, XTEAM Engine, MRSV, 37, Simulation execution completion, ,
20140330_1602_19, XTEAM, XTEAM Engine, MRSV, , ,
20140330_1602_19, XTEAM, XTEAM Engine, MRSV, , ,
20140330_1602_19, XTEAM, XTEAM Engine, MRSV, , ,
20140330_1603_02, Design, CoWare XTEAM Client, participant_1, 17, X`823be07d.a4c04349.bb5bd637.1efca24`ATTR`forward`Task`MON::Model [Task]`Aspect=xADLBehaviorAspect&Position=280.196`64012bb1.f194748.9fe467dc.cb2e84f5`Process`MON::Model [Process]`executionTime=0&memoryUsage=15&taskInstruction=````````````, ,
20140330_1603_04, Notification, XTEAM Engine, MRSV, 38, Simulation execution beginning, ,
20140330_1603_05, Design, CoWare XTEAM Client, participant_1, 18, X`823be07d.a4c04349.bb5bd637.1efca24`ATTR`forward`Task`MON::Model [Task]`Aspect=xADLBehaviorAspect&Position=280.196`64012bb1.f194748.9fe467dc.cb2e84f5`Process`MON::Model [Process]`executionTime=0&memoryUsage=1&taskInstruction=````````````, ,
20140330_1603_06, Notification, XTEAM Engine, MRSV, 39, Simulation execution beginning, ,
20140330_1603_32, Design, CoWare XTEAM Client, participant_1, 19, X`94210f92.7f2948b5.85ae7022.b47edab9`ATTR`forward`Task`MON::Model [Task]`Aspect=xADLBehaviorAspect&Position=280.196`bae5c031.c23642cf.9833b82f.3b18d72d`Process`MON::Model [Process]`executionTime=7&memoryUsage=15&taskInstruction=````````````, ,
20140330_1603_33, Notification, XTEAM Engine, MRSV, 39, Simulation execution completion, ,
20140330_1603_33, XTEAM, XTEAM Engine, MRSV, , ,
20140330_1603_33, XTEAM, XTEAM Engine, MRSV, , ,
20140330_1603_33, XTEAM, XTEAM Engine, MRSV, , ,
20140330_1603_33, Notification, XTEAM Engine, MRSV, 40, Simulation execution beginning, ,
20140330_1603_34, Notification, XTEAM Engine, MRSV, 38, Simulation execution completion, ,
20140330_1603_34, XTEAM, XTEAM Engine, MRSV, , ,
20140330_1603_34, XTEAM, XTEAM Engine, MRSV, , ,
20140330_1603_34, XTEAM, XTEAM Engine, MRSV, , ,
20140330_1603_55, Notification, XTEAM Engine, MRSV, 40, Simulation execution completion, ,
20140330_1603_55, XTEAM, XTEAM Engine, MRSV, , ,
20140330_1603_55, XTEAM, XTEAM Engine, MRSV, , ,
20140330_1603_55, XTEAM, XTEAM Engine, MRSV, , ,
20140330_1604_23, Snapshot, CoWare XTEAM Client, participant_1, 20, ,
20140330_1604_34, Snapshot, CoWare XTEAM Client, participant_1, 21, ,
20140330_1604_35, Snapshot, CoWare XTEAM Client, participant_1, 22, ,
20140330_1605_20, Design, CoWare XTEAM Client, participant_1, 23, X`f603f85b.e43844a4.b3627b58.f951dcdf`ATTR`Host_Temp`Host`MON::Set [Host]`Aspect=xADLCoreAspect&Position=1106.763`53c8e4c.6bec48b1.8f5efd8e.55e34f54`Architecture`MON::Model [Architecture]`receiveEnergyCost=13.000000&receiveEnergyOverhead=15.000000&transmitEnergyCost=12.000000&transmitEnergyOverhead=40.000000````````````, ,
20140330_1605_22, Notification, XTEAM Engine, MRSV, 41, Simulation execution beginning, ,
20140330_1605_24, Design, CoWare XTEAM Client, participant_1, 24, X`f603f85b.e43844a4.b3627b58.f951dcdf`ATTR`Host_Temp`Host`MON::Set [Host]`Aspect=xADLCoreAspect&Position=1106.763`53c8e4c.6bec48b1.8f5efd8e.55e34f54`Architecture`MON::Model [Architecture]`receiveEnergyCost=20.000000&receiveEnergyOverhead=15.000000&transmitEnergyCost=12.000000&transmitEnergyOverhead=40.000000````````````, ,
20140330_1605_24, Notification, XTEAM Engine, MRSV, 42, Simulation execution beginning, ,
20140330_1605_28, Design, CoWare XTEAM Client, participant_1, 25, X`f603f85b.e43844a4.b3627b58.f951dcdf`ATTR`Host_Temp`Host`MON::Set [Host]`Aspect=xADLCoreAspect&Position=1106.763`53c8e4c.6bec48b1.8f5efd8e.55e34f54`Architecture`MON::Model [Architecture]`receiveEnergyCost=20.000000&receiveEnergyOverhead=70.000000&transmitEnergyCost=12.000000&transmitEnergyOverhead=40.000000````````````, ,
20140330_1605_36, Notification, XTEAM Engine, MRSV, 43, Simulation execution beginning, ,
20140330_1605_42, Snapshot, CoWare XTEAM Client, participant_1, 26, ,
20140330_1605_54, Notification, XTEAM Engine, MRSV, 42, Simulation execution completion, ,
20140330_1605_54, XTEAM, XTEAM Engine, MRSV, , ,
20140330_1605_54, XTEAM, XTEAM Engine, MRSV, , ,
20140330_1605_54, XTEAM, XTEAM Engine, MRSV, , ,
20140330_1605_55, Notification, XTEAM Engine, MRSV, 41, Simulation execution completion, ,
20140330_1605_55, XTEAM, XTEAM Engine, MRSV, , ,
20140330_1605_55, XTEAM, XTEAM Engine, MRSV, , ,
20140330_1605_55, XTEAM, XTEAM Engine, MRSV, , ,
20140330_1605_59, Notification, XTEAM Engine, MRSV, 43, Simulation execution completion, ,
20140330_1605_59, XTEAM, XTEAM Engine, MRSV, , ,
20140330_1605_59, XTEAM, XTEAM Engine, MRSV, , ,
20140330_1605_59, XTEAM, XTEAM Engine, MRSV, , ,
20140330_1606_47, Login, CoWare XTEAM Client, participant_0, , ,
20140330_1607_03, Design, CoWare XTEAM Client, participant_0, 22, X`aa0cfe94.d0224387.928a6ce9.daf29ef7`REGISTRY`SalinityReqGen`Component`MON::Model [Component]`Aspect=xADLCoreAspect&Position=168.28`53c8e4c.6bec48b1.8f5efd8e.55e34f54`Architecture`MON::Model [Architecture]`description=````````````, ,
20140330_1607_04, Notification, XTEAM Engine, MRSV, 44, Simulation execution beginning, ,
20140330_1607_06, Snapshot, CoWare XTEAM Client, participant_1, 27, ,
20140330_1607_19, Snapshot, CoWare XTEAM Client, participant_1, 28, ,
20140330_1607_25, Notification, XTEAM Engine, MRSV, 44, Simulation execution completion, ,
20140330_1607_25, XTEAM, XTEAM Engine, MRSV, , ,
20140330_1607_25, XTEAM, XTEAM Engine, MRSV, , ,
20140330_1607_25, XTEAM, XTEAM Engine, MRSV, , ,
20140330_1607_43, Design, CoWare XTEAM Client, participant_0, 23, X`6e9c8fd6.f1e64dd2.b80f329b.5eaf84d5`ATTR`generate`Task`MON::Model [Task]`Aspect=xADLBehaviorAspect&Position=231.196`949ce290.11ad4a14.a3b729fe.76f3e91a`Process`MON::Model [Process]`executionTime=4&memoryUsage=3&taskInstruction=nextRequest = new Request;|nextRequest->getRequestKind().value() = "Salinity";````````````, ,
20140330_1607_44, Snapshot, CoWare XTEAM Client, participant_1, 29, ,
20140330_1607_44, Notification, XTEAM Engine, MRSV, 45, Simulation execution beginning, ,
20140330_1607_46, Design, CoWare XTEAM Client, participant_0, 24, X`6e9c8fd6.f1e64dd2.b80f329b.5eaf84d5`ATTR`generate`Task`MON::Model [Task]`Aspect=xADLBehaviorAspect&Position=231.196`949ce290.11ad4a14.a3b729fe.76f3e91a`Process`MON::Model [Process]`executionTime=4&memoryUsage=250&taskInstruction=nextRequest = new Request;|nextRequest->getRequestKind().value() = "Salinity";````````````, ,
20140330_1607_47, Notification, XTEAM Engine, MRSV, 46, Simulation execution beginning, ,
20140330_1608_17, Notification, XTEAM Engine, MRSV, 45, Simulation execution completion, ,
20140330_1608_17, XTEAM, XTEAM Engine, MRSV, , ,
20140330_1608_17, XTEAM, XTEAM Engine, MRSV, , ,
20140330_1608_17, XTEAM, XTEAM Engine, MRSV, , ,
20140330_1608_17, Notification, XTEAM Engine, MRSV, 46, Simulation execution completion, ,
20140330_1608_17, XTEAM, XTEAM Engine, MRSV, , ,
20140330_1608_17, XTEAM, XTEAM Engine, MRSV, , ,
20140330_1608_17, XTEAM, XTEAM Engine, MRSV, , ,
20140330_1608_31, Design, CoWare XTEAM Client, participant_0, 25, X`422c11c0.c89a428f.838be7f4.7ffbcbd6`ATTR`generate`Task`MON::Model [Task]`Aspect=xADLBehaviorAspect&Position=231.196`f5e3fc53.9152438c.8adc2b0b.e095f1c6`Process`MON::Model [Process]`executionTime=4&memoryUsage=250&taskInstruction=nextRequest = new Request;|nextRequest->getRequestKind().value() = "Salinity";````````````, ,
20140330_1608_32, Notification, XTEAM Engine, MRSV, 47, Simulation execution beginning, ,
20140330_1609_00, Notification, XTEAM Engine, MRSV, 47, Simulation execution completion, ,
20140330_1609_00, XTEAM, XTEAM Engine, MRSV, , ,
20140330_1609_00, XTEAM, XTEAM Engine, MRSV, , ,
20140330_1609_00, XTEAM, XTEAM Engine, MRSV, , ,
20140330_1609_08, Design, CoWare XTEAM Client, participant_0, 26, X`6f385993.f08a4164.b815faa2.88dc52fb`ATTR`Host_3`Host`MON::Set [Host]`Aspect=xADLCoreAspect&Position=42.630`53c8e4c.6bec48b1.8f5efd8e.55e34f54`Architecture`MON::Model [Architecture]`receiveEnergyCost=18.000000&receiveEnergyOverhead=48.000000&transmitEnergyCost=50.000000&transmitEnergyOverhead=45.000000````````````, ,
20140330_1609_09, Notification, XTEAM Engine, MRSV, 48, Simulation execution beginning, ,
20140330_1609_11, Design, CoWare XTEAM Client, participant_0, 27, X`6f385993.f08a4164.b815faa2.88dc52fb`ATTR`Host_3`Host`MON::Set [Host]`Aspect=xADLCoreAspect&Position=42.630`53c8e4c.6bec48b1.8f5efd8e.55e34f54`Architecture`MON::Model [Architecture]`receiveEnergyCost=18.000000&receiveEnergyOverhead=48.000000&transmitEnergyCost=50.000000&transmitEnergyOverhead=200.000000````````````, ,
20140330_1609_12, Notification, XTEAM Engine, MRSV, 49, Simulation execution beginning, ,
20140330_1609_13, Design, CoWare XTEAM Client, participant_0, 28, X`6f385993.f08a4164.b815faa2.88dc52fb`ATTR`Host_3`Host`MON::Set [Host]`Aspect=xADLCoreAspect&Position=42.630`53c8e4c.6bec48b1.8f5efd8e.55e34f54`Architecture`MON::Model [Architecture]`receiveEnergyCost=65.000000&receiveEnergyOverhead=48.000000&transmitEnergyCost=50.000000&transmitEnergyOverhead=200.000000````````````, ,
20140330_1609_14, Notification, XTEAM Engine, MRSV, 50, Simulation execution beginning, ,
20140330_1609_16, Design, CoWare XTEAM Client, participant_0, 29, X`6f385993.f08a4164.b815faa2.88dc52fb`ATTR`Host_3`Host`MON::Set [Host]`Aspect=xADLCoreAspect&Position=42.630`53c8e4c.6bec48b1.8f5efd8e.55e34f54`Architecture`MON::Model [Architecture]`receiveEnergyCost=65.000000&receiveEnergyOverhead=240.000000&transmitEnergyCost=50.000000&transmitEnergyOverhead=200.000000````````````, ,
20140330_1609_17, Notification, XTEAM Engine, MRSV, 51, Simulation execution beginning, ,
20140330_1609_42, Notification, XTEAM Engine, MRSV, 50, Simulation execution completion, ,
20140330_1609_42, XTEAM, XTEAM Engine, MRSV, , ,
20140330_1609_42, XTEAM, XTEAM Engine, MRSV, , ,
20140330_1609_42, XTEAM, XTEAM Engine, MRSV, , ,
20140330_1609_45, Notification, XTEAM Engine, MRSV, 49, Simulation execution completion, ,
20140330_1609_45, XTEAM, XTEAM Engine, MRSV, , ,
20140330_1609_45, XTEAM, XTEAM Engine, MRSV, , ,
20140330_1609_45, XTEAM, XTEAM Engine, MRSV, , ,
20140330_1609_47, Notification, XTEAM Engine, MRSV, 48, Simulation execution completion, ,
20140330_1609_47, XTEAM, XTEAM Engine, MRSV, , ,
20140330_1609_47, XTEAM, XTEAM Engine, MRSV, , ,
20140330_1609_47, XTEAM, XTEAM Engine, MRSV, , ,
20140330_1609_48, Notification, XTEAM Engine, MRSV, 51, Simulation execution completion, ,
20140330_1609_48, XTEAM, XTEAM Engine, MRSV, , ,
20140330_1609_48, XTEAM, XTEAM Engine, MRSV, , ,
20140330_1609_48, XTEAM, XTEAM Engine, MRSV, , ,
20140330_1612_34, Design, CoWare XTEAM Client, participant_0, 30, X`6f385993.f08a4164.b815faa2.88dc52fb`REGISTRY`Host_3`Host`MON::Set [Host]`Aspect=xADLCoreAspect&Position=35.630`53c8e4c.6bec48b1.8f5efd8e.55e34f54`Architecture`MON::Model [Architecture]`receiveEnergyCost=65.000000&receiveEnergyOverhead=240.000000&transmitEnergyCost=50.000000&transmitEnergyOverhead=200.000000````````````, ,
20140330_1612_36, Notification, XTEAM Engine, MRSV, 52, Simulation execution beginning, ,
20140330_1613_02, Notification, XTEAM Engine, MRSV, 52, Simulation execution completion, ,
20140330_1613_02, XTEAM, XTEAM Engine, MRSV, , ,
20140330_1613_02, XTEAM, XTEAM Engine, MRSV, , ,
20140330_1613_02, XTEAM, XTEAM Engine, MRSV, , ,
20140330_1613_41, Snapshot, CoWare XTEAM Client, participant_0, 31, ,
20140330_1613_46, Snapshot, CoWare XTEAM Client, participant_0, 32, ,
20140330_1614_43, Design, CoWare XTEAM Client, participant_0, 33, X`26cde46c.9c5842b6.86a460a7.9af47b0b`ATTR`generate`Task`MON::Model [Task]`Aspect=xADLBehaviorAspect&Position=231.196`8bf46823.a38b47d7.afbbc04e.7988ae39`Process`MON::Model [Process]`executionTime=7&memoryUsage=250&taskInstruction=nextRequest = new Request;|nextRequest->getRequestKind().value() = "Salinity";````````````, ,
20140330_1614_44, Notification, XTEAM Engine, MRSV, 53, Simulation execution beginning, ,
20140330_1614_46, Design, CoWare XTEAM Client, participant_0, 34, X`26cde46c.9c5842b6.86a460a7.9af47b0b`ATTR`generate`Task`MON::Model [Task]`Aspect=xADLBehaviorAspect&Position=231.196`8bf46823.a38b47d7.afbbc04e.7988ae39`Process`MON::Model [Process]`executionTime=7&memoryUsage=3&taskInstruction=nextRequest = new Request;|nextRequest->getRequestKind().value() = "Salinity";````````````, ,
20140330_1614_47, Notification, XTEAM Engine, MRSV, 54, Simulation execution beginning, ,
20140330_1614_55, Design, CoWare XTEAM Client, participant_0, 35, X`6e9c8fd6.f1e64dd2.b80f329b.5eaf84d5`ATTR`generate`Task`MON::Model [Task]`Aspect=xADLBehaviorAspect&Position=231.196`949ce290.11ad4a14.a3b729fe.76f3e91a`Process`MON::Model [Process]`executionTime=7&memoryUsage=250&taskInstruction=nextRequest = new Request;|nextRequest->getRequestKind().value() = "Salinity";````````````, ,
20140330_1614_56, Design, CoWare XTEAM Client, participant_0, 36, X`6e9c8fd6.f1e64dd2.b80f329b.5eaf84d5`ATTR`generate`Task`MON::Model [Task]`Aspect=xADLBehaviorAspect&Position=231.196`949ce290.11ad4a14.a3b729fe.76f3e91a`Process`MON::Model [Process]`executionTime=7&memoryUsage=3&taskInstruction=nextRequest = new Request;|nextRequest->getRequestKind().value() = "Salinity";````````````, ,
20140330_1614_58, Notification, XTEAM Engine, MRSV, 55, Simulation execution beginning, ,
20140330_1614_59, Notification, XTEAM Engine, MRSV, 56, Simulation execution beginning, ,
20140330_1615_03, Design, CoWare XTEAM Client, participant_0, 37, X`422c11c0.c89a428f.838be7f4.7ffbcbd6`ATTR`generate`Task`MON::Model [Task]`Aspect=xADLBehaviorAspect&Position=231.196`f5e3fc53.9152438c.8adc2b0b.e095f1c6`Process`MON::Model [Process]`executionTime=7&memoryUsage=250&taskInstruction=nextRequest = new Request;|nextRequest->getRequestKind().value() = "Salinity";````````````, ,
20140330_1615_04, Notification, XTEAM Engine, MRSV, 57, Simulation execution beginning, ,
20140330_1615_05, Design, CoWare XTEAM Client, participant_0, 38, X`422c11c0.c89a428f.838be7f4.7ffbcbd6`ATTR`generate`Task`MON::Model [Task]`Aspect=xADLBehaviorAspect&Position=231.196`f5e3fc53.9152438c.8adc2b0b.e095f1c6`Process`MON::Model [Process]`executionTime=7&memoryUsage=3&taskInstruction=nextRequest = new Request;|nextRequest->getRequestKind().value() = "Salinity";````````````, ,
20140330_1615_06, Notification, XTEAM Engine, MRSV, 58, Simulation execution beginning, ,
20140330_1615_13, Notification, XTEAM Engine, MRSV, 53, Simulation execution completion, ,
20140330_1615_13, XTEAM, XTEAM Engine, MRSV, , ,
20140330_1615_13, XTEAM, XTEAM Engine, MRSV, , ,
20140330_1615_13, XTEAM, XTEAM Engine, MRSV, , ,
20140330_1615_16, Notification, XTEAM Engine, MRSV, 54, Simulation execution completion, ,
20140330_1615_16, XTEAM, XTEAM Engine, MRSV, , ,
20140330_1615_16, XTEAM, XTEAM Engine, MRSV, , ,
20140330_1615_16, XTEAM, XTEAM Engine, MRSV, , ,
20140330_1615_30, Notification, XTEAM Engine, MRSV, 55, Simulation execution completion, ,
20140330_1615_30, XTEAM, XTEAM Engine, MRSV, , ,
20140330_1615_30, XTEAM, XTEAM Engine, MRSV, , ,
20140330_1615_30, XTEAM, XTEAM Engine, MRSV, , ,
20140330_1615_30, Notification, XTEAM Engine, MRSV, 56, Simulation execution completion, ,
20140330_1615_30, XTEAM, XTEAM Engine, MRSV, , ,
20140330_1615_30, XTEAM, XTEAM Engine, MRSV, , ,
20140330_1615_30, XTEAM, XTEAM Engine, MRSV, , ,
20140330_1615_38, Notification, XTEAM Engine, MRSV, 58, Simulation execution completion, ,
20140330_1615_38, XTEAM, XTEAM Engine, MRSV, , ,
20140330_1615_38, XTEAM, XTEAM Engine, MRSV, , ,
20140330_1615_38, XTEAM, XTEAM Engine, MRSV, , ,
20140330_1615_38, Notification, XTEAM Engine, MRSV, 57, Simulation execution completion, ,
20140330_1615_38, XTEAM, XTEAM Engine, MRSV, , ,
20140330_1615_38, XTEAM, XTEAM Engine, MRSV, , ,
20140330_1615_38, XTEAM, XTEAM Engine, MRSV, , ,
20140330_1620_17, Design, CoWare XTEAM Client, participant_0, 39, X`26cde46c.9c5842b6.86a460a7.9af47b0b`ATTR`generate`Task`MON::Model [Task]`Aspect=xADLBehaviorAspect&Position=231.196`8bf46823.a38b47d7.afbbc04e.7988ae39`Process`MON::Model [Process]`executionTime=4&memoryUsage=3&taskInstruction=nextRequest = new Request;|nextRequest->getRequestKind().value() = "Salinity";````````````, ,
20140330_1620_18, Notification, XTEAM Engine, MRSV, 59, Simulation execution beginning, ,
20140330_1620_20, Design, CoWare XTEAM Client, participant_0, 40, X`26cde46c.9c5842b6.86a460a7.9af47b0b`ATTR`generate`Task`MON::Model [Task]`Aspect=xADLBehaviorAspect&Position=231.196`8bf46823.a38b47d7.afbbc04e.7988ae39`Process`MON::Model [Process]`executionTime=4&memoryUsage=250&taskInstruction=nextRequest = new Request;|nextRequest->getRequestKind().value() = "Salinity";````````````, ,
20140330_1620_21, Notification, XTEAM Engine, MRSV, 60, Simulation execution beginning, ,
20140330_1620_28, Design, CoWare XTEAM Client, participant_0, 41, X`6e9c8fd6.f1e64dd2.b80f329b.5eaf84d5`ATTR`generate`Task`MON::Model [Task]`Aspect=xADLBehaviorAspect&Position=231.196`949ce290.11ad4a14.a3b729fe.76f3e91a`Process`MON::Model [Process]`executionTime=4&memoryUsage=3&taskInstruction=nextRequest = new Request;|nextRequest->getRequestKind().value() = "Salinity";````````````, ,
20140330_1620_31, Notification, XTEAM Engine, MRSV, 61, Simulation execution beginning, ,
20140330_1620_32, Design, CoWare XTEAM Client, participant_0, 42, X`6e9c8fd6.f1e64dd2.b80f329b.5eaf84d5`ATTR`generate`Task`MON::Model [Task]`Aspect=xADLBehaviorAspect&Position=231.196`949ce290.11ad4a14.a3b729fe.76f3e91a`Process`MON::Model [Process]`executionTime=4&memoryUsage=250&taskInstruction=nextRequest = new Request;|nextRequest->getRequestKind().value() = "Salinity";````````````, ,
20140330_1620_33, Notification, XTEAM Engine, MRSV, 62, Simulation execution beginning, ,
20140330_1620_40, Design, CoWare XTEAM Client, participant_0, 43, X`422c11c0.c89a428f.838be7f4.7ffbcbd6`ATTR`generate`Task`MON::Model [Task]`Aspect=xADLBehaviorAspect&Position=231.196`f5e3fc53.9152438c.8adc2b0b.e095f1c6`Process`MON::Model [Process]`executionTime=4&memoryUsage=3&taskInstruction=nextRequest = new Request;|nextRequest->getRequestKind().value() = "Salinity";````````````, ,
20140330_1620_41, Notification, XTEAM Engine, MRSV, 63, Simulation execution beginning, ,
20140330_1620_42, Design, CoWare XTEAM Client, participant_0, 44, X`422c11c0.c89a428f.838be7f4.7ffbcbd6`ATTR`generate`Task`MON::Model [Task]`Aspect=xADLBehaviorAspect&Position=231.196`f5e3fc53.9152438c.8adc2b0b.e095f1c6`Process`MON::Model [Process]`executionTime=4&memoryUsage=250&taskInstruction=nextRequest = new Request;|nextRequest->getRequestKind().value() = "Salinity";````````````, ,
20140330_1620_43, Notification, XTEAM Engine, MRSV, 59, Simulation execution completion, ,
20140330_1620_43, XTEAM, XTEAM Engine, MRSV, , ,
20140330_1620_43, XTEAM, XTEAM Engine, MRSV, , ,
20140330_1620_43, XTEAM, XTEAM Engine, MRSV, , ,
20140330_1620_43, Notification, XTEAM Engine, MRSV, 64, Simulation execution beginning, ,
20140330_1620_49, Notification, XTEAM Engine, MRSV, 60, Simulation execution completion, ,
20140330_1620_49, XTEAM, XTEAM Engine, MRSV, , ,
20140330_1620_49, XTEAM, XTEAM Engine, MRSV, , ,
20140330_1620_49, XTEAM, XTEAM Engine, MRSV, , ,
20140330_1620_55, Notification, XTEAM Engine, MRSV, 62, Simulation execution completion, ,
20140330_1620_55, XTEAM, XTEAM Engine, MRSV, , ,
20140330_1620_55, XTEAM, XTEAM Engine, MRSV, , ,
20140330_1620_55, XTEAM, XTEAM Engine, MRSV, , ,
20140330_1621_02, Notification, XTEAM Engine, MRSV, 61, Simulation execution completion, ,
20140330_1621_02, XTEAM, XTEAM Engine, MRSV, , ,
20140330_1621_02, XTEAM, XTEAM Engine, MRSV, , ,
20140330_1621_02, XTEAM, XTEAM Engine, MRSV, , ,
20140330_1621_05, Notification, XTEAM Engine, MRSV, 63, Simulation execution completion, ,
20140330_1621_05, XTEAM, XTEAM Engine, MRSV, , ,
20140330_1621_05, XTEAM, XTEAM Engine, MRSV, , ,
20140330_1621_05, XTEAM, XTEAM Engine, MRSV, , ,
20140330_1621_08, Notification, XTEAM Engine, MRSV, 64, Simulation execution completion, ,
20140330_1621_08, XTEAM, XTEAM Engine, MRSV, , ,
20140330_1621_08, XTEAM, XTEAM Engine, MRSV, , ,
20140330_1621_08, XTEAM, XTEAM Engine, MRSV, , ,
