TIME, Event name, OriginComponent, SenderUsername, EventID, Value, ,
20140326_2045_26, Login, XTEAM Engine, MRSV, , ,
20140326_2047_05, Login, CoWare XTEAM Client, participant_0, , ,
20140326_2047_08, Login, CoWare XTEAM Client, participant_1, , ,
20140326_2047_41, Design, CoWare XTEAM Client, participant_1, 1, X`e55df4ad.b7b04257.9e120182.ced0a272`ATTR`generate`Task`MON::Model [Task]`Aspect=xADLBehaviorAspect&Position=189.196`6de1d551.703f4069.85034d03.9388b013`Process`MON::Model [Process]`executionTime=5&memoryUsage=3&taskInstruction=nextRequest = new Request;|nextRequest->getRequestKind().value() = "Temperature";````````````, ,
20140326_2047_42, Notification, XTEAM Engine, MRSV, 1, Simulation execution beginning, ,
20140326_2048_04, Notification, XTEAM Engine, MRSV, 1, Simulation execution completion, ,
20140326_2048_04, XTEAM, XTEAM Engine, MRSV, , ,
20140326_2048_04, XTEAM, XTEAM Engine, MRSV, , ,
20140326_2048_04, XTEAM, XTEAM Engine, MRSV, , ,
20140326_2048_07, Design, CoWare XTEAM Client, participant_0, 1, X`d74a2c65.e78b436f.bb8c4d69.c6c262cf`ATTR`forward`Task`MON::Model [Task]`Aspect=xADLBehaviorAspect&Position=280.196`b0656a82.f464e5e.80ba3243.d6b28879`Process`MON::Model [Process]`executionTime=8&memoryUsage=1&taskInstruction=````````````, ,
20140326_2048_08, Notification, XTEAM Engine, MRSV, 2, Simulation execution beginning, ,
20140326_2048_10, Design, CoWare XTEAM Client, participant_0, 2, X`d74a2c65.e78b436f.bb8c4d69.c6c262cf`ATTR`forward`Task`MON::Model [Task]`Aspect=xADLBehaviorAspect&Position=280.196`b0656a82.f464e5e.80ba3243.d6b28879`Process`MON::Model [Process]`executionTime=8&memoryUsage=10&taskInstruction=````````````, ,
20140326_2048_11, Notification, XTEAM Engine, MRSV, 3, Simulation execution beginning, ,
20140326_2048_22, Design, CoWare XTEAM Client, participant_1, 2, X`e55df4ad.b7b04257.9e120182.ced0a272`ATTR`generate`Task`MON::Model [Task]`Aspect=xADLBehaviorAspect&Position=189.196`6de1d551.703f4069.85034d03.9388b013`Process`MON::Model [Process]`executionTime=5&memoryUsage=250&taskInstruction=nextRequest = new Request;|nextRequest->getRequestKind().value() = "Temperature";````````````, ,
20140326_2048_23, Notification, XTEAM Engine, MRSV, 4, Simulation execution beginning, ,
20140326_2048_35, Notification, XTEAM Engine, MRSV, 3, Simulation execution completion, ,
20140326_2048_35, XTEAM, XTEAM Engine, MRSV, , ,
20140326_2048_35, XTEAM, XTEAM Engine, MRSV, , ,
20140326_2048_35, XTEAM, XTEAM Engine, MRSV, , ,
20140326_2048_36, Notification, XTEAM Engine, MRSV, 2, Simulation execution completion, ,
20140326_2048_36, XTEAM, XTEAM Engine, MRSV, , ,
20140326_2048_36, XTEAM, XTEAM Engine, MRSV, , ,
20140326_2048_36, XTEAM, XTEAM Engine, MRSV, , ,
20140326_2048_38, Design, CoWare XTEAM Client, participant_0, 3, X`cc6f3a99.39734696.be3c4499.34632100`ATTR`Host_Salinity`Host`MON::Set [Host]`Aspect=xADLCoreAspect&Position=966.763`53c8e4c.6bec48b1.8f5efd8e.55e34f54`Architecture`MON::Model [Architecture]`receiveEnergyCost=13.000000&receiveEnergyOverhead=45.000000&transmitEnergyCost=12.000000&transmitEnergyOverhead=40.000000````````````, ,
20140326_2048_39, Notification, XTEAM Engine, MRSV, 5, Simulation execution beginning, ,
20140326_2048_39, Design, CoWare XTEAM Client, participant_0, 4, X`cc6f3a99.39734696.be3c4499.34632100`ATTR`Host_Salinity`Host`MON::Set [Host]`Aspect=xADLCoreAspect&Position=966.763`53c8e4c.6bec48b1.8f5efd8e.55e34f54`Architecture`MON::Model [Architecture]`receiveEnergyCost=0.000000&receiveEnergyOverhead=45.000000&transmitEnergyCost=12.000000&transmitEnergyOverhead=40.000000````````````, ,
20140326_2048_41, Notification, XTEAM Engine, MRSV, 6, Simulation execution beginning, ,
20140326_2048_44, Notification, XTEAM Engine, MRSV, 4, Simulation execution completion, ,
20140326_2048_44, XTEAM, XTEAM Engine, MRSV, , ,
20140326_2048_44, XTEAM, XTEAM Engine, MRSV, , ,
20140326_2048_44, XTEAM, XTEAM Engine, MRSV, , ,
20140326_2048_45, Design, CoWare XTEAM Client, participant_0, 5, X`cc6f3a99.39734696.be3c4499.34632100`ATTR`Host_Salinity`Host`MON::Set [Host]`Aspect=xADLCoreAspect&Position=966.763`53c8e4c.6bec48b1.8f5efd8e.55e34f54`Architecture`MON::Model [Architecture]`receiveEnergyCost=20.000000&receiveEnergyOverhead=45.000000&transmitEnergyCost=12.000000&transmitEnergyOverhead=40.000000````````````, ,
20140326_2048_46, Design, CoWare XTEAM Client, participant_0, 6, X`cc6f3a99.39734696.be3c4499.34632100`ATTR`Host_Salinity`Host`MON::Set [Host]`Aspect=xADLCoreAspect&Position=966.763`53c8e4c.6bec48b1.8f5efd8e.55e34f54`Architecture`MON::Model [Architecture]`receiveEnergyCost=20.000000&receiveEnergyOverhead=0.000000&transmitEnergyCost=12.000000&transmitEnergyOverhead=40.000000````````````, ,
20140326_2048_47, Notification, XTEAM Engine, MRSV, 7, Simulation execution beginning, ,
20140326_2048_49, Notification, XTEAM Engine, MRSV, 8, Simulation execution beginning, ,
20140326_2048_53, Design, CoWare XTEAM Client, participant_0, 7, X`cc6f3a99.39734696.be3c4499.34632100`ATTR`Host_Salinity`Host`MON::Set [Host]`Aspect=xADLCoreAspect&Position=966.763`53c8e4c.6bec48b1.8f5efd8e.55e34f54`Architecture`MON::Model [Architecture]`receiveEnergyCost=20.000000&receiveEnergyOverhead=70.000000&transmitEnergyCost=12.000000&transmitEnergyOverhead=40.000000````````````, ,
20140326_2048_54, Notification, XTEAM Engine, MRSV, 9, Simulation execution beginning, ,
20140326_2049_02, Notification, XTEAM Engine, MRSV, 5, Simulation execution completion, ,
20140326_2049_02, XTEAM, XTEAM Engine, MRSV, , ,
20140326_2049_02, XTEAM, XTEAM Engine, MRSV, , ,
20140326_2049_02, XTEAM, XTEAM Engine, MRSV, , ,
20140326_2049_05, Notification, XTEAM Engine, MRSV, 6, Simulation execution completion, ,
20140326_2049_05, XTEAM, XTEAM Engine, MRSV, , ,
20140326_2049_05, XTEAM, XTEAM Engine, MRSV, , ,
20140326_2049_05, XTEAM, XTEAM Engine, MRSV, , ,
20140326_2049_05, Design, CoWare XTEAM Client, participant_1, 3, X`3709314b.7a93486e.8dc9b26c.f4772d70`ATTR`Host_1`Host`MON::Set [Host]`Aspect=xADLCoreAspect&Position=42.49`53c8e4c.6bec48b1.8f5efd8e.55e34f54`Architecture`MON::Model [Architecture]`receiveEnergyCost=18.000000&receiveEnergyOverhead=48.000000&transmitEnergyCost=50.000000&transmitEnergyOverhead=45.000000````````````, ,
20140326_2049_07, Notification, XTEAM Engine, MRSV, 10, Simulation execution beginning, ,
20140326_2049_08, Design, CoWare XTEAM Client, participant_1, 4, X`3709314b.7a93486e.8dc9b26c.f4772d70`ATTR`Host_1`Host`MON::Set [Host]`Aspect=xADLCoreAspect&Position=42.49`53c8e4c.6bec48b1.8f5efd8e.55e34f54`Architecture`MON::Model [Architecture]`receiveEnergyCost=18.000000&receiveEnergyOverhead=48.000000&transmitEnergyCost=50.000000&transmitEnergyOverhead=200.000000````````````, ,
20140326_2049_10, Notification, XTEAM Engine, MRSV, 11, Simulation execution beginning, ,
20140326_2049_10, Notification, XTEAM Engine, MRSV, 7, Simulation execution completion, ,
20140326_2049_10, XTEAM, XTEAM Engine, MRSV, , ,
20140326_2049_10, XTEAM, XTEAM Engine, MRSV, , ,
20140326_2049_10, XTEAM, XTEAM Engine, MRSV, , ,
20140326_2049_11, Notification, XTEAM Engine, MRSV, 8, Simulation execution completion, ,
20140326_2049_11, XTEAM, XTEAM Engine, MRSV, , ,
20140326_2049_11, XTEAM, XTEAM Engine, MRSV, , ,
20140326_2049_11, XTEAM, XTEAM Engine, MRSV, , ,
20140326_2049_11, Design, CoWare XTEAM Client, participant_1, 5, X`3709314b.7a93486e.8dc9b26c.f4772d70`ATTR`Host_1`Host`MON::Set [Host]`Aspect=xADLCoreAspect&Position=42.49`53c8e4c.6bec48b1.8f5efd8e.55e34f54`Architecture`MON::Model [Architecture]`receiveEnergyCost=65.000000&receiveEnergyOverhead=48.000000&transmitEnergyCost=50.000000&transmitEnergyOverhead=200.000000````````````, ,
20140326_2049_13, Notification, XTEAM Engine, MRSV, 12, Simulation execution beginning, ,
20140326_2049_16, Design, CoWare XTEAM Client, participant_1, 6, X`3709314b.7a93486e.8dc9b26c.f4772d70`ATTR`Host_1`Host`MON::Set [Host]`Aspect=xADLCoreAspect&Position=42.49`53c8e4c.6bec48b1.8f5efd8e.55e34f54`Architecture`MON::Model [Architecture]`receiveEnergyCost=65.000000&receiveEnergyOverhead=240.000000&transmitEnergyCost=50.000000&transmitEnergyOverhead=200.000000````````````, ,
20140326_2049_22, Notification, XTEAM Engine, MRSV, 13, Simulation execution beginning, ,
20140326_2049_30, Notification, XTEAM Engine, MRSV, 9, Simulation execution completion, ,
20140326_2049_30, XTEAM, XTEAM Engine, MRSV, , ,
20140326_2049_30, XTEAM, XTEAM Engine, MRSV, , ,
20140326_2049_30, XTEAM, XTEAM Engine, MRSV, , ,
20140326_2049_37, Notification, XTEAM Engine, MRSV, 10, Simulation execution completion, ,
20140326_2049_37, XTEAM, XTEAM Engine, MRSV, , ,
20140326_2049_37, XTEAM, XTEAM Engine, MRSV, , ,
20140326_2049_37, XTEAM, XTEAM Engine, MRSV, , ,
20140326_2049_40, Notification, XTEAM Engine, MRSV, 11, Simulation execution completion, ,
20140326_2049_40, XTEAM, XTEAM Engine, MRSV, , ,
20140326_2049_40, XTEAM, XTEAM Engine, MRSV, , ,
20140326_2049_40, XTEAM, XTEAM Engine, MRSV, , ,
20140326_2049_43, Notification, XTEAM Engine, MRSV, 12, Simulation execution completion, ,
20140326_2049_43, XTEAM, XTEAM Engine, MRSV, , ,
20140326_2049_43, XTEAM, XTEAM Engine, MRSV, , ,
20140326_2049_43, XTEAM, XTEAM Engine, MRSV, , ,
20140326_2049_44, Notification, XTEAM Engine, MRSV, 13, Simulation execution completion, ,
20140326_2049_44, XTEAM, XTEAM Engine, MRSV, , ,
20140326_2049_44, XTEAM, XTEAM Engine, MRSV, , ,
20140326_2049_44, XTEAM, XTEAM Engine, MRSV, , ,
20140326_2050_27, Design, CoWare XTEAM Client, participant_1, 7, X`38aa871.eb549bc.aabb5f5f.9a0c5f7d`ATTR`generate`Task`MON::Model [Task]`Aspect=xADLBehaviorAspect&Position=189.196`9f0c917a.d5e346fb.857fc403.69d41261`Process`MON::Model [Process]`executionTime=8&memoryUsage=3&taskInstruction=nextRequest = new Request;|nextRequest->getRequestKind().value() = "Temperature";````````````, ,
20140326_2050_29, Notification, XTEAM Engine, MRSV, 14, Simulation execution beginning, ,
20140326_2050_54, Notification, XTEAM Engine, MRSV, 14, Simulation execution completion, ,
20140326_2050_54, XTEAM, XTEAM Engine, MRSV, , ,
20140326_2050_54, XTEAM, XTEAM Engine, MRSV, , ,
20140326_2050_54, XTEAM, XTEAM Engine, MRSV, , ,
20140326_2050_57, Design, CoWare XTEAM Client, participant_0, 8, X`ecf5e7fb.34344ab0.8682f5bd.53849453`ATTR`forward`Task`MON::Model [Task]`Aspect=xADLBehaviorAspect&Position=280.196`f45445ab.d6a34b1a.8c0dd95e.faa85ceb`Process`MON::Model [Process]`executionTime=8&memoryUsage=1&taskInstruction=````````````, ,
20140326_2050_58, Notification, XTEAM Engine, MRSV, 15, Simulation execution beginning, ,
20140326_2050_59, Design, CoWare XTEAM Client, participant_0, 9, X`ecf5e7fb.34344ab0.8682f5bd.53849453`ATTR`forward`Task`MON::Model [Task]`Aspect=xADLBehaviorAspect&Position=280.196`f45445ab.d6a34b1a.8c0dd95e.faa85ceb`Process`MON::Model [Process]`executionTime=8&memoryUsage=10&taskInstruction=````````````, ,
20140326_2051_00, Notification, XTEAM Engine, MRSV, 16, Simulation execution beginning, ,
20140326_2051_10, Design, CoWare XTEAM Client, participant_1, 8, X`38aa871.eb549bc.aabb5f5f.9a0c5f7d`ATTR`generate`Task`MON::Model [Task]`Aspect=xADLBehaviorAspect&Position=189.196`9f0c917a.d5e346fb.857fc403.69d41261`Process`MON::Model [Process]`executionTime=5&memoryUsage=3&taskInstruction=nextRequest = new Request;|nextRequest->getRequestKind().value() = "Temperature";````````````, ,
20140326_2051_14, Design, CoWare XTEAM Client, participant_1, 9, X`38aa871.eb549bc.aabb5f5f.9a0c5f7d`ATTR`generate`Task`MON::Model [Task]`Aspect=xADLBehaviorAspect&Position=189.196`9f0c917a.d5e346fb.857fc403.69d41261`Process`MON::Model [Process]`executionTime=5&memoryUsage=250&taskInstruction=nextRequest = new Request;|nextRequest->getRequestKind().value() = "Temperature";````````````, ,
20140326_2051_14, Notification, XTEAM Engine, MRSV, 17, Simulation execution beginning, ,
20140326_2051_15, Notification, XTEAM Engine, MRSV, 18, Simulation execution beginning, ,
20140326_2051_17, Design, CoWare XTEAM Client, participant_0, 10, X`f603f85b.e43844a4.b3627b58.f951dcdf`ATTR`Host_Temp`Host`MON::Set [Host]`Aspect=xADLCoreAspect&Position=1106.763`53c8e4c.6bec48b1.8f5efd8e.55e34f54`Architecture`MON::Model [Architecture]`receiveEnergyCost=13.000000&receiveEnergyOverhead=45.000000&transmitEnergyCost=12.000000&transmitEnergyOverhead=40.000000````````````, ,
20140326_2051_19, Design, CoWare XTEAM Client, participant_0, 11, X`f603f85b.e43844a4.b3627b58.f951dcdf`ATTR`Host_Temp`Host`MON::Set [Host]`Aspect=xADLCoreAspect&Position=1106.763`53c8e4c.6bec48b1.8f5efd8e.55e34f54`Architecture`MON::Model [Architecture]`receiveEnergyCost=13.000000&receiveEnergyOverhead=45.000000&transmitEnergyCost=12.000000&transmitEnergyOverhead=40.000000````````````, ,
20140326_2051_21, Notification, XTEAM Engine, MRSV, 19, Simulation execution beginning, ,
20140326_2051_22, Notification, XTEAM Engine, MRSV, 20, Simulation execution beginning, ,
20140326_2051_25, Design, CoWare XTEAM Client, participant_0, 12, X`f603f85b.e43844a4.b3627b58.f951dcdf`ATTR`Host_Temp`Host`MON::Set [Host]`Aspect=xADLCoreAspect&Position=1106.763`53c8e4c.6bec48b1.8f5efd8e.55e34f54`Architecture`MON::Model [Architecture]`receiveEnergyCost=20.000000&receiveEnergyOverhead=45.000000&transmitEnergyCost=12.000000&transmitEnergyOverhead=40.000000````````````, ,
20140326_2051_26, Notification, XTEAM Engine, MRSV, 16, Simulation execution completion, ,
20140326_2051_26, XTEAM, XTEAM Engine, MRSV, , ,
20140326_2051_26, XTEAM, XTEAM Engine, MRSV, , ,
20140326_2051_26, XTEAM, XTEAM Engine, MRSV, , ,
20140326_2051_26, Notification, XTEAM Engine, MRSV, 21, Simulation execution beginning, ,
20140326_2051_26, Design, CoWare XTEAM Client, participant_1, 10, X`1d380676.204a4521.b3bb7c52.2bae3451`ATTR`Host_2`Host`MON::Set [Host]`Aspect=xADLCoreAspect&Position=42.350`53c8e4c.6bec48b1.8f5efd8e.55e34f54`Architecture`MON::Model [Architecture]`receiveEnergyCost=18.000000&receiveEnergyOverhead=48.000000&transmitEnergyCost=50.000000&transmitEnergyOverhead=45.000000````````````, ,
20140326_2051_28, Notification, XTEAM Engine, MRSV, 22, Simulation execution beginning, ,
20140326_2051_29, Design, CoWare XTEAM Client, participant_0, 13, X`f603f85b.e43844a4.b3627b58.f951dcdf`ATTR`Host_Temp`Host`MON::Set [Host]`Aspect=xADLCoreAspect&Position=1106.763`53c8e4c.6bec48b1.8f5efd8e.55e34f54`Architecture`MON::Model [Architecture]`receiveEnergyCost=20.000000&receiveEnergyOverhead=70.000000&transmitEnergyCost=12.000000&transmitEnergyOverhead=40.000000````````````, ,
20140326_2051_29, Notification, XTEAM Engine, MRSV, 15, Simulation execution completion, ,
20140326_2051_29, XTEAM, XTEAM Engine, MRSV, , ,
20140326_2051_29, XTEAM, XTEAM Engine, MRSV, , ,
20140326_2051_29, XTEAM, XTEAM Engine, MRSV, , ,
20140326_2051_31, Design, CoWare XTEAM Client, participant_1, 11, X`1d380676.204a4521.b3bb7c52.2bae3451`ATTR`Host_2`Host`MON::Set [Host]`Aspect=xADLCoreAspect&Position=42.350`53c8e4c.6bec48b1.8f5efd8e.55e34f54`Architecture`MON::Model [Architecture]`receiveEnergyCost=18.000000&receiveEnergyOverhead=48.000000&transmitEnergyCost=50.000000&transmitEnergyOverhead=200.000000````````````, ,
20140326_2051_34, Design, CoWare XTEAM Client, participant_1, 12, X`1d380676.204a4521.b3bb7c52.2bae3451`ATTR`Host_2`Host`MON::Set [Host]`Aspect=xADLCoreAspect&Position=42.350`53c8e4c.6bec48b1.8f5efd8e.55e34f54`Architecture`MON::Model [Architecture]`receiveEnergyCost=65.000000&receiveEnergyOverhead=48.000000&transmitEnergyCost=50.000000&transmitEnergyOverhead=200.000000````````````, ,
20140326_2051_35, Notification, XTEAM Engine, MRSV, 23, Simulation execution beginning, ,
20140326_2051_38, Design, CoWare XTEAM Client, participant_1, 13, X`1d380676.204a4521.b3bb7c52.2bae3451`ATTR`Host_2`Host`MON::Set [Host]`Aspect=xADLCoreAspect&Position=42.350`53c8e4c.6bec48b1.8f5efd8e.55e34f54`Architecture`MON::Model [Architecture]`receiveEnergyCost=65.000000&receiveEnergyOverhead=240.000000&transmitEnergyCost=50.000000&transmitEnergyOverhead=200.000000````````````, ,
20140326_2051_42, Notification, XTEAM Engine, MRSV, 24, Simulation execution beginning, ,
20140326_2051_49, Design, CoWare XTEAM Client, participant_1, 14, X`2442e05e.7e534432.a652495a.4a8032a9`ATTR`generate`Task`MON::Model [Task]`Aspect=xADLBehaviorAspect&Position=189.196`ee842d2c.6fbd409b.b93189f8.bce88a2b`Process`MON::Model [Process]`executionTime=5&memoryUsage=3&taskInstruction=nextRequest = new Request;|nextRequest->getRequestKind().value() = "Temperature";````````````, ,
20140326_2051_54, Design, CoWare XTEAM Client, participant_1, 15, X`2442e05e.7e534432.a652495a.4a8032a9`ATTR`generate`Task`MON::Model [Task]`Aspect=xADLBehaviorAspect&Position=189.196`ee842d2c.6fbd409b.b93189f8.bce88a2b`Process`MON::Model [Process]`executionTime=5&memoryUsage=250&taskInstruction=nextRequest = new Request;|nextRequest->getRequestKind().value() = "Temperature";````````````, ,
20140326_2051_55, Notification, XTEAM Engine, MRSV, 25, Simulation execution beginning, ,
20140326_2051_56, Notification, XTEAM Engine, MRSV, 26, Simulation execution beginning, ,
20140326_2051_57, Notification, XTEAM Engine, MRSV, 27, Simulation execution beginning, ,
20140326_2051_58, Notification, XTEAM Engine, MRSV, 28, Simulation execution beginning, ,
20140326_2051_59, Notification, XTEAM Engine, MRSV, 18, Simulation execution completion, ,
20140326_2051_59, XTEAM, XTEAM Engine, MRSV, , ,
20140326_2051_59, XTEAM, XTEAM Engine, MRSV, , ,
20140326_2051_59, XTEAM, XTEAM Engine, MRSV, , ,
20140326_2052_01, Notification, XTEAM Engine, MRSV, 20, Simulation execution completion, ,
20140326_2052_01, XTEAM, XTEAM Engine, MRSV, , ,
20140326_2052_01, XTEAM, XTEAM Engine, MRSV, , ,
20140326_2052_01, XTEAM, XTEAM Engine, MRSV, , ,
20140326_2052_01, Notification, XTEAM Engine, MRSV, 19, Simulation execution completion, ,
20140326_2052_01, XTEAM, XTEAM Engine, MRSV, , ,
20140326_2052_01, XTEAM, XTEAM Engine, MRSV, , ,
20140326_2052_01, XTEAM, XTEAM Engine, MRSV, , ,
20140326_2052_03, Notification, XTEAM Engine, MRSV, 17, Simulation execution completion, ,
20140326_2052_03, XTEAM, XTEAM Engine, MRSV, , ,
20140326_2052_03, XTEAM, XTEAM Engine, MRSV, , ,
20140326_2052_03, XTEAM, XTEAM Engine, MRSV, , ,
20140326_2052_03, Design, CoWare XTEAM Client, participant_1, 16, X`6f385993.f08a4164.b815faa2.88dc52fb`ATTR`Host_3`Host`MON::Set [Host]`Aspect=xADLCoreAspect&Position=42.630`53c8e4c.6bec48b1.8f5efd8e.55e34f54`Architecture`MON::Model [Architecture]`receiveEnergyCost=18.000000&receiveEnergyOverhead=48.000000&transmitEnergyCost=50.000000&transmitEnergyOverhead=45.000000````````````, ,
20140326_2052_05, Notification, XTEAM Engine, MRSV, 29, Simulation execution beginning, ,
20140326_2052_07, Design, CoWare XTEAM Client, participant_1, 17, X`6f385993.f08a4164.b815faa2.88dc52fb`ATTR`Host_3`Host`MON::Set [Host]`Aspect=xADLCoreAspect&Position=42.630`53c8e4c.6bec48b1.8f5efd8e.55e34f54`Architecture`MON::Model [Architecture]`receiveEnergyCost=18.000000&receiveEnergyOverhead=48.000000&transmitEnergyCost=50.000000&transmitEnergyOverhead=200.000000````````````, ,
20140326_2052_08, Notification, XTEAM Engine, MRSV, 21, Simulation execution completion, ,
20140326_2052_08, XTEAM, XTEAM Engine, MRSV, , ,
20140326_2052_08, XTEAM, XTEAM Engine, MRSV, , ,
20140326_2052_08, XTEAM, XTEAM Engine, MRSV, , ,
20140326_2052_08, Notification, XTEAM Engine, MRSV, 30, Simulation execution beginning, ,
20140326_2052_11, Design, CoWare XTEAM Client, participant_1, 18, X`6f385993.f08a4164.b815faa2.88dc52fb`ATTR`Host_3`Host`MON::Set [Host]`Aspect=xADLCoreAspect&Position=42.630`53c8e4c.6bec48b1.8f5efd8e.55e34f54`Architecture`MON::Model [Architecture]`receiveEnergyCost=65.000000&receiveEnergyOverhead=48.000000&transmitEnergyCost=50.000000&transmitEnergyOverhead=200.000000````````````, ,
20140326_2052_13, Notification, XTEAM Engine, MRSV, 22, Simulation execution completion, ,
20140326_2052_13, XTEAM, XTEAM Engine, MRSV, , ,
20140326_2052_13, XTEAM, XTEAM Engine, MRSV, , ,
20140326_2052_13, XTEAM, XTEAM Engine, MRSV, , ,
20140326_2052_14, Design, CoWare XTEAM Client, participant_1, 19, X`6f385993.f08a4164.b815faa2.88dc52fb`ATTR`Host_3`Host`MON::Set [Host]`Aspect=xADLCoreAspect&Position=42.630`53c8e4c.6bec48b1.8f5efd8e.55e34f54`Architecture`MON::Model [Architecture]`receiveEnergyCost=65.000000&receiveEnergyOverhead=240.000000&transmitEnergyCost=50.000000&transmitEnergyOverhead=200.000000````````````, ,
20140326_2052_15, Notification, XTEAM Engine, MRSV, 31, Simulation execution beginning, ,
20140326_2052_22, Notification, XTEAM Engine, MRSV, 32, Simulation execution beginning, ,
20140326_2052_30, Notification, XTEAM Engine, MRSV, 23, Simulation execution completion, ,
20140326_2052_30, XTEAM, XTEAM Engine, MRSV, , ,
20140326_2052_30, XTEAM, XTEAM Engine, MRSV, , ,
20140326_2052_30, XTEAM, XTEAM Engine, MRSV, , ,
20140326_2052_30, Notification, XTEAM Engine, MRSV, 24, Simulation execution completion, ,
20140326_2052_30, XTEAM, XTEAM Engine, MRSV, , ,
20140326_2052_30, XTEAM, XTEAM Engine, MRSV, , ,
20140326_2052_30, XTEAM, XTEAM Engine, MRSV, , ,
20140326_2052_35, XTEAM, XTEAM Engine, MRSV, , ,
20140326_2052_35, XTEAM, XTEAM Engine, MRSV, , ,
20140326_2052_35, Notification, XTEAM Engine, MRSV, 25, Simulation execution completion, ,
20140326_2052_35, XTEAM, XTEAM Engine, MRSV, , ,
20140326_2052_36, Notification, XTEAM Engine, MRSV, 28, Simulation execution completion, ,
20140326_2052_36, XTEAM, XTEAM Engine, MRSV, , ,
20140326_2052_36, XTEAM, XTEAM Engine, MRSV, , ,
20140326_2052_36, XTEAM, XTEAM Engine, MRSV, , ,
20140326_2052_38, Notification, XTEAM Engine, MRSV, 26, Simulation execution completion, ,
20140326_2052_38, XTEAM, XTEAM Engine, MRSV, , ,
20140326_2052_38, XTEAM, XTEAM Engine, MRSV, , ,
20140326_2052_38, XTEAM, XTEAM Engine, MRSV, , ,
20140326_2052_52, Notification, XTEAM Engine, MRSV, 29, Simulation execution completion, ,
20140326_2052_52, XTEAM, XTEAM Engine, MRSV, , ,
20140326_2052_52, XTEAM, XTEAM Engine, MRSV, , ,
20140326_2052_52, XTEAM, XTEAM Engine, MRSV, , ,
20140326_2052_52, XTEAM, XTEAM Engine, MRSV, , ,
20140326_2052_52, XTEAM, XTEAM Engine, MRSV, , ,
20140326_2052_52, XTEAM, XTEAM Engine, MRSV, , ,
20140326_2052_52, Notification, XTEAM Engine, MRSV, 27, Simulation execution completion, ,
20140326_2053_03, Notification, XTEAM Engine, MRSV, 30, Simulation execution completion, ,
20140326_2053_03, XTEAM, XTEAM Engine, MRSV, , ,
20140326_2053_03, XTEAM, XTEAM Engine, MRSV, , ,
20140326_2053_03, XTEAM, XTEAM Engine, MRSV, , ,
20140326_2053_08, Notification, XTEAM Engine, MRSV, 31, Simulation execution completion, ,
20140326_2053_08, XTEAM, XTEAM Engine, MRSV, , ,
20140326_2053_08, XTEAM, XTEAM Engine, MRSV, , ,
20140326_2053_08, XTEAM, XTEAM Engine, MRSV, , ,
20140326_2053_08, Notification, XTEAM Engine, MRSV, 32, Simulation execution completion, ,
20140326_2053_08, XTEAM, XTEAM Engine, MRSV, , ,
20140326_2053_08, XTEAM, XTEAM Engine, MRSV, , ,
20140326_2053_08, XTEAM, XTEAM Engine, MRSV, , ,
20140326_2053_53, Snapshot, CoWare XTEAM Client, participant_0, 14, ,
20140326_2054_52, Design, CoWare XTEAM Client, participant_0, 15, X`ecf5e7fb.34344ab0.8682f5bd.53849453`ATTR`forward`Task`MON::Model [Task]`Aspect=xADLBehaviorAspect&Position=280.196`f45445ab.d6a34b1a.8c0dd95e.faa85ceb`Process`MON::Model [Process]`executionTime=0&memoryUsage=10&taskInstruction=````````````, ,
20140326_2054_53, Notification, XTEAM Engine, MRSV, 33, Simulation execution beginning, ,
20140326_2054_55, Design, CoWare XTEAM Client, participant_0, 16, X`ecf5e7fb.34344ab0.8682f5bd.53849453`ATTR`forward`Task`MON::Model [Task]`Aspect=xADLBehaviorAspect&Position=280.196`f45445ab.d6a34b1a.8c0dd95e.faa85ceb`Process`MON::Model [Process]`executionTime=0&memoryUsage=1&taskInstruction=````````````, ,
20140326_2054_56, Notification, XTEAM Engine, MRSV, 34, Simulation execution beginning, ,
20140326_2055_24, Design, CoWare XTEAM Client, participant_0, 17, X`d74a2c65.e78b436f.bb8c4d69.c6c262cf`ATTR`forward`Task`MON::Model [Task]`Aspect=xADLBehaviorAspect&Position=280.196`b0656a82.f464e5e.80ba3243.d6b28879`Process`MON::Model [Process]`executionTime=0&memoryUsage=10&taskInstruction=````````````, ,
20140326_2055_25, Notification, XTEAM Engine, MRSV, 33, Simulation execution completion, ,
20140326_2055_25, XTEAM, XTEAM Engine, MRSV, , ,
20140326_2055_25, XTEAM, XTEAM Engine, MRSV, , ,
20140326_2055_25, XTEAM, XTEAM Engine, MRSV, , ,
20140326_2055_25, Notification, XTEAM Engine, MRSV, 35, Simulation execution beginning, ,
20140326_2055_26, Design, CoWare XTEAM Client, participant_0, 18, X`d74a2c65.e78b436f.bb8c4d69.c6c262cf`ATTR`forward`Task`MON::Model [Task]`Aspect=xADLBehaviorAspect&Position=280.196`b0656a82.f464e5e.80ba3243.d6b28879`Process`MON::Model [Process]`executionTime=0&memoryUsage=1&taskInstruction=````````````, ,
20140326_2055_29, Notification, XTEAM Engine, MRSV, 36, Simulation execution beginning, ,
20140326_2055_29, Notification, XTEAM Engine, MRSV, 34, Simulation execution completion, ,
20140326_2055_29, XTEAM, XTEAM Engine, MRSV, , ,
20140326_2055_29, XTEAM, XTEAM Engine, MRSV, , ,
20140326_2055_29, XTEAM, XTEAM Engine, MRSV, , ,
20140326_2055_55, Notification, XTEAM Engine, MRSV, 35, Simulation execution completion, ,
20140326_2055_55, XTEAM, XTEAM Engine, MRSV, , ,
20140326_2055_55, XTEAM, XTEAM Engine, MRSV, , ,
20140326_2055_55, XTEAM, XTEAM Engine, MRSV, , ,
20140326_2055_55, Snapshot, CoWare XTEAM Client, participant_1, 20, ,
20140326_2056_00, Notification, XTEAM Engine, MRSV, 36, Simulation execution completion, ,
20140326_2056_00, XTEAM, XTEAM Engine, MRSV, , ,
20140326_2056_00, XTEAM, XTEAM Engine, MRSV, , ,
20140326_2056_00, XTEAM, XTEAM Engine, MRSV, , ,
20140326_2059_39, Design, CoWare XTEAM Client, participant_0, 19, X`d74a2c65.e78b436f.bb8c4d69.c6c262cf`ATTR`forward`Task`MON::Model [Task]`Aspect=xADLBehaviorAspect&Position=280.196`b0656a82.f464e5e.80ba3243.d6b28879`Process`MON::Model [Process]`executionTime=8&memoryUsage=1&taskInstruction=````````````, ,
20140326_2059_40, Notification, XTEAM Engine, MRSV, 37, Simulation execution beginning, ,
20140326_2059_42, Design, CoWare XTEAM Client, participant_0, 20, X`d74a2c65.e78b436f.bb8c4d69.c6c262cf`ATTR`forward`Task`MON::Model [Task]`Aspect=xADLBehaviorAspect&Position=280.196`b0656a82.f464e5e.80ba3243.d6b28879`Process`MON::Model [Process]`executionTime=8&memoryUsage=10&taskInstruction=````````````, ,
20140326_2059_43, Notification, XTEAM Engine, MRSV, 38, Simulation execution beginning, ,
20140326_2059_52, Design, CoWare XTEAM Client, participant_0, 21, X`ecf5e7fb.34344ab0.8682f5bd.53849453`ATTR`forward`Task`MON::Model [Task]`Aspect=xADLBehaviorAspect&Position=280.196`f45445ab.d6a34b1a.8c0dd95e.faa85ceb`Process`MON::Model [Process]`executionTime=8&memoryUsage=1&taskInstruction=````````````, ,
20140326_2059_53, Notification, XTEAM Engine, MRSV, 39, Simulation execution beginning, ,
20140326_2059_54, Design, CoWare XTEAM Client, participant_0, 22, X`ecf5e7fb.34344ab0.8682f5bd.53849453`ATTR`forward`Task`MON::Model [Task]`Aspect=xADLBehaviorAspect&Position=280.196`f45445ab.d6a34b1a.8c0dd95e.faa85ceb`Process`MON::Model [Process]`executionTime=8&memoryUsage=10&taskInstruction=````````````, ,
20140326_2059_57, Notification, XTEAM Engine, MRSV, 40, Simulation execution beginning, ,
20140326_2100_05, Notification, XTEAM Engine, MRSV, 37, Simulation execution completion, ,
20140326_2100_05, XTEAM, XTEAM Engine, MRSV, , ,
20140326_2100_05, XTEAM, XTEAM Engine, MRSV, , ,
20140326_2100_05, XTEAM, XTEAM Engine, MRSV, , ,
20140326_2100_07, Notification, XTEAM Engine, MRSV, 38, Simulation execution completion, ,
20140326_2100_07, XTEAM, XTEAM Engine, MRSV, , ,
20140326_2100_07, XTEAM, XTEAM Engine, MRSV, , ,
20140326_2100_07, XTEAM, XTEAM Engine, MRSV, , ,
20140326_2100_14, Notification, XTEAM Engine, MRSV, 39, Simulation execution completion, ,
20140326_2100_14, XTEAM, XTEAM Engine, MRSV, , ,
20140326_2100_14, XTEAM, XTEAM Engine, MRSV, , ,
20140326_2100_14, XTEAM, XTEAM Engine, MRSV, , ,
20140326_2100_16, Design, CoWare XTEAM Client, participant_1, 21, X`38aa871.eb549bc.aabb5f5f.9a0c5f7d`ATTR`generate`Task`MON::Model [Task]`Aspect=xADLBehaviorAspect&Position=189.196`9f0c917a.d5e346fb.857fc403.69d41261`Process`MON::Model [Process]`executionTime=8&memoryUsage=250&taskInstruction=nextRequest = new Request;|nextRequest->getRequestKind().value() = "Temperature";````````````, ,
20140326_2100_17, Notification, XTEAM Engine, MRSV, 41, Simulation execution beginning, ,
20140326_2100_19, Notification, XTEAM Engine, MRSV, 40, Simulation execution completion, ,
20140326_2100_19, XTEAM, XTEAM Engine, MRSV, , ,
20140326_2100_19, XTEAM, XTEAM Engine, MRSV, , ,
20140326_2100_19, XTEAM, XTEAM Engine, MRSV, , ,
20140326_2100_20, Design, CoWare XTEAM Client, participant_1, 22, X`38aa871.eb549bc.aabb5f5f.9a0c5f7d`ATTR`generate`Task`MON::Model [Task]`Aspect=xADLBehaviorAspect&Position=189.196`9f0c917a.d5e346fb.857fc403.69d41261`Process`MON::Model [Process]`executionTime=8&memoryUsage=3&taskInstruction=nextRequest = new Request;|nextRequest->getRequestKind().value() = "Temperature";````````````, ,
20140326_2100_26, Notification, XTEAM Engine, MRSV, 42, Simulation execution beginning, ,
20140326_2100_54, Notification, XTEAM Engine, MRSV, 41, Simulation execution completion, ,
20140326_2100_54, XTEAM, XTEAM Engine, MRSV, , ,
20140326_2100_54, XTEAM, XTEAM Engine, MRSV, , ,
20140326_2100_54, XTEAM, XTEAM Engine, MRSV, , ,
20140326_2100_54, Notification, XTEAM Engine, MRSV, 42, Simulation execution completion, ,
20140326_2100_54, XTEAM, XTEAM Engine, MRSV, , ,
20140326_2100_54, XTEAM, XTEAM Engine, MRSV, , ,
20140326_2100_54, XTEAM, XTEAM Engine, MRSV, , ,
20140326_2101_00, Design, CoWare XTEAM Client, participant_1, 23, X`2442e05e.7e534432.a652495a.4a8032a9`ATTR`generate`Task`MON::Model [Task]`Aspect=xADLBehaviorAspect&Position=189.196`ee842d2c.6fbd409b.b93189f8.bce88a2b`Process`MON::Model [Process]`executionTime=7&memoryUsage=250&taskInstruction=nextRequest = new Request;|nextRequest->getRequestKind().value() = "Temperature";````````````, ,
20140326_2101_01, Notification, XTEAM Engine, MRSV, 43, Simulation execution beginning, ,
20140326_2101_22, Notification, XTEAM Engine, MRSV, 43, Simulation execution completion, ,
20140326_2101_22, XTEAM, XTEAM Engine, MRSV, , ,
20140326_2101_22, XTEAM, XTEAM Engine, MRSV, , ,
20140326_2101_22, XTEAM, XTEAM Engine, MRSV, , ,
20140326_2101_39, Design, CoWare XTEAM Client, participant_1, 24, X`6f385993.f08a4164.b815faa2.88dc52fb`ATTR`Host_3`Host`MON::Set [Host]`Aspect=xADLCoreAspect&Position=42.630`53c8e4c.6bec48b1.8f5efd8e.55e34f54`Architecture`MON::Model [Architecture]`receiveEnergyCost=65.000000&receiveEnergyOverhead=240.000000&transmitEnergyCost=12.000000&transmitEnergyOverhead=200.000000````````````, ,
20140326_2101_41, Notification, XTEAM Engine, MRSV, 44, Simulation execution beginning, ,
20140326_2101_44, Design, CoWare XTEAM Client, participant_1, 25, X`6f385993.f08a4164.b815faa2.88dc52fb`ATTR`Host_3`Host`MON::Set [Host]`Aspect=xADLCoreAspect&Position=42.630`53c8e4c.6bec48b1.8f5efd8e.55e34f54`Architecture`MON::Model [Architecture]`receiveEnergyCost=65.000000&receiveEnergyOverhead=240.000000&transmitEnergyCost=12.000000&transmitEnergyOverhead=45.000000````````````, ,
20140326_2101_46, Notification, XTEAM Engine, MRSV, 45, Simulation execution beginning, ,
20140326_2101_48, Design, CoWare XTEAM Client, participant_1, 26, X`6f385993.f08a4164.b815faa2.88dc52fb`ATTR`Host_3`Host`MON::Set [Host]`Aspect=xADLCoreAspect&Position=42.630`53c8e4c.6bec48b1.8f5efd8e.55e34f54`Architecture`MON::Model [Architecture]`receiveEnergyCost=18.000000&receiveEnergyOverhead=240.000000&transmitEnergyCost=12.000000&transmitEnergyOverhead=45.000000````````````, ,
20140326_2101_50, Notification, XTEAM Engine, MRSV, 46, Simulation execution beginning, ,
20140326_2101_52, Design, CoWare XTEAM Client, participant_1, 27, X`6f385993.f08a4164.b815faa2.88dc52fb`ATTR`Host_3`Host`MON::Set [Host]`Aspect=xADLCoreAspect&Position=42.630`53c8e4c.6bec48b1.8f5efd8e.55e34f54`Architecture`MON::Model [Architecture]`receiveEnergyCost=18.000000&receiveEnergyOverhead=48.000000&transmitEnergyCost=12.000000&transmitEnergyOverhead=45.000000````````````, ,
20140326_2101_54, Notification, XTEAM Engine, MRSV, 47, Simulation execution beginning, ,
20140326_2101_58, Snapshot, CoWare XTEAM Client, participant_0, 23, ,
20140326_2102_08, Notification, XTEAM Engine, MRSV, 44, Simulation execution completion, ,
20140326_2102_08, XTEAM, XTEAM Engine, MRSV, , ,
20140326_2102_08, XTEAM, XTEAM Engine, MRSV, , ,
20140326_2102_08, XTEAM, XTEAM Engine, MRSV, , ,
20140326_2102_15, Notification, XTEAM Engine, MRSV, 46, Simulation execution completion, ,
20140326_2102_15, XTEAM, XTEAM Engine, MRSV, , ,
20140326_2102_15, XTEAM, XTEAM Engine, MRSV, , ,
20140326_2102_15, XTEAM, XTEAM Engine, MRSV, , ,
20140326_2102_20, Notification, XTEAM Engine, MRSV, 45, Simulation execution completion, ,
20140326_2102_20, XTEAM, XTEAM Engine, MRSV, , ,
20140326_2102_20, XTEAM, XTEAM Engine, MRSV, , ,
20140326_2102_20, XTEAM, XTEAM Engine, MRSV, , ,
20140326_2102_26, Notification, XTEAM Engine, MRSV, 47, Simulation execution completion, ,
20140326_2102_26, XTEAM, XTEAM Engine, MRSV, , ,
20140326_2102_26, XTEAM, XTEAM Engine, MRSV, , ,
20140326_2102_26, XTEAM, XTEAM Engine, MRSV, , ,
20140326_2105_42, Design, CoWare XTEAM Client, participant_1, 28, X`38aa871.eb549bc.aabb5f5f.9a0c5f7d`ATTR`generate`Task`MON::Model [Task]`Aspect=xADLBehaviorAspect&Position=189.196`9f0c917a.d5e346fb.857fc403.69d41261`Process`MON::Model [Process]`executionTime=5&memoryUsage=3&taskInstruction=nextRequest = new Request;|nextRequest->getRequestKind().value() = "Temperature";````````````, ,
20140326_2105_44, Notification, XTEAM Engine, MRSV, 48, Simulation execution beginning, ,
20140326_2105_45, Design, CoWare XTEAM Client, participant_1, 29, X`38aa871.eb549bc.aabb5f5f.9a0c5f7d`ATTR`generate`Task`MON::Model [Task]`Aspect=xADLBehaviorAspect&Position=189.196`9f0c917a.d5e346fb.857fc403.69d41261`Process`MON::Model [Process]`executionTime=5&memoryUsage=250&taskInstruction=nextRequest = new Request;|nextRequest->getRequestKind().value() = "Temperature";````````````, ,
20140326_2105_46, Notification, XTEAM Engine, MRSV, 49, Simulation execution beginning, ,
20140326_2105_56, Design, CoWare XTEAM Client, participant_1, 30, X`6f385993.f08a4164.b815faa2.88dc52fb`ATTR`Host_3`Host`MON::Set [Host]`Aspect=xADLCoreAspect&Position=42.630`53c8e4c.6bec48b1.8f5efd8e.55e34f54`Architecture`MON::Model [Architecture]`receiveEnergyCost=18.000000&receiveEnergyOverhead=48.000000&transmitEnergyCost=50.000000&transmitEnergyOverhead=45.000000````````````, ,
20140326_2105_57, Notification, XTEAM Engine, MRSV, 50, Simulation execution beginning, ,
20140326_2105_59, Design, CoWare XTEAM Client, participant_1, 31, X`6f385993.f08a4164.b815faa2.88dc52fb`ATTR`Host_3`Host`MON::Set [Host]`Aspect=xADLCoreAspect&Position=42.630`53c8e4c.6bec48b1.8f5efd8e.55e34f54`Architecture`MON::Model [Architecture]`receiveEnergyCost=18.000000&receiveEnergyOverhead=48.000000&transmitEnergyCost=50.000000&transmitEnergyOverhead=200.000000````````````, ,
20140326_2106_00, Notification, XTEAM Engine, MRSV, 51, Simulation execution beginning, ,
20140326_2106_03, Design, CoWare XTEAM Client, participant_1, 32, X`6f385993.f08a4164.b815faa2.88dc52fb`ATTR`Host_3`Host`MON::Set [Host]`Aspect=xADLCoreAspect&Position=42.630`53c8e4c.6bec48b1.8f5efd8e.55e34f54`Architecture`MON::Model [Architecture]`receiveEnergyCost=65.000000&receiveEnergyOverhead=48.000000&transmitEnergyCost=50.000000&transmitEnergyOverhead=200.000000````````````, ,
20140326_2106_05, Notification, XTEAM Engine, MRSV, 52, Simulation execution beginning, ,
20140326_2106_07, Design, CoWare XTEAM Client, participant_1, 33, X`6f385993.f08a4164.b815faa2.88dc52fb`ATTR`Host_3`Host`MON::Set [Host]`Aspect=xADLCoreAspect&Position=42.630`53c8e4c.6bec48b1.8f5efd8e.55e34f54`Architecture`MON::Model [Architecture]`receiveEnergyCost=65.000000&receiveEnergyOverhead=240.000000&transmitEnergyCost=50.000000&transmitEnergyOverhead=200.000000````````````, ,
20140326_2106_08, Notification, XTEAM Engine, MRSV, 49, Simulation execution completion, ,
20140326_2106_08, XTEAM, XTEAM Engine, MRSV, , ,
20140326_2106_08, XTEAM, XTEAM Engine, MRSV, , ,
20140326_2106_08, XTEAM, XTEAM Engine, MRSV, , ,
20140326_2106_09, Notification, XTEAM Engine, MRSV, 53, Simulation execution beginning, ,
20140326_2106_14, Notification, XTEAM Engine, MRSV, 48, Simulation execution completion, ,
20140326_2106_14, XTEAM, XTEAM Engine, MRSV, , ,
20140326_2106_14, XTEAM, XTEAM Engine, MRSV, , ,
20140326_2106_14, XTEAM, XTEAM Engine, MRSV, , ,
20140326_2106_16, Design, CoWare XTEAM Client, participant_1, 34, X`2442e05e.7e534432.a652495a.4a8032a9`ATTR`generate`Task`MON::Model [Task]`Aspect=xADLBehaviorAspect&Position=189.196`ee842d2c.6fbd409b.b93189f8.bce88a2b`Process`MON::Model [Process]`executionTime=5&memoryUsage=250&taskInstruction=nextRequest = new Request;|nextRequest->getRequestKind().value() = "Temperature";````````````, ,
20140326_2106_17, Notification, XTEAM Engine, MRSV, 54, Simulation execution beginning, ,
20140326_2106_31, Notification, XTEAM Engine, MRSV, 51, Simulation execution completion, ,
20140326_2106_31, XTEAM, XTEAM Engine, MRSV, , ,
20140326_2106_31, XTEAM, XTEAM Engine, MRSV, , ,
20140326_2106_31, XTEAM, XTEAM Engine, MRSV, , ,
20140326_2106_36, Notification, XTEAM Engine, MRSV, 50, Simulation execution completion, ,
20140326_2106_36, XTEAM, XTEAM Engine, MRSV, , ,
20140326_2106_36, XTEAM, XTEAM Engine, MRSV, , ,
20140326_2106_36, XTEAM, XTEAM Engine, MRSV, , ,
20140326_2106_36, Notification, XTEAM Engine, MRSV, 52, Simulation execution completion, ,
20140326_2106_36, XTEAM, XTEAM Engine, MRSV, , ,
20140326_2106_36, XTEAM, XTEAM Engine, MRSV, , ,
20140326_2106_36, XTEAM, XTEAM Engine, MRSV, , ,
20140326_2106_40, Notification, XTEAM Engine, MRSV, 53, Simulation execution completion, ,
20140326_2106_40, XTEAM, XTEAM Engine, MRSV, , ,
20140326_2106_40, XTEAM, XTEAM Engine, MRSV, , ,
20140326_2106_40, XTEAM, XTEAM Engine, MRSV, , ,
20140326_2106_49, Notification, XTEAM Engine, MRSV, 54, Simulation execution completion, ,
20140326_2106_49, XTEAM, XTEAM Engine, MRSV, , ,
20140326_2106_49, XTEAM, XTEAM Engine, MRSV, , ,
20140326_2106_49, XTEAM, XTEAM Engine, MRSV, , ,
20140326_2108_44, Snapshot, CoWare XTEAM Client, participant_1, 35, ,
20140326_2109_23, Snapshot, CoWare XTEAM Client, participant_1, 36, ,
