TIME, Event name, OriginComponent, SenderUsername, EventID, ,
20141205_1343_02, Snapshot, FLAME Client, participant_1, 9, ,
20141205_1343_12, Snapshot, FLAME Client, participant_0, 10, ,
20141205_1345_11, Snapshot, FLAME Client, participant_1, 15, ,
20141205_1346_33, Snapshot, FLAME Client, participant_1, 20, ,
20141205_1348_32, Snapshot, FLAME Client, participant_0, 17, ,
20141205_1351_22, Snapshot, FLAME Client, participant_0, 24, ,
20141205_1351_49, Snapshot, FLAME Client, participant_1, 26, ,
20141205_1355_31, Snapshot, FLAME Client, participant_0, 30, ,
20141205_1357_04, Snapshot, FLAME Client, participant_0, 35, ,
20141205_1404_07, Snapshot, FLAME Client, participant_1, 34, ,
20141205_1405_20, Snapshot, FLAME Client, participant_0, 41, ,
