TIME, Event name, OriginComponent, SenderUsername, EventID, Value, ,
20141205_1341_05, Login, FLAME Client, participant_0, , ,
20141205_1341_08, Login, XTEAM Engine, participant_0, , ,
20141205_1341_14, Login, FLAME Client, participant_1, , ,
20141205_1341_17, Login, XTEAM Engine, participant_1, , ,
20141205_1342_00, Design, FLAME Client, participant_1, 1, X`3f426f4b.6d164164.816fe575.67a4324f`ATTR`generate`Task`MON::Model [Task]`Aspect=xADLBehaviorAspect&Position=301.259`37598ce1.81784bb5.996843e8.1d554a61`Process`MON::Model [Process]`executionTime=6&memoryUsage=3&taskInstruction=nextTask = new Task;|nextTask->getTaskState().value() = 0;|nextTask->getTaskID().value() = taskIDCounter->getNextTaskID().value()++;````````````, ,
20141205_1342_01, Notification, XTEAM Engine, participant_1, 1, Simulation execution beginning, ,
20141205_1342_07, Design, FLAME Client, participant_1, 2, X`3f426f4b.6d164164.816fe575.67a4324f`ATTR`generate`Task`MON::Model [Task]`Aspect=xADLBehaviorAspect&Position=301.259`37598ce1.81784bb5.996843e8.1d554a61`Process`MON::Model [Process]`executionTime=6&memoryUsage=11000&taskInstruction=nextTask = new Task;|nextTask->getTaskState().value() = 0;|nextTask->getTaskID().value() = taskIDCounter->getNextTaskID().value()++;````````````, ,
20141205_1342_08, Notification, XTEAM Engine, participant_1, 2, Simulation execution beginning, ,
20141205_1342_14, Design, FLAME Client, participant_1, 3, X`3a60805b.3a524f70.a064acd1.88108a11`ATTR`generate`Task`MON::Model [Task]`Aspect=xADLBehaviorAspect&Position=301.259`fd961ab4.712348fe.91a8653d.18529735`Process`MON::Model [Process]`executionTime=6&memoryUsage=3&taskInstruction=nextTask = new Task;|nextTask->getTaskState().value() = 0;|nextTask->getTaskID().value() = taskIDCounter->getNextTaskID().value()++;````````````, ,
20141205_1342_15, Notification, XTEAM Engine, participant_1, 3, Simulation execution beginning, ,
20141205_1342_20, Design, FLAME Client, participant_1, 4, X`3a60805b.3a524f70.a064acd1.88108a11`ATTR`generate`Task`MON::Model [Task]`Aspect=xADLBehaviorAspect&Position=301.259`fd961ab4.712348fe.91a8653d.18529735`Process`MON::Model [Process]`executionTime=6&memoryUsage=11000&taskInstruction=nextTask = new Task;|nextTask->getTaskState().value() = 0;|nextTask->getTaskID().value() = taskIDCounter->getNextTaskID().value()++;````````````, ,
20141205_1342_21, Notification, XTEAM Engine, participant_1, 4, Simulation execution beginning, ,
20141205_1342_22, Design, FLAME Client, participant_0, 1, X`cdc6010e.7cf74d31.85daf3c3.1e9a4be8`ATTR`Host_Client`Host`MON::Set [Host]`Aspect=xADLCoreAspect&Position=28.560`bb42af9e.ee894de6.a8870ee2.566cbbfe`Architecture`MON::Model [Architecture]`receiveEnergyCost=150.010000&receiveEnergyOverhead=101.860000&transmitEnergyCost=514.000000&transmitEnergyOverhead=129.870000````````````, ,
20141205_1342_24, Notification, XTEAM Engine, participant_0, 1, Simulation execution beginning, ,
20141205_1342_28, Design, FLAME Client, participant_0, 2, X`cdc6010e.7cf74d31.85daf3c3.1e9a4be8`ATTR`Host_Client`Host`MON::Set [Host]`Aspect=xADLCoreAspect&Position=28.560`bb42af9e.ee894de6.a8870ee2.566cbbfe`Architecture`MON::Model [Architecture]`receiveEnergyCost=150.010000&receiveEnergyOverhead=101.860000&transmitEnergyCost=514.000000&transmitEnergyOverhead=755.000000````````````, ,
20141205_1342_30, Notification, XTEAM Engine, participant_0, 2, Simulation execution beginning, ,
20141205_1342_35, Design, FLAME Client, participant_0, 3, X`25fea250.79aa4baf.b62be506.e9d1819a`ATTR`Host_GCE`Host`MON::Set [Host]`Aspect=xADLCoreAspect&Position=161.560`bb42af9e.ee894de6.a8870ee2.566cbbfe`Architecture`MON::Model [Architecture]`receiveEnergyCost=150.010000&receiveEnergyOverhead=101.860000&transmitEnergyCost=514.000000&transmitEnergyOverhead=129.870000````````````, ,
20141205_1342_36, Notification, XTEAM Engine, participant_0, 3, Simulation execution beginning, ,
20141205_1342_38, Design, FLAME Client, participant_0, 4, X`25fea250.79aa4baf.b62be506.e9d1819a`ATTR`Host_GCE`Host`MON::Set [Host]`Aspect=xADLCoreAspect&Position=161.560`bb42af9e.ee894de6.a8870ee2.566cbbfe`Architecture`MON::Model [Architecture]`receiveEnergyCost=150.010000&receiveEnergyOverhead=101.860000&transmitEnergyCost=514.000000&transmitEnergyOverhead=755.000000````````````, ,
20141205_1342_39, Design, FLAME Client, participant_1, 5, X`176369f9.b385435c.b2d59a0f.66ba660c`ATTR`Host_SubsetSum`Host`MON::Set [Host]`Aspect=xADLCoreAspect&Position=1610.385`bb42af9e.ee894de6.a8870ee2.566cbbfe`Architecture`MON::Model [Architecture]`receiveEnergyCost=101.280000&receiveEnergyOverhead=64.990000&transmitEnergyCost=330.000000&transmitEnergyOverhead=82.450000````````````, ,
20141205_1342_40, Notification, XTEAM Engine, participant_0, 4, Simulation execution beginning, ,
20141205_1342_40, Notification, XTEAM Engine, participant_1, 5, Simulation execution beginning, ,
20141205_1342_42, Design, FLAME Client, participant_1, 6, X`176369f9.b385435c.b2d59a0f.66ba660c`ATTR`Host_SubsetSum`Host`MON::Set [Host]`Aspect=xADLCoreAspect&Position=1610.385`bb42af9e.ee894de6.a8870ee2.566cbbfe`Architecture`MON::Model [Architecture]`receiveEnergyCost=101.280000&receiveEnergyOverhead=64.990000&transmitEnergyCost=330.000000&transmitEnergyOverhead=429.000000````````````, ,
20141205_1342_43, Notification, XTEAM Engine, participant_1, 1, Simulation execution completion, ,
20141205_1342_43, XTEAM, XTEAM Engine, participant_1, , ,
20141205_1342_43, XTEAM, XTEAM Engine, participant_1, , ,
20141205_1342_43, XTEAM, XTEAM Engine, participant_1, , ,
20141205_1342_43, Notification, XTEAM Engine, participant_1, 6, Simulation execution beginning, ,
20141205_1342_45, Design, FLAME Client, participant_1, 7, X`de311a94.5ac54159.8e7ae434.321ec71e`ATTR`HostSAT`Host`MON::Set [Host]`Aspect=xADLCoreAspect&Position=1610.497`bb42af9e.ee894de6.a8870ee2.566cbbfe`Architecture`MON::Model [Architecture]`receiveEnergyCost=101.280000&receiveEnergyOverhead=64.990000&transmitEnergyCost=330.000000&transmitEnergyOverhead=82.450000````````````, ,
20141205_1342_46, Notification, XTEAM Engine, participant_1, 7, Simulation execution beginning, ,
20141205_1342_49, Design, FLAME Client, participant_1, 8, X`de311a94.5ac54159.8e7ae434.321ec71e`ATTR`HostSAT`Host`MON::Set [Host]`Aspect=xADLCoreAspect&Position=1610.497`bb42af9e.ee894de6.a8870ee2.566cbbfe`Architecture`MON::Model [Architecture]`receiveEnergyCost=101.280000&receiveEnergyOverhead=64.990000&transmitEnergyCost=330.000000&transmitEnergyOverhead=429.000000````````````, ,
20141205_1342_49, Notification, XTEAM Engine, participant_1, 2, Simulation execution completion, ,
20141205_1342_49, XTEAM, XTEAM Engine, participant_1, , ,
20141205_1342_50, XTEAM, XTEAM Engine, participant_1, , ,
20141205_1342_50, XTEAM, XTEAM Engine, participant_1, , ,
20141205_1342_50, Design, FLAME Client, participant_0, 5, X`4c379791.2eea468a.a8abbb1d.e5fba9bb`ATTR`perform`Task`MON::Model [Task]`Aspect=xADLBehaviorAspect&Position=336.217`c270ab26.2fff4b88.bf50a288.2d000ee5`Process`MON::Model [Process]`executionTime=200&memoryUsage=27&taskInstruction=nextResult[thread_id] = new Result;|nextResult[thread_id]->getResultState().value() = 0;|nextResult[thread_id]->getResultID().value() = nextTask[thread_id]->getTaskID().value();|nextResult[thread_id]->getResultValue().value() = 1;````````````, ,
20141205_1342_50, Notification, XTEAM Engine, participant_1, 8, Simulation execution beginning, ,
20141205_1342_51, Notification, XTEAM Engine, participant_0, 5, Simulation execution beginning, ,
20141205_1342_55, Design, FLAME Client, participant_0, 6, X`4c379791.2eea468a.a8abbb1d.e5fba9bb`ATTR`perform`Task`MON::Model [Task]`Aspect=xADLBehaviorAspect&Position=336.217`c270ab26.2fff4b88.bf50a288.2d000ee5`Process`MON::Model [Process]`executionTime=200&memoryUsage=65&taskInstruction=nextResult[thread_id] = new Result;|nextResult[thread_id]->getResultState().value() = 0;|nextResult[thread_id]->getResultID().value() = nextTask[thread_id]->getTaskID().value();|nextResult[thread_id]->getResultValue().value() = 1;````````````, ,
20141205_1342_56, Notification, XTEAM Engine, participant_1, 3, Simulation execution completion, ,
20141205_1342_56, XTEAM, XTEAM Engine, participant_1, , ,
20141205_1342_56, XTEAM, XTEAM Engine, participant_1, , ,
20141205_1342_56, XTEAM, XTEAM Engine, participant_1, , ,
20141205_1342_56, Notification, XTEAM Engine, participant_0, 6, Simulation execution beginning, ,
20141205_1343_01, Notification, XTEAM Engine, participant_1, 4, Simulation execution completion, ,
20141205_1343_01, XTEAM, XTEAM Engine, participant_1, , ,
20141205_1343_01, XTEAM, XTEAM Engine, participant_1, , ,
20141205_1343_01, XTEAM, XTEAM Engine, participant_1, , ,
20141205_1343_02, Snapshot, FLAME Client, participant_1, 9, ,
20141205_1343_02, Notification, XTEAM Engine, participant_0, 1, Simulation execution completion, ,
20141205_1343_02, XTEAM, XTEAM Engine, participant_0, , ,
20141205_1343_02, XTEAM, XTEAM Engine, participant_0, , ,
20141205_1343_02, XTEAM, XTEAM Engine, participant_0, , ,
20141205_1343_04, Design, FLAME Client, participant_0, 7, X`64e3f498.f1114939.ba695f73.d07188e3`ATTR`perform`Task`MON::Model [Task]`Aspect=xADLBehaviorAspect&Position=308.301`d640f4b9.22e14264.b459176e.af6b895e`Process`MON::Model [Process]`executionTime=200&memoryUsage=27&taskInstruction=nextResult[thread_id] = new Result;|nextResult[thread_id]->getResultState().value() = 0;|nextResult[thread_id]->getResultID().value() = nextTask[thread_id]->getTaskID().value();|nextResult[thread_id]->getResultValue().value() = 1;````````````, ,
20141205_1343_04, Notification, XTEAM Engine, participant_0, 7, Simulation execution beginning, ,
20141205_1343_05, Notification, XTEAM Engine, participant_0, 8, Simulation execution beginning, ,
20141205_1343_06, Notification, XTEAM Engine, participant_0, 2, Simulation execution completion, ,
20141205_1343_06, XTEAM, XTEAM Engine, participant_0, , ,
20141205_1343_06, XTEAM, XTEAM Engine, participant_0, , ,
20141205_1343_06, XTEAM, XTEAM Engine, participant_0, , ,
20141205_1343_07, Design, FLAME Client, participant_0, 8, X`64e3f498.f1114939.ba695f73.d07188e3`ATTR`perform`Task`MON::Model [Task]`Aspect=xADLBehaviorAspect&Position=308.301`d640f4b9.22e14264.b459176e.af6b895e`Process`MON::Model [Process]`executionTime=200&memoryUsage=65&taskInstruction=nextResult[thread_id] = new Result;|nextResult[thread_id]->getResultState().value() = 0;|nextResult[thread_id]->getResultID().value() = nextTask[thread_id]->getTaskID().value();|nextResult[thread_id]->getResultValue().value() = 1;````````````, ,
20141205_1343_08, Notification, XTEAM Engine, participant_0, 9, Simulation execution beginning, ,
20141205_1343_09, Notification, XTEAM Engine, participant_0, 3, Simulation execution completion, ,
20141205_1343_09, XTEAM, XTEAM Engine, participant_0, , ,
20141205_1343_09, XTEAM, XTEAM Engine, participant_0, , ,
20141205_1343_09, XTEAM, XTEAM Engine, participant_0, , ,
20141205_1343_09, Update, FLAME Client, participant_0, 9, ,
20141205_1343_11, Notification, XTEAM Engine, participant_0, 4, Simulation execution completion, ,
20141205_1343_11, XTEAM, XTEAM Engine, participant_0, , ,
20141205_1343_11, XTEAM, XTEAM Engine, participant_0, , ,
20141205_1343_11, XTEAM, XTEAM Engine, participant_0, , ,
20141205_1343_12, Snapshot, FLAME Client, participant_0, 10, ,
20141205_1343_14, Notification, XTEAM Engine, participant_1, 5, Simulation execution completion, ,
20141205_1343_14, XTEAM, XTEAM Engine, participant_1, , ,
20141205_1343_14, XTEAM, XTEAM Engine, participant_1, , ,
20141205_1343_14, XTEAM, XTEAM Engine, participant_1, , ,
20141205_1343_14, Notification, XTEAM Engine, participant_1, 9, Simulation execution beginning, ,
20141205_1343_20, Notification, XTEAM Engine, participant_1, 6, Simulation execution completion, ,
20141205_1343_20, XTEAM, XTEAM Engine, participant_1, , ,
20141205_1343_20, XTEAM, XTEAM Engine, participant_1, , ,
20141205_1343_20, XTEAM, XTEAM Engine, participant_1, , ,
20141205_1343_22, Update, FLAME Client, participant_1, 10, ,
20141205_1343_25, Notification, XTEAM Engine, participant_1, 7, Simulation execution completion, ,
20141205_1343_25, XTEAM, XTEAM Engine, participant_1, , ,
20141205_1343_25, XTEAM, XTEAM Engine, participant_1, , ,
20141205_1343_25, XTEAM, XTEAM Engine, participant_1, , ,
20141205_1343_30, Notification, XTEAM Engine, participant_1, 8, Simulation execution completion, ,
20141205_1343_30, XTEAM, XTEAM Engine, participant_1, , ,
20141205_1343_30, XTEAM, XTEAM Engine, participant_1, , ,
20141205_1343_31, XTEAM, XTEAM Engine, participant_1, , ,
20141205_1343_32, Notification, XTEAM Engine, participant_0, 5, Simulation execution completion, ,
20141205_1343_32, XTEAM, XTEAM Engine, participant_0, , ,
20141205_1343_32, XTEAM, XTEAM Engine, participant_0, , ,
20141205_1343_32, XTEAM, XTEAM Engine, participant_0, , ,
20141205_1343_37, Notification, XTEAM Engine, participant_0, 6, Simulation execution completion, ,
20141205_1343_37, XTEAM, XTEAM Engine, participant_0, , ,
20141205_1343_37, XTEAM, XTEAM Engine, participant_0, , ,
20141205_1343_37, XTEAM, XTEAM Engine, participant_0, , ,
20141205_1343_42, Notification, XTEAM Engine, participant_0, 7, Simulation execution completion, ,
20141205_1343_42, XTEAM, XTEAM Engine, participant_0, , ,
20141205_1343_42, XTEAM, XTEAM Engine, participant_0, , ,
20141205_1343_42, XTEAM, XTEAM Engine, participant_0, , ,
20141205_1343_44, Notification, XTEAM Engine, participant_0, 8, Simulation execution completion, ,
20141205_1343_44, XTEAM, XTEAM Engine, participant_0, , ,
20141205_1343_44, XTEAM, XTEAM Engine, participant_0, , ,
20141205_1343_44, XTEAM, XTEAM Engine, participant_0, , ,
20141205_1343_50, Notification, XTEAM Engine, participant_1, 9, Simulation execution completion, ,
20141205_1343_50, XTEAM, XTEAM Engine, participant_1, , ,
20141205_1343_50, XTEAM, XTEAM Engine, participant_1, , ,
20141205_1343_50, XTEAM, XTEAM Engine, participant_1, , ,
20141205_1344_04, Notification, XTEAM Engine, participant_0, 9, Simulation execution completion, ,
20141205_1344_04, XTEAM, XTEAM Engine, participant_0, , ,
20141205_1344_05, XTEAM, XTEAM Engine, participant_0, , ,
20141205_1344_05, XTEAM, XTEAM Engine, participant_0, , ,
20141205_1344_38, Design, FLAME Client, participant_1, 11, X`3f426f4b.6d164164.816fe575.67a4324f`ATTR`generate`Task`MON::Model [Task]`Aspect=xADLBehaviorAspect&Position=301.259`37598ce1.81784bb5.996843e8.1d554a61`Process`MON::Model [Process]`executionTime=7&memoryUsage=11000&taskInstruction=nextTask = new Task;|nextTask->getTaskState().value() = 0;|nextTask->getTaskID().value() = taskIDCounter->getNextTaskID().value()++;````````````, ,
20141205_1344_39, Notification, XTEAM Engine, participant_1, 10, Simulation execution beginning, ,
20141205_1344_41, Design, FLAME Client, participant_1, 12, X`3f426f4b.6d164164.816fe575.67a4324f`ATTR`generate`Task`MON::Model [Task]`Aspect=xADLBehaviorAspect&Position=301.259`37598ce1.81784bb5.996843e8.1d554a61`Process`MON::Model [Process]`executionTime=7&memoryUsage=5500&taskInstruction=nextTask = new Task;|nextTask->getTaskState().value() = 0;|nextTask->getTaskID().value() = taskIDCounter->getNextTaskID().value()++;````````````, ,
20141205_1344_43, Notification, XTEAM Engine, participant_1, 11, Simulation execution beginning, ,
20141205_1344_58, Design, FLAME Client, participant_1, 13, X`176369f9.b385435c.b2d59a0f.66ba660c`ATTR`Host_SubsetSum`Host`MON::Set [Host]`Aspect=xADLCoreAspect&Position=1610.385`bb42af9e.ee894de6.a8870ee2.566cbbfe`Architecture`MON::Model [Architecture]`receiveEnergyCost=101.280000&receiveEnergyOverhead=64.990000&transmitEnergyCost=182.000000&transmitEnergyOverhead=429.000000````````````, ,
20141205_1345_00, Notification, XTEAM Engine, participant_1, 12, Simulation execution beginning, ,
20141205_1345_07, Design, FLAME Client, participant_1, 14, X`176369f9.b385435c.b2d59a0f.66ba660c`ATTR`Host_SubsetSum`Host`MON::Set [Host]`Aspect=xADLCoreAspect&Position=1610.385`bb42af9e.ee894de6.a8870ee2.566cbbfe`Architecture`MON::Model [Architecture]`receiveEnergyCost=101.280000&receiveEnergyOverhead=64.990000&transmitEnergyCost=182.000000&transmitEnergyOverhead=217.000000````````````, ,
20141205_1345_08, Notification, XTEAM Engine, participant_1, 13, Simulation execution beginning, ,
20141205_1345_11, Snapshot, FLAME Client, participant_1, 15, ,
20141205_1345_13, Notification, XTEAM Engine, participant_0, 10, Simulation execution beginning, ,
20141205_1345_19, Notification, XTEAM Engine, participant_1, 10, Simulation execution completion, ,
20141205_1345_19, XTEAM, XTEAM Engine, participant_1, , ,
20141205_1345_19, XTEAM, XTEAM Engine, participant_1, , ,
20141205_1345_19, XTEAM, XTEAM Engine, participant_1, , ,
20141205_1345_23, Update, FLAME Client, participant_0, 11, ,
20141205_1345_24, Notification, XTEAM Engine, participant_1, 11, Simulation execution completion, ,
20141205_1345_24, XTEAM, XTEAM Engine, participant_1, , ,
20141205_1345_24, XTEAM, XTEAM Engine, participant_1, , ,
20141205_1345_24, XTEAM, XTEAM Engine, participant_1, , ,
20141205_1345_36, Notification, XTEAM Engine, participant_1, 12, Simulation execution completion, ,
20141205_1345_36, XTEAM, XTEAM Engine, participant_1, , ,
20141205_1345_36, XTEAM, XTEAM Engine, participant_1, , ,
20141205_1345_36, XTEAM, XTEAM Engine, participant_1, , ,
20141205_1345_43, Notification, XTEAM Engine, participant_1, 13, Simulation execution completion, ,
20141205_1345_43, XTEAM, XTEAM Engine, participant_1, , ,
20141205_1345_43, XTEAM, XTEAM Engine, participant_1, , ,
20141205_1345_43, XTEAM, XTEAM Engine, participant_1, , ,
20141205_1345_46, Notification, XTEAM Engine, participant_0, 10, Simulation execution completion, ,
20141205_1345_46, XTEAM, XTEAM Engine, participant_0, , ,
20141205_1345_46, XTEAM, XTEAM Engine, participant_0, , ,
20141205_1345_46, XTEAM, XTEAM Engine, participant_0, , ,
20141205_1346_15, Design, FLAME Client, participant_1, 16, X`176369f9.b385435c.b2d59a0f.66ba660c`ATTR`Host_SubsetSum`Host`MON::Set [Host]`Aspect=xADLCoreAspect&Position=1610.385`bb42af9e.ee894de6.a8870ee2.566cbbfe`Architecture`MON::Model [Architecture]`receiveEnergyCost=101.280000&receiveEnergyOverhead=64.990000&transmitEnergyCost=330.000000&transmitEnergyOverhead=217.000000````````````, ,
20141205_1346_16, Notification, XTEAM Engine, participant_1, 14, Simulation execution beginning, ,
20141205_1346_19, Design, FLAME Client, participant_1, 17, X`176369f9.b385435c.b2d59a0f.66ba660c`ATTR`Host_SubsetSum`Host`MON::Set [Host]`Aspect=xADLCoreAspect&Position=1610.385`bb42af9e.ee894de6.a8870ee2.566cbbfe`Architecture`MON::Model [Architecture]`receiveEnergyCost=101.280000&receiveEnergyOverhead=64.990000&transmitEnergyCost=330.000000&transmitEnergyOverhead=429.000000````````````, ,
20141205_1346_20, Notification, XTEAM Engine, participant_1, 15, Simulation execution beginning, ,
20141205_1346_27, Design, FLAME Client, participant_1, 18, X`3f426f4b.6d164164.816fe575.67a4324f`ATTR`generate`Task`MON::Model [Task]`Aspect=xADLBehaviorAspect&Position=301.259`37598ce1.81784bb5.996843e8.1d554a61`Process`MON::Model [Process]`executionTime=6&memoryUsage=5500&taskInstruction=nextTask = new Task;|nextTask->getTaskState().value() = 0;|nextTask->getTaskID().value() = taskIDCounter->getNextTaskID().value()++;````````````, ,
20141205_1346_28, Notification, XTEAM Engine, participant_1, 16, Simulation execution beginning, ,
20141205_1346_31, Design, FLAME Client, participant_1, 19, X`3f426f4b.6d164164.816fe575.67a4324f`ATTR`generate`Task`MON::Model [Task]`Aspect=xADLBehaviorAspect&Position=301.259`37598ce1.81784bb5.996843e8.1d554a61`Process`MON::Model [Process]`executionTime=6&memoryUsage=11000&taskInstruction=nextTask = new Task;|nextTask->getTaskState().value() = 0;|nextTask->getTaskID().value() = taskIDCounter->getNextTaskID().value()++;````````````, ,
20141205_1346_32, Notification, XTEAM Engine, participant_1, 17, Simulation execution beginning, ,
20141205_1346_33, Snapshot, FLAME Client, participant_1, 20, ,
20141205_1346_35, Notification, XTEAM Engine, participant_0, 11, Simulation execution beginning, ,
20141205_1346_57, Notification, XTEAM Engine, participant_1, 14, Simulation execution completion, ,
20141205_1346_57, XTEAM, XTEAM Engine, participant_1, , ,
20141205_1346_57, XTEAM, XTEAM Engine, participant_1, , ,
20141205_1346_57, XTEAM, XTEAM Engine, participant_1, , ,
20141205_1347_01, Notification, XTEAM Engine, participant_1, 15, Simulation execution completion, ,
20141205_1347_01, XTEAM, XTEAM Engine, participant_1, , ,
20141205_1347_01, XTEAM, XTEAM Engine, participant_1, , ,
20141205_1347_01, XTEAM, XTEAM Engine, participant_1, , ,
20141205_1347_07, Notification, XTEAM Engine, participant_1, 16, Simulation execution completion, ,
20141205_1347_07, XTEAM, XTEAM Engine, participant_1, , ,
20141205_1347_07, XTEAM, XTEAM Engine, participant_1, , ,
20141205_1347_07, XTEAM, XTEAM Engine, participant_1, , ,
20141205_1347_10, Notification, XTEAM Engine, participant_1, 17, Simulation execution completion, ,
20141205_1347_10, XTEAM, XTEAM Engine, participant_1, , ,
20141205_1347_10, XTEAM, XTEAM Engine, participant_1, , ,
20141205_1347_10, XTEAM, XTEAM Engine, participant_1, , ,
20141205_1347_11, Notification, XTEAM Engine, participant_0, 11, Simulation execution completion, ,
20141205_1347_11, XTEAM, XTEAM Engine, participant_0, , ,
20141205_1347_11, XTEAM, XTEAM Engine, participant_0, , ,
20141205_1347_11, XTEAM, XTEAM Engine, participant_0, , ,
20141205_1347_17, Design, FLAME Client, participant_0, 12, X`4c379791.2eea468a.a8abbb1d.e5fba9bb`ATTR`perform`Task`MON::Model [Task]`Aspect=xADLBehaviorAspect&Position=336.217`c270ab26.2fff4b88.bf50a288.2d000ee5`Process`MON::Model [Process]`executionTime=350&memoryUsage=65&taskInstruction=nextResult[thread_id] = new Result;|nextResult[thread_id]->getResultState().value() = 0;|nextResult[thread_id]->getResultID().value() = nextTask[thread_id]->getTaskID().value();|nextResult[thread_id]->getResultValue().value() = 1;````````````, ,
20141205_1347_18, Notification, XTEAM Engine, participant_0, 12, Simulation execution beginning, ,
20141205_1347_19, Design, FLAME Client, participant_0, 13, X`4c379791.2eea468a.a8abbb1d.e5fba9bb`ATTR`perform`Task`MON::Model [Task]`Aspect=xADLBehaviorAspect&Position=336.217`c270ab26.2fff4b88.bf50a288.2d000ee5`Process`MON::Model [Process]`executionTime=350&memoryUsage=32&taskInstruction=nextResult[thread_id] = new Result;|nextResult[thread_id]->getResultState().value() = 0;|nextResult[thread_id]->getResultID().value() = nextTask[thread_id]->getTaskID().value();|nextResult[thread_id]->getResultValue().value() = 1;````````````, ,
20141205_1347_21, Notification, XTEAM Engine, participant_0, 13, Simulation execution beginning, ,
20141205_1347_49, Design, FLAME Client, participant_0, 14, X`cdc6010e.7cf74d31.85daf3c3.1e9a4be8`ATTR`Host_Client`Host`MON::Set [Host]`Aspect=xADLCoreAspect&Position=28.560`bb42af9e.ee894de6.a8870ee2.566cbbfe`Architecture`MON::Model [Architecture]`receiveEnergyCost=150.010000&receiveEnergyOverhead=101.860000&transmitEnergyCost=312.000000&transmitEnergyOverhead=755.000000````````````, ,
20141205_1347_50, Notification, XTEAM Engine, participant_0, 14, Simulation execution beginning, ,
20141205_1347_50, Notification, XTEAM Engine, participant_0, 12, Simulation execution completion, ,
20141205_1347_50, XTEAM, XTEAM Engine, participant_0, , ,
20141205_1347_50, XTEAM, XTEAM Engine, participant_0, , ,
20141205_1347_50, XTEAM, XTEAM Engine, participant_0, , ,
20141205_1347_54, Notification, XTEAM Engine, participant_0, 13, Simulation execution completion, ,
20141205_1347_54, XTEAM, XTEAM Engine, participant_0, , ,
20141205_1347_54, XTEAM, XTEAM Engine, participant_0, , ,
20141205_1347_54, XTEAM, XTEAM Engine, participant_0, , ,
20141205_1347_58, Design, FLAME Client, participant_0, 15, X`cdc6010e.7cf74d31.85daf3c3.1e9a4be8`ATTR`Host_Client`Host`MON::Set [Host]`Aspect=xADLCoreAspect&Position=28.560`bb42af9e.ee894de6.a8870ee2.566cbbfe`Architecture`MON::Model [Architecture]`receiveEnergyCost=150.010000&receiveEnergyOverhead=101.860000&transmitEnergyCost=312.000000&transmitEnergyOverhead=341.000000````````````, ,
20141205_1347_59, Update, FLAME Client, participant_0, 16, ,
20141205_1347_59, Notification, XTEAM Engine, participant_0, 15, Simulation execution beginning, ,
20141205_1348_22, Notification, XTEAM Engine, participant_0, 14, Simulation execution completion, ,
20141205_1348_22, XTEAM, XTEAM Engine, participant_0, , ,
20141205_1348_22, XTEAM, XTEAM Engine, participant_0, , ,
20141205_1348_22, XTEAM, XTEAM Engine, participant_0, , ,
20141205_1348_30, Notification, XTEAM Engine, participant_0, 15, Simulation execution completion, ,
20141205_1348_30, XTEAM, XTEAM Engine, participant_0, , ,
20141205_1348_30, XTEAM, XTEAM Engine, participant_0, , ,
20141205_1348_30, XTEAM, XTEAM Engine, participant_0, , ,
20141205_1348_32, Snapshot, FLAME Client, participant_0, 17, ,
20141205_1348_34, Notification, XTEAM Engine, participant_1, 18, Simulation execution beginning, ,
20141205_1348_52, Design, FLAME Client, participant_1, 21, X`3f426f4b.6d164164.816fe575.67a4324f`ATTR`generate`Task`MON::Model [Task]`Aspect=xADLBehaviorAspect&Position=301.259`37598ce1.81784bb5.996843e8.1d554a61`Process`MON::Model [Process]`executionTime=5&memoryUsage=11000&taskInstruction=nextTask = new Task;|nextTask->getTaskState().value() = 0;|nextTask->getTaskID().value() = taskIDCounter->getNextTaskID().value()++;````````````, ,
20141205_1348_53, Notification, XTEAM Engine, participant_1, 19, Simulation execution beginning, ,
20141205_1348_55, Design, FLAME Client, participant_1, 22, X`3f426f4b.6d164164.816fe575.67a4324f`ATTR`generate`Task`MON::Model [Task]`Aspect=xADLBehaviorAspect&Position=301.259`37598ce1.81784bb5.996843e8.1d554a61`Process`MON::Model [Process]`executionTime=5&memoryUsage=5500&taskInstruction=nextTask = new Task;|nextTask->getTaskState().value() = 0;|nextTask->getTaskID().value() = taskIDCounter->getNextTaskID().value()++;````````````, ,
20141205_1348_57, Notification, XTEAM Engine, participant_1, 20, Simulation execution beginning, ,
20141205_1349_07, Design, FLAME Client, participant_1, 23, X`176369f9.b385435c.b2d59a0f.66ba660c`ATTR`Host_SubsetSum`Host`MON::Set [Host]`Aspect=xADLCoreAspect&Position=1610.385`bb42af9e.ee894de6.a8870ee2.566cbbfe`Architecture`MON::Model [Architecture]`receiveEnergyCost=101.280000&receiveEnergyOverhead=64.990000&transmitEnergyCost=182.000000&transmitEnergyOverhead=429.000000````````````, ,
20141205_1349_07, Notification, XTEAM Engine, participant_1, 18, Simulation execution completion, ,
20141205_1349_07, XTEAM, XTEAM Engine, participant_1, , ,
20141205_1349_07, XTEAM, XTEAM Engine, participant_1, , ,
20141205_1349_07, XTEAM, XTEAM Engine, participant_1, , ,
20141205_1349_08, Notification, XTEAM Engine, participant_1, 21, Simulation execution beginning, ,
20141205_1349_10, Design, FLAME Client, participant_1, 24, X`176369f9.b385435c.b2d59a0f.66ba660c`ATTR`Host_SubsetSum`Host`MON::Set [Host]`Aspect=xADLCoreAspect&Position=1610.385`bb42af9e.ee894de6.a8870ee2.566cbbfe`Architecture`MON::Model [Architecture]`receiveEnergyCost=101.280000&receiveEnergyOverhead=64.990000&transmitEnergyCost=182.000000&transmitEnergyOverhead=217.000000````````````, ,
20141205_1349_11, Notification, XTEAM Engine, participant_1, 22, Simulation execution beginning, ,
20141205_1349_23, Design, FLAME Client, participant_0, 18, X`d640f4b9.22e14264.b459176e.af6b895e`REGISTRY`performComputation`Process`MON::Model [Process]`Aspect=xADLBehaviorAspect&Position=294.182`56c0109d.8cd8436e.a4ee0eb1.96457ac8`Component`MON::Model [Component]`initialProcess=false````````````, ,
20141205_1349_25, Notification, XTEAM Engine, participant_0, 16, Simulation execution beginning, ,
20141205_1349_31, Notification, XTEAM Engine, participant_1, 19, Simulation execution completion, ,
20141205_1349_31, XTEAM, XTEAM Engine, participant_1, , ,
20141205_1349_31, XTEAM, XTEAM Engine, participant_1, , ,
20141205_1349_31, XTEAM, XTEAM Engine, participant_1, , ,
20141205_1349_35, Notification, XTEAM Engine, participant_1, 20, Simulation execution completion, ,
20141205_1349_35, XTEAM, XTEAM Engine, participant_1, , ,
20141205_1349_35, XTEAM, XTEAM Engine, participant_1, , ,
20141205_1349_35, XTEAM, XTEAM Engine, participant_1, , ,
20141205_1349_45, Notification, XTEAM Engine, participant_1, 21, Simulation execution completion, ,
20141205_1349_45, XTEAM, XTEAM Engine, participant_1, , ,
20141205_1349_45, XTEAM, XTEAM Engine, participant_1, , ,
20141205_1349_45, XTEAM, XTEAM Engine, participant_1, , ,
20141205_1349_47, Notification, XTEAM Engine, participant_1, 22, Simulation execution completion, ,
20141205_1349_47, XTEAM, XTEAM Engine, participant_1, , ,
20141205_1349_47, XTEAM, XTEAM Engine, participant_1, , ,
20141205_1349_47, XTEAM, XTEAM Engine, participant_1, , ,
20141205_1349_56, Notification, XTEAM Engine, participant_0, 16, Simulation execution completion, ,
20141205_1349_56, XTEAM, XTEAM Engine, participant_0, , ,
20141205_1349_56, XTEAM, XTEAM Engine, participant_0, , ,
20141205_1349_56, XTEAM, XTEAM Engine, participant_0, , ,
20141205_1350_04, Design, FLAME Client, participant_0, 19, X`64e3f498.f1114939.ba695f73.d07188e3`REGISTRY`perform`Task`MON::Model [Task]`Aspect=xADLBehaviorAspect&Position=308.301`d640f4b9.22e14264.b459176e.af6b895e`Process`MON::Model [Process]`executionTime=200&memoryUsage=65&taskInstruction=nextResult[thread_id] = new Result;|nextResult[thread_id]->getResultState().value() = 0;|nextResult[thread_id]->getResultID().value() = nextTask[thread_id]->getTaskID().value();|nextResult[thread_id]->getResultValue().value() = 1;````````````, ,
20141205_1350_06, Notification, XTEAM Engine, participant_0, 17, Simulation execution beginning, ,
20141205_1350_11, Design, FLAME Client, participant_0, 20, X`64e3f498.f1114939.ba695f73.d07188e3`ATTR`perform`Task`MON::Model [Task]`Aspect=xADLBehaviorAspect&Position=308.301`d640f4b9.22e14264.b459176e.af6b895e`Process`MON::Model [Process]`executionTime=350&memoryUsage=65&taskInstruction=nextResult[thread_id] = new Result;|nextResult[thread_id]->getResultState().value() = 0;|nextResult[thread_id]->getResultID().value() = nextTask[thread_id]->getTaskID().value();|nextResult[thread_id]->getResultValue().value() = 1;````````````, ,
20141205_1350_12, Notification, XTEAM Engine, participant_0, 18, Simulation execution beginning, ,
20141205_1350_14, Design, FLAME Client, participant_0, 21, X`64e3f498.f1114939.ba695f73.d07188e3`ATTR`perform`Task`MON::Model [Task]`Aspect=xADLBehaviorAspect&Position=308.301`d640f4b9.22e14264.b459176e.af6b895e`Process`MON::Model [Process]`executionTime=350&memoryUsage=32&taskInstruction=nextResult[thread_id] = new Result;|nextResult[thread_id]->getResultState().value() = 0;|nextResult[thread_id]->getResultID().value() = nextTask[thread_id]->getTaskID().value();|nextResult[thread_id]->getResultValue().value() = 1;````````````, ,
20141205_1350_16, Notification, XTEAM Engine, participant_0, 19, Simulation execution beginning, ,
20141205_1350_26, Design, FLAME Client, participant_0, 22, X`25fea250.79aa4baf.b62be506.e9d1819a`ATTR`Host_GCE`Host`MON::Set [Host]`Aspect=xADLCoreAspect&Position=161.560`bb42af9e.ee894de6.a8870ee2.566cbbfe`Architecture`MON::Model [Architecture]`receiveEnergyCost=150.010000&receiveEnergyOverhead=101.860000&transmitEnergyCost=312.000000&transmitEnergyOverhead=755.000000````````````, ,
20141205_1350_28, Notification, XTEAM Engine, participant_0, 20, Simulation execution beginning, ,
20141205_1350_33, Design, FLAME Client, participant_0, 23, X`25fea250.79aa4baf.b62be506.e9d1819a`ATTR`Host_GCE`Host`MON::Set [Host]`Aspect=xADLCoreAspect&Position=161.560`bb42af9e.ee894de6.a8870ee2.566cbbfe`Architecture`MON::Model [Architecture]`receiveEnergyCost=150.010000&receiveEnergyOverhead=101.860000&transmitEnergyCost=312.000000&transmitEnergyOverhead=341.000000````````````, ,
20141205_1350_34, Notification, XTEAM Engine, participant_0, 21, Simulation execution beginning, ,
20141205_1350_39, Design, FLAME Client, participant_1, 25, X`3f426f4b.6d164164.816fe575.67a4324f`ATTR`generate`Task`MON::Model [Task]`Aspect=xADLBehaviorAspect&Position=301.259`37598ce1.81784bb5.996843e8.1d554a61`Process`MON::Model [Process]`executionTime=7&memoryUsage=5500&taskInstruction=nextTask = new Task;|nextTask->getTaskState().value() = 0;|nextTask->getTaskID().value() = taskIDCounter->getNextTaskID().value()++;````````````, ,
20141205_1350_40, Notification, XTEAM Engine, participant_1, 23, Simulation execution beginning, ,
20141205_1350_46, Notification, XTEAM Engine, participant_0, 17, Simulation execution completion, ,
20141205_1350_46, XTEAM, XTEAM Engine, participant_0, , ,
20141205_1350_46, XTEAM, XTEAM Engine, participant_0, , ,
20141205_1350_46, XTEAM, XTEAM Engine, participant_0, , ,
20141205_1350_52, Notification, XTEAM Engine, participant_0, 18, Simulation execution completion, ,
20141205_1350_52, XTEAM, XTEAM Engine, participant_0, , ,
20141205_1350_52, XTEAM, XTEAM Engine, participant_0, , ,
20141205_1350_52, XTEAM, XTEAM Engine, participant_0, , ,
20141205_1350_56, Notification, XTEAM Engine, participant_0, 19, Simulation execution completion, ,
20141205_1350_56, XTEAM, XTEAM Engine, participant_0, , ,
20141205_1350_56, XTEAM, XTEAM Engine, participant_0, , ,
20141205_1350_56, XTEAM, XTEAM Engine, participant_0, , ,
20141205_1351_05, Notification, XTEAM Engine, participant_0, 20, Simulation execution completion, ,
20141205_1351_05, XTEAM, XTEAM Engine, participant_0, , ,
20141205_1351_05, XTEAM, XTEAM Engine, participant_0, , ,
20141205_1351_05, XTEAM, XTEAM Engine, participant_0, , ,
20141205_1351_13, Notification, XTEAM Engine, participant_1, 23, Simulation execution completion, ,
20141205_1351_13, XTEAM, XTEAM Engine, participant_1, , ,
20141205_1351_13, XTEAM, XTEAM Engine, participant_1, , ,
20141205_1351_13, XTEAM, XTEAM Engine, participant_1, , ,
20141205_1351_15, Notification, XTEAM Engine, participant_0, 21, Simulation execution completion, ,
20141205_1351_15, XTEAM, XTEAM Engine, participant_0, , ,
20141205_1351_15, XTEAM, XTEAM Engine, participant_0, , ,
20141205_1351_15, XTEAM, XTEAM Engine, participant_0, , ,
20141205_1351_22, Snapshot, FLAME Client, participant_0, 24, ,
20141205_1351_24, Notification, XTEAM Engine, participant_1, 24, Simulation execution beginning, ,
20141205_1351_49, Snapshot, FLAME Client, participant_1, 26, ,
20141205_1351_50, Update, FLAME Client, participant_1, 27, ,
20141205_1351_50, Notification, XTEAM Engine, participant_0, 22, Simulation execution beginning, ,
20141205_1351_56, Notification, XTEAM Engine, participant_1, 24, Simulation execution completion, ,
20141205_1351_56, XTEAM, XTEAM Engine, participant_1, , ,
20141205_1351_56, XTEAM, XTEAM Engine, participant_1, , ,
20141205_1351_56, XTEAM, XTEAM Engine, participant_1, , ,
20141205_1352_21, Notification, XTEAM Engine, participant_0, 22, Simulation execution completion, ,
20141205_1352_21, XTEAM, XTEAM Engine, participant_0, , ,
20141205_1352_21, XTEAM, XTEAM Engine, participant_0, , ,
20141205_1352_21, XTEAM, XTEAM Engine, participant_0, , ,
20141205_1352_29, Update, FLAME Client, participant_0, 25, ,
20141205_1355_06, Design, FLAME Client, participant_0, 26, X`cdc6010e.7cf74d31.85daf3c3.1e9a4be8`ATTR`Host_Client`Host`MON::Set [Host]`Aspect=xADLCoreAspect&Position=28.560`bb42af9e.ee894de6.a8870ee2.566cbbfe`Architecture`MON::Model [Architecture]`receiveEnergyCost=150.010000&receiveEnergyOverhead=101.860000&transmitEnergyCost=514.000000&transmitEnergyOverhead=341.000000````````````, ,
20141205_1355_07, Notification, XTEAM Engine, participant_0, 23, Simulation execution beginning, ,
20141205_1355_12, Design, FLAME Client, participant_0, 27, X`cdc6010e.7cf74d31.85daf3c3.1e9a4be8`ATTR`Host_Client`Host`MON::Set [Host]`Aspect=xADLCoreAspect&Position=28.560`bb42af9e.ee894de6.a8870ee2.566cbbfe`Architecture`MON::Model [Architecture]`receiveEnergyCost=150.010000&receiveEnergyOverhead=101.860000&transmitEnergyCost=514.000000&transmitEnergyOverhead=755.000000````````````, ,
20141205_1355_13, Notification, XTEAM Engine, participant_0, 24, Simulation execution beginning, ,
20141205_1355_26, Design, FLAME Client, participant_0, 28, X`4c379791.2eea468a.a8abbb1d.e5fba9bb`ATTR`perform`Task`MON::Model [Task]`Aspect=xADLBehaviorAspect&Position=336.217`c270ab26.2fff4b88.bf50a288.2d000ee5`Process`MON::Model [Process]`executionTime=200&memoryUsage=32&taskInstruction=nextResult[thread_id] = new Result;|nextResult[thread_id]->getResultState().value() = 0;|nextResult[thread_id]->getResultID().value() = nextTask[thread_id]->getTaskID().value();|nextResult[thread_id]->getResultValue().value() = 1;````````````, ,
20141205_1355_28, Notification, XTEAM Engine, participant_0, 25, Simulation execution beginning, ,
20141205_1355_29, Design, FLAME Client, participant_0, 29, X`4c379791.2eea468a.a8abbb1d.e5fba9bb`ATTR`perform`Task`MON::Model [Task]`Aspect=xADLBehaviorAspect&Position=336.217`c270ab26.2fff4b88.bf50a288.2d000ee5`Process`MON::Model [Process]`executionTime=200&memoryUsage=65&taskInstruction=nextResult[thread_id] = new Result;|nextResult[thread_id]->getResultState().value() = 0;|nextResult[thread_id]->getResultID().value() = nextTask[thread_id]->getTaskID().value();|nextResult[thread_id]->getResultValue().value() = 1;````````````, ,
20141205_1355_30, Notification, XTEAM Engine, participant_0, 26, Simulation execution beginning, ,
20141205_1355_31, Snapshot, FLAME Client, participant_0, 30, ,
20141205_1355_33, Notification, XTEAM Engine, participant_1, 25, Simulation execution beginning, ,
20141205_1355_45, Notification, XTEAM Engine, participant_0, 23, Simulation execution completion, ,
20141205_1355_45, XTEAM, XTEAM Engine, participant_0, , ,
20141205_1355_45, XTEAM, XTEAM Engine, participant_0, , ,
20141205_1355_45, XTEAM, XTEAM Engine, participant_0, , ,
20141205_1355_53, Notification, XTEAM Engine, participant_0, 24, Simulation execution completion, ,
20141205_1355_53, XTEAM, XTEAM Engine, participant_0, , ,
20141205_1355_53, XTEAM, XTEAM Engine, participant_0, , ,
20141205_1355_53, XTEAM, XTEAM Engine, participant_0, , ,
20141205_1355_57, Update, FLAME Client, participant_1, 28, ,
20141205_1356_05, Notification, XTEAM Engine, participant_0, 25, Simulation execution completion, ,
20141205_1356_05, XTEAM, XTEAM Engine, participant_0, , ,
20141205_1356_05, XTEAM, XTEAM Engine, participant_0, , ,
20141205_1356_05, XTEAM, XTEAM Engine, participant_0, , ,
20141205_1356_06, Notification, XTEAM Engine, participant_0, 26, Simulation execution completion, ,
20141205_1356_06, XTEAM, XTEAM Engine, participant_0, , ,
20141205_1356_06, XTEAM, XTEAM Engine, participant_0, , ,
20141205_1356_06, XTEAM, XTEAM Engine, participant_0, , ,
20141205_1356_09, Notification, XTEAM Engine, participant_1, 25, Simulation execution completion, ,
20141205_1356_09, XTEAM, XTEAM Engine, participant_1, , ,
20141205_1356_09, XTEAM, XTEAM Engine, participant_1, , ,
20141205_1356_09, XTEAM, XTEAM Engine, participant_1, , ,
20141205_1356_45, Design, FLAME Client, participant_0, 31, X`4c379791.2eea468a.a8abbb1d.e5fba9bb`ATTR`perform`Task`MON::Model [Task]`Aspect=xADLBehaviorAspect&Position=336.217`c270ab26.2fff4b88.bf50a288.2d000ee5`Process`MON::Model [Process]`executionTime=350&memoryUsage=65&taskInstruction=nextResult[thread_id] = new Result;|nextResult[thread_id]->getResultState().value() = 0;|nextResult[thread_id]->getResultID().value() = nextTask[thread_id]->getTaskID().value();|nextResult[thread_id]->getResultValue().value() = 1;````````````, ,
20141205_1356_47, Notification, XTEAM Engine, participant_0, 27, Simulation execution beginning, ,
20141205_1356_50, Design, FLAME Client, participant_0, 32, X`4c379791.2eea468a.a8abbb1d.e5fba9bb`ATTR`perform`Task`MON::Model [Task]`Aspect=xADLBehaviorAspect&Position=336.217`c270ab26.2fff4b88.bf50a288.2d000ee5`Process`MON::Model [Process]`executionTime=350&memoryUsage=32&taskInstruction=nextResult[thread_id] = new Result;|nextResult[thread_id]->getResultState().value() = 0;|nextResult[thread_id]->getResultID().value() = nextTask[thread_id]->getTaskID().value();|nextResult[thread_id]->getResultValue().value() = 1;````````````, ,
20141205_1356_51, Notification, XTEAM Engine, participant_0, 28, Simulation execution beginning, ,
20141205_1356_58, Design, FLAME Client, participant_0, 33, X`cdc6010e.7cf74d31.85daf3c3.1e9a4be8`ATTR`Host_Client`Host`MON::Set [Host]`Aspect=xADLCoreAspect&Position=28.560`bb42af9e.ee894de6.a8870ee2.566cbbfe`Architecture`MON::Model [Architecture]`receiveEnergyCost=150.010000&receiveEnergyOverhead=101.860000&transmitEnergyCost=312.000000&transmitEnergyOverhead=755.000000````````````, ,
20141205_1356_59, Notification, XTEAM Engine, participant_0, 29, Simulation execution beginning, ,
20141205_1357_03, Design, FLAME Client, participant_0, 34, X`cdc6010e.7cf74d31.85daf3c3.1e9a4be8`ATTR`Host_Client`Host`MON::Set [Host]`Aspect=xADLCoreAspect&Position=28.560`bb42af9e.ee894de6.a8870ee2.566cbbfe`Architecture`MON::Model [Architecture]`receiveEnergyCost=150.010000&receiveEnergyOverhead=101.860000&transmitEnergyCost=312.000000&transmitEnergyOverhead=341.000000````````````, ,
20141205_1357_04, Snapshot, FLAME Client, participant_0, 35, ,
20141205_1357_04, Notification, XTEAM Engine, participant_0, 30, Simulation execution beginning, ,
20141205_1357_06, Notification, XTEAM Engine, participant_1, 26, Simulation execution beginning, ,
20141205_1357_27, Notification, XTEAM Engine, participant_0, 27, Simulation execution completion, ,
20141205_1357_27, XTEAM, XTEAM Engine, participant_0, , ,
20141205_1357_27, XTEAM, XTEAM Engine, participant_0, , ,
20141205_1357_27, XTEAM, XTEAM Engine, participant_0, , ,
20141205_1357_32, Notification, XTEAM Engine, participant_0, 28, Simulation execution completion, ,
20141205_1357_32, XTEAM, XTEAM Engine, participant_0, , ,
20141205_1357_32, XTEAM, XTEAM Engine, participant_0, , ,
20141205_1357_32, XTEAM, XTEAM Engine, participant_0, , ,
20141205_1357_37, Notification, XTEAM Engine, participant_0, 29, Simulation execution completion, ,
20141205_1357_37, XTEAM, XTEAM Engine, participant_0, , ,
20141205_1357_37, XTEAM, XTEAM Engine, participant_0, , ,
20141205_1357_37, XTEAM, XTEAM Engine, participant_0, , ,
20141205_1357_41, Notification, XTEAM Engine, participant_0, 30, Simulation execution completion, ,
20141205_1357_41, XTEAM, XTEAM Engine, participant_0, , ,
20141205_1357_41, XTEAM, XTEAM Engine, participant_0, , ,
20141205_1357_41, XTEAM, XTEAM Engine, participant_0, , ,
20141205_1357_42, Notification, XTEAM Engine, participant_1, 26, Simulation execution completion, ,
20141205_1357_42, XTEAM, XTEAM Engine, participant_1, , ,
20141205_1357_42, XTEAM, XTEAM Engine, participant_1, , ,
20141205_1357_42, XTEAM, XTEAM Engine, participant_1, , ,
20141205_1357_44, Update, FLAME Client, participant_1, 29, ,
20141205_1403_34, Design, FLAME Client, participant_1, 30, X`de311a94.5ac54159.8e7ae434.321ec71e`ATTR`HostSAT`Host`MON::Set [Host]`Aspect=xADLCoreAspect&Position=1610.497`bb42af9e.ee894de6.a8870ee2.566cbbfe`Architecture`MON::Model [Architecture]`receiveEnergyCost=101.280000&receiveEnergyOverhead=64.990000&transmitEnergyCost=182.000000&transmitEnergyOverhead=429.000000````````````, ,
20141205_1403_35, Notification, XTEAM Engine, participant_1, 27, Simulation execution beginning, ,
20141205_1403_39, Design, FLAME Client, participant_1, 31, X`de311a94.5ac54159.8e7ae434.321ec71e`ATTR`HostSAT`Host`MON::Set [Host]`Aspect=xADLCoreAspect&Position=1610.497`bb42af9e.ee894de6.a8870ee2.566cbbfe`Architecture`MON::Model [Architecture]`receiveEnergyCost=101.280000&receiveEnergyOverhead=64.990000&transmitEnergyCost=182.000000&transmitEnergyOverhead=217.000000````````````, ,
20141205_1403_40, Notification, XTEAM Engine, participant_1, 28, Simulation execution beginning, ,
20141205_1403_46, Design, FLAME Client, participant_1, 32, X`3a60805b.3a524f70.a064acd1.88108a11`ATTR`generate`Task`MON::Model [Task]`Aspect=xADLBehaviorAspect&Position=301.259`fd961ab4.712348fe.91a8653d.18529735`Process`MON::Model [Process]`executionTime=7&memoryUsage=11000&taskInstruction=nextTask = new Task;|nextTask->getTaskState().value() = 0;|nextTask->getTaskID().value() = taskIDCounter->getNextTaskID().value()++;````````````, ,
20141205_1403_47, Notification, XTEAM Engine, participant_1, 29, Simulation execution beginning, ,
20141205_1403_49, Design, FLAME Client, participant_1, 33, X`3a60805b.3a524f70.a064acd1.88108a11`ATTR`generate`Task`MON::Model [Task]`Aspect=xADLBehaviorAspect&Position=301.259`fd961ab4.712348fe.91a8653d.18529735`Process`MON::Model [Process]`executionTime=7&memoryUsage=5500&taskInstruction=nextTask = new Task;|nextTask->getTaskState().value() = 0;|nextTask->getTaskID().value() = taskIDCounter->getNextTaskID().value()++;````````````, ,
20141205_1403_50, Notification, XTEAM Engine, participant_1, 30, Simulation execution beginning, ,
20141205_1404_07, Snapshot, FLAME Client, participant_1, 34, ,
20141205_1404_09, Notification, XTEAM Engine, participant_0, 31, Simulation execution beginning, ,
20141205_1404_14, Notification, XTEAM Engine, participant_1, 27, Simulation execution completion, ,
20141205_1404_14, XTEAM, XTEAM Engine, participant_1, , ,
20141205_1404_14, XTEAM, XTEAM Engine, participant_1, , ,
20141205_1404_14, XTEAM, XTEAM Engine, participant_1, , ,
20141205_1404_19, Notification, XTEAM Engine, participant_1, 28, Simulation execution completion, ,
20141205_1404_19, XTEAM, XTEAM Engine, participant_1, , ,
20141205_1404_19, XTEAM, XTEAM Engine, participant_1, , ,
20141205_1404_19, XTEAM, XTEAM Engine, participant_1, , ,
20141205_1404_24, Notification, XTEAM Engine, participant_1, 29, Simulation execution completion, ,
20141205_1404_24, XTEAM, XTEAM Engine, participant_1, , ,
20141205_1404_24, XTEAM, XTEAM Engine, participant_1, , ,
20141205_1404_24, XTEAM, XTEAM Engine, participant_1, , ,
20141205_1404_26, Notification, XTEAM Engine, participant_1, 30, Simulation execution completion, ,
20141205_1404_26, XTEAM, XTEAM Engine, participant_1, , ,
20141205_1404_26, XTEAM, XTEAM Engine, participant_1, , ,
20141205_1404_26, XTEAM, XTEAM Engine, participant_1, , ,
20141205_1404_26, Design, FLAME Client, participant_0, 36, X`64e3f498.f1114939.ba695f73.d07188e3`ATTR`perform`Task`MON::Model [Task]`Aspect=xADLBehaviorAspect&Position=308.301`d640f4b9.22e14264.b459176e.af6b895e`Process`MON::Model [Process]`executionTime=200&memoryUsage=32&taskInstruction=nextResult[thread_id] = new Result;|nextResult[thread_id]->getResultState().value() = 0;|nextResult[thread_id]->getResultID().value() = nextTask[thread_id]->getTaskID().value();|nextResult[thread_id]->getResultValue().value() = 1;````````````, ,
20141205_1404_27, Notification, XTEAM Engine, participant_0, 32, Simulation execution beginning, ,
20141205_1404_30, Design, FLAME Client, participant_0, 37, X`64e3f498.f1114939.ba695f73.d07188e3`ATTR`perform`Task`MON::Model [Task]`Aspect=xADLBehaviorAspect&Position=308.301`d640f4b9.22e14264.b459176e.af6b895e`Process`MON::Model [Process]`executionTime=200&memoryUsage=65&taskInstruction=nextResult[thread_id] = new Result;|nextResult[thread_id]->getResultState().value() = 0;|nextResult[thread_id]->getResultID().value() = nextTask[thread_id]->getTaskID().value();|nextResult[thread_id]->getResultValue().value() = 1;````````````, ,
20141205_1404_31, Notification, XTEAM Engine, participant_0, 33, Simulation execution beginning, ,
20141205_1404_38, Design, FLAME Client, participant_0, 38, X`25fea250.79aa4baf.b62be506.e9d1819a`ATTR`Host_GCE`Host`MON::Set [Host]`Aspect=xADLCoreAspect&Position=161.560`bb42af9e.ee894de6.a8870ee2.566cbbfe`Architecture`MON::Model [Architecture]`receiveEnergyCost=150.010000&receiveEnergyOverhead=101.860000&transmitEnergyCost=514.000000&transmitEnergyOverhead=341.000000````````````, ,
20141205_1404_40, Notification, XTEAM Engine, participant_0, 34, Simulation execution beginning, ,
20141205_1404_41, Design, FLAME Client, participant_0, 39, X`25fea250.79aa4baf.b62be506.e9d1819a`ATTR`Host_GCE`Host`MON::Set [Host]`Aspect=xADLCoreAspect&Position=161.560`bb42af9e.ee894de6.a8870ee2.566cbbfe`Architecture`MON::Model [Architecture]`receiveEnergyCost=150.010000&receiveEnergyOverhead=101.860000&transmitEnergyCost=514.000000&transmitEnergyOverhead=755.000000````````````, ,
20141205_1404_42, Notification, XTEAM Engine, participant_0, 31, Simulation execution completion, ,
20141205_1404_42, XTEAM, XTEAM Engine, participant_0, , ,
20141205_1404_42, XTEAM, XTEAM Engine, participant_0, , ,
20141205_1404_42, XTEAM, XTEAM Engine, participant_0, , ,
20141205_1404_42, Notification, XTEAM Engine, participant_0, 35, Simulation execution beginning, ,
20141205_1404_49, Update, FLAME Client, participant_0, 40, ,
20141205_1405_04, Notification, XTEAM Engine, participant_0, 32, Simulation execution completion, ,
20141205_1405_04, XTEAM, XTEAM Engine, participant_0, , ,
20141205_1405_04, XTEAM, XTEAM Engine, participant_0, , ,
20141205_1405_04, XTEAM, XTEAM Engine, participant_0, , ,
20141205_1405_07, Notification, XTEAM Engine, participant_0, 33, Simulation execution completion, ,
20141205_1405_07, XTEAM, XTEAM Engine, participant_0, , ,
20141205_1405_07, XTEAM, XTEAM Engine, participant_0, , ,
20141205_1405_07, XTEAM, XTEAM Engine, participant_0, , ,
20141205_1405_14, Notification, XTEAM Engine, participant_0, 34, Simulation execution completion, ,
20141205_1405_14, XTEAM, XTEAM Engine, participant_0, , ,
20141205_1405_14, XTEAM, XTEAM Engine, participant_0, , ,
20141205_1405_14, XTEAM, XTEAM Engine, participant_0, , ,
20141205_1405_16, Notification, XTEAM Engine, participant_0, 35, Simulation execution completion, ,
20141205_1405_16, XTEAM, XTEAM Engine, participant_0, , ,
20141205_1405_16, XTEAM, XTEAM Engine, participant_0, , ,
20141205_1405_16, XTEAM, XTEAM Engine, participant_0, , ,
20141205_1405_20, Snapshot, FLAME Client, participant_0, 41, ,
20141205_1405_21, Notification, XTEAM Engine, participant_1, 31, Simulation execution beginning, ,
20141205_1405_51, Update, FLAME Client, participant_1, 35, ,
20141205_1405_51, Notification, XTEAM Engine, participant_1, 31, Simulation execution completion, ,
20141205_1405_51, XTEAM, XTEAM Engine, participant_1, , ,
20141205_1405_51, XTEAM, XTEAM Engine, participant_1, , ,
20141205_1405_51, XTEAM, XTEAM Engine, participant_1, , ,
