TIME, Event name, OriginComponent, SenderUsername, EventID, Value, ,
20141126_2041_05, Login, FLAME Client, participant_0, , ,
20141126_2041_07, Login, XTEAM Engine, participant_0, , ,
20141126_2041_20, Login, FLAME Client, participant_1, , ,
20141126_2041_23, Login, XTEAM Engine, participant_1, , ,
20141126_2041_48, Design, FLAME Client, participant_0, 1, X`3f426f4b.6d164164.816fe575.67a4324f`ATTR`generate`Task`MON::Model [Task]`Aspect=xADLBehaviorAspect&Position=301.259`37598ce1.81784bb5.996843e8.1d554a61`Process`MON::Model [Process]`executionTime=7&memoryUsage=3&taskInstruction=nextTask = new Task;|nextTask->getTaskState().value() = 0;|nextTask->getTaskID().value() = taskIDCounter->getNextTaskID().value()++;````````````, ,
20141126_2041_48, Notification, XTEAM Engine, participant_0, 1, Simulation execution beginning, ,
20141126_2041_59, Design, FLAME Client, participant_0, 2, X`3f426f4b.6d164164.816fe575.67a4324f`ATTR`generate`Task`MON::Model [Task]`Aspect=xADLBehaviorAspect&Position=301.259`37598ce1.81784bb5.996843e8.1d554a61`Process`MON::Model [Process]`executionTime=7&memoryUsage=5500&taskInstruction=nextTask = new Task;|nextTask->getTaskState().value() = 0;|nextTask->getTaskID().value() = taskIDCounter->getNextTaskID().value()++;````````````, ,
20141126_2042_00, Notification, XTEAM Engine, participant_0, 2, Simulation execution beginning, ,
20141126_2042_14, Design, FLAME Client, participant_1, 1, X`4c379791.2eea468a.a8abbb1d.e5fba9bb`ATTR`perform`Task`MON::Model [Task]`Aspect=xADLBehaviorAspect&Position=336.217`c270ab26.2fff4b88.bf50a288.2d000ee5`Process`MON::Model [Process]`executionTime=350&memoryUsage=27&taskInstruction=nextResult[thread_id] = new Result;|nextResult[thread_id]->getResultState().value() = 0;|nextResult[thread_id]->getResultID().value() = nextTask[thread_id]->getTaskID().value();|nextResult[thread_id]->getResultValue().value() = 1;````````````, ,
20141126_2042_15, Notification, XTEAM Engine, participant_1, 1, Simulation execution beginning, ,
20141126_2042_15, Design, FLAME Client, participant_1, 2, X`4c379791.2eea468a.a8abbb1d.e5fba9bb`ATTR`perform`Task`MON::Model [Task]`Aspect=xADLBehaviorAspect&Position=336.217`c270ab26.2fff4b88.bf50a288.2d000ee5`Process`MON::Model [Process]`executionTime=350&memoryUsage=32&taskInstruction=nextResult[thread_id] = new Result;|nextResult[thread_id]->getResultState().value() = 0;|nextResult[thread_id]->getResultID().value() = nextTask[thread_id]->getTaskID().value();|nextResult[thread_id]->getResultValue().value() = 1;````````````, ,
20141126_2042_16, Notification, XTEAM Engine, participant_1, 2, Simulation execution beginning, ,
20141126_2042_23, Notification, XTEAM Engine, participant_0, 1, Simulation execution completion, ,
20141126_2042_23, XTEAM, XTEAM Engine, participant_0, , ,
20141126_2042_23, XTEAM, XTEAM Engine, participant_0, , ,
20141126_2042_23, XTEAM, XTEAM Engine, participant_0, , ,
20141126_2042_24, Design, FLAME Client, participant_0, 3, X`3a60805b.3a524f70.a064acd1.88108a11`ATTR`generate`Task`MON::Model [Task]`Aspect=xADLBehaviorAspect&Position=301.259`fd961ab4.712348fe.91a8653d.18529735`Process`MON::Model [Process]`executionTime=7&memoryUsage=3&taskInstruction=nextTask = new Task;|nextTask->getTaskState().value() = 0;|nextTask->getTaskID().value() = taskIDCounter->getNextTaskID().value()++;````````````, ,
20141126_2042_25, Notification, XTEAM Engine, participant_0, 3, Simulation execution beginning, ,
20141126_2042_33, Design, FLAME Client, participant_0, 4, X`3a60805b.3a524f70.a064acd1.88108a11`ATTR`generate`Task`MON::Model [Task]`Aspect=xADLBehaviorAspect&Position=301.259`fd961ab4.712348fe.91a8653d.18529735`Process`MON::Model [Process]`executionTime=7&memoryUsage=550&taskInstruction=nextTask = new Task;|nextTask->getTaskState().value() = 0;|nextTask->getTaskID().value() = taskIDCounter->getNextTaskID().value()++;````````````, ,
20141126_2042_33, Design, FLAME Client, participant_1, 3, X`64e3f498.f1114939.ba695f73.d07188e3`ATTR`perform`Task`MON::Model [Task]`Aspect=xADLBehaviorAspect&Position=308.301`d640f4b9.22e14264.b459176e.af6b895e`Process`MON::Model [Process]`executionTime=350&memoryUsage=27&taskInstruction=nextResult[thread_id] = new Result;|nextResult[thread_id]->getResultState().value() = 0;|nextResult[thread_id]->getResultID().value() = nextTask[thread_id]->getTaskID().value();|nextResult[thread_id]->getResultValue().value() = 1;````````````, ,
20141126_2042_34, Notification, XTEAM Engine, participant_0, 4, Simulation execution beginning, ,
20141126_2042_35, Notification, XTEAM Engine, participant_1, 3, Simulation execution beginning, ,
20141126_2042_36, Notification, XTEAM Engine, participant_0, 2, Simulation execution completion, ,
20141126_2042_36, XTEAM, XTEAM Engine, participant_0, , ,
20141126_2042_36, XTEAM, XTEAM Engine, participant_0, , ,
20141126_2042_36, XTEAM, XTEAM Engine, participant_0, , ,
20141126_2042_40, Design, FLAME Client, participant_1, 4, X`64e3f498.f1114939.ba695f73.d07188e3`ATTR`perform`Task`MON::Model [Task]`Aspect=xADLBehaviorAspect&Position=308.301`d640f4b9.22e14264.b459176e.af6b895e`Process`MON::Model [Process]`executionTime=350&memoryUsage=32&taskInstruction=nextResult[thread_id] = new Result;|nextResult[thread_id]->getResultState().value() = 0;|nextResult[thread_id]->getResultID().value() = nextTask[thread_id]->getTaskID().value();|nextResult[thread_id]->getResultValue().value() = 1;````````````, ,
20141126_2042_42, Notification, XTEAM Engine, participant_1, 4, Simulation execution beginning, ,
20141126_2042_48, Design, FLAME Client, participant_0, 5, X`176369f9.b385435c.b2d59a0f.66ba660c`ATTR`Host_SubsetSum`Host`MON::Set [Host]`Aspect=xADLCoreAspect&Position=1610.385`bb42af9e.ee894de6.a8870ee2.566cbbfe`Architecture`MON::Model [Architecture]`receiveEnergyCost=101.280000&receiveEnergyOverhead=64.990000&transmitEnergyCost=182.000000&transmitEnergyOverhead=82.450000````````````, ,
20141126_2042_50, Notification, XTEAM Engine, participant_0, 5, Simulation execution beginning, ,
20141126_2042_56, Design, FLAME Client, participant_0, 6, X`176369f9.b385435c.b2d59a0f.66ba660c`ATTR`Host_SubsetSum`Host`MON::Set [Host]`Aspect=xADLCoreAspect&Position=1610.385`bb42af9e.ee894de6.a8870ee2.566cbbfe`Architecture`MON::Model [Architecture]`receiveEnergyCost=101.280000&receiveEnergyOverhead=64.990000&transmitEnergyCost=182.000000&transmitEnergyOverhead=217.000000````````````, ,
20141126_2042_57, Notification, XTEAM Engine, participant_0, 6, Simulation execution beginning, ,
20141126_2042_58, Notification, XTEAM Engine, participant_1, 1, Simulation execution completion, ,
20141126_2042_58, XTEAM, XTEAM Engine, participant_1, , ,
20141126_2042_58, XTEAM, XTEAM Engine, participant_1, , ,
20141126_2042_58, XTEAM, XTEAM Engine, participant_1, , ,
20141126_2042_59, Notification, XTEAM Engine, participant_1, 2, Simulation execution completion, ,
20141126_2042_59, XTEAM, XTEAM Engine, participant_1, , ,
20141126_2042_59, XTEAM, XTEAM Engine, participant_1, , ,
20141126_2042_59, XTEAM, XTEAM Engine, participant_1, , ,
20141126_2043_03, Design, FLAME Client, participant_1, 5, X`cdc6010e.7cf74d31.85daf3c3.1e9a4be8`ATTR`Host_Client`Host`MON::Set [Host]`Aspect=xADLCoreAspect&Position=28.560`bb42af9e.ee894de6.a8870ee2.566cbbfe`Architecture`MON::Model [Architecture]`receiveEnergyCost=150.010000&receiveEnergyOverhead=101.860000&transmitEnergyCost=312.000000&transmitEnergyOverhead=129.870000````````````, ,
20141126_2043_05, Notification, XTEAM Engine, participant_1, 5, Simulation execution beginning, ,
20141126_2043_07, Design, FLAME Client, participant_1, 6, X`cdc6010e.7cf74d31.85daf3c3.1e9a4be8`ATTR`Host_Client`Host`MON::Set [Host]`Aspect=xADLCoreAspect&Position=28.560`bb42af9e.ee894de6.a8870ee2.566cbbfe`Architecture`MON::Model [Architecture]`receiveEnergyCost=150.010000&receiveEnergyOverhead=101.860000&transmitEnergyCost=312.000000&transmitEnergyOverhead=341.000000````````````, ,
20141126_2043_08, Notification, XTEAM Engine, participant_1, 6, Simulation execution beginning, ,
20141126_2043_10, Notification, XTEAM Engine, participant_0, 3, Simulation execution completion, ,
20141126_2043_10, XTEAM, XTEAM Engine, participant_0, , ,
20141126_2043_10, XTEAM, XTEAM Engine, participant_0, , ,
20141126_2043_10, XTEAM, XTEAM Engine, participant_0, , ,
20141126_2043_12, Design, FLAME Client, participant_0, 7, X`de311a94.5ac54159.8e7ae434.321ec71e`ATTR`HostSAT`Host`MON::Set [Host]`Aspect=xADLCoreAspect&Position=1610.497`bb42af9e.ee894de6.a8870ee2.566cbbfe`Architecture`MON::Model [Architecture]`receiveEnergyCost=101.280000&receiveEnergyOverhead=64.990000&transmitEnergyCost=182.000000&transmitEnergyOverhead=82.450000````````````, ,
20141126_2043_12, Design, FLAME Client, participant_1, 7, X`25fea250.79aa4baf.b62be506.e9d1819a`ATTR`Host_GCE`Host`MON::Set [Host]`Aspect=xADLCoreAspect&Position=161.560`bb42af9e.ee894de6.a8870ee2.566cbbfe`Architecture`MON::Model [Architecture]`receiveEnergyCost=150.010000&receiveEnergyOverhead=101.860000&transmitEnergyCost=312.000000&transmitEnergyOverhead=129.870000````````````, ,
20141126_2043_13, Notification, XTEAM Engine, participant_0, 7, Simulation execution beginning, ,
20141126_2043_14, Notification, XTEAM Engine, participant_1, 7, Simulation execution beginning, ,
20141126_2043_15, Design, FLAME Client, participant_1, 8, X`25fea250.79aa4baf.b62be506.e9d1819a`ATTR`Host_GCE`Host`MON::Set [Host]`Aspect=xADLCoreAspect&Position=161.560`bb42af9e.ee894de6.a8870ee2.566cbbfe`Architecture`MON::Model [Architecture]`receiveEnergyCost=150.010000&receiveEnergyOverhead=101.860000&transmitEnergyCost=312.000000&transmitEnergyOverhead=341.000000````````````, ,
20141126_2043_16, Design, FLAME Client, participant_0, 8, X`de311a94.5ac54159.8e7ae434.321ec71e`ATTR`HostSAT`Host`MON::Set [Host]`Aspect=xADLCoreAspect&Position=1610.497`bb42af9e.ee894de6.a8870ee2.566cbbfe`Architecture`MON::Model [Architecture]`receiveEnergyCost=101.280000&receiveEnergyOverhead=64.990000&transmitEnergyCost=182.000000&transmitEnergyOverhead=217.000000````````````, ,
20141126_2043_17, Notification, XTEAM Engine, participant_1, 8, Simulation execution beginning, ,
20141126_2043_18, Notification, XTEAM Engine, participant_0, 8, Simulation execution beginning, ,
20141126_2043_19, XTEAM, XTEAM Engine, participant_1, , ,
20141126_2043_19, Notification, XTEAM Engine, participant_1, 3, Simulation execution completion, ,
20141126_2043_19, XTEAM, XTEAM Engine, participant_1, , ,
20141126_2043_19, XTEAM, XTEAM Engine, participant_1, , ,
20141126_2043_20, Notification, XTEAM Engine, participant_0, 4, Simulation execution completion, ,
20141126_2043_20, XTEAM, XTEAM Engine, participant_0, , ,
20141126_2043_20, XTEAM, XTEAM Engine, participant_0, , ,
20141126_2043_20, XTEAM, XTEAM Engine, participant_0, , ,
20141126_2043_23, XTEAM, XTEAM Engine, participant_1, , ,
20141126_2043_23, XTEAM, XTEAM Engine, participant_1, , ,
20141126_2043_23, Notification, XTEAM Engine, participant_1, 4, Simulation execution completion, ,
20141126_2043_23, XTEAM, XTEAM Engine, participant_1, , ,
20141126_2043_29, Notification, XTEAM Engine, participant_0, 5, Simulation execution completion, ,
20141126_2043_29, XTEAM, XTEAM Engine, participant_0, , ,
20141126_2043_29, XTEAM, XTEAM Engine, participant_0, , ,
20141126_2043_29, XTEAM, XTEAM Engine, participant_0, , ,
20141126_2043_36, Notification, XTEAM Engine, participant_0, 6, Simulation execution completion, ,
20141126_2043_36, XTEAM, XTEAM Engine, participant_0, , ,
20141126_2043_36, XTEAM, XTEAM Engine, participant_0, , ,
20141126_2043_36, XTEAM, XTEAM Engine, participant_0, , ,
20141126_2043_44, Notification, XTEAM Engine, participant_1, 5, Simulation execution completion, ,
20141126_2043_44, XTEAM, XTEAM Engine, participant_1, , ,
20141126_2043_44, XTEAM, XTEAM Engine, participant_1, , ,
20141126_2043_44, XTEAM, XTEAM Engine, participant_1, , ,
20141126_2043_47, Notification, XTEAM Engine, participant_1, 6, Simulation execution completion, ,
20141126_2043_47, XTEAM, XTEAM Engine, participant_1, , ,
20141126_2043_47, XTEAM, XTEAM Engine, participant_1, , ,
20141126_2043_47, XTEAM, XTEAM Engine, participant_1, , ,
20141126_2043_52, Notification, XTEAM Engine, participant_0, 7, Simulation execution completion, ,
20141126_2043_52, XTEAM, XTEAM Engine, participant_0, , ,
20141126_2043_52, XTEAM, XTEAM Engine, participant_0, , ,
20141126_2043_52, XTEAM, XTEAM Engine, participant_0, , ,
20141126_2043_52, Notification, XTEAM Engine, participant_1, 7, Simulation execution completion, ,
20141126_2043_52, XTEAM, XTEAM Engine, participant_1, , ,
20141126_2043_52, XTEAM, XTEAM Engine, participant_1, , ,
20141126_2043_52, XTEAM, XTEAM Engine, participant_1, , ,
20141126_2043_53, Notification, XTEAM Engine, participant_0, 8, Simulation execution completion, ,
20141126_2043_53, XTEAM, XTEAM Engine, participant_0, , ,
20141126_2043_53, XTEAM, XTEAM Engine, participant_0, , ,
20141126_2043_53, XTEAM, XTEAM Engine, participant_0, , ,
20141126_2043_56, Notification, XTEAM Engine, participant_1, 8, Simulation execution completion, ,
20141126_2043_56, XTEAM, XTEAM Engine, participant_1, , ,
20141126_2043_56, XTEAM, XTEAM Engine, participant_1, , ,
20141126_2043_56, XTEAM, XTEAM Engine, participant_1, , ,
20141126_2045_02, Design, FLAME Client, participant_0, 9, X`de311a94.5ac54159.8e7ae434.321ec71e`ATTR`HostSAT`Host`MON::Set [Host]`Aspect=xADLCoreAspect&Position=1610.497`bb42af9e.ee894de6.a8870ee2.566cbbfe`Architecture`MON::Model [Architecture]`receiveEnergyCost=101.280000&receiveEnergyOverhead=64.990000&transmitEnergyCost=55.240000&transmitEnergyOverhead=217.000000````````````, ,
20141126_2045_04, Notification, XTEAM Engine, participant_0, 9, Simulation execution beginning, ,
20141126_2045_17, Design, FLAME Client, participant_0, 10, X`de311a94.5ac54159.8e7ae434.321ec71e`ATTR`HostSAT`Host`MON::Set [Host]`Aspect=xADLCoreAspect&Position=1610.497`bb42af9e.ee894de6.a8870ee2.566cbbfe`Architecture`MON::Model [Architecture]`receiveEnergyCost=101.280000&receiveEnergyOverhead=64.990000&transmitEnergyCost=55.240000&transmitEnergyOverhead=82.450000````````````, ,
20141126_2045_18, Notification, XTEAM Engine, participant_0, 10, Simulation execution beginning, ,
20141126_2045_28, Design, FLAME Client, participant_0, 11, X`176369f9.b385435c.b2d59a0f.66ba660c`ATTR`Host_SubsetSum`Host`MON::Set [Host]`Aspect=xADLCoreAspect&Position=1610.385`bb42af9e.ee894de6.a8870ee2.566cbbfe`Architecture`MON::Model [Architecture]`receiveEnergyCost=101.280000&receiveEnergyOverhead=64.990000&transmitEnergyCost=330.000000&transmitEnergyOverhead=217.000000````````````, ,
20141126_2045_29, Notification, XTEAM Engine, participant_0, 11, Simulation execution beginning, ,
20141126_2045_38, Notification, XTEAM Engine, participant_0, 9, Simulation execution completion, ,
20141126_2045_38, XTEAM, XTEAM Engine, participant_0, , ,
20141126_2045_38, XTEAM, XTEAM Engine, participant_0, , ,
20141126_2045_38, XTEAM, XTEAM Engine, participant_0, , ,
20141126_2045_40, Design, FLAME Client, participant_0, 12, X`176369f9.b385435c.b2d59a0f.66ba660c`ATTR`Host_SubsetSum`Host`MON::Set [Host]`Aspect=xADLCoreAspect&Position=1610.385`bb42af9e.ee894de6.a8870ee2.566cbbfe`Architecture`MON::Model [Architecture]`receiveEnergyCost=101.280000&receiveEnergyOverhead=64.990000&transmitEnergyCost=330.000000&transmitEnergyOverhead=429.000000````````````, ,
20141126_2045_41, Notification, XTEAM Engine, participant_0, 12, Simulation execution beginning, ,
20141126_2045_52, Notification, XTEAM Engine, participant_0, 10, Simulation execution completion, ,
20141126_2045_52, XTEAM, XTEAM Engine, participant_0, , ,
20141126_2045_52, XTEAM, XTEAM Engine, participant_0, , ,
20141126_2045_52, XTEAM, XTEAM Engine, participant_0, , ,
20141126_2045_59, Design, FLAME Client, participant_0, 13, X`3f426f4b.6d164164.816fe575.67a4324f`ATTR`generate`Task`MON::Model [Task]`Aspect=xADLBehaviorAspect&Position=301.259`37598ce1.81784bb5.996843e8.1d554a61`Process`MON::Model [Process]`executionTime=6&memoryUsage=5500&taskInstruction=nextTask = new Task;|nextTask->getTaskState().value() = 0;|nextTask->getTaskID().value() = taskIDCounter->getNextTaskID().value()++;````````````, ,
20141126_2046_00, Notification, XTEAM Engine, participant_0, 13, Simulation execution beginning, ,
20141126_2046_02, Notification, XTEAM Engine, participant_0, 11, Simulation execution completion, ,
20141126_2046_02, XTEAM, XTEAM Engine, participant_0, , ,
20141126_2046_02, XTEAM, XTEAM Engine, participant_0, , ,
20141126_2046_02, XTEAM, XTEAM Engine, participant_0, , ,
20141126_2046_05, Design, FLAME Client, participant_0, 14, X`3f426f4b.6d164164.816fe575.67a4324f`ATTR`generate`Task`MON::Model [Task]`Aspect=xADLBehaviorAspect&Position=301.259`37598ce1.81784bb5.996843e8.1d554a61`Process`MON::Model [Process]`executionTime=6&memoryUsage=11000&taskInstruction=nextTask = new Task;|nextTask->getTaskState().value() = 0;|nextTask->getTaskID().value() = taskIDCounter->getNextTaskID().value()++;````````````, ,
20141126_2046_06, Notification, XTEAM Engine, participant_0, 14, Simulation execution beginning, ,
20141126_2046_14, Notification, XTEAM Engine, participant_0, 12, Simulation execution completion, ,
20141126_2046_14, XTEAM, XTEAM Engine, participant_0, , ,
20141126_2046_14, XTEAM, XTEAM Engine, participant_0, , ,
20141126_2046_14, XTEAM, XTEAM Engine, participant_0, , ,
20141126_2046_26, Design, FLAME Client, participant_0, 15, X`3a60805b.3a524f70.a064acd1.88108a11`ATTR`generate`Task`MON::Model [Task]`Aspect=xADLBehaviorAspect&Position=301.259`fd961ab4.712348fe.91a8653d.18529735`Process`MON::Model [Process]`executionTime=8&memoryUsage=550&taskInstruction=nextTask = new Task;|nextTask->getTaskState().value() = 0;|nextTask->getTaskID().value() = taskIDCounter->getNextTaskID().value()++;````````````, ,
20141126_2046_26, Notification, XTEAM Engine, participant_0, 15, Simulation execution beginning, ,
20141126_2046_33, Notification, XTEAM Engine, participant_0, 13, Simulation execution completion, ,
20141126_2046_33, XTEAM, XTEAM Engine, participant_0, , ,
20141126_2046_33, XTEAM, XTEAM Engine, participant_0, , ,
20141126_2046_33, XTEAM, XTEAM Engine, participant_0, , ,
20141126_2046_35, Design, FLAME Client, participant_0, 16, X`3a60805b.3a524f70.a064acd1.88108a11`ATTR`generate`Task`MON::Model [Task]`Aspect=xADLBehaviorAspect&Position=301.259`fd961ab4.712348fe.91a8653d.18529735`Process`MON::Model [Process]`executionTime=8&memoryUsage=3&taskInstruction=nextTask = new Task;|nextTask->getTaskState().value() = 0;|nextTask->getTaskID().value() = taskIDCounter->getNextTaskID().value()++;````````````, ,
20141126_2046_36, Notification, XTEAM Engine, participant_0, 16, Simulation execution beginning, ,
20141126_2046_39, Notification, XTEAM Engine, participant_0, 14, Simulation execution completion, ,
20141126_2046_39, XTEAM, XTEAM Engine, participant_0, , ,
20141126_2046_39, XTEAM, XTEAM Engine, participant_0, , ,
20141126_2046_39, XTEAM, XTEAM Engine, participant_0, , ,
20141126_2046_58, Notification, XTEAM Engine, participant_0, 15, Simulation execution completion, ,
20141126_2046_58, XTEAM, XTEAM Engine, participant_0, , ,
20141126_2046_58, XTEAM, XTEAM Engine, participant_0, , ,
20141126_2046_58, XTEAM, XTEAM Engine, participant_0, , ,
20141126_2047_07, Notification, XTEAM Engine, participant_0, 16, Simulation execution completion, ,
20141126_2047_07, XTEAM, XTEAM Engine, participant_0, , ,
20141126_2047_07, XTEAM, XTEAM Engine, participant_0, , ,
20141126_2047_07, XTEAM, XTEAM Engine, participant_0, , ,
20141126_2049_48, Design, FLAME Client, participant_1, 9, X`4c379791.2eea468a.a8abbb1d.e5fba9bb`ATTR`perform`Task`MON::Model [Task]`Aspect=xADLBehaviorAspect&Position=336.217`c270ab26.2fff4b88.bf50a288.2d000ee5`Process`MON::Model [Process]`executionTime=200&memoryUsage=32&taskInstruction=nextResult[thread_id] = new Result;|nextResult[thread_id]->getResultState().value() = 0;|nextResult[thread_id]->getResultID().value() = nextTask[thread_id]->getTaskID().value();|nextResult[thread_id]->getResultValue().value() = 1;````````````, ,
20141126_2049_49, Notification, XTEAM Engine, participant_1, 9, Simulation execution beginning, ,
20141126_2049_49, Design, FLAME Client, participant_1, 10, X`4c379791.2eea468a.a8abbb1d.e5fba9bb`ATTR`perform`Task`MON::Model [Task]`Aspect=xADLBehaviorAspect&Position=336.217`c270ab26.2fff4b88.bf50a288.2d000ee5`Process`MON::Model [Process]`executionTime=200&memoryUsage=65&taskInstruction=nextResult[thread_id] = new Result;|nextResult[thread_id]->getResultState().value() = 0;|nextResult[thread_id]->getResultID().value() = nextTask[thread_id]->getTaskID().value();|nextResult[thread_id]->getResultValue().value() = 1;````````````, ,
20141126_2049_50, Notification, XTEAM Engine, participant_1, 10, Simulation execution beginning, ,
20141126_2049_58, Design, FLAME Client, participant_1, 11, X`64e3f498.f1114939.ba695f73.d07188e3`ATTR`perform`Task`MON::Model [Task]`Aspect=xADLBehaviorAspect&Position=308.301`d640f4b9.22e14264.b459176e.af6b895e`Process`MON::Model [Process]`executionTime=200&memoryUsage=32&taskInstruction=nextResult[thread_id] = new Result;|nextResult[thread_id]->getResultState().value() = 0;|nextResult[thread_id]->getResultID().value() = nextTask[thread_id]->getTaskID().value();|nextResult[thread_id]->getResultValue().value() = 1;````````````, ,
20141126_2049_59, Notification, XTEAM Engine, participant_1, 11, Simulation execution beginning, ,
20141126_2050_00, Design, FLAME Client, participant_1, 12, X`64e3f498.f1114939.ba695f73.d07188e3`ATTR`perform`Task`MON::Model [Task]`Aspect=xADLBehaviorAspect&Position=308.301`d640f4b9.22e14264.b459176e.af6b895e`Process`MON::Model [Process]`executionTime=200&memoryUsage=65&taskInstruction=nextResult[thread_id] = new Result;|nextResult[thread_id]->getResultState().value() = 0;|nextResult[thread_id]->getResultID().value() = nextTask[thread_id]->getTaskID().value();|nextResult[thread_id]->getResultValue().value() = 1;````````````, ,
20141126_2050_01, Notification, XTEAM Engine, participant_1, 12, Simulation execution beginning, ,
20141126_2050_14, Design, FLAME Client, participant_1, 13, X`cdc6010e.7cf74d31.85daf3c3.1e9a4be8`ATTR`Host_Client`Host`MON::Set [Host]`Aspect=xADLCoreAspect&Position=28.560`bb42af9e.ee894de6.a8870ee2.566cbbfe`Architecture`MON::Model [Architecture]`receiveEnergyCost=150.010000&receiveEnergyOverhead=101.860000&transmitEnergyCost=514.000000&transmitEnergyOverhead=341.000000````````````, ,
20141126_2050_16, Design, FLAME Client, participant_1, 14, X`cdc6010e.7cf74d31.85daf3c3.1e9a4be8`ATTR`Host_Client`Host`MON::Set [Host]`Aspect=xADLCoreAspect&Position=28.560`bb42af9e.ee894de6.a8870ee2.566cbbfe`Architecture`MON::Model [Architecture]`receiveEnergyCost=150.010000&receiveEnergyOverhead=101.860000&transmitEnergyCost=514.000000&transmitEnergyOverhead=755.000000````````````, ,
20141126_2050_16, Notification, XTEAM Engine, participant_1, 13, Simulation execution beginning, ,
20141126_2050_18, Notification, XTEAM Engine, participant_1, 14, Simulation execution beginning, ,
20141126_2050_20, Design, FLAME Client, participant_1, 15, X`25fea250.79aa4baf.b62be506.e9d1819a`ATTR`Host_GCE`Host`MON::Set [Host]`Aspect=xADLCoreAspect&Position=161.560`bb42af9e.ee894de6.a8870ee2.566cbbfe`Architecture`MON::Model [Architecture]`receiveEnergyCost=150.010000&receiveEnergyOverhead=101.860000&transmitEnergyCost=514.000000&transmitEnergyOverhead=341.000000````````````, ,
20141126_2050_21, Notification, XTEAM Engine, participant_1, 15, Simulation execution beginning, ,
20141126_2050_22, Design, FLAME Client, participant_1, 16, X`25fea250.79aa4baf.b62be506.e9d1819a`ATTR`Host_GCE`Host`MON::Set [Host]`Aspect=xADLCoreAspect&Position=161.560`bb42af9e.ee894de6.a8870ee2.566cbbfe`Architecture`MON::Model [Architecture]`receiveEnergyCost=150.010000&receiveEnergyOverhead=101.860000&transmitEnergyCost=514.000000&transmitEnergyOverhead=755.000000````````````, ,
20141126_2050_23, Notification, XTEAM Engine, participant_1, 16, Simulation execution beginning, ,
20141126_2050_29, Notification, XTEAM Engine, participant_1, 9, Simulation execution completion, ,
20141126_2050_29, XTEAM, XTEAM Engine, participant_1, , ,
20141126_2050_29, XTEAM, XTEAM Engine, participant_1, , ,
20141126_2050_29, XTEAM, XTEAM Engine, participant_1, , ,
20141126_2050_32, Notification, XTEAM Engine, participant_1, 10, Simulation execution completion, ,
20141126_2050_32, XTEAM, XTEAM Engine, participant_1, , ,
20141126_2050_32, XTEAM, XTEAM Engine, participant_1, , ,
20141126_2050_32, XTEAM, XTEAM Engine, participant_1, , ,
20141126_2050_39, Notification, XTEAM Engine, participant_1, 11, Simulation execution completion, ,
20141126_2050_39, XTEAM, XTEAM Engine, participant_1, , ,
20141126_2050_39, XTEAM, XTEAM Engine, participant_1, , ,
20141126_2050_39, XTEAM, XTEAM Engine, participant_1, , ,
20141126_2050_44, Notification, XTEAM Engine, participant_1, 12, Simulation execution completion, ,
20141126_2050_44, XTEAM, XTEAM Engine, participant_1, , ,
20141126_2050_44, XTEAM, XTEAM Engine, participant_1, , ,
20141126_2050_44, XTEAM, XTEAM Engine, participant_1, , ,
20141126_2051_03, Notification, XTEAM Engine, participant_1, 13, Simulation execution completion, ,
20141126_2051_03, XTEAM, XTEAM Engine, participant_1, , ,
20141126_2051_03, XTEAM, XTEAM Engine, participant_1, , ,
20141126_2051_03, XTEAM, XTEAM Engine, participant_1, , ,
20141126_2051_06, Notification, XTEAM Engine, participant_1, 14, Simulation execution completion, ,
20141126_2051_06, XTEAM, XTEAM Engine, participant_1, , ,
20141126_2051_06, XTEAM, XTEAM Engine, participant_1, , ,
20141126_2051_06, XTEAM, XTEAM Engine, participant_1, , ,
20141126_2051_11, Notification, XTEAM Engine, participant_1, 15, Simulation execution completion, ,
20141126_2051_11, XTEAM, XTEAM Engine, participant_1, , ,
20141126_2051_11, XTEAM, XTEAM Engine, participant_1, , ,
20141126_2051_11, XTEAM, XTEAM Engine, participant_1, , ,
20141126_2051_14, Notification, XTEAM Engine, participant_1, 16, Simulation execution completion, ,
20141126_2051_14, XTEAM, XTEAM Engine, participant_1, , ,
20141126_2051_14, XTEAM, XTEAM Engine, participant_1, , ,
20141126_2051_14, XTEAM, XTEAM Engine, participant_1, , ,
20141126_2053_39, Snapshot, FLAME Client, participant_0, 17, ,
20141126_2053_42, Notification, XTEAM Engine, participant_1, 17, Simulation execution beginning, ,
20141126_2054_13, Notification, XTEAM Engine, participant_1, 17, Simulation execution completion, ,
20141126_2054_13, XTEAM, XTEAM Engine, participant_1, , ,
20141126_2054_13, XTEAM, XTEAM Engine, participant_1, , ,
20141126_2054_13, XTEAM, XTEAM Engine, participant_1, , ,
20141126_2055_21, Update, FLAME Client, participant_1, 17, ,
20141126_2057_09, Design, FLAME Client, participant_1, 18, X`64e3f498.f1114939.ba695f73.d07188e3`ATTR`perform`Task`MON::Model [Task]`Aspect=xADLBehaviorAspect&Position=308.301`d640f4b9.22e14264.b459176e.af6b895e`Process`MON::Model [Process]`executionTime=350&memoryUsage=65&taskInstruction=nextResult[thread_id] = new Result;|nextResult[thread_id]->getResultState().value() = 0;|nextResult[thread_id]->getResultID().value() = nextTask[thread_id]->getTaskID().value();|nextResult[thread_id]->getResultValue().value() = 1;````````````, ,
20141126_2057_10, Notification, XTEAM Engine, participant_1, 18, Simulation execution beginning, ,
20141126_2057_11, Design, FLAME Client, participant_1, 19, X`64e3f498.f1114939.ba695f73.d07188e3`ATTR`perform`Task`MON::Model [Task]`Aspect=xADLBehaviorAspect&Position=308.301`d640f4b9.22e14264.b459176e.af6b895e`Process`MON::Model [Process]`executionTime=350&memoryUsage=32&taskInstruction=nextResult[thread_id] = new Result;|nextResult[thread_id]->getResultState().value() = 0;|nextResult[thread_id]->getResultID().value() = nextTask[thread_id]->getTaskID().value();|nextResult[thread_id]->getResultValue().value() = 1;````````````, ,
20141126_2057_12, Notification, XTEAM Engine, participant_1, 19, Simulation execution beginning, ,
20141126_2057_19, Design, FLAME Client, participant_1, 20, X`4c379791.2eea468a.a8abbb1d.e5fba9bb`ATTR`perform`Task`MON::Model [Task]`Aspect=xADLBehaviorAspect&Position=336.217`c270ab26.2fff4b88.bf50a288.2d000ee5`Process`MON::Model [Process]`executionTime=350&memoryUsage=65&taskInstruction=nextResult[thread_id] = new Result;|nextResult[thread_id]->getResultState().value() = 0;|nextResult[thread_id]->getResultID().value() = nextTask[thread_id]->getTaskID().value();|nextResult[thread_id]->getResultValue().value() = 1;````````````, ,
20141126_2057_20, Notification, XTEAM Engine, participant_1, 20, Simulation execution beginning, ,
20141126_2057_21, Design, FLAME Client, participant_1, 21, X`4c379791.2eea468a.a8abbb1d.e5fba9bb`ATTR`perform`Task`MON::Model [Task]`Aspect=xADLBehaviorAspect&Position=336.217`c270ab26.2fff4b88.bf50a288.2d000ee5`Process`MON::Model [Process]`executionTime=350&memoryUsage=32&taskInstruction=nextResult[thread_id] = new Result;|nextResult[thread_id]->getResultState().value() = 0;|nextResult[thread_id]->getResultID().value() = nextTask[thread_id]->getTaskID().value();|nextResult[thread_id]->getResultValue().value() = 1;````````````, ,
20141126_2057_22, Notification, XTEAM Engine, participant_1, 21, Simulation execution beginning, ,
20141126_2057_50, Notification, XTEAM Engine, participant_1, 19, Simulation execution completion, ,
20141126_2057_50, XTEAM, XTEAM Engine, participant_1, , ,
20141126_2057_50, XTEAM, XTEAM Engine, participant_1, , ,
20141126_2057_50, XTEAM, XTEAM Engine, participant_1, , ,
20141126_2057_51, Notification, XTEAM Engine, participant_1, 18, Simulation execution completion, ,
20141126_2057_51, XTEAM, XTEAM Engine, participant_1, , ,
20141126_2057_51, XTEAM, XTEAM Engine, participant_1, , ,
20141126_2057_51, XTEAM, XTEAM Engine, participant_1, , ,
20141126_2057_57, Notification, XTEAM Engine, participant_1, 20, Simulation execution completion, ,
20141126_2057_57, XTEAM, XTEAM Engine, participant_1, , ,
20141126_2057_57, XTEAM, XTEAM Engine, participant_1, , ,
20141126_2057_57, XTEAM, XTEAM Engine, participant_1, , ,
20141126_2057_59, Notification, XTEAM Engine, participant_1, 21, Simulation execution completion, ,
20141126_2057_59, XTEAM, XTEAM Engine, participant_1, , ,
20141126_2057_59, XTEAM, XTEAM Engine, participant_1, , ,
20141126_2057_59, XTEAM, XTEAM Engine, participant_1, , ,
20141126_2059_10, Design, FLAME Client, participant_1, 22, X`4c379791.2eea468a.a8abbb1d.e5fba9bb`ATTR`perform`Task`MON::Model [Task]`Aspect=xADLBehaviorAspect&Position=336.217`c270ab26.2fff4b88.bf50a288.2d000ee5`Process`MON::Model [Process]`executionTime=200&memoryUsage=32&taskInstruction=nextResult[thread_id] = new Result;|nextResult[thread_id]->getResultState().value() = 0;|nextResult[thread_id]->getResultID().value() = nextTask[thread_id]->getTaskID().value();|nextResult[thread_id]->getResultValue().value() = 1;````````````, ,
20141126_2059_11, Notification, XTEAM Engine, participant_1, 22, Simulation execution beginning, ,
20141126_2059_12, Design, FLAME Client, participant_1, 23, X`4c379791.2eea468a.a8abbb1d.e5fba9bb`ATTR`perform`Task`MON::Model [Task]`Aspect=xADLBehaviorAspect&Position=336.217`c270ab26.2fff4b88.bf50a288.2d000ee5`Process`MON::Model [Process]`executionTime=200&memoryUsage=65&taskInstruction=nextResult[thread_id] = new Result;|nextResult[thread_id]->getResultState().value() = 0;|nextResult[thread_id]->getResultID().value() = nextTask[thread_id]->getTaskID().value();|nextResult[thread_id]->getResultValue().value() = 1;````````````, ,
20141126_2059_13, Notification, XTEAM Engine, participant_1, 23, Simulation execution beginning, ,
20141126_2059_39, Design, FLAME Client, participant_1, 24, X`25fea250.79aa4baf.b62be506.e9d1819a`ATTR`Host_GCE`Host`MON::Set [Host]`Aspect=xADLCoreAspect&Position=161.560`bb42af9e.ee894de6.a8870ee2.566cbbfe`Architecture`MON::Model [Architecture]`receiveEnergyCost=150.010000&receiveEnergyOverhead=101.860000&transmitEnergyCost=312.000000&transmitEnergyOverhead=755.000000````````````, ,
20141126_2059_40, Notification, XTEAM Engine, participant_1, 24, Simulation execution beginning, ,
20141126_2059_41, Design, FLAME Client, participant_1, 25, X`25fea250.79aa4baf.b62be506.e9d1819a`ATTR`Host_GCE`Host`MON::Set [Host]`Aspect=xADLCoreAspect&Position=161.560`bb42af9e.ee894de6.a8870ee2.566cbbfe`Architecture`MON::Model [Architecture]`receiveEnergyCost=150.010000&receiveEnergyOverhead=101.860000&transmitEnergyCost=312.000000&transmitEnergyOverhead=341.000000````````````, ,
20141126_2059_42, Notification, XTEAM Engine, participant_1, 25, Simulation execution beginning, ,
20141126_2059_47, Notification, XTEAM Engine, participant_1, 22, Simulation execution completion, ,
20141126_2059_47, XTEAM, XTEAM Engine, participant_1, , ,
20141126_2059_47, XTEAM, XTEAM Engine, participant_1, , ,
20141126_2059_47, XTEAM, XTEAM Engine, participant_1, , ,
20141126_2059_49, Notification, XTEAM Engine, participant_1, 23, Simulation execution completion, ,
20141126_2059_49, XTEAM, XTEAM Engine, participant_1, , ,
20141126_2059_49, XTEAM, XTEAM Engine, participant_1, , ,
20141126_2059_49, XTEAM, XTEAM Engine, participant_1, , ,
20141126_2100_13, Notification, XTEAM Engine, participant_1, 24, Simulation execution completion, ,
20141126_2100_13, XTEAM, XTEAM Engine, participant_1, , ,
20141126_2100_13, XTEAM, XTEAM Engine, participant_1, , ,
20141126_2100_14, XTEAM, XTEAM Engine, participant_1, , ,
20141126_2100_15, Notification, XTEAM Engine, participant_1, 25, Simulation execution completion, ,
20141126_2100_15, XTEAM, XTEAM Engine, participant_1, , ,
20141126_2100_15, XTEAM, XTEAM Engine, participant_1, , ,
20141126_2100_15, XTEAM, XTEAM Engine, participant_1, , ,
20141126_2101_00, Design, FLAME Client, participant_1, 26, X`4c379791.2eea468a.a8abbb1d.e5fba9bb`ATTR`perform`Task`MON::Model [Task]`Aspect=xADLBehaviorAspect&Position=336.217`c270ab26.2fff4b88.bf50a288.2d000ee5`Process`MON::Model [Process]`executionTime=350&memoryUsage=65&taskInstruction=nextResult[thread_id] = new Result;|nextResult[thread_id]->getResultState().value() = 0;|nextResult[thread_id]->getResultID().value() = nextTask[thread_id]->getTaskID().value();|nextResult[thread_id]->getResultValue().value() = 1;````````````, ,
20141126_2101_01, Notification, XTEAM Engine, participant_1, 26, Simulation execution beginning, ,
20141126_2101_01, Design, FLAME Client, participant_1, 27, X`4c379791.2eea468a.a8abbb1d.e5fba9bb`ATTR`perform`Task`MON::Model [Task]`Aspect=xADLBehaviorAspect&Position=336.217`c270ab26.2fff4b88.bf50a288.2d000ee5`Process`MON::Model [Process]`executionTime=350&memoryUsage=32&taskInstruction=nextResult[thread_id] = new Result;|nextResult[thread_id]->getResultState().value() = 0;|nextResult[thread_id]->getResultID().value() = nextTask[thread_id]->getTaskID().value();|nextResult[thread_id]->getResultValue().value() = 1;````````````, ,
20141126_2101_02, Notification, XTEAM Engine, participant_1, 27, Simulation execution beginning, ,
20141126_2101_21, Design, FLAME Client, participant_1, 28, X`cdc6010e.7cf74d31.85daf3c3.1e9a4be8`ATTR`Host_Client`Host`MON::Set [Host]`Aspect=xADLCoreAspect&Position=28.560`bb42af9e.ee894de6.a8870ee2.566cbbfe`Architecture`MON::Model [Architecture]`receiveEnergyCost=150.010000&receiveEnergyOverhead=101.860000&transmitEnergyCost=312.000000&transmitEnergyOverhead=755.000000````````````, ,
20141126_2101_23, Notification, XTEAM Engine, participant_1, 28, Simulation execution beginning, ,
20141126_2101_23, Design, FLAME Client, participant_1, 29, X`cdc6010e.7cf74d31.85daf3c3.1e9a4be8`ATTR`Host_Client`Host`MON::Set [Host]`Aspect=xADLCoreAspect&Position=28.560`bb42af9e.ee894de6.a8870ee2.566cbbfe`Architecture`MON::Model [Architecture]`receiveEnergyCost=150.010000&receiveEnergyOverhead=101.860000&transmitEnergyCost=312.000000&transmitEnergyOverhead=341.000000````````````, ,
20141126_2101_25, Notification, XTEAM Engine, participant_1, 29, Simulation execution beginning, ,
20141126_2101_39, Notification, XTEAM Engine, participant_1, 26, Simulation execution completion, ,
20141126_2101_39, XTEAM, XTEAM Engine, participant_1, , ,
20141126_2101_39, XTEAM, XTEAM Engine, participant_1, , ,
20141126_2101_39, XTEAM, XTEAM Engine, participant_1, , ,
20141126_2101_41, Notification, XTEAM Engine, participant_1, 27, Simulation execution completion, ,
20141126_2101_41, XTEAM, XTEAM Engine, participant_1, , ,
20141126_2101_41, XTEAM, XTEAM Engine, participant_1, , ,
20141126_2101_41, XTEAM, XTEAM Engine, participant_1, , ,
20141126_2101_56, Notification, XTEAM Engine, participant_1, 28, Simulation execution completion, ,
20141126_2101_56, XTEAM, XTEAM Engine, participant_1, , ,
20141126_2101_56, XTEAM, XTEAM Engine, participant_1, , ,
20141126_2101_56, XTEAM, XTEAM Engine, participant_1, , ,
20141126_2101_58, Notification, XTEAM Engine, participant_1, 29, Simulation execution completion, ,
20141126_2101_58, XTEAM, XTEAM Engine, participant_1, , ,
20141126_2101_58, XTEAM, XTEAM Engine, participant_1, , ,
20141126_2101_58, XTEAM, XTEAM Engine, participant_1, , ,
20141126_2103_25, Snapshot, FLAME Client, participant_1, 30, ,
20141126_2103_30, Notification, XTEAM Engine, participant_0, 17, Simulation execution beginning, ,
20141126_2103_41, Update, FLAME Client, participant_0, 18, ,
20141126_2104_00, Notification, XTEAM Engine, participant_0, 17, Simulation execution completion, ,
20141126_2104_00, XTEAM, XTEAM Engine, participant_0, , ,
20141126_2104_00, XTEAM, XTEAM Engine, participant_0, , ,
20141126_2104_00, XTEAM, XTEAM Engine, participant_0, , ,
20141126_2107_25, Design, FLAME Client, participant_0, 19, X`de311a94.5ac54159.8e7ae434.321ec71e`ATTR`HostSAT`Host`MON::Set [Host]`Aspect=xADLCoreAspect&Position=1610.497`bb42af9e.ee894de6.a8870ee2.566cbbfe`Architecture`MON::Model [Architecture]`receiveEnergyCost=101.280000&receiveEnergyOverhead=64.990000&transmitEnergyCost=182.000000&transmitEnergyOverhead=82.450000````````````, ,
20141126_2107_26, Notification, XTEAM Engine, participant_0, 18, Simulation execution beginning, ,
20141126_2107_30, Design, FLAME Client, participant_0, 20, X`de311a94.5ac54159.8e7ae434.321ec71e`ATTR`HostSAT`Host`MON::Set [Host]`Aspect=xADLCoreAspect&Position=1610.497`bb42af9e.ee894de6.a8870ee2.566cbbfe`Architecture`MON::Model [Architecture]`receiveEnergyCost=101.280000&receiveEnergyOverhead=64.990000&transmitEnergyCost=182.000000&transmitEnergyOverhead=217.000000````````````, ,
20141126_2107_31, Notification, XTEAM Engine, participant_0, 19, Simulation execution beginning, ,
20141126_2107_41, Design, FLAME Client, participant_0, 21, X`3a60805b.3a524f70.a064acd1.88108a11`ATTR`generate`Task`MON::Model [Task]`Aspect=xADLBehaviorAspect&Position=301.259`fd961ab4.712348fe.91a8653d.18529735`Process`MON::Model [Process]`executionTime=7&memoryUsage=3&taskInstruction=nextTask = new Task;|nextTask->getTaskState().value() = 0;|nextTask->getTaskID().value() = taskIDCounter->getNextTaskID().value()++;````````````, ,
20141126_2107_42, Notification, XTEAM Engine, participant_0, 20, Simulation execution beginning, ,
20141126_2107_45, Design, FLAME Client, participant_0, 22, X`3a60805b.3a524f70.a064acd1.88108a11`ATTR`generate`Task`MON::Model [Task]`Aspect=xADLBehaviorAspect&Position=301.259`fd961ab4.712348fe.91a8653d.18529735`Process`MON::Model [Process]`executionTime=7&memoryUsage=5500&taskInstruction=nextTask = new Task;|nextTask->getTaskState().value() = 0;|nextTask->getTaskID().value() = taskIDCounter->getNextTaskID().value()++;````````````, ,
20141126_2107_47, Notification, XTEAM Engine, participant_0, 21, Simulation execution beginning, ,
20141126_2108_05, Notification, XTEAM Engine, participant_0, 18, Simulation execution completion, ,
20141126_2108_05, XTEAM, XTEAM Engine, participant_0, , ,
20141126_2108_05, XTEAM, XTEAM Engine, participant_0, , ,
20141126_2108_05, XTEAM, XTEAM Engine, participant_0, , ,
20141126_2108_09, Notification, XTEAM Engine, participant_0, 19, Simulation execution completion, ,
20141126_2108_09, XTEAM, XTEAM Engine, participant_0, , ,
20141126_2108_09, XTEAM, XTEAM Engine, participant_0, , ,
20141126_2108_09, XTEAM, XTEAM Engine, participant_0, , ,
20141126_2108_13, Design, FLAME Client, participant_1, 31, X`cdc6010e.7cf74d31.85daf3c3.1e9a4be8`ATTR`Host_Client`Host`MON::Set [Host]`Aspect=xADLCoreAspect&Position=28.560`bb42af9e.ee894de6.a8870ee2.566cbbfe`Architecture`MON::Model [Architecture]`receiveEnergyCost=150.010000&receiveEnergyOverhead=101.860000&transmitEnergyCost=514.000000&transmitEnergyOverhead=341.000000````````````, ,
20141126_2108_13, Notification, XTEAM Engine, participant_1, 30, Simulation execution beginning, ,
20141126_2108_14, Design, FLAME Client, participant_1, 32, X`cdc6010e.7cf74d31.85daf3c3.1e9a4be8`ATTR`Host_Client`Host`MON::Set [Host]`Aspect=xADLCoreAspect&Position=28.560`bb42af9e.ee894de6.a8870ee2.566cbbfe`Architecture`MON::Model [Architecture]`receiveEnergyCost=150.010000&receiveEnergyOverhead=101.860000&transmitEnergyCost=514.000000&transmitEnergyOverhead=755.000000````````````, ,
20141126_2108_15, Notification, XTEAM Engine, participant_1, 31, Simulation execution beginning, ,
20141126_2108_18, Notification, XTEAM Engine, participant_0, 20, Simulation execution completion, ,
20141126_2108_18, XTEAM, XTEAM Engine, participant_0, , ,
20141126_2108_18, XTEAM, XTEAM Engine, participant_0, , ,
20141126_2108_18, XTEAM, XTEAM Engine, participant_0, , ,
20141126_2108_22, Notification, XTEAM Engine, participant_0, 21, Simulation execution completion, ,
20141126_2108_22, XTEAM, XTEAM Engine, participant_0, , ,
20141126_2108_22, XTEAM, XTEAM Engine, participant_0, , ,
20141126_2108_22, XTEAM, XTEAM Engine, participant_0, , ,
20141126_2108_26, Design, FLAME Client, participant_1, 33, X`4c379791.2eea468a.a8abbb1d.e5fba9bb`ATTR`perform`Task`MON::Model [Task]`Aspect=xADLBehaviorAspect&Position=336.217`c270ab26.2fff4b88.bf50a288.2d000ee5`Process`MON::Model [Process]`executionTime=200&memoryUsage=32&taskInstruction=nextResult[thread_id] = new Result;|nextResult[thread_id]->getResultState().value() = 0;|nextResult[thread_id]->getResultID().value() = nextTask[thread_id]->getTaskID().value();|nextResult[thread_id]->getResultValue().value() = 1;````````````, ,
20141126_2108_27, Notification, XTEAM Engine, participant_1, 32, Simulation execution beginning, ,
20141126_2108_28, Design, FLAME Client, participant_1, 34, X`4c379791.2eea468a.a8abbb1d.e5fba9bb`ATTR`perform`Task`MON::Model [Task]`Aspect=xADLBehaviorAspect&Position=336.217`c270ab26.2fff4b88.bf50a288.2d000ee5`Process`MON::Model [Process]`executionTime=200&memoryUsage=65&taskInstruction=nextResult[thread_id] = new Result;|nextResult[thread_id]->getResultState().value() = 0;|nextResult[thread_id]->getResultID().value() = nextTask[thread_id]->getTaskID().value();|nextResult[thread_id]->getResultValue().value() = 1;````````````, ,
20141126_2108_29, Notification, XTEAM Engine, participant_1, 33, Simulation execution beginning, ,
20141126_2108_52, Notification, XTEAM Engine, participant_1, 30, Simulation execution completion, ,
20141126_2108_52, XTEAM, XTEAM Engine, participant_1, , ,
20141126_2108_52, XTEAM, XTEAM Engine, participant_1, , ,
20141126_2108_52, XTEAM, XTEAM Engine, participant_1, , ,
20141126_2108_54, Notification, XTEAM Engine, participant_1, 31, Simulation execution completion, ,
20141126_2108_54, XTEAM, XTEAM Engine, participant_1, , ,
20141126_2108_54, XTEAM, XTEAM Engine, participant_1, , ,
20141126_2108_54, XTEAM, XTEAM Engine, participant_1, , ,
20141126_2109_03, Notification, XTEAM Engine, participant_1, 32, Simulation execution completion, ,
20141126_2109_03, XTEAM, XTEAM Engine, participant_1, , ,
20141126_2109_03, XTEAM, XTEAM Engine, participant_1, , ,
20141126_2109_03, XTEAM, XTEAM Engine, participant_1, , ,
20141126_2109_04, Notification, XTEAM Engine, participant_1, 33, Simulation execution completion, ,
20141126_2109_04, XTEAM, XTEAM Engine, participant_1, , ,
20141126_2109_04, XTEAM, XTEAM Engine, participant_1, , ,
20141126_2109_04, XTEAM, XTEAM Engine, participant_1, , ,
20141126_2110_24, Snapshot, FLAME Client, participant_0, 23, ,
20141126_2110_26, Notification, XTEAM Engine, participant_1, 34, Simulation execution beginning, ,
20141126_2110_56, Update, FLAME Client, participant_1, 35, ,
20141126_2110_58, Notification, XTEAM Engine, participant_1, 34, Simulation execution completion, ,
20141126_2110_58, XTEAM, XTEAM Engine, participant_1, , ,
20141126_2110_58, XTEAM, XTEAM Engine, participant_1, , ,
20141126_2110_58, XTEAM, XTEAM Engine, participant_1, , ,
20141126_2111_17, Design, FLAME Client, participant_1, 36, X`25fea250.79aa4baf.b62be506.e9d1819a`ATTR`Host_GCE`Host`MON::Set [Host]`Aspect=xADLCoreAspect&Position=161.560`bb42af9e.ee894de6.a8870ee2.566cbbfe`Architecture`MON::Model [Architecture]`receiveEnergyCost=150.010000&receiveEnergyOverhead=101.860000&transmitEnergyCost=514.000000&transmitEnergyOverhead=341.000000````````````, ,
20141126_2111_18, Notification, XTEAM Engine, participant_1, 35, Simulation execution beginning, ,
20141126_2111_19, Design, FLAME Client, participant_1, 37, X`25fea250.79aa4baf.b62be506.e9d1819a`ATTR`Host_GCE`Host`MON::Set [Host]`Aspect=xADLCoreAspect&Position=161.560`bb42af9e.ee894de6.a8870ee2.566cbbfe`Architecture`MON::Model [Architecture]`receiveEnergyCost=150.010000&receiveEnergyOverhead=101.860000&transmitEnergyCost=514.000000&transmitEnergyOverhead=755.000000````````````, ,
20141126_2111_20, Notification, XTEAM Engine, participant_1, 36, Simulation execution beginning, ,
20141126_2111_30, Design, FLAME Client, participant_1, 38, X`64e3f498.f1114939.ba695f73.d07188e3`ATTR`perform`Task`MON::Model [Task]`Aspect=xADLBehaviorAspect&Position=308.301`d640f4b9.22e14264.b459176e.af6b895e`Process`MON::Model [Process]`executionTime=200&memoryUsage=32&taskInstruction=nextResult[thread_id] = new Result;|nextResult[thread_id]->getResultState().value() = 0;|nextResult[thread_id]->getResultID().value() = nextTask[thread_id]->getTaskID().value();|nextResult[thread_id]->getResultValue().value() = 1;````````````, ,
20141126_2111_31, Design, FLAME Client, participant_1, 39, X`64e3f498.f1114939.ba695f73.d07188e3`ATTR`perform`Task`MON::Model [Task]`Aspect=xADLBehaviorAspect&Position=308.301`d640f4b9.22e14264.b459176e.af6b895e`Process`MON::Model [Process]`executionTime=200&memoryUsage=65&taskInstruction=nextResult[thread_id] = new Result;|nextResult[thread_id]->getResultState().value() = 0;|nextResult[thread_id]->getResultID().value() = nextTask[thread_id]->getTaskID().value();|nextResult[thread_id]->getResultValue().value() = 1;````````````, ,
20141126_2111_31, Notification, XTEAM Engine, participant_1, 37, Simulation execution beginning, ,
20141126_2111_33, Notification, XTEAM Engine, participant_1, 38, Simulation execution beginning, ,
20141126_2111_57, Notification, XTEAM Engine, participant_1, 35, Simulation execution completion, ,
20141126_2111_57, XTEAM, XTEAM Engine, participant_1, , ,
20141126_2111_57, XTEAM, XTEAM Engine, participant_1, , ,
20141126_2111_57, XTEAM, XTEAM Engine, participant_1, , ,
20141126_2111_58, Notification, XTEAM Engine, participant_1, 36, Simulation execution completion, ,
20141126_2111_58, XTEAM, XTEAM Engine, participant_1, , ,
20141126_2111_58, XTEAM, XTEAM Engine, participant_1, , ,
20141126_2111_58, XTEAM, XTEAM Engine, participant_1, , ,
20141126_2112_06, Notification, XTEAM Engine, participant_1, 37, Simulation execution completion, ,
20141126_2112_06, XTEAM, XTEAM Engine, participant_1, , ,
20141126_2112_06, XTEAM, XTEAM Engine, participant_1, , ,
20141126_2112_06, XTEAM, XTEAM Engine, participant_1, , ,
