TIME, Event name, OriginComponent, SenderUsername, EventID, Value, ,
20141119_1935_00, Login, FLAME Client, participant_0, , ,
20141119_1935_02, Login, XTEAM Engine, participant_0, , ,
20141119_1935_03, Login, FLAME Client, participant_1, , ,
20141119_1935_06, Login, XTEAM Engine, participant_1, , ,
20141119_1944_47, Design, FLAME Client, participant_1, 1, X`3f426f4b.6d164164.816fe575.67a4324f`ATTR`generate`Task`MON::Model [Task]`Aspect=xADLBehaviorAspect&Position=301.259`37598ce1.81784bb5.996843e8.1d554a61`Process`MON::Model [Process]`executionTime=7.5&memoryUsage=3&taskInstruction=nextTask = new Task;|nextTask->getTaskState().value() = 0;|nextTask->getTaskID().value() = taskIDCounter->getNextTaskID().value()++;````````````, ,
20141119_1944_49, Notification, XTEAM Engine, participant_1, 1, Simulation execution beginning, ,
20141119_1944_53, Design, FLAME Client, participant_1, 2, X`3f426f4b.6d164164.816fe575.67a4324f`ATTR`generate`Task`MON::Model [Task]`Aspect=xADLBehaviorAspect&Position=301.259`37598ce1.81784bb5.996843e8.1d554a61`Process`MON::Model [Process]`executionTime=7.5&memoryUsage=5500&taskInstruction=nextTask = new Task;|nextTask->getTaskState().value() = 0;|nextTask->getTaskID().value() = taskIDCounter->getNextTaskID().value()++;````````````, ,
20141119_1944_54, Notification, XTEAM Engine, participant_1, 2, Simulation execution beginning, ,
20141119_1945_21, Notification, XTEAM Engine, participant_1, 1, Simulation execution completion, ,
20141119_1945_21, XTEAM, XTEAM Engine, participant_1, , ,
20141119_1945_21, XTEAM, XTEAM Engine, participant_1, , ,
20141119_1945_21, XTEAM, XTEAM Engine, participant_1, , ,
20141119_1945_24, Design, FLAME Client, participant_1, 3, X`176369f9.b385435c.b2d59a0f.66ba660c`ATTR`Host_SubsetSum`Host`MON::Set [Host]`Aspect=xADLCoreAspect&Position=1610.385`bb42af9e.ee894de6.a8870ee2.566cbbfe`Architecture`MON::Model [Architecture]`receiveEnergyCost=101.280000&receiveEnergyOverhead=64.990000&transmitEnergyCost=182.000000&transmitEnergyOverhead=82.450000````````````, ,
20141119_1945_24, Notification, XTEAM Engine, participant_1, 2, Simulation execution completion, ,
20141119_1945_24, XTEAM, XTEAM Engine, participant_1, , ,
20141119_1945_24, XTEAM, XTEAM Engine, participant_1, , ,
20141119_1945_24, XTEAM, XTEAM Engine, participant_1, , ,
20141119_1945_25, Notification, XTEAM Engine, participant_1, 3, Simulation execution beginning, ,
20141119_1945_30, Design, FLAME Client, participant_1, 4, X`176369f9.b385435c.b2d59a0f.66ba660c`ATTR`Host_SubsetSum`Host`MON::Set [Host]`Aspect=xADLCoreAspect&Position=1610.385`bb42af9e.ee894de6.a8870ee2.566cbbfe`Architecture`MON::Model [Architecture]`receiveEnergyCost=101.280000&receiveEnergyOverhead=64.990000&transmitEnergyCost=182.000000&transmitEnergyOverhead=217.000000````````````, ,
20141119_1945_31, Notification, XTEAM Engine, participant_1, 4, Simulation execution beginning, ,
20141119_1945_56, Notification, XTEAM Engine, participant_1, 3, Simulation execution completion, ,
20141119_1945_56, XTEAM, XTEAM Engine, participant_1, , ,
20141119_1945_56, XTEAM, XTEAM Engine, participant_1, , ,
20141119_1945_56, XTEAM, XTEAM Engine, participant_1, , ,
20141119_1946_01, Notification, XTEAM Engine, participant_1, 4, Simulation execution completion, ,
20141119_1946_01, XTEAM, XTEAM Engine, participant_1, , ,
20141119_1946_01, XTEAM, XTEAM Engine, participant_1, , ,
20141119_1946_01, XTEAM, XTEAM Engine, participant_1, , ,
20141119_1947_00, Design, FLAME Client, participant_0, 1, X`4c379791.2eea468a.a8abbb1d.e5fba9bb`ATTR`perform`Task`MON::Model [Task]`Aspect=xADLBehaviorAspect&Position=336.217`c270ab26.2fff4b88.bf50a288.2d000ee5`Process`MON::Model [Process]`executionTime=350&memoryUsage=27&taskInstruction=nextResult[thread_id] = new Result;|nextResult[thread_id]->getResultState().value() = 0;|nextResult[thread_id]->getResultID().value() = nextTask[thread_id]->getTaskID().value();|nextResult[thread_id]->getResultValue().value() = 1;````````````, ,
20141119_1947_02, Notification, XTEAM Engine, participant_0, 1, Simulation execution beginning, ,
20141119_1947_25, Design, FLAME Client, participant_0, 2, X`4c379791.2eea468a.a8abbb1d.e5fba9bb`ATTR`perform`Task`MON::Model [Task]`Aspect=xADLBehaviorAspect&Position=336.217`c270ab26.2fff4b88.bf50a288.2d000ee5`Process`MON::Model [Process]`executionTime=350&memoryUsage=39&taskInstruction=nextResult[thread_id] = new Result;|nextResult[thread_id]->getResultState().value() = 0;|nextResult[thread_id]->getResultID().value() = nextTask[thread_id]->getTaskID().value();|nextResult[thread_id]->getResultValue().value() = 1;````````````, ,
20141119_1947_26, Notification, XTEAM Engine, participant_0, 2, Simulation execution beginning, ,
20141119_1947_33, Notification, XTEAM Engine, participant_0, 1, Simulation execution completion, ,
20141119_1947_33, XTEAM, XTEAM Engine, participant_0, , ,
20141119_1947_33, XTEAM, XTEAM Engine, participant_0, , ,
20141119_1947_33, XTEAM, XTEAM Engine, participant_0, , ,
20141119_1947_56, Notification, XTEAM Engine, participant_0, 2, Simulation execution completion, ,
20141119_1947_56, XTEAM, XTEAM Engine, participant_0, , ,
20141119_1947_56, XTEAM, XTEAM Engine, participant_0, , ,
20141119_1947_56, XTEAM, XTEAM Engine, participant_0, , ,
20141119_1952_40, Snapshot, FLAME Client, participant_1, 5, ,
20141119_1952_42, Notification, XTEAM Engine, participant_0, 3, Simulation execution beginning, ,
20141119_1953_12, Design, FLAME Client, participant_1, 6, X`3a60805b.3a524f70.a064acd1.88108a11`ATTR`generate`Task`MON::Model [Task]`Aspect=xADLBehaviorAspect&Position=301.259`fd961ab4.712348fe.91a8653d.18529735`Process`MON::Model [Process]`executionTime=7.5&memoryUsage=3&taskInstruction=nextTask = new Task;|nextTask->getTaskState().value() = 0;|nextTask->getTaskID().value() = taskIDCounter->getNextTaskID().value()++;````````````, ,
20141119_1953_13, Notification, XTEAM Engine, participant_0, 3, Simulation execution completion, ,
20141119_1953_13, XTEAM, XTEAM Engine, participant_0, , ,
20141119_1953_13, XTEAM, XTEAM Engine, participant_0, , ,
20141119_1953_13, XTEAM, XTEAM Engine, participant_0, , ,
20141119_1953_13, Notification, XTEAM Engine, participant_1, 5, Simulation execution beginning, ,
20141119_1953_20, Design, FLAME Client, participant_1, 7, X`3a60805b.3a524f70.a064acd1.88108a11`ATTR`generate`Task`MON::Model [Task]`Aspect=xADLBehaviorAspect&Position=301.259`fd961ab4.712348fe.91a8653d.18529735`Process`MON::Model [Process]`executionTime=7.5&memoryUsage=5500&taskInstruction=nextTask = new Task;|nextTask->getTaskState().value() = 0;|nextTask->getTaskID().value() = taskIDCounter->getNextTaskID().value()++;````````````, ,
20141119_1953_21, Notification, XTEAM Engine, participant_1, 6, Simulation execution beginning, ,
20141119_1953_46, Notification, XTEAM Engine, participant_1, 5, Simulation execution completion, ,
20141119_1953_46, XTEAM, XTEAM Engine, participant_1, , ,
20141119_1953_46, XTEAM, XTEAM Engine, participant_1, , ,
20141119_1953_46, XTEAM, XTEAM Engine, participant_1, , ,
20141119_1953_48, Design, FLAME Client, participant_1, 8, X`de311a94.5ac54159.8e7ae434.321ec71e`ATTR`HostSAT`Host`MON::Set [Host]`Aspect=xADLCoreAspect&Position=1610.497`bb42af9e.ee894de6.a8870ee2.566cbbfe`Architecture`MON::Model [Architecture]`receiveEnergyCost=101.280000&receiveEnergyOverhead=64.990000&transmitEnergyCost=182.000000&transmitEnergyOverhead=82.450000````````````, ,
20141119_1953_49, Notification, XTEAM Engine, participant_1, 7, Simulation execution beginning, ,
20141119_1953_52, Notification, XTEAM Engine, participant_1, 6, Simulation execution completion, ,
20141119_1953_52, XTEAM, XTEAM Engine, participant_1, , ,
20141119_1953_52, XTEAM, XTEAM Engine, participant_1, , ,
20141119_1953_52, XTEAM, XTEAM Engine, participant_1, , ,
20141119_1953_53, Design, FLAME Client, participant_1, 9, X`de311a94.5ac54159.8e7ae434.321ec71e`ATTR`HostSAT`Host`MON::Set [Host]`Aspect=xADLCoreAspect&Position=1610.497`bb42af9e.ee894de6.a8870ee2.566cbbfe`Architecture`MON::Model [Architecture]`receiveEnergyCost=101.280000&receiveEnergyOverhead=64.990000&transmitEnergyCost=182.000000&transmitEnergyOverhead=217.000000````````````, ,
20141119_1953_54, Notification, XTEAM Engine, participant_1, 8, Simulation execution beginning, ,
20141119_1954_21, Notification, XTEAM Engine, participant_1, 7, Simulation execution completion, ,
20141119_1954_21, XTEAM, XTEAM Engine, participant_1, , ,
20141119_1954_21, XTEAM, XTEAM Engine, participant_1, , ,
20141119_1954_21, XTEAM, XTEAM Engine, participant_1, , ,
20141119_1954_25, Notification, XTEAM Engine, participant_1, 8, Simulation execution completion, ,
20141119_1954_25, XTEAM, XTEAM Engine, participant_1, , ,
20141119_1954_25, XTEAM, XTEAM Engine, participant_1, , ,
20141119_1954_25, XTEAM, XTEAM Engine, participant_1, , ,
20141119_2000_24, Design, FLAME Client, participant_0, 3, X`4c379791.2eea468a.a8abbb1d.e5fba9bb`ATTR`perform`Task`MON::Model [Task]`Aspect=xADLBehaviorAspect&Position=336.217`c270ab26.2fff4b88.bf50a288.2d000ee5`Process`MON::Model [Process]`executionTime=200&memoryUsage=39&taskInstruction=nextResult[thread_id] = new Result;|nextResult[thread_id]->getResultState().value() = 0;|nextResult[thread_id]->getResultID().value() = nextTask[thread_id]->getTaskID().value();|nextResult[thread_id]->getResultValue().value() = 1;````````````, ,
20141119_2000_24, Snapshot, FLAME Client, participant_1, 10, ,
20141119_2000_25, Notification, XTEAM Engine, participant_0, 4, Simulation execution beginning, ,
20141119_2000_27, Notification, XTEAM Engine, participant_0, 5, Simulation execution beginning, ,
20141119_2000_36, Design, FLAME Client, participant_0, 4, X`4c379791.2eea468a.a8abbb1d.e5fba9bb`ATTR`perform`Task`MON::Model [Task]`Aspect=xADLBehaviorAspect&Position=336.217`c270ab26.2fff4b88.bf50a288.2d000ee5`Process`MON::Model [Process]`executionTime=200&memoryUsage=92&taskInstruction=nextResult[thread_id] = new Result;|nextResult[thread_id]->getResultState().value() = 0;|nextResult[thread_id]->getResultID().value() = nextTask[thread_id]->getTaskID().value();|nextResult[thread_id]->getResultValue().value() = 1;````````````, ,
20141119_2000_37, Notification, XTEAM Engine, participant_0, 6, Simulation execution beginning, ,
20141119_2001_00, Notification, XTEAM Engine, participant_0, 4, Simulation execution completion, ,
20141119_2001_00, XTEAM, XTEAM Engine, participant_0, , ,
20141119_2001_00, XTEAM, XTEAM Engine, participant_0, , ,
20141119_2001_00, XTEAM, XTEAM Engine, participant_0, , ,
20141119_2001_01, Notification, XTEAM Engine, participant_0, 5, Simulation execution completion, ,
20141119_2001_01, XTEAM, XTEAM Engine, participant_0, , ,
20141119_2001_01, XTEAM, XTEAM Engine, participant_0, , ,
20141119_2001_01, XTEAM, XTEAM Engine, participant_0, , ,
20141119_2001_07, Notification, XTEAM Engine, participant_0, 6, Simulation execution completion, ,
20141119_2001_07, XTEAM, XTEAM Engine, participant_0, , ,
20141119_2001_07, XTEAM, XTEAM Engine, participant_0, , ,
20141119_2001_07, XTEAM, XTEAM Engine, participant_0, , ,
20141119_2002_23, Design, FLAME Client, participant_1, 11, X`3f426f4b.6d164164.816fe575.67a4324f`ATTR`generate`Task`MON::Model [Task]`Aspect=xADLBehaviorAspect&Position=301.259`37598ce1.81784bb5.996843e8.1d554a61`Process`MON::Model [Process]`executionTime=7&memoryUsage=5500&taskInstruction=nextTask = new Task;|nextTask->getTaskState().value() = 0;|nextTask->getTaskID().value() = taskIDCounter->getNextTaskID().value()++;````````````, ,
20141119_2002_24, Notification, XTEAM Engine, participant_1, 9, Simulation execution beginning, ,
20141119_2002_29, Design, FLAME Client, participant_1, 12, X`3f426f4b.6d164164.816fe575.67a4324f`ATTR`generate`Task`MON::Model [Task]`Aspect=xADLBehaviorAspect&Position=301.259`37598ce1.81784bb5.996843e8.1d554a61`Process`MON::Model [Process]`executionTime=7&memoryUsage=11000&taskInstruction=nextTask = new Task;|nextTask->getTaskState().value() = 0;|nextTask->getTaskID().value() = taskIDCounter->getNextTaskID().value()++;````````````, ,
20141119_2002_31, Notification, XTEAM Engine, participant_1, 10, Simulation execution beginning, ,
20141119_2002_44, Design, FLAME Client, participant_1, 13, X`176369f9.b385435c.b2d59a0f.66ba660c`ATTR`Host_SubsetSum`Host`MON::Set [Host]`Aspect=xADLCoreAspect&Position=1610.385`bb42af9e.ee894de6.a8870ee2.566cbbfe`Architecture`MON::Model [Architecture]`receiveEnergyCost=101.280000&receiveEnergyOverhead=64.990000&transmitEnergyCost=330.000000&transmitEnergyOverhead=217.000000````````````, ,
20141119_2002_45, Notification, XTEAM Engine, participant_1, 11, Simulation execution beginning, ,
20141119_2002_51, Design, FLAME Client, participant_1, 14, X`176369f9.b385435c.b2d59a0f.66ba660c`ATTR`Host_SubsetSum`Host`MON::Set [Host]`Aspect=xADLCoreAspect&Position=1610.385`bb42af9e.ee894de6.a8870ee2.566cbbfe`Architecture`MON::Model [Architecture]`receiveEnergyCost=101.280000&receiveEnergyOverhead=64.990000&transmitEnergyCost=330.000000&transmitEnergyOverhead=429.000000````````````, ,
20141119_2002_52, Notification, XTEAM Engine, participant_1, 12, Simulation execution beginning, ,
20141119_2002_59, Notification, XTEAM Engine, participant_1, 9, Simulation execution completion, ,
20141119_2002_59, XTEAM, XTEAM Engine, participant_1, , ,
20141119_2002_59, XTEAM, XTEAM Engine, participant_1, , ,
20141119_2002_59, XTEAM, XTEAM Engine, participant_1, , ,
20141119_2003_05, Notification, XTEAM Engine, participant_1, 10, Simulation execution completion, ,
20141119_2003_05, XTEAM, XTEAM Engine, participant_1, , ,
20141119_2003_05, XTEAM, XTEAM Engine, participant_1, , ,
20141119_2003_05, XTEAM, XTEAM Engine, participant_1, , ,
20141119_2003_17, Notification, XTEAM Engine, participant_1, 11, Simulation execution completion, ,
20141119_2003_17, XTEAM, XTEAM Engine, participant_1, , ,
20141119_2003_17, XTEAM, XTEAM Engine, participant_1, , ,
20141119_2003_17, XTEAM, XTEAM Engine, participant_1, , ,
20141119_2003_22, Notification, XTEAM Engine, participant_1, 12, Simulation execution completion, ,
20141119_2003_22, XTEAM, XTEAM Engine, participant_1, , ,
20141119_2003_22, XTEAM, XTEAM Engine, participant_1, , ,
20141119_2003_22, XTEAM, XTEAM Engine, participant_1, , ,
20141119_2005_08, Design, FLAME Client, participant_0, 5, X`4c379791.2eea468a.a8abbb1d.e5fba9bb`ATTR`perform`Task`MON::Model [Task]`Aspect=xADLBehaviorAspect&Position=336.217`c270ab26.2fff4b88.bf50a288.2d000ee5`Process`MON::Model [Process]`executionTime=500&memoryUsage=92&taskInstruction=nextResult[thread_id] = new Result;|nextResult[thread_id]->getResultState().value() = 0;|nextResult[thread_id]->getResultID().value() = nextTask[thread_id]->getTaskID().value();|nextResult[thread_id]->getResultValue().value() = 1;````````````, ,
20141119_2005_09, Notification, XTEAM Engine, participant_0, 7, Simulation execution beginning, ,
20141119_2005_12, Design, FLAME Client, participant_0, 6, X`4c379791.2eea468a.a8abbb1d.e5fba9bb`ATTR`perform`Task`MON::Model [Task]`Aspect=xADLBehaviorAspect&Position=336.217`c270ab26.2fff4b88.bf50a288.2d000ee5`Process`MON::Model [Process]`executionTime=500&memoryUsage=27&taskInstruction=nextResult[thread_id] = new Result;|nextResult[thread_id]->getResultState().value() = 0;|nextResult[thread_id]->getResultID().value() = nextTask[thread_id]->getTaskID().value();|nextResult[thread_id]->getResultValue().value() = 1;````````````, ,
20141119_2005_13, Notification, XTEAM Engine, participant_0, 8, Simulation execution beginning, ,
20141119_2005_40, Notification, XTEAM Engine, participant_0, 7, Simulation execution completion, ,
20141119_2005_40, XTEAM, XTEAM Engine, participant_0, , ,
20141119_2005_40, XTEAM, XTEAM Engine, participant_0, , ,
20141119_2005_40, XTEAM, XTEAM Engine, participant_0, , ,
20141119_2005_45, Notification, XTEAM Engine, participant_0, 8, Simulation execution completion, ,
20141119_2005_45, XTEAM, XTEAM Engine, participant_0, , ,
20141119_2005_45, XTEAM, XTEAM Engine, participant_0, , ,
20141119_2005_45, XTEAM, XTEAM Engine, participant_0, , ,
