TIME, Event name, OriginComponent, SenderUsername, EventID, ,
20140327_1031_42, Snapshot, CoWare XTEAM Client, participant_1, 4, ,
20140327_1031_47, Snapshot, CoWare XTEAM Client, participant_1, 5, ,
20140327_1031_55, Snapshot, CoWare XTEAM Client, participant_1, 6, ,
20140327_1031_55, Snapshot, CoWare XTEAM Client, participant_1, 7, ,
20140327_1031_55, Snapshot, CoWare XTEAM Client, participant_1, 8, ,
20140327_1031_56, Snapshot, CoWare XTEAM Client, participant_1, 9, ,
20140327_1031_56, Snapshot, CoWare XTEAM Client, participant_1, 10, ,
20140327_1040_40, Snapshot, CoWare XTEAM Client, participant_0, 13, ,
20140327_1040_55, Snapshot, CoWare XTEAM Client, participant_1, 17, ,
20140327_1044_47, Snapshot, CoWare XTEAM Client, participant_0, 20, ,
