TIME, Event name, OriginComponent, SenderUsername, EventID, Value, ,
20141205_1259_28, Login, FLAME Client, participant_0, , ,
20141205_1259_30, Login, XTEAM Engine, participant_0, , ,
20141205_1259_32, Login, FLAME Client, participant_1, , ,
20141205_1259_35, Login, XTEAM Engine, participant_1, , ,
20141205_1300_13, Design, FLAME Client, participant_1, 1, X`3f426f4b.6d164164.816fe575.67a4324f`ATTR`generate`Task`MON::Model [Task]`Aspect=xADLBehaviorAspect&Position=301.259`37598ce1.81784bb5.996843e8.1d554a61`Process`MON::Model [Process]`executionTime=200&memoryUsage=3&taskInstruction=nextTask = new Task;|nextTask->getTaskState().value() = 0;|nextTask->getTaskID().value() = taskIDCounter->getNextTaskID().value()++;````````````, ,
20141205_1300_14, Notification, XTEAM Engine, participant_1, 1, Simulation execution beginning, ,
20141205_1300_17, Design, FLAME Client, participant_1, 2, X`3f426f4b.6d164164.816fe575.67a4324f`ATTR`generate`Task`MON::Model [Task]`Aspect=xADLBehaviorAspect&Position=301.259`37598ce1.81784bb5.996843e8.1d554a61`Process`MON::Model [Process]`executionTime=200&memoryUsage=65&taskInstruction=nextTask = new Task;|nextTask->getTaskState().value() = 0;|nextTask->getTaskID().value() = taskIDCounter->getNextTaskID().value()++;````````````, ,
20141205_1300_18, Notification, XTEAM Engine, participant_1, 2, Simulation execution beginning, ,
20141205_1300_20, Design, FLAME Client, participant_0, 1, X`4c379791.2eea468a.a8abbb1d.e5fba9bb`ATTR`perform`Task`MON::Model [Task]`Aspect=xADLBehaviorAspect&Position=336.217`c270ab26.2fff4b88.bf50a288.2d000ee5`Process`MON::Model [Process]`executionTime=200&memoryUsage=27&taskInstruction=nextResult[thread_id] = new Result;|nextResult[thread_id]->getResultState().value() = 0;|nextResult[thread_id]->getResultID().value() = nextTask[thread_id]->getTaskID().value();|nextResult[thread_id]->getResultValue().value() = 1;````````````, ,
20141205_1300_22, Notification, XTEAM Engine, participant_0, 1, Simulation execution beginning, ,
20141205_1300_27, Design, FLAME Client, participant_0, 2, X`4c379791.2eea468a.a8abbb1d.e5fba9bb`ATTR`perform`Task`MON::Model [Task]`Aspect=xADLBehaviorAspect&Position=336.217`c270ab26.2fff4b88.bf50a288.2d000ee5`Process`MON::Model [Process]`executionTime=200&memoryUsage=92&taskInstruction=nextResult[thread_id] = new Result;|nextResult[thread_id]->getResultState().value() = 0;|nextResult[thread_id]->getResultID().value() = nextTask[thread_id]->getTaskID().value();|nextResult[thread_id]->getResultValue().value() = 1;````````````, ,
20141205_1300_28, Notification, XTEAM Engine, participant_0, 2, Simulation execution beginning, ,
20141205_1300_37, Design, FLAME Client, participant_0, 3, X`64e3f498.f1114939.ba695f73.d07188e3`ATTR`perform`Task`MON::Model [Task]`Aspect=xADLBehaviorAspect&Position=308.301`d640f4b9.22e14264.b459176e.af6b895e`Process`MON::Model [Process]`executionTime=200&memoryUsage=27&taskInstruction=nextResult[thread_id] = new Result;|nextResult[thread_id]->getResultState().value() = 0;|nextResult[thread_id]->getResultID().value() = nextTask[thread_id]->getTaskID().value();|nextResult[thread_id]->getResultValue().value() = 1;````````````, ,
20141205_1300_38, Design, FLAME Client, participant_1, 3, X`176369f9.b385435c.b2d59a0f.66ba660c`ATTR`Host_SubsetSum`Host`MON::Set [Host]`Aspect=xADLCoreAspect&Position=1610.385`bb42af9e.ee894de6.a8870ee2.566cbbfe`Architecture`MON::Model [Architecture]`receiveEnergyCost=101.280000&receiveEnergyOverhead=64.990000&transmitEnergyCost=514.000000&transmitEnergyOverhead=82.450000````````````, ,
20141205_1300_39, Notification, XTEAM Engine, participant_0, 3, Simulation execution beginning, ,
20141205_1300_40, Design, FLAME Client, participant_0, 4, X`64e3f498.f1114939.ba695f73.d07188e3`ATTR`perform`Task`MON::Model [Task]`Aspect=xADLBehaviorAspect&Position=308.301`d640f4b9.22e14264.b459176e.af6b895e`Process`MON::Model [Process]`executionTime=200&memoryUsage=92&taskInstruction=nextResult[thread_id] = new Result;|nextResult[thread_id]->getResultState().value() = 0;|nextResult[thread_id]->getResultID().value() = nextTask[thread_id]->getTaskID().value();|nextResult[thread_id]->getResultValue().value() = 1;````````````, ,
20141205_1300_42, Notification, XTEAM Engine, participant_1, 3, Simulation execution beginning, ,
20141205_1300_44, Notification, XTEAM Engine, participant_0, 4, Simulation execution beginning, ,
20141205_1300_45, Design, FLAME Client, participant_1, 4, X`176369f9.b385435c.b2d59a0f.66ba660c`ATTR`Host_SubsetSum`Host`MON::Set [Host]`Aspect=xADLCoreAspect&Position=1610.385`bb42af9e.ee894de6.a8870ee2.566cbbfe`Architecture`MON::Model [Architecture]`receiveEnergyCost=101.280000&receiveEnergyOverhead=64.990000&transmitEnergyCost=514.000000&transmitEnergyOverhead=755.000000````````````, ,
20141205_1300_47, Notification, XTEAM Engine, participant_1, 4, Simulation execution beginning, ,
20141205_1301_03, Design, FLAME Client, participant_0, 5, X`cdc6010e.7cf74d31.85daf3c3.1e9a4be8`ATTR`Host_Client`Host`MON::Set [Host]`Aspect=xADLCoreAspect&Position=28.560`bb42af9e.ee894de6.a8870ee2.566cbbfe`Architecture`MON::Model [Architecture]`receiveEnergyCost=150.010000&receiveEnergyOverhead=101.860000&transmitEnergyCost=514.000000&transmitEnergyOverhead=129.870000````````````, ,
20141205_1301_04, Notification, XTEAM Engine, participant_0, 5, Simulation execution beginning, ,
20141205_1301_06, Design, FLAME Client, participant_0, 6, X`cdc6010e.7cf74d31.85daf3c3.1e9a4be8`ATTR`Host_Client`Host`MON::Set [Host]`Aspect=xADLCoreAspect&Position=28.560`bb42af9e.ee894de6.a8870ee2.566cbbfe`Architecture`MON::Model [Architecture]`receiveEnergyCost=150.010000&receiveEnergyOverhead=101.860000&transmitEnergyCost=514.000000&transmitEnergyOverhead=755.000000````````````, ,
20141205_1301_06, Notification, XTEAM Engine, participant_1, 1, Simulation execution completion, ,
20141205_1301_06, XTEAM, XTEAM Engine, participant_1, , ,
20141205_1301_06, XTEAM, XTEAM Engine, participant_1, , ,
20141205_1301_06, XTEAM, XTEAM Engine, participant_1, , ,
20141205_1301_06, Notification, XTEAM Engine, participant_1, 2, Simulation execution completion, ,
20141205_1301_06, XTEAM, XTEAM Engine, participant_1, , ,
20141205_1301_06, XTEAM, XTEAM Engine, participant_1, , ,
20141205_1301_06, XTEAM, XTEAM Engine, participant_1, , ,
20141205_1301_07, Notification, XTEAM Engine, participant_0, 6, Simulation execution beginning, ,
20141205_1301_12, Notification, XTEAM Engine, participant_0, 1, Simulation execution completion, ,
20141205_1301_12, XTEAM, XTEAM Engine, participant_0, , ,
20141205_1301_12, XTEAM, XTEAM Engine, participant_0, , ,
20141205_1301_12, XTEAM, XTEAM Engine, participant_0, , ,
20141205_1301_14, Design, FLAME Client, participant_0, 7, X`25fea250.79aa4baf.b62be506.e9d1819a`ATTR`Host_GCE`Host`MON::Set [Host]`Aspect=xADLCoreAspect&Position=161.560`bb42af9e.ee894de6.a8870ee2.566cbbfe`Architecture`MON::Model [Architecture]`receiveEnergyCost=150.010000&receiveEnergyOverhead=101.860000&transmitEnergyCost=514.000000&transmitEnergyOverhead=129.870000````````````, ,
20141205_1301_15, Notification, XTEAM Engine, participant_0, 2, Simulation execution completion, ,
20141205_1301_15, XTEAM, XTEAM Engine, participant_0, , ,
20141205_1301_15, XTEAM, XTEAM Engine, participant_0, , ,
20141205_1301_15, XTEAM, XTEAM Engine, participant_0, , ,
20141205_1301_16, Notification, XTEAM Engine, participant_0, 7, Simulation execution beginning, ,
20141205_1301_20, Design, FLAME Client, participant_0, 8, X`25fea250.79aa4baf.b62be506.e9d1819a`ATTR`Host_GCE`Host`MON::Set [Host]`Aspect=xADLCoreAspect&Position=161.560`bb42af9e.ee894de6.a8870ee2.566cbbfe`Architecture`MON::Model [Architecture]`receiveEnergyCost=150.010000&receiveEnergyOverhead=101.860000&transmitEnergyCost=514.000000&transmitEnergyOverhead=755.000000````````````, ,
20141205_1301_26, Notification, XTEAM Engine, participant_0, 8, Simulation execution beginning, ,
20141205_1301_28, Notification, XTEAM Engine, participant_1, 3, Simulation execution completion, ,
20141205_1301_28, XTEAM, XTEAM Engine, participant_1, , ,
20141205_1301_28, XTEAM, XTEAM Engine, participant_1, , ,
20141205_1301_28, XTEAM, XTEAM Engine, participant_1, , ,
20141205_1301_28, Notification, XTEAM Engine, participant_1, 4, Simulation execution completion, ,
20141205_1301_28, XTEAM, XTEAM Engine, participant_1, , ,
20141205_1301_28, XTEAM, XTEAM Engine, participant_1, , ,
20141205_1301_28, XTEAM, XTEAM Engine, participant_1, , ,
20141205_1301_29, Notification, XTEAM Engine, participant_0, 3, Simulation execution completion, ,
20141205_1301_29, XTEAM, XTEAM Engine, participant_0, , ,
20141205_1301_29, XTEAM, XTEAM Engine, participant_0, , ,
20141205_1301_29, XTEAM, XTEAM Engine, participant_0, , ,
20141205_1301_30, Notification, XTEAM Engine, participant_0, 4, Simulation execution completion, ,
20141205_1301_30, XTEAM, XTEAM Engine, participant_0, , ,
20141205_1301_30, XTEAM, XTEAM Engine, participant_0, , ,
20141205_1301_30, XTEAM, XTEAM Engine, participant_0, , ,
20141205_1301_51, Notification, XTEAM Engine, participant_0, 6, Simulation execution completion, ,
20141205_1301_51, XTEAM, XTEAM Engine, participant_0, , ,
20141205_1301_51, XTEAM, XTEAM Engine, participant_0, , ,
20141205_1301_51, XTEAM, XTEAM Engine, participant_0, , ,
20141205_1301_52, Notification, XTEAM Engine, participant_0, 5, Simulation execution completion, ,
20141205_1301_52, XTEAM, XTEAM Engine, participant_0, , ,
20141205_1301_52, XTEAM, XTEAM Engine, participant_0, , ,
20141205_1301_52, XTEAM, XTEAM Engine, participant_0, , ,
20141205_1302_02, Snapshot, FLAME Client, participant_1, 5, ,
20141205_1302_03, Notification, XTEAM Engine, participant_0, 7, Simulation execution completion, ,
20141205_1302_04, XTEAM, XTEAM Engine, participant_0, , ,
20141205_1302_04, XTEAM, XTEAM Engine, participant_0, , ,
20141205_1302_04, XTEAM, XTEAM Engine, participant_0, , ,
20141205_1302_04, Notification, XTEAM Engine, participant_0, 9, Simulation execution beginning, ,
20141205_1302_06, Notification, XTEAM Engine, participant_0, 8, Simulation execution completion, ,
20141205_1302_06, XTEAM, XTEAM Engine, participant_0, , ,
20141205_1302_06, XTEAM, XTEAM Engine, participant_0, , ,
20141205_1302_06, XTEAM, XTEAM Engine, participant_0, , ,
20141205_1302_38, Notification, XTEAM Engine, participant_0, 9, Simulation execution completion, ,
20141205_1302_38, XTEAM, XTEAM Engine, participant_0, , ,
20141205_1302_38, XTEAM, XTEAM Engine, participant_0, , ,
20141205_1302_38, XTEAM, XTEAM Engine, participant_0, , ,
20141205_1305_29, Update, FLAME Client, participant_0, 9, ,
20141205_1305_33, Snapshot, FLAME Client, participant_0, 10, ,
20141205_1305_35, Notification, XTEAM Engine, participant_1, 5, Simulation execution beginning, ,
20141205_1305_45, Update, FLAME Client, participant_1, 6, ,
20141205_1306_06, Notification, XTEAM Engine, participant_1, 5, Simulation execution completion, ,
20141205_1306_06, XTEAM, XTEAM Engine, participant_1, , ,
20141205_1306_06, XTEAM, XTEAM Engine, participant_1, , ,
20141205_1306_06, XTEAM, XTEAM Engine, participant_1, , ,
20141205_1312_39, Design, FLAME Client, participant_1, 7, X`3a60805b.3a524f70.a064acd1.88108a11`ATTR`generate`Task`MON::Model [Task]`Aspect=xADLBehaviorAspect&Position=301.259`fd961ab4.712348fe.91a8653d.18529735`Process`MON::Model [Process]`executionTime=200&memoryUsage=3&taskInstruction=nextTask = new Task;|nextTask->getTaskState().value() = 0;|nextTask->getTaskID().value() = taskIDCounter->getNextTaskID().value()++;````````````, ,
20141205_1312_40, Notification, XTEAM Engine, participant_1, 6, Simulation execution beginning, ,
20141205_1312_44, Design, FLAME Client, participant_1, 8, X`3a60805b.3a524f70.a064acd1.88108a11`ATTR`generate`Task`MON::Model [Task]`Aspect=xADLBehaviorAspect&Position=301.259`fd961ab4.712348fe.91a8653d.18529735`Process`MON::Model [Process]`executionTime=200&memoryUsage=65&taskInstruction=nextTask = new Task;|nextTask->getTaskState().value() = 0;|nextTask->getTaskID().value() = taskIDCounter->getNextTaskID().value()++;````````````, ,
20141205_1312_45, Notification, XTEAM Engine, participant_1, 7, Simulation execution beginning, ,
20141205_1312_53, Design, FLAME Client, participant_1, 9, X`de311a94.5ac54159.8e7ae434.321ec71e`ATTR`HostSAT`Host`MON::Set [Host]`Aspect=xADLCoreAspect&Position=1610.497`bb42af9e.ee894de6.a8870ee2.566cbbfe`Architecture`MON::Model [Architecture]`receiveEnergyCost=101.280000&receiveEnergyOverhead=64.990000&transmitEnergyCost=514.000000&transmitEnergyOverhead=82.450000````````````, ,
20141205_1312_54, Notification, XTEAM Engine, participant_1, 8, Simulation execution beginning, ,
20141205_1312_58, Design, FLAME Client, participant_1, 10, X`de311a94.5ac54159.8e7ae434.321ec71e`ATTR`HostSAT`Host`MON::Set [Host]`Aspect=xADLCoreAspect&Position=1610.497`bb42af9e.ee894de6.a8870ee2.566cbbfe`Architecture`MON::Model [Architecture]`receiveEnergyCost=101.280000&receiveEnergyOverhead=64.990000&transmitEnergyCost=514.000000&transmitEnergyOverhead=755.000000````````````, ,
20141205_1312_59, Notification, XTEAM Engine, participant_1, 9, Simulation execution beginning, ,
20141205_1313_15, Notification, XTEAM Engine, participant_1, 6, Simulation execution completion, ,
20141205_1313_15, XTEAM, XTEAM Engine, participant_1, , ,
20141205_1313_15, XTEAM, XTEAM Engine, participant_1, , ,
20141205_1313_15, XTEAM, XTEAM Engine, participant_1, , ,
20141205_1313_21, Notification, XTEAM Engine, participant_1, 7, Simulation execution completion, ,
20141205_1313_21, XTEAM, XTEAM Engine, participant_1, , ,
20141205_1313_21, XTEAM, XTEAM Engine, participant_1, , ,
20141205_1313_21, XTEAM, XTEAM Engine, participant_1, , ,
20141205_1313_28, Notification, XTEAM Engine, participant_1, 8, Simulation execution completion, ,
20141205_1313_28, XTEAM, XTEAM Engine, participant_1, , ,
20141205_1313_28, XTEAM, XTEAM Engine, participant_1, , ,
20141205_1313_28, XTEAM, XTEAM Engine, participant_1, , ,
20141205_1313_30, Notification, XTEAM Engine, participant_1, 9, Simulation execution completion, ,
20141205_1313_30, XTEAM, XTEAM Engine, participant_1, , ,
20141205_1313_30, XTEAM, XTEAM Engine, participant_1, , ,
20141205_1313_30, XTEAM, XTEAM Engine, participant_1, , ,
20141205_1314_47, Design, FLAME Client, participant_1, 11, X`3f426f4b.6d164164.816fe575.67a4324f`ATTR`generate`Task`MON::Model [Task]`Aspect=xADLBehaviorAspect&Position=301.259`37598ce1.81784bb5.996843e8.1d554a61`Process`MON::Model [Process]`executionTime=300&memoryUsage=65&taskInstruction=nextTask = new Task;|nextTask->getTaskState().value() = 0;|nextTask->getTaskID().value() = taskIDCounter->getNextTaskID().value()++;````````````, ,
20141205_1314_48, Notification, XTEAM Engine, participant_1, 10, Simulation execution beginning, ,
20141205_1314_52, Design, FLAME Client, participant_1, 12, X`3f426f4b.6d164164.816fe575.67a4324f`ATTR`generate`Task`MON::Model [Task]`Aspect=xADLBehaviorAspect&Position=301.259`37598ce1.81784bb5.996843e8.1d554a61`Process`MON::Model [Process]`executionTime=300&memoryUsage=429&taskInstruction=nextTask = new Task;|nextTask->getTaskState().value() = 0;|nextTask->getTaskID().value() = taskIDCounter->getNextTaskID().value()++;````````````, ,
20141205_1314_53, Notification, XTEAM Engine, participant_1, 11, Simulation execution beginning, ,
20141205_1315_07, Design, FLAME Client, participant_1, 13, X`3a60805b.3a524f70.a064acd1.88108a11`ATTR`generate`Task`MON::Model [Task]`Aspect=xADLBehaviorAspect&Position=301.259`fd961ab4.712348fe.91a8653d.18529735`Process`MON::Model [Process]`executionTime=300&memoryUsage=65&taskInstruction=nextTask = new Task;|nextTask->getTaskState().value() = 0;|nextTask->getTaskID().value() = taskIDCounter->getNextTaskID().value()++;````````````, ,
20141205_1315_08, Notification, XTEAM Engine, participant_1, 12, Simulation execution beginning, ,
20141205_1315_10, Design, FLAME Client, participant_1, 14, X`3a60805b.3a524f70.a064acd1.88108a11`ATTR`generate`Task`MON::Model [Task]`Aspect=xADLBehaviorAspect&Position=301.259`fd961ab4.712348fe.91a8653d.18529735`Process`MON::Model [Process]`executionTime=300&memoryUsage=429&taskInstruction=nextTask = new Task;|nextTask->getTaskState().value() = 0;|nextTask->getTaskID().value() = taskIDCounter->getNextTaskID().value()++;````````````, ,
20141205_1315_12, Notification, XTEAM Engine, participant_1, 13, Simulation execution beginning, ,
20141205_1315_20, Design, FLAME Client, participant_1, 15, X`176369f9.b385435c.b2d59a0f.66ba660c`ATTR`Host_SubsetSum`Host`MON::Set [Host]`Aspect=xADLCoreAspect&Position=1610.385`bb42af9e.ee894de6.a8870ee2.566cbbfe`Architecture`MON::Model [Architecture]`receiveEnergyCost=101.280000&receiveEnergyOverhead=64.990000&transmitEnergyCost=330.000000&transmitEnergyOverhead=755.000000````````````, ,
20141205_1315_21, Notification, XTEAM Engine, participant_1, 14, Simulation execution beginning, ,
20141205_1315_23, Notification, XTEAM Engine, participant_1, 10, Simulation execution completion, ,
20141205_1315_23, XTEAM, XTEAM Engine, participant_1, , ,
20141205_1315_23, XTEAM, XTEAM Engine, participant_1, , ,
20141205_1315_24, XTEAM, XTEAM Engine, participant_1, , ,
20141205_1315_26, Design, FLAME Client, participant_1, 16, X`176369f9.b385435c.b2d59a0f.66ba660c`ATTR`Host_SubsetSum`Host`MON::Set [Host]`Aspect=xADLCoreAspect&Position=1610.385`bb42af9e.ee894de6.a8870ee2.566cbbfe`Architecture`MON::Model [Architecture]`receiveEnergyCost=101.280000&receiveEnergyOverhead=64.990000&transmitEnergyCost=330.000000&transmitEnergyOverhead=429.000000````````````, ,
20141205_1315_28, Notification, XTEAM Engine, participant_1, 15, Simulation execution beginning, ,
20141205_1315_29, Notification, XTEAM Engine, participant_1, 11, Simulation execution completion, ,
20141205_1315_29, XTEAM, XTEAM Engine, participant_1, , ,
20141205_1315_29, XTEAM, XTEAM Engine, participant_1, , ,
20141205_1315_29, XTEAM, XTEAM Engine, participant_1, , ,
20141205_1315_30, Design, FLAME Client, participant_1, 17, X`de311a94.5ac54159.8e7ae434.321ec71e`ATTR`HostSAT`Host`MON::Set [Host]`Aspect=xADLCoreAspect&Position=1610.497`bb42af9e.ee894de6.a8870ee2.566cbbfe`Architecture`MON::Model [Architecture]`receiveEnergyCost=101.280000&receiveEnergyOverhead=64.990000&transmitEnergyCost=330.000000&transmitEnergyOverhead=755.000000````````````, ,
20141205_1315_31, Notification, XTEAM Engine, participant_1, 16, Simulation execution beginning, ,
20141205_1315_33, Design, FLAME Client, participant_1, 18, X`de311a94.5ac54159.8e7ae434.321ec71e`ATTR`HostSAT`Host`MON::Set [Host]`Aspect=xADLCoreAspect&Position=1610.497`bb42af9e.ee894de6.a8870ee2.566cbbfe`Architecture`MON::Model [Architecture]`receiveEnergyCost=101.280000&receiveEnergyOverhead=64.990000&transmitEnergyCost=330.000000&transmitEnergyOverhead=429.000000````````````, ,
20141205_1315_35, Notification, XTEAM Engine, participant_1, 17, Simulation execution beginning, ,
20141205_1315_44, Notification, XTEAM Engine, participant_1, 12, Simulation execution completion, ,
20141205_1315_44, XTEAM, XTEAM Engine, participant_1, , ,
20141205_1315_44, XTEAM, XTEAM Engine, participant_1, , ,
20141205_1315_44, XTEAM, XTEAM Engine, participant_1, , ,
20141205_1315_48, Notification, XTEAM Engine, participant_1, 13, Simulation execution completion, ,
20141205_1315_48, XTEAM, XTEAM Engine, participant_1, , ,
20141205_1315_48, XTEAM, XTEAM Engine, participant_1, , ,
20141205_1315_48, XTEAM, XTEAM Engine, participant_1, , ,
20141205_1315_57, Notification, XTEAM Engine, participant_1, 14, Simulation execution completion, ,
20141205_1315_57, XTEAM, XTEAM Engine, participant_1, , ,
20141205_1315_57, XTEAM, XTEAM Engine, participant_1, , ,
20141205_1315_57, XTEAM, XTEAM Engine, participant_1, , ,
20141205_1316_03, Notification, XTEAM Engine, participant_1, 15, Simulation execution completion, ,
20141205_1316_03, XTEAM, XTEAM Engine, participant_1, , ,
20141205_1316_03, XTEAM, XTEAM Engine, participant_1, , ,
20141205_1316_03, XTEAM, XTEAM Engine, participant_1, , ,
20141205_1316_15, Notification, XTEAM Engine, participant_1, 16, Simulation execution completion, ,
20141205_1316_15, XTEAM, XTEAM Engine, participant_1, , ,
20141205_1316_15, XTEAM, XTEAM Engine, participant_1, , ,
20141205_1316_15, XTEAM, XTEAM Engine, participant_1, , ,
20141205_1316_18, Notification, XTEAM Engine, participant_1, 17, Simulation execution completion, ,
20141205_1316_18, XTEAM, XTEAM Engine, participant_1, , ,
20141205_1316_18, XTEAM, XTEAM Engine, participant_1, , ,
20141205_1316_18, XTEAM, XTEAM Engine, participant_1, , ,
20141205_1317_57, Design, FLAME Client, participant_0, 11, X`4c379791.2eea468a.a8abbb1d.e5fba9bb`ATTR`perform`Task`MON::Model [Task]`Aspect=xADLBehaviorAspect&Position=336.217`c270ab26.2fff4b88.bf50a288.2d000ee5`Process`MON::Model [Process]`executionTime=350&memoryUsage=92&taskInstruction=nextResult[thread_id] = new Result;|nextResult[thread_id]->getResultState().value() = 0;|nextResult[thread_id]->getResultID().value() = nextTask[thread_id]->getTaskID().value();|nextResult[thread_id]->getResultValue().value() = 1;````````````, ,
20141205_1317_58, Notification, XTEAM Engine, participant_0, 10, Simulation execution beginning, ,
20141205_1318_06, Design, FLAME Client, participant_0, 12, X`4c379791.2eea468a.a8abbb1d.e5fba9bb`ATTR`perform`Task`MON::Model [Task]`Aspect=xADLBehaviorAspect&Position=336.217`c270ab26.2fff4b88.bf50a288.2d000ee5`Process`MON::Model [Process]`executionTime=350&memoryUsage=39&taskInstruction=nextResult[thread_id] = new Result;|nextResult[thread_id]->getResultState().value() = 0;|nextResult[thread_id]->getResultID().value() = nextTask[thread_id]->getTaskID().value();|nextResult[thread_id]->getResultValue().value() = 1;````````````, ,
20141205_1318_07, Notification, XTEAM Engine, participant_0, 11, Simulation execution beginning, ,
20141205_1318_15, Design, FLAME Client, participant_0, 13, X`cdc6010e.7cf74d31.85daf3c3.1e9a4be8`ATTR`Host_Client`Host`MON::Set [Host]`Aspect=xADLCoreAspect&Position=28.560`bb42af9e.ee894de6.a8870ee2.566cbbfe`Architecture`MON::Model [Architecture]`receiveEnergyCost=150.010000&receiveEnergyOverhead=101.860000&transmitEnergyCost=312.000000&transmitEnergyOverhead=755.000000````````````, ,
20141205_1318_16, Notification, XTEAM Engine, participant_0, 12, Simulation execution beginning, ,
20141205_1318_25, Design, FLAME Client, participant_0, 14, X`cdc6010e.7cf74d31.85daf3c3.1e9a4be8`ATTR`Host_Client`Host`MON::Set [Host]`Aspect=xADLCoreAspect&Position=28.560`bb42af9e.ee894de6.a8870ee2.566cbbfe`Architecture`MON::Model [Architecture]`receiveEnergyCost=150.010000&receiveEnergyOverhead=101.860000&transmitEnergyCost=312.000000&transmitEnergyOverhead=341.000000````````````, ,
20141205_1318_26, Notification, XTEAM Engine, participant_0, 13, Simulation execution beginning, ,
20141205_1318_33, Snapshot, FLAME Client, participant_0, 15, ,
20141205_1318_34, Notification, XTEAM Engine, participant_0, 10, Simulation execution completion, ,
20141205_1318_34, XTEAM, XTEAM Engine, participant_0, , ,
20141205_1318_34, XTEAM, XTEAM Engine, participant_0, , ,
20141205_1318_34, XTEAM, XTEAM Engine, participant_0, , ,
20141205_1318_35, Notification, XTEAM Engine, participant_1, 18, Simulation execution beginning, ,
20141205_1318_44, Notification, XTEAM Engine, participant_0, 11, Simulation execution completion, ,
20141205_1318_44, XTEAM, XTEAM Engine, participant_0, , ,
20141205_1318_44, XTEAM, XTEAM Engine, participant_0, , ,
20141205_1318_44, XTEAM, XTEAM Engine, participant_0, , ,
20141205_1318_52, Notification, XTEAM Engine, participant_0, 12, Simulation execution completion, ,
20141205_1318_52, XTEAM, XTEAM Engine, participant_0, , ,
20141205_1318_52, XTEAM, XTEAM Engine, participant_0, , ,
20141205_1318_52, XTEAM, XTEAM Engine, participant_0, , ,
20141205_1319_00, Notification, XTEAM Engine, participant_0, 13, Simulation execution completion, ,
20141205_1319_00, XTEAM, XTEAM Engine, participant_0, , ,
20141205_1319_00, XTEAM, XTEAM Engine, participant_0, , ,
20141205_1319_00, XTEAM, XTEAM Engine, participant_0, , ,
20141205_1319_05, Notification, XTEAM Engine, participant_1, 18, Simulation execution completion, ,
20141205_1319_05, XTEAM, XTEAM Engine, participant_1, , ,
20141205_1319_05, XTEAM, XTEAM Engine, participant_1, , ,
20141205_1319_06, XTEAM, XTEAM Engine, participant_1, , ,
20141205_1319_22, Update, FLAME Client, participant_1, 19, ,
20141205_1320_02, Design, FLAME Client, participant_1, 20, X`3f426f4b.6d164164.816fe575.67a4324f`ATTR`generate`Task`MON::Model [Task]`Aspect=xADLBehaviorAspect&Position=301.259`37598ce1.81784bb5.996843e8.1d554a61`Process`MON::Model [Process]`executionTime=182&memoryUsage=429&taskInstruction=nextTask = new Task;|nextTask->getTaskState().value() = 0;|nextTask->getTaskID().value() = taskIDCounter->getNextTaskID().value()++;````````````, ,
20141205_1320_03, Notification, XTEAM Engine, participant_1, 19, Simulation execution beginning, ,
20141205_1320_10, Design, FLAME Client, participant_1, 21, X`3f426f4b.6d164164.816fe575.67a4324f`ATTR`generate`Task`MON::Model [Task]`Aspect=xADLBehaviorAspect&Position=301.259`37598ce1.81784bb5.996843e8.1d554a61`Process`MON::Model [Process]`executionTime=182&memoryUsage=217&taskInstruction=nextTask = new Task;|nextTask->getTaskState().value() = 0;|nextTask->getTaskID().value() = taskIDCounter->getNextTaskID().value()++;````````````, ,
20141205_1320_11, Notification, XTEAM Engine, participant_1, 20, Simulation execution beginning, ,
20141205_1320_20, Design, FLAME Client, participant_1, 22, X`de311a94.5ac54159.8e7ae434.321ec71e`ATTR`HostSAT`Host`MON::Set [Host]`Aspect=xADLCoreAspect&Position=1610.497`bb42af9e.ee894de6.a8870ee2.566cbbfe`Architecture`MON::Model [Architecture]`receiveEnergyCost=101.280000&receiveEnergyOverhead=64.990000&transmitEnergyCost=182.000000&transmitEnergyOverhead=429.000000````````````, ,
20141205_1320_21, Notification, XTEAM Engine, participant_1, 21, Simulation execution beginning, ,
20141205_1320_25, Design, FLAME Client, participant_1, 23, X`de311a94.5ac54159.8e7ae434.321ec71e`ATTR`HostSAT`Host`MON::Set [Host]`Aspect=xADLCoreAspect&Position=1610.497`bb42af9e.ee894de6.a8870ee2.566cbbfe`Architecture`MON::Model [Architecture]`receiveEnergyCost=101.280000&receiveEnergyOverhead=64.990000&transmitEnergyCost=182.000000&transmitEnergyOverhead=217.000000````````````, ,
20141205_1320_26, Notification, XTEAM Engine, participant_1, 22, Simulation execution beginning, ,
20141205_1320_38, Notification, XTEAM Engine, participant_1, 19, Simulation execution completion, ,
20141205_1320_38, XTEAM, XTEAM Engine, participant_1, , ,
20141205_1320_38, XTEAM, XTEAM Engine, participant_1, , ,
20141205_1320_38, XTEAM, XTEAM Engine, participant_1, , ,
20141205_1320_46, Notification, XTEAM Engine, participant_1, 20, Simulation execution completion, ,
20141205_1320_46, XTEAM, XTEAM Engine, participant_1, , ,
20141205_1320_46, XTEAM, XTEAM Engine, participant_1, , ,
20141205_1320_46, XTEAM, XTEAM Engine, participant_1, , ,
20141205_1320_46, Design, FLAME Client, participant_1, 24, X`3f426f4b.6d164164.816fe575.67a4324f`ATTR`generate`Task`MON::Model [Task]`Aspect=xADLBehaviorAspect&Position=301.259`37598ce1.81784bb5.996843e8.1d554a61`Process`MON::Model [Process]`executionTime=7&memoryUsage=217&taskInstruction=nextTask = new Task;|nextTask->getTaskState().value() = 0;|nextTask->getTaskID().value() = taskIDCounter->getNextTaskID().value()++;````````````, ,
20141205_1320_47, Notification, XTEAM Engine, participant_1, 23, Simulation execution beginning, ,
20141205_1320_52, Design, FLAME Client, participant_1, 25, X`3f426f4b.6d164164.816fe575.67a4324f`ATTR`generate`Task`MON::Model [Task]`Aspect=xADLBehaviorAspect&Position=301.259`37598ce1.81784bb5.996843e8.1d554a61`Process`MON::Model [Process]`executionTime=7&memoryUsage=5500&taskInstruction=nextTask = new Task;|nextTask->getTaskState().value() = 0;|nextTask->getTaskID().value() = taskIDCounter->getNextTaskID().value()++;````````````, ,
20141205_1320_53, Notification, XTEAM Engine, participant_1, 24, Simulation execution beginning, ,
20141205_1320_55, Notification, XTEAM Engine, participant_1, 21, Simulation execution completion, ,
20141205_1320_55, XTEAM, XTEAM Engine, participant_1, , ,
20141205_1320_55, XTEAM, XTEAM Engine, participant_1, , ,
20141205_1320_55, XTEAM, XTEAM Engine, participant_1, , ,
20141205_1320_57, Design, FLAME Client, participant_1, 26, X`3f426f4b.6d164164.816fe575.67a4324f`ATTR`generate`Task`MON::Model [Task]`Aspect=xADLBehaviorAspect&Position=301.259`37598ce1.81784bb5.996843e8.1d554a61`Process`MON::Model [Process]`executionTime=7.5&memoryUsage=5500&taskInstruction=nextTask = new Task;|nextTask->getTaskState().value() = 0;|nextTask->getTaskID().value() = taskIDCounter->getNextTaskID().value()++;````````````, ,
20141205_1320_58, Notification, XTEAM Engine, participant_1, 25, Simulation execution beginning, ,
20141205_1321_00, Notification, XTEAM Engine, participant_1, 22, Simulation execution completion, ,
20141205_1321_00, XTEAM, XTEAM Engine, participant_1, , ,
20141205_1321_00, XTEAM, XTEAM Engine, participant_1, , ,
20141205_1321_00, XTEAM, XTEAM Engine, participant_1, , ,
20141205_1321_05, Design, FLAME Client, participant_1, 27, X`3a60805b.3a524f70.a064acd1.88108a11`ATTR`generate`Task`MON::Model [Task]`Aspect=xADLBehaviorAspect&Position=301.259`fd961ab4.712348fe.91a8653d.18529735`Process`MON::Model [Process]`executionTime=7.5&memoryUsage=429&taskInstruction=nextTask = new Task;|nextTask->getTaskState().value() = 0;|nextTask->getTaskID().value() = taskIDCounter->getNextTaskID().value()++;````````````, ,
20141205_1321_07, Notification, XTEAM Engine, participant_1, 26, Simulation execution beginning, ,
20141205_1321_10, Design, FLAME Client, participant_1, 28, X`3a60805b.3a524f70.a064acd1.88108a11`ATTR`generate`Task`MON::Model [Task]`Aspect=xADLBehaviorAspect&Position=301.259`fd961ab4.712348fe.91a8653d.18529735`Process`MON::Model [Process]`executionTime=7.5&memoryUsage=5500&taskInstruction=nextTask = new Task;|nextTask->getTaskState().value() = 0;|nextTask->getTaskID().value() = taskIDCounter->getNextTaskID().value()++;````````````, ,
20141205_1321_12, Snapshot, FLAME Client, participant_1, 29, ,
20141205_1321_12, Notification, XTEAM Engine, participant_1, 27, Simulation execution beginning, ,
20141205_1321_16, Notification, XTEAM Engine, participant_0, 14, Simulation execution beginning, ,
20141205_1321_19, Update, FLAME Client, participant_0, 16, ,
20141205_1321_24, Notification, XTEAM Engine, participant_1, 23, Simulation execution completion, ,
20141205_1321_24, XTEAM, XTEAM Engine, participant_1, , ,
20141205_1321_24, XTEAM, XTEAM Engine, participant_1, , ,
20141205_1321_24, XTEAM, XTEAM Engine, participant_1, , ,
20141205_1321_30, Design, FLAME Client, participant_1, 30, X`3f426f4b.6d164164.816fe575.67a4324f`ATTR`generate`Task`MON::Model [Task]`Aspect=xADLBehaviorAspect&Position=301.259`37598ce1.81784bb5.996843e8.1d554a61`Process`MON::Model [Process]`executionTime=7&memoryUsage=5500&taskInstruction=nextTask = new Task;|nextTask->getTaskState().value() = 0;|nextTask->getTaskID().value() = taskIDCounter->getNextTaskID().value()++;````````````, ,
20141205_1321_31, Notification, XTEAM Engine, participant_1, 28, Simulation execution beginning, ,
20141205_1321_33, XTEAM, XTEAM Engine, participant_1, , ,
20141205_1321_33, XTEAM, XTEAM Engine, participant_1, , ,
20141205_1321_33, XTEAM, XTEAM Engine, participant_1, , ,
20141205_1321_33, Notification, XTEAM Engine, participant_1, 24, Simulation execution completion, ,
20141205_1321_37, Design, FLAME Client, participant_1, 31, X`3f426f4b.6d164164.816fe575.67a4324f`ATTR`generate`Task`MON::Model [Task]`Aspect=xADLBehaviorAspect&Position=301.259`37598ce1.81784bb5.996843e8.1d554a61`Process`MON::Model [Process]`executionTime=7&memoryUsage=11000&taskInstruction=nextTask = new Task;|nextTask->getTaskState().value() = 0;|nextTask->getTaskID().value() = taskIDCounter->getNextTaskID().value()++;````````````, ,
20141205_1321_39, Notification, XTEAM Engine, participant_1, 29, Simulation execution beginning, ,
20141205_1321_39, Notification, XTEAM Engine, participant_1, 25, Simulation execution completion, ,
20141205_1321_39, XTEAM, XTEAM Engine, participant_1, , ,
20141205_1321_39, XTEAM, XTEAM Engine, participant_1, , ,
20141205_1321_39, XTEAM, XTEAM Engine, participant_1, , ,
20141205_1321_48, Design, FLAME Client, participant_1, 32, X`de311a94.5ac54159.8e7ae434.321ec71e`ATTR`HostSAT`Host`MON::Set [Host]`Aspect=xADLCoreAspect&Position=1610.497`bb42af9e.ee894de6.a8870ee2.566cbbfe`Architecture`MON::Model [Architecture]`receiveEnergyCost=101.280000&receiveEnergyOverhead=64.990000&transmitEnergyCost=330.000000&transmitEnergyOverhead=217.000000````````````, ,
20141205_1321_48, Notification, XTEAM Engine, participant_1, 26, Simulation execution completion, ,
20141205_1321_48, XTEAM, XTEAM Engine, participant_1, , ,
20141205_1321_48, XTEAM, XTEAM Engine, participant_1, , ,
20141205_1321_48, XTEAM, XTEAM Engine, participant_1, , ,
20141205_1321_49, Notification, XTEAM Engine, participant_1, 30, Simulation execution beginning, ,
20141205_1321_57, Design, FLAME Client, participant_1, 33, X`de311a94.5ac54159.8e7ae434.321ec71e`ATTR`HostSAT`Host`MON::Set [Host]`Aspect=xADLCoreAspect&Position=1610.497`bb42af9e.ee894de6.a8870ee2.566cbbfe`Architecture`MON::Model [Architecture]`receiveEnergyCost=101.280000&receiveEnergyOverhead=64.990000&transmitEnergyCost=330.000000&transmitEnergyOverhead=429.000000````````````, ,
20141205_1321_57, Notification, XTEAM Engine, participant_0, 14, Simulation execution completion, ,
20141205_1321_57, XTEAM, XTEAM Engine, participant_0, , ,
20141205_1321_57, XTEAM, XTEAM Engine, participant_0, , ,
20141205_1321_57, XTEAM, XTEAM Engine, participant_0, , ,
20141205_1321_58, Notification, XTEAM Engine, participant_1, 31, Simulation execution beginning, ,
20141205_1322_00, Snapshot, FLAME Client, participant_1, 34, ,
20141205_1322_01, Notification, XTEAM Engine, participant_0, 15, Simulation execution beginning, ,
20141205_1322_03, Notification, XTEAM Engine, participant_1, 27, Simulation execution completion, ,
20141205_1322_03, XTEAM, XTEAM Engine, participant_1, , ,
20141205_1322_03, XTEAM, XTEAM Engine, participant_1, , ,
20141205_1322_03, XTEAM, XTEAM Engine, participant_1, , ,
20141205_1322_13, Notification, XTEAM Engine, participant_1, 28, Simulation execution completion, ,
20141205_1322_13, XTEAM, XTEAM Engine, participant_1, , ,
20141205_1322_13, XTEAM, XTEAM Engine, participant_1, , ,
20141205_1322_13, XTEAM, XTEAM Engine, participant_1, , ,
20141205_1322_19, Notification, XTEAM Engine, participant_1, 29, Simulation execution completion, ,
20141205_1322_19, XTEAM, XTEAM Engine, participant_1, , ,
20141205_1322_19, XTEAM, XTEAM Engine, participant_1, , ,
20141205_1322_19, XTEAM, XTEAM Engine, participant_1, , ,
20141205_1322_28, Notification, XTEAM Engine, participant_1, 30, Simulation execution completion, ,
20141205_1322_28, XTEAM, XTEAM Engine, participant_1, , ,
20141205_1322_28, XTEAM, XTEAM Engine, participant_1, , ,
20141205_1322_28, XTEAM, XTEAM Engine, participant_1, , ,
20141205_1322_34, Notification, XTEAM Engine, participant_1, 31, Simulation execution completion, ,
20141205_1322_34, XTEAM, XTEAM Engine, participant_1, , ,
20141205_1322_34, XTEAM, XTEAM Engine, participant_1, , ,
20141205_1322_34, XTEAM, XTEAM Engine, participant_1, , ,
20141205_1322_35, Notification, XTEAM Engine, participant_0, 15, Simulation execution completion, ,
20141205_1322_35, XTEAM, XTEAM Engine, participant_0, , ,
20141205_1322_35, XTEAM, XTEAM Engine, participant_0, , ,
20141205_1322_35, XTEAM, XTEAM Engine, participant_0, , ,
20141205_1322_46, Update, FLAME Client, participant_0, 17, ,
20141205_1323_28, Design, FLAME Client, participant_0, 18, X`64e3f498.f1114939.ba695f73.d07188e3`ATTR`perform`Task`MON::Model [Task]`Aspect=xADLBehaviorAspect&Position=308.301`d640f4b9.22e14264.b459176e.af6b895e`Process`MON::Model [Process]`executionTime=350&memoryUsage=92&taskInstruction=nextResult[thread_id] = new Result;|nextResult[thread_id]->getResultState().value() = 0;|nextResult[thread_id]->getResultID().value() = nextTask[thread_id]->getTaskID().value();|nextResult[thread_id]->getResultValue().value() = 1;````````````, ,
20141205_1323_29, Notification, XTEAM Engine, participant_0, 16, Simulation execution beginning, ,
20141205_1323_32, Design, FLAME Client, participant_0, 19, X`64e3f498.f1114939.ba695f73.d07188e3`ATTR`perform`Task`MON::Model [Task]`Aspect=xADLBehaviorAspect&Position=308.301`d640f4b9.22e14264.b459176e.af6b895e`Process`MON::Model [Process]`executionTime=350&memoryUsage=39&taskInstruction=nextResult[thread_id] = new Result;|nextResult[thread_id]->getResultState().value() = 0;|nextResult[thread_id]->getResultID().value() = nextTask[thread_id]->getTaskID().value();|nextResult[thread_id]->getResultValue().value() = 1;````````````, ,
20141205_1323_33, Notification, XTEAM Engine, participant_0, 17, Simulation execution beginning, ,
20141205_1323_56, Design, FLAME Client, participant_0, 20, X`25fea250.79aa4baf.b62be506.e9d1819a`ATTR`Host_GCE`Host`MON::Set [Host]`Aspect=xADLCoreAspect&Position=161.560`bb42af9e.ee894de6.a8870ee2.566cbbfe`Architecture`MON::Model [Architecture]`receiveEnergyCost=150.010000&receiveEnergyOverhead=101.860000&transmitEnergyCost=312.000000&transmitEnergyOverhead=755.000000````````````, ,
20141205_1323_57, Notification, XTEAM Engine, participant_0, 18, Simulation execution beginning, ,
20141205_1324_01, Notification, XTEAM Engine, participant_0, 16, Simulation execution completion, ,
20141205_1324_02, XTEAM, XTEAM Engine, participant_0, , ,
20141205_1324_02, XTEAM, XTEAM Engine, participant_0, , ,
20141205_1324_02, XTEAM, XTEAM Engine, participant_0, , ,
20141205_1324_02, Design, FLAME Client, participant_0, 21, X`25fea250.79aa4baf.b62be506.e9d1819a`ATTR`Host_GCE`Host`MON::Set [Host]`Aspect=xADLCoreAspect&Position=161.560`bb42af9e.ee894de6.a8870ee2.566cbbfe`Architecture`MON::Model [Architecture]`receiveEnergyCost=150.010000&receiveEnergyOverhead=101.860000&transmitEnergyCost=312.000000&transmitEnergyOverhead=341.000000````````````, ,
20141205_1324_03, Notification, XTEAM Engine, participant_0, 19, Simulation execution beginning, ,
20141205_1324_05, Snapshot, FLAME Client, participant_0, 22, ,
20141205_1324_05, Notification, XTEAM Engine, participant_0, 17, Simulation execution completion, ,
20141205_1324_05, XTEAM, XTEAM Engine, participant_0, , ,
20141205_1324_05, XTEAM, XTEAM Engine, participant_0, , ,
20141205_1324_05, XTEAM, XTEAM Engine, participant_0, , ,
20141205_1324_06, Notification, XTEAM Engine, participant_1, 32, Simulation execution beginning, ,
20141205_1324_15, Update, FLAME Client, participant_1, 35, ,
20141205_1324_33, Notification, XTEAM Engine, participant_0, 18, Simulation execution completion, ,
20141205_1324_33, XTEAM, XTEAM Engine, participant_0, , ,
20141205_1324_33, XTEAM, XTEAM Engine, participant_0, , ,
20141205_1324_33, XTEAM, XTEAM Engine, participant_0, , ,
20141205_1324_39, Notification, XTEAM Engine, participant_0, 19, Simulation execution completion, ,
20141205_1324_39, XTEAM, XTEAM Engine, participant_0, , ,
20141205_1324_39, XTEAM, XTEAM Engine, participant_0, , ,
20141205_1324_39, XTEAM, XTEAM Engine, participant_0, , ,
20141205_1324_40, Notification, XTEAM Engine, participant_1, 32, Simulation execution completion, ,
20141205_1324_40, XTEAM, XTEAM Engine, participant_1, , ,
20141205_1324_40, XTEAM, XTEAM Engine, participant_1, , ,
20141205_1324_40, XTEAM, XTEAM Engine, participant_1, , ,
20141205_1324_41, Design, FLAME Client, participant_1, 36, X`176369f9.b385435c.b2d59a0f.66ba660c`ATTR`Host_SubsetSum`Host`MON::Set [Host]`Aspect=xADLCoreAspect&Position=1610.385`bb42af9e.ee894de6.a8870ee2.566cbbfe`Architecture`MON::Model [Architecture]`receiveEnergyCost=101.280000&receiveEnergyOverhead=64.990000&transmitEnergyCost=182.000000&transmitEnergyOverhead=429.000000````````````, ,
20141205_1324_42, Notification, XTEAM Engine, participant_1, 33, Simulation execution beginning, ,
20141205_1324_46, Design, FLAME Client, participant_1, 37, X`176369f9.b385435c.b2d59a0f.66ba660c`ATTR`Host_SubsetSum`Host`MON::Set [Host]`Aspect=xADLCoreAspect&Position=1610.385`bb42af9e.ee894de6.a8870ee2.566cbbfe`Architecture`MON::Model [Architecture]`receiveEnergyCost=101.280000&receiveEnergyOverhead=64.990000&transmitEnergyCost=182.000000&transmitEnergyOverhead=217.000000````````````, ,
20141205_1324_47, Notification, XTEAM Engine, participant_1, 34, Simulation execution beginning, ,
20141205_1324_57, Design, FLAME Client, participant_1, 38, X`3f426f4b.6d164164.816fe575.67a4324f`ATTR`generate`Task`MON::Model [Task]`Aspect=xADLBehaviorAspect&Position=301.259`37598ce1.81784bb5.996843e8.1d554a61`Process`MON::Model [Process]`executionTime=7.5&memoryUsage=11000&taskInstruction=nextTask = new Task;|nextTask->getTaskState().value() = 0;|nextTask->getTaskID().value() = taskIDCounter->getNextTaskID().value()++;````````````, ,
20141205_1324_58, Notification, XTEAM Engine, participant_1, 35, Simulation execution beginning, ,
20141205_1325_04, Design, FLAME Client, participant_1, 39, X`3f426f4b.6d164164.816fe575.67a4324f`ATTR`generate`Task`MON::Model [Task]`Aspect=xADLBehaviorAspect&Position=301.259`37598ce1.81784bb5.996843e8.1d554a61`Process`MON::Model [Process]`executionTime=7.5&memoryUsage=5500&taskInstruction=nextTask = new Task;|nextTask->getTaskState().value() = 0;|nextTask->getTaskID().value() = taskIDCounter->getNextTaskID().value()++;````````````, ,
20141205_1325_05, Notification, XTEAM Engine, participant_1, 36, Simulation execution beginning, ,
20141205_1325_19, Notification, XTEAM Engine, participant_1, 33, Simulation execution completion, ,
20141205_1325_19, XTEAM, XTEAM Engine, participant_1, , ,
20141205_1325_19, XTEAM, XTEAM Engine, participant_1, , ,
20141205_1325_19, XTEAM, XTEAM Engine, participant_1, , ,
20141205_1325_20, Design, FLAME Client, participant_1, 40, X`3a60805b.3a524f70.a064acd1.88108a11`ATTR`generate`Task`MON::Model [Task]`Aspect=xADLBehaviorAspect&Position=301.259`fd961ab4.712348fe.91a8653d.18529735`Process`MON::Model [Process]`executionTime=7.5&memoryUsage=11000&taskInstruction=nextTask = new Task;|nextTask->getTaskState().value() = 0;|nextTask->getTaskID().value() = taskIDCounter->getNextTaskID().value()++;````````````, ,
20141205_1325_21, Notification, XTEAM Engine, participant_1, 37, Simulation execution beginning, ,
20141205_1325_24, Notification, XTEAM Engine, participant_1, 34, Simulation execution completion, ,
20141205_1325_24, XTEAM, XTEAM Engine, participant_1, , ,
20141205_1325_24, XTEAM, XTEAM Engine, participant_1, , ,
20141205_1325_24, XTEAM, XTEAM Engine, participant_1, , ,
20141205_1325_31, Design, FLAME Client, participant_1, 41, X`3a60805b.3a524f70.a064acd1.88108a11`ATTR`generate`Task`MON::Model [Task]`Aspect=xADLBehaviorAspect&Position=301.259`fd961ab4.712348fe.91a8653d.18529735`Process`MON::Model [Process]`executionTime=7.0&memoryUsage=11000&taskInstruction=nextTask = new Task;|nextTask->getTaskState().value() = 0;|nextTask->getTaskID().value() = taskIDCounter->getNextTaskID().value()++;````````````, ,
20141205_1325_32, Notification, XTEAM Engine, participant_1, 38, Simulation execution beginning, ,
20141205_1325_34, Notification, XTEAM Engine, participant_1, 35, Simulation execution completion, ,
20141205_1325_34, XTEAM, XTEAM Engine, participant_1, , ,
20141205_1325_34, XTEAM, XTEAM Engine, participant_1, , ,
20141205_1325_34, XTEAM, XTEAM Engine, participant_1, , ,
20141205_1325_40, Notification, XTEAM Engine, participant_1, 36, Simulation execution completion, ,
20141205_1325_40, XTEAM, XTEAM Engine, participant_1, , ,
20141205_1325_40, XTEAM, XTEAM Engine, participant_1, , ,
20141205_1325_40, XTEAM, XTEAM Engine, participant_1, , ,
20141205_1325_54, Notification, XTEAM Engine, participant_1, 37, Simulation execution completion, ,
20141205_1325_54, XTEAM, XTEAM Engine, participant_1, , ,
20141205_1325_54, XTEAM, XTEAM Engine, participant_1, , ,
20141205_1325_54, XTEAM, XTEAM Engine, participant_1, , ,
20141205_1326_02, Notification, XTEAM Engine, participant_1, 38, Simulation execution completion, ,
20141205_1326_02, XTEAM, XTEAM Engine, participant_1, , ,
20141205_1326_02, XTEAM, XTEAM Engine, participant_1, , ,
20141205_1326_02, XTEAM, XTEAM Engine, participant_1, , ,
20141205_1326_26, Snapshot, FLAME Client, participant_1, 42, ,
20141205_1326_28, Notification, XTEAM Engine, participant_0, 20, Simulation execution beginning, ,
20141205_1326_30, Update, FLAME Client, participant_0, 23, ,
20141205_1327_01, Notification, XTEAM Engine, participant_0, 20, Simulation execution completion, ,
20141205_1327_01, XTEAM, XTEAM Engine, participant_0, , ,
20141205_1327_01, XTEAM, XTEAM Engine, participant_0, , ,
20141205_1327_01, XTEAM, XTEAM Engine, participant_0, , ,
