TIME, Event name, OriginComponent, SenderUsername, EventID, Value, ,
20141129_1615_29, Login, FLAME Client, participant_0, , ,
20141129_1615_32, Login, XTEAM Engine, participant_0, , ,
20141129_1615_36, Login, FLAME Client, participant_1, , ,
20141129_1615_38, Login, XTEAM Engine, participant_1, , ,
20141129_1616_27, Design, FLAME Client, participant_1, 1, X`64e3f498.f1114939.ba695f73.d07188e3`ATTR`perform`Task`MON::Model [Task]`Aspect=xADLBehaviorAspect&Position=308.301`d640f4b9.22e14264.b459176e.af6b895e`Process`MON::Model [Process]`executionTime=200&memoryUsage=27&taskInstruction=nextResult[thread_id] = new Result;|nextResult[thread_id]->getResultState().value() = 0;|nextResult[thread_id]->getResultID().value() = nextTask[thread_id]->getTaskID().value();|nextResult[thread_id]->getResultValue().value() = 1;````````````, ,
20141129_1616_28, Notification, XTEAM Engine, participant_1, 1, Simulation execution beginning, ,
20141129_1616_31, Design, FLAME Client, participant_1, 2, X`64e3f498.f1114939.ba695f73.d07188e3`ATTR`perform`Task`MON::Model [Task]`Aspect=xADLBehaviorAspect&Position=308.301`d640f4b9.22e14264.b459176e.af6b895e`Process`MON::Model [Process]`executionTime=200&memoryUsage=65&taskInstruction=nextResult[thread_id] = new Result;|nextResult[thread_id]->getResultState().value() = 0;|nextResult[thread_id]->getResultID().value() = nextTask[thread_id]->getTaskID().value();|nextResult[thread_id]->getResultValue().value() = 1;````````````, ,
20141129_1616_32, Notification, XTEAM Engine, participant_1, 2, Simulation execution beginning, ,
20141129_1616_49, Design, FLAME Client, participant_1, 3, X`25fea250.79aa4baf.b62be506.e9d1819a`ATTR`Host_GCE`Host`MON::Set [Host]`Aspect=xADLCoreAspect&Position=161.560`bb42af9e.ee894de6.a8870ee2.566cbbfe`Architecture`MON::Model [Architecture]`receiveEnergyCost=150.010000&receiveEnergyOverhead=101.860000&transmitEnergyCost=514.000000&transmitEnergyOverhead=129.870000````````````, ,
20141129_1616_50, Notification, XTEAM Engine, participant_1, 3, Simulation execution beginning, ,
20141129_1616_56, Design, FLAME Client, participant_1, 4, X`25fea250.79aa4baf.b62be506.e9d1819a`ATTR`Host_GCE`Host`MON::Set [Host]`Aspect=xADLCoreAspect&Position=161.560`bb42af9e.ee894de6.a8870ee2.566cbbfe`Architecture`MON::Model [Architecture]`receiveEnergyCost=150.010000&receiveEnergyOverhead=101.860000&transmitEnergyCost=514.000000&transmitEnergyOverhead=755.000000````````````, ,
20141129_1616_57, Notification, XTEAM Engine, participant_1, 4, Simulation execution beginning, ,
20141129_1617_00, Design, FLAME Client, participant_0, 1, X`3f426f4b.6d164164.816fe575.67a4324f`ATTR`generate`Task`MON::Model [Task]`Aspect=xADLBehaviorAspect&Position=301.259`37598ce1.81784bb5.996843e8.1d554a61`Process`MON::Model [Process]`executionTime=6&memoryUsage=3&taskInstruction=nextTask = new Task;|nextTask->getTaskState().value() = 0;|nextTask->getTaskID().value() = taskIDCounter->getNextTaskID().value()++;````````````, ,
20141129_1617_01, Notification, XTEAM Engine, participant_0, 1, Simulation execution beginning, ,
20141129_1617_07, Design, FLAME Client, participant_0, 2, X`3f426f4b.6d164164.816fe575.67a4324f`ATTR`generate`Task`MON::Model [Task]`Aspect=xADLBehaviorAspect&Position=301.259`37598ce1.81784bb5.996843e8.1d554a61`Process`MON::Model [Process]`executionTime=6&memoryUsage=&taskInstruction=nextTask = new Task;|nextTask->getTaskState().value() = 0;|nextTask->getTaskID().value() = taskIDCounter->getNextTaskID().value()++;````````````, ,
20141129_1617_07, Notification, XTEAM Engine, participant_1, 1, Simulation execution completion, ,
20141129_1617_07, XTEAM, XTEAM Engine, participant_1, , ,
20141129_1617_07, XTEAM, XTEAM Engine, participant_1, , ,
20141129_1617_07, XTEAM, XTEAM Engine, participant_1, , ,
20141129_1617_08, Notification, XTEAM Engine, participant_0, 2, Simulation execution beginning, ,
20141129_1617_11, Notification, XTEAM Engine, participant_1, 2, Simulation execution completion, ,
20141129_1617_11, XTEAM, XTEAM Engine, participant_1, , ,
20141129_1617_11, XTEAM, XTEAM Engine, participant_1, , ,
20141129_1617_11, XTEAM, XTEAM Engine, participant_1, , ,
20141129_1617_28, Design, FLAME Client, participant_0, 3, X`3f426f4b.6d164164.816fe575.67a4324f`ATTR`generate`Task`MON::Model [Task]`Aspect=xADLBehaviorAspect&Position=301.259`37598ce1.81784bb5.996843e8.1d554a61`Process`MON::Model [Process]`executionTime=&memoryUsage=&taskInstruction=nextTask = new Task;|nextTask->getTaskState().value() = 0;|nextTask->getTaskID().value() = taskIDCounter->getNextTaskID().value()++;````````````, ,
20141129_1617_29, XTEAM, XTEAM Engine, participant_0, , ,
20141129_1617_30, Notification, XTEAM Engine, participant_1, 3, Simulation execution completion, ,
20141129_1617_30, XTEAM, XTEAM Engine, participant_1, , ,
20141129_1617_30, XTEAM, XTEAM Engine, participant_1, , ,
20141129_1617_30, XTEAM, XTEAM Engine, participant_1, , ,
20141129_1617_35, Design, FLAME Client, participant_0, 4, X`3f426f4b.6d164164.816fe575.67a4324f`ATTR`generate`Task`MON::Model [Task]`Aspect=xADLBehaviorAspect&Position=301.259`37598ce1.81784bb5.996843e8.1d554a61`Process`MON::Model [Process]`executionTime=7&memoryUsage=&taskInstruction=nextTask = new Task;|nextTask->getTaskState().value() = 0;|nextTask->getTaskID().value() = taskIDCounter->getNextTaskID().value()++;````````````, ,
20141129_1617_36, Notification, XTEAM Engine, participant_0, 3, Simulation execution beginning, ,
20141129_1617_37, Notification, XTEAM Engine, participant_1, 4, Simulation execution completion, ,
20141129_1617_37, XTEAM, XTEAM Engine, participant_1, , ,
20141129_1617_37, XTEAM, XTEAM Engine, participant_1, , ,
20141129_1617_37, XTEAM, XTEAM Engine, participant_1, , ,
20141129_1617_38, Notification, XTEAM Engine, participant_0, 1, Simulation execution completion, ,
20141129_1617_38, XTEAM, XTEAM Engine, participant_0, , ,
20141129_1617_38, XTEAM, XTEAM Engine, participant_0, , ,
20141129_1617_38, XTEAM, XTEAM Engine, participant_0, , ,
20141129_1617_39, Design, FLAME Client, participant_0, 5, X`3f426f4b.6d164164.816fe575.67a4324f`ATTR`generate`Task`MON::Model [Task]`Aspect=xADLBehaviorAspect&Position=301.259`37598ce1.81784bb5.996843e8.1d554a61`Process`MON::Model [Process]`executionTime=7&memoryUsage=5500&taskInstruction=nextTask = new Task;|nextTask->getTaskState().value() = 0;|nextTask->getTaskID().value() = taskIDCounter->getNextTaskID().value()++;````````````, ,
20141129_1617_40, Notification, XTEAM Engine, participant_0, 4, Simulation execution beginning, ,
20141129_1617_44, Notification, XTEAM Engine, participant_0, 2, Simulation execution completion, ,
20141129_1617_44, XTEAM, XTEAM Engine, participant_0, , ,
20141129_1617_44, XTEAM, XTEAM Engine, participant_0, , ,
20141129_1617_44, XTEAM, XTEAM Engine, participant_0, , ,
20141129_1618_11, Notification, XTEAM Engine, participant_0, 3, Simulation execution completion, ,
20141129_1618_11, XTEAM, XTEAM Engine, participant_0, , ,
20141129_1618_11, XTEAM, XTEAM Engine, participant_0, , ,
20141129_1618_11, XTEAM, XTEAM Engine, participant_0, , ,
20141129_1618_16, Notification, XTEAM Engine, participant_0, 4, Simulation execution completion, ,
20141129_1618_16, XTEAM, XTEAM Engine, participant_0, , ,
20141129_1618_16, XTEAM, XTEAM Engine, participant_0, , ,
20141129_1618_16, XTEAM, XTEAM Engine, participant_0, , ,
20141129_1618_16, Design, FLAME Client, participant_0, 6, X`176369f9.b385435c.b2d59a0f.66ba660c`ATTR`Host_SubsetSum`Host`MON::Set [Host]`Aspect=xADLCoreAspect&Position=1610.385`bb42af9e.ee894de6.a8870ee2.566cbbfe`Architecture`MON::Model [Architecture]`receiveEnergyCost=101.280000&receiveEnergyOverhead=64.990000&transmitEnergyCost=182.000000&transmitEnergyOverhead=82.450000````````````, ,
20141129_1618_17, Notification, XTEAM Engine, participant_0, 5, Simulation execution beginning, ,
20141129_1618_26, Design, FLAME Client, participant_0, 7, X`176369f9.b385435c.b2d59a0f.66ba660c`ATTR`Host_SubsetSum`Host`MON::Set [Host]`Aspect=xADLCoreAspect&Position=1610.385`bb42af9e.ee894de6.a8870ee2.566cbbfe`Architecture`MON::Model [Architecture]`receiveEnergyCost=101.280000&receiveEnergyOverhead=64.990000&transmitEnergyCost=182.000000&transmitEnergyOverhead=217.000000````````````, ,
20141129_1618_27, Notification, XTEAM Engine, participant_0, 6, Simulation execution beginning, ,
20141129_1618_54, Notification, XTEAM Engine, participant_0, 5, Simulation execution completion, ,
20141129_1618_54, XTEAM, XTEAM Engine, participant_0, , ,
20141129_1618_54, XTEAM, XTEAM Engine, participant_0, , ,
20141129_1618_54, XTEAM, XTEAM Engine, participant_0, , ,
20141129_1619_01, Notification, XTEAM Engine, participant_0, 6, Simulation execution completion, ,
20141129_1619_01, XTEAM, XTEAM Engine, participant_0, , ,
20141129_1619_01, XTEAM, XTEAM Engine, participant_0, , ,
20141129_1619_01, XTEAM, XTEAM Engine, participant_0, , ,
20141129_1621_37, Snapshot, FLAME Client, participant_1, 5, ,
20141129_1621_38, Notification, XTEAM Engine, participant_0, 7, Simulation execution beginning, ,
20141129_1622_10, Notification, XTEAM Engine, participant_0, 7, Simulation execution completion, ,
20141129_1622_10, XTEAM, XTEAM Engine, participant_0, , ,
20141129_1622_10, XTEAM, XTEAM Engine, participant_0, , ,
20141129_1622_10, XTEAM, XTEAM Engine, participant_0, , ,
20141129_1622_11, Design, FLAME Client, participant_1, 6, X`4c379791.2eea468a.a8abbb1d.e5fba9bb`ATTR`perform`Task`MON::Model [Task]`Aspect=xADLBehaviorAspect&Position=336.217`c270ab26.2fff4b88.bf50a288.2d000ee5`Process`MON::Model [Process]`executionTime=350&memoryUsage=27&taskInstruction=nextResult[thread_id] = new Result;|nextResult[thread_id]->getResultState().value() = 0;|nextResult[thread_id]->getResultID().value() = nextTask[thread_id]->getTaskID().value();|nextResult[thread_id]->getResultValue().value() = 1;````````````, ,
20141129_1622_12, Notification, XTEAM Engine, participant_1, 5, Simulation execution beginning, ,
20141129_1622_18, Design, FLAME Client, participant_1, 7, X`4c379791.2eea468a.a8abbb1d.e5fba9bb`ATTR`perform`Task`MON::Model [Task]`Aspect=xADLBehaviorAspect&Position=336.217`c270ab26.2fff4b88.bf50a288.2d000ee5`Process`MON::Model [Process]`executionTime=350&memoryUsage=32&taskInstruction=nextResult[thread_id] = new Result;|nextResult[thread_id]->getResultState().value() = 0;|nextResult[thread_id]->getResultID().value() = nextTask[thread_id]->getTaskID().value();|nextResult[thread_id]->getResultValue().value() = 1;````````````, ,
20141129_1622_19, Notification, XTEAM Engine, participant_1, 6, Simulation execution beginning, ,
20141129_1622_30, Design, FLAME Client, participant_1, 8, X`cdc6010e.7cf74d31.85daf3c3.1e9a4be8`ATTR`Host_Client`Host`MON::Set [Host]`Aspect=xADLCoreAspect&Position=28.560`bb42af9e.ee894de6.a8870ee2.566cbbfe`Architecture`MON::Model [Architecture]`receiveEnergyCost=150.010000&receiveEnergyOverhead=101.860000&transmitEnergyCost=312.000000&transmitEnergyOverhead=129.870000````````````, ,
20141129_1622_31, Notification, XTEAM Engine, participant_1, 7, Simulation execution beginning, ,
20141129_1622_37, Design, FLAME Client, participant_1, 9, X`cdc6010e.7cf74d31.85daf3c3.1e9a4be8`ATTR`Host_Client`Host`MON::Set [Host]`Aspect=xADLCoreAspect&Position=28.560`bb42af9e.ee894de6.a8870ee2.566cbbfe`Architecture`MON::Model [Architecture]`receiveEnergyCost=150.010000&receiveEnergyOverhead=101.860000&transmitEnergyCost=312.000000&transmitEnergyOverhead=341.000000````````````, ,
20141129_1622_38, Notification, XTEAM Engine, participant_1, 8, Simulation execution beginning, ,
20141129_1622_49, Notification, XTEAM Engine, participant_1, 5, Simulation execution completion, ,
20141129_1622_49, XTEAM, XTEAM Engine, participant_1, , ,
20141129_1622_49, XTEAM, XTEAM Engine, participant_1, , ,
20141129_1622_49, XTEAM, XTEAM Engine, participant_1, , ,
20141129_1622_55, Notification, XTEAM Engine, participant_1, 6, Simulation execution completion, ,
20141129_1622_55, XTEAM, XTEAM Engine, participant_1, , ,
20141129_1622_56, XTEAM, XTEAM Engine, participant_1, , ,
20141129_1622_56, XTEAM, XTEAM Engine, participant_1, , ,
20141129_1623_05, Notification, XTEAM Engine, participant_1, 7, Simulation execution completion, ,
20141129_1623_05, XTEAM, XTEAM Engine, participant_1, , ,
20141129_1623_05, XTEAM, XTEAM Engine, participant_1, , ,
20141129_1623_05, XTEAM, XTEAM Engine, participant_1, , ,
20141129_1623_10, Notification, XTEAM Engine, participant_1, 8, Simulation execution completion, ,
20141129_1623_10, XTEAM, XTEAM Engine, participant_1, , ,
20141129_1623_10, XTEAM, XTEAM Engine, participant_1, , ,
20141129_1623_10, XTEAM, XTEAM Engine, participant_1, , ,
20141129_1624_56, Update, FLAME Client, participant_0, 8, ,
20141129_1625_09, Snapshot, FLAME Client, participant_0, 9, ,
20141129_1625_11, Notification, XTEAM Engine, participant_1, 9, Simulation execution beginning, ,
20141129_1625_23, Update, FLAME Client, participant_1, 10, ,
20141129_1625_43, Notification, XTEAM Engine, participant_1, 9, Simulation execution completion, ,
20141129_1625_43, XTEAM, XTEAM Engine, participant_1, , ,
20141129_1625_43, XTEAM, XTEAM Engine, participant_1, , ,
20141129_1625_43, XTEAM, XTEAM Engine, participant_1, , ,
20141129_1627_01, Design, FLAME Client, participant_0, 10, X`de311a94.5ac54159.8e7ae434.321ec71e`ATTR`HostSAT`Host`MON::Set [Host]`Aspect=xADLCoreAspect&Position=1610.497`bb42af9e.ee894de6.a8870ee2.566cbbfe`Architecture`MON::Model [Architecture]`receiveEnergyCost=101.280000&receiveEnergyOverhead=64.990000&transmitEnergyCost=330.000000&transmitEnergyOverhead=82.450000````````````, ,
20141129_1627_02, Notification, XTEAM Engine, participant_0, 8, Simulation execution beginning, ,
20141129_1627_07, Design, FLAME Client, participant_0, 11, X`de311a94.5ac54159.8e7ae434.321ec71e`ATTR`HostSAT`Host`MON::Set [Host]`Aspect=xADLCoreAspect&Position=1610.497`bb42af9e.ee894de6.a8870ee2.566cbbfe`Architecture`MON::Model [Architecture]`receiveEnergyCost=101.280000&receiveEnergyOverhead=64.990000&transmitEnergyCost=330.000000&transmitEnergyOverhead=429.000000````````````, ,
20141129_1627_08, Notification, XTEAM Engine, participant_0, 9, Simulation execution beginning, ,
20141129_1627_26, Design, FLAME Client, participant_0, 12, X`de311a94.5ac54159.8e7ae434.321ec71e`ATTR`HostSAT`Host`MON::Set [Host]`Aspect=xADLCoreAspect&Position=1610.497`bb42af9e.ee894de6.a8870ee2.566cbbfe`Architecture`MON::Model [Architecture]`receiveEnergyCost=101.280000&receiveEnergyOverhead=64.990000&transmitEnergyCost=182.000000&transmitEnergyOverhead=429.000000````````````, ,
20141129_1627_27, Notification, XTEAM Engine, participant_0, 10, Simulation execution beginning, ,
20141129_1627_31, Design, FLAME Client, participant_0, 13, X`de311a94.5ac54159.8e7ae434.321ec71e`ATTR`HostSAT`Host`MON::Set [Host]`Aspect=xADLCoreAspect&Position=1610.497`bb42af9e.ee894de6.a8870ee2.566cbbfe`Architecture`MON::Model [Architecture]`receiveEnergyCost=101.280000&receiveEnergyOverhead=64.990000&transmitEnergyCost=182.000000&transmitEnergyOverhead=217.000000````````````, ,
20141129_1627_32, Notification, XTEAM Engine, participant_0, 11, Simulation execution beginning, ,
20141129_1627_36, Notification, XTEAM Engine, participant_0, 8, Simulation execution completion, ,
20141129_1627_36, XTEAM, XTEAM Engine, participant_0, , ,
20141129_1627_36, XTEAM, XTEAM Engine, participant_0, , ,
20141129_1627_36, XTEAM, XTEAM Engine, participant_0, , ,
20141129_1627_42, Notification, XTEAM Engine, participant_0, 9, Simulation execution completion, ,
20141129_1627_42, XTEAM, XTEAM Engine, participant_0, , ,
20141129_1627_42, XTEAM, XTEAM Engine, participant_0, , ,
20141129_1627_43, XTEAM, XTEAM Engine, participant_0, , ,
20141129_1627_46, Design, FLAME Client, participant_0, 14, X`3a60805b.3a524f70.a064acd1.88108a11`ATTR`generate`Task`MON::Model [Task]`Aspect=xADLBehaviorAspect&Position=301.259`fd961ab4.712348fe.91a8653d.18529735`Process`MON::Model [Process]`executionTime=7&memoryUsage=3&taskInstruction=nextTask = new Task;|nextTask->getTaskState().value() = 0;|nextTask->getTaskID().value() = taskIDCounter->getNextTaskID().value()++;````````````, ,
20141129_1627_47, Notification, XTEAM Engine, participant_0, 12, Simulation execution beginning, ,
20141129_1627_51, Design, FLAME Client, participant_0, 15, X`3a60805b.3a524f70.a064acd1.88108a11`ATTR`generate`Task`MON::Model [Task]`Aspect=xADLBehaviorAspect&Position=301.259`fd961ab4.712348fe.91a8653d.18529735`Process`MON::Model [Process]`executionTime=7&memoryUsage=5500&taskInstruction=nextTask = new Task;|nextTask->getTaskState().value() = 0;|nextTask->getTaskID().value() = taskIDCounter->getNextTaskID().value()++;````````````, ,
20141129_1627_52, Notification, XTEAM Engine, participant_0, 13, Simulation execution beginning, ,
20141129_1628_02, Notification, XTEAM Engine, participant_0, 10, Simulation execution completion, ,
20141129_1628_02, XTEAM, XTEAM Engine, participant_0, , ,
20141129_1628_02, XTEAM, XTEAM Engine, participant_0, , ,
20141129_1628_02, XTEAM, XTEAM Engine, participant_0, , ,
20141129_1628_08, Notification, XTEAM Engine, participant_0, 11, Simulation execution completion, ,
20141129_1628_08, XTEAM, XTEAM Engine, participant_0, , ,
20141129_1628_08, XTEAM, XTEAM Engine, participant_0, , ,
20141129_1628_08, XTEAM, XTEAM Engine, participant_0, , ,
20141129_1628_20, Notification, XTEAM Engine, participant_0, 12, Simulation execution completion, ,
20141129_1628_20, XTEAM, XTEAM Engine, participant_0, , ,
20141129_1628_20, XTEAM, XTEAM Engine, participant_0, , ,
20141129_1628_20, XTEAM, XTEAM Engine, participant_0, , ,
20141129_1628_24, Notification, XTEAM Engine, participant_0, 13, Simulation execution completion, ,
20141129_1628_24, XTEAM, XTEAM Engine, participant_0, , ,
20141129_1628_24, XTEAM, XTEAM Engine, participant_0, , ,
20141129_1628_24, XTEAM, XTEAM Engine, participant_0, , ,
20141129_1628_38, Snapshot, FLAME Client, participant_1, 11, ,
20141129_1628_39, Notification, XTEAM Engine, participant_0, 14, Simulation execution beginning, ,
20141129_1629_11, Notification, XTEAM Engine, participant_0, 14, Simulation execution completion, ,
20141129_1629_11, XTEAM, XTEAM Engine, participant_0, , ,
20141129_1629_11, XTEAM, XTEAM Engine, participant_0, , ,
20141129_1629_11, XTEAM, XTEAM Engine, participant_0, , ,
20141129_1629_44, Design, FLAME Client, participant_1, 12, X`4c379791.2eea468a.a8abbb1d.e5fba9bb`ATTR`perform`Task`MON::Model [Task]`Aspect=xADLBehaviorAspect&Position=336.217`c270ab26.2fff4b88.bf50a288.2d000ee5`Process`MON::Model [Process]`executionTime=200&memoryUsage=32&taskInstruction=nextResult[thread_id] = new Result;|nextResult[thread_id]->getResultState().value() = 0;|nextResult[thread_id]->getResultID().value() = nextTask[thread_id]->getTaskID().value();|nextResult[thread_id]->getResultValue().value() = 1;````````````, ,
20141129_1629_45, Notification, XTEAM Engine, participant_1, 10, Simulation execution beginning, ,
20141129_1629_48, Design, FLAME Client, participant_1, 13, X`4c379791.2eea468a.a8abbb1d.e5fba9bb`ATTR`perform`Task`MON::Model [Task]`Aspect=xADLBehaviorAspect&Position=336.217`c270ab26.2fff4b88.bf50a288.2d000ee5`Process`MON::Model [Process]`executionTime=200&memoryUsage=65&taskInstruction=nextResult[thread_id] = new Result;|nextResult[thread_id]->getResultState().value() = 0;|nextResult[thread_id]->getResultID().value() = nextTask[thread_id]->getTaskID().value();|nextResult[thread_id]->getResultValue().value() = 1;````````````, ,
20141129_1629_49, Notification, XTEAM Engine, participant_1, 11, Simulation execution beginning, ,
20141129_1629_59, Design, FLAME Client, participant_1, 14, X`cdc6010e.7cf74d31.85daf3c3.1e9a4be8`ATTR`Host_Client`Host`MON::Set [Host]`Aspect=xADLCoreAspect&Position=28.560`bb42af9e.ee894de6.a8870ee2.566cbbfe`Architecture`MON::Model [Architecture]`receiveEnergyCost=150.010000&receiveEnergyOverhead=101.860000&transmitEnergyCost=514.000000&transmitEnergyOverhead=341.000000````````````, ,
20141129_1630_01, Notification, XTEAM Engine, participant_1, 12, Simulation execution beginning, ,
20141129_1630_04, Design, FLAME Client, participant_1, 15, X`cdc6010e.7cf74d31.85daf3c3.1e9a4be8`ATTR`Host_Client`Host`MON::Set [Host]`Aspect=xADLCoreAspect&Position=28.560`bb42af9e.ee894de6.a8870ee2.566cbbfe`Architecture`MON::Model [Architecture]`receiveEnergyCost=150.010000&receiveEnergyOverhead=101.860000&transmitEnergyCost=514.000000&transmitEnergyOverhead=755.000000````````````, ,
20141129_1630_05, Notification, XTEAM Engine, participant_1, 13, Simulation execution beginning, ,
20141129_1630_22, Notification, XTEAM Engine, participant_1, 10, Simulation execution completion, ,
20141129_1630_22, XTEAM, XTEAM Engine, participant_1, , ,
20141129_1630_22, XTEAM, XTEAM Engine, participant_1, , ,
20141129_1630_22, XTEAM, XTEAM Engine, participant_1, , ,
20141129_1630_26, Notification, XTEAM Engine, participant_1, 11, Simulation execution completion, ,
20141129_1630_26, XTEAM, XTEAM Engine, participant_1, , ,
20141129_1630_26, XTEAM, XTEAM Engine, participant_1, , ,
20141129_1630_26, XTEAM, XTEAM Engine, participant_1, , ,
20141129_1630_36, Notification, XTEAM Engine, participant_1, 12, Simulation execution completion, ,
20141129_1630_36, XTEAM, XTEAM Engine, participant_1, , ,
20141129_1630_36, XTEAM, XTEAM Engine, participant_1, , ,
20141129_1630_36, XTEAM, XTEAM Engine, participant_1, , ,
20141129_1630_37, Notification, XTEAM Engine, participant_1, 13, Simulation execution completion, ,
20141129_1630_37, XTEAM, XTEAM Engine, participant_1, , ,
20141129_1630_38, XTEAM, XTEAM Engine, participant_1, , ,
20141129_1630_38, XTEAM, XTEAM Engine, participant_1, , ,
20141129_1633_00, Update, FLAME Client, participant_0, 16, ,
20141129_1633_13, Snapshot, FLAME Client, participant_0, 17, ,
20141129_1633_14, Notification, XTEAM Engine, participant_1, 14, Simulation execution beginning, ,
20141129_1633_46, Notification, XTEAM Engine, participant_1, 14, Simulation execution completion, ,
20141129_1633_46, XTEAM, XTEAM Engine, participant_1, , ,
20141129_1633_46, XTEAM, XTEAM Engine, participant_1, , ,
20141129_1633_46, XTEAM, XTEAM Engine, participant_1, , ,
20141129_1634_10, Design, FLAME Client, participant_1, 16, X`4c379791.2eea468a.a8abbb1d.e5fba9bb`ATTR`perform`Task`MON::Model [Task]`Aspect=xADLBehaviorAspect&Position=336.217`c270ab26.2fff4b88.bf50a288.2d000ee5`Process`MON::Model [Process]`executionTime=350&memoryUsage=65&taskInstruction=nextResult[thread_id] = new Result;|nextResult[thread_id]->getResultState().value() = 0;|nextResult[thread_id]->getResultID().value() = nextTask[thread_id]->getTaskID().value();|nextResult[thread_id]->getResultValue().value() = 1;````````````, ,
20141129_1634_12, Notification, XTEAM Engine, participant_1, 15, Simulation execution beginning, ,
20141129_1634_16, Design, FLAME Client, participant_1, 17, X`4c379791.2eea468a.a8abbb1d.e5fba9bb`ATTR`perform`Task`MON::Model [Task]`Aspect=xADLBehaviorAspect&Position=336.217`c270ab26.2fff4b88.bf50a288.2d000ee5`Process`MON::Model [Process]`executionTime=350&memoryUsage=32&taskInstruction=nextResult[thread_id] = new Result;|nextResult[thread_id]->getResultState().value() = 0;|nextResult[thread_id]->getResultID().value() = nextTask[thread_id]->getTaskID().value();|nextResult[thread_id]->getResultValue().value() = 1;````````````, ,
20141129_1634_17, Notification, XTEAM Engine, participant_1, 16, Simulation execution beginning, ,
20141129_1634_28, Design, FLAME Client, participant_1, 18, X`cdc6010e.7cf74d31.85daf3c3.1e9a4be8`ATTR`Host_Client`Host`MON::Set [Host]`Aspect=xADLCoreAspect&Position=28.560`bb42af9e.ee894de6.a8870ee2.566cbbfe`Architecture`MON::Model [Architecture]`receiveEnergyCost=150.010000&receiveEnergyOverhead=101.860000&transmitEnergyCost=312.000000&transmitEnergyOverhead=755.000000````````````, ,
20141129_1634_29, Notification, XTEAM Engine, participant_1, 17, Simulation execution beginning, ,
20141129_1634_37, Design, FLAME Client, participant_1, 19, X`cdc6010e.7cf74d31.85daf3c3.1e9a4be8`ATTR`Host_Client`Host`MON::Set [Host]`Aspect=xADLCoreAspect&Position=28.560`bb42af9e.ee894de6.a8870ee2.566cbbfe`Architecture`MON::Model [Architecture]`receiveEnergyCost=150.010000&receiveEnergyOverhead=101.860000&transmitEnergyCost=312.000000&transmitEnergyOverhead=341.000000````````````, ,
20141129_1634_38, Notification, XTEAM Engine, participant_1, 18, Simulation execution beginning, ,
20141129_1634_50, Notification, XTEAM Engine, participant_1, 15, Simulation execution completion, ,
20141129_1634_50, XTEAM, XTEAM Engine, participant_1, , ,
20141129_1634_50, XTEAM, XTEAM Engine, participant_1, , ,
20141129_1634_50, XTEAM, XTEAM Engine, participant_1, , ,
20141129_1634_54, Notification, XTEAM Engine, participant_1, 16, Simulation execution completion, ,
20141129_1634_54, XTEAM, XTEAM Engine, participant_1, , ,
20141129_1634_54, XTEAM, XTEAM Engine, participant_1, , ,
20141129_1634_54, XTEAM, XTEAM Engine, participant_1, , ,
20141129_1635_04, Notification, XTEAM Engine, participant_1, 17, Simulation execution completion, ,
20141129_1635_04, XTEAM, XTEAM Engine, participant_1, , ,
20141129_1635_04, XTEAM, XTEAM Engine, participant_1, , ,
20141129_1635_04, XTEAM, XTEAM Engine, participant_1, , ,
20141129_1635_11, Notification, XTEAM Engine, participant_1, 18, Simulation execution completion, ,
20141129_1635_11, XTEAM, XTEAM Engine, participant_1, , ,
20141129_1635_11, XTEAM, XTEAM Engine, participant_1, , ,
20141129_1635_11, XTEAM, XTEAM Engine, participant_1, , ,
20141129_1638_11, Update, FLAME Client, participant_1, 20, ,
20141129_1638_16, Snapshot, FLAME Client, participant_1, 21, ,
20141129_1638_18, Notification, XTEAM Engine, participant_0, 15, Simulation execution beginning, ,
20141129_1638_45, Design, FLAME Client, participant_1, 22, X`cdc6010e.7cf74d31.85daf3c3.1e9a4be8`ATTR`Host_Client`Host`MON::Set [Host]`Aspect=xADLCoreAspect&Position=28.560`bb42af9e.ee894de6.a8870ee2.566cbbfe`Architecture`MON::Model [Architecture]`receiveEnergyCost=150.010000&receiveEnergyOverhead=101.860000&transmitEnergyCost=105.110000&transmitEnergyOverhead=341.000000````````````, ,
20141129_1638_46, Notification, XTEAM Engine, participant_1, 19, Simulation execution beginning, ,
20141129_1638_49, Notification, XTEAM Engine, participant_0, 15, Simulation execution completion, ,
20141129_1638_49, XTEAM, XTEAM Engine, participant_0, , ,
20141129_1638_49, XTEAM, XTEAM Engine, participant_0, , ,
20141129_1638_49, XTEAM, XTEAM Engine, participant_0, , ,
20141129_1638_54, Design, FLAME Client, participant_1, 23, X`cdc6010e.7cf74d31.85daf3c3.1e9a4be8`ATTR`Host_Client`Host`MON::Set [Host]`Aspect=xADLCoreAspect&Position=28.560`bb42af9e.ee894de6.a8870ee2.566cbbfe`Architecture`MON::Model [Architecture]`receiveEnergyCost=150.010000&receiveEnergyOverhead=101.860000&transmitEnergyCost=105.110000&transmitEnergyOverhead=129.870000````````````, ,
20141129_1638_55, Notification, XTEAM Engine, participant_1, 20, Simulation execution beginning, ,
20141129_1639_06, Design, FLAME Client, participant_1, 24, X`4c379791.2eea468a.a8abbb1d.e5fba9bb`ATTR`perform`Task`MON::Model [Task]`Aspect=xADLBehaviorAspect&Position=336.217`c270ab26.2fff4b88.bf50a288.2d000ee5`Process`MON::Model [Process]`executionTime=500&memoryUsage=32&taskInstruction=nextResult[thread_id] = new Result;|nextResult[thread_id]->getResultState().value() = 0;|nextResult[thread_id]->getResultID().value() = nextTask[thread_id]->getTaskID().value();|nextResult[thread_id]->getResultValue().value() = 1;````````````, ,
20141129_1639_07, Notification, XTEAM Engine, participant_1, 21, Simulation execution beginning, ,
20141129_1639_08, Design, FLAME Client, participant_1, 25, X`4c379791.2eea468a.a8abbb1d.e5fba9bb`ATTR`perform`Task`MON::Model [Task]`Aspect=xADLBehaviorAspect&Position=336.217`c270ab26.2fff4b88.bf50a288.2d000ee5`Process`MON::Model [Process]`executionTime=500&memoryUsage=27&taskInstruction=nextResult[thread_id] = new Result;|nextResult[thread_id]->getResultState().value() = 0;|nextResult[thread_id]->getResultID().value() = nextTask[thread_id]->getTaskID().value();|nextResult[thread_id]->getResultValue().value() = 1;````````````, ,
20141129_1639_10, Notification, XTEAM Engine, participant_1, 22, Simulation execution beginning, ,
20141129_1639_23, Notification, XTEAM Engine, participant_1, 19, Simulation execution completion, ,
20141129_1639_23, XTEAM, XTEAM Engine, participant_1, , ,
20141129_1639_23, XTEAM, XTEAM Engine, participant_1, , ,
20141129_1639_23, XTEAM, XTEAM Engine, participant_1, , ,
20141129_1639_32, Notification, XTEAM Engine, participant_1, 20, Simulation execution completion, ,
20141129_1639_32, XTEAM, XTEAM Engine, participant_1, , ,
20141129_1639_32, XTEAM, XTEAM Engine, participant_1, , ,
20141129_1639_32, XTEAM, XTEAM Engine, participant_1, , ,
20141129_1639_37, Update, FLAME Client, participant_0, 18, ,
20141129_1639_40, Notification, XTEAM Engine, participant_1, 21, Simulation execution completion, ,
20141129_1639_40, XTEAM, XTEAM Engine, participant_1, , ,
20141129_1639_40, XTEAM, XTEAM Engine, participant_1, , ,
20141129_1639_40, XTEAM, XTEAM Engine, participant_1, , ,
20141129_1639_43, Notification, XTEAM Engine, participant_1, 22, Simulation execution completion, ,
20141129_1639_43, XTEAM, XTEAM Engine, participant_1, , ,
20141129_1639_43, XTEAM, XTEAM Engine, participant_1, , ,
20141129_1639_43, XTEAM, XTEAM Engine, participant_1, , ,
20141129_1643_04, Design, FLAME Client, participant_1, 26, X`4c379791.2eea468a.a8abbb1d.e5fba9bb`REGISTRY`perform`Task`MON::Model [Task]`Aspect=xADLBehaviorAspect&Position=336.217`c270ab26.2fff4b88.bf50a288.2d000ee5`Process`MON::Model [Process]`executionTime=500&memoryUsage=27&taskInstruction=nextResult[thread_id] = new Result;|nextResult[thread_id]->getResultState().value() = 0;|nextResult[thread_id]->getResultID().value() = nextTask[thread_id]->getTaskID().value();|nextResult[thread_id]->getResultValue().value() = 1;````````````, ,
20141129_1643_05, Notification, XTEAM Engine, participant_1, 23, Simulation execution beginning, ,
20141129_1643_08, Design, FLAME Client, participant_1, 27, X`4c379791.2eea468a.a8abbb1d.e5fba9bb`ATTR`perform`Task`MON::Model [Task]`Aspect=xADLBehaviorAspect&Position=336.217`c270ab26.2fff4b88.bf50a288.2d000ee5`Process`MON::Model [Process]`executionTime=350&memoryUsage=27&taskInstruction=nextResult[thread_id] = new Result;|nextResult[thread_id]->getResultState().value() = 0;|nextResult[thread_id]->getResultID().value() = nextTask[thread_id]->getTaskID().value();|nextResult[thread_id]->getResultValue().value() = 1;````````````, ,
20141129_1643_09, Notification, XTEAM Engine, participant_1, 24, Simulation execution beginning, ,
20141129_1643_15, Design, FLAME Client, participant_1, 28, X`4c379791.2eea468a.a8abbb1d.e5fba9bb`ATTR`perform`Task`MON::Model [Task]`Aspect=xADLBehaviorAspect&Position=336.217`c270ab26.2fff4b88.bf50a288.2d000ee5`Process`MON::Model [Process]`executionTime=350&memoryUsage=32&taskInstruction=nextResult[thread_id] = new Result;|nextResult[thread_id]->getResultState().value() = 0;|nextResult[thread_id]->getResultID().value() = nextTask[thread_id]->getTaskID().value();|nextResult[thread_id]->getResultValue().value() = 1;````````````, ,
20141129_1643_16, Notification, XTEAM Engine, participant_1, 25, Simulation execution beginning, ,
20141129_1643_28, Design, FLAME Client, participant_1, 29, X`cdc6010e.7cf74d31.85daf3c3.1e9a4be8`ATTR`Host_Client`Host`MON::Set [Host]`Aspect=xADLCoreAspect&Position=28.560`bb42af9e.ee894de6.a8870ee2.566cbbfe`Architecture`MON::Model [Architecture]`receiveEnergyCost=150.010000&receiveEnergyOverhead=101.860000&transmitEnergyCost=312.000000&transmitEnergyOverhead=129.870000````````````, ,
20141129_1643_30, Notification, XTEAM Engine, participant_1, 26, Simulation execution beginning, ,
20141129_1643_32, Design, FLAME Client, participant_0, 19, X`de311a94.5ac54159.8e7ae434.321ec71e`ATTR`HostSAT`Host`MON::Set [Host]`Aspect=xADLCoreAspect&Position=1610.497`bb42af9e.ee894de6.a8870ee2.566cbbfe`Architecture`MON::Model [Architecture]`receiveEnergyCost=101.280000&receiveEnergyOverhead=64.990000&transmitEnergyCost=182.000000&transmitEnergyOverhead=429.000000````````````, ,
20141129_1643_33, Notification, XTEAM Engine, participant_0, 16, Simulation execution beginning, ,
20141129_1643_36, Design, FLAME Client, participant_0, 20, X`de311a94.5ac54159.8e7ae434.321ec71e`ATTR`HostSAT`Host`MON::Set [Host]`Aspect=xADLCoreAspect&Position=1610.497`bb42af9e.ee894de6.a8870ee2.566cbbfe`Architecture`MON::Model [Architecture]`receiveEnergyCost=101.280000&receiveEnergyOverhead=64.990000&transmitEnergyCost=330.000000&transmitEnergyOverhead=429.000000````````````, ,
20141129_1643_36, Design, FLAME Client, participant_1, 30, X`cdc6010e.7cf74d31.85daf3c3.1e9a4be8`ATTR`Host_Client`Host`MON::Set [Host]`Aspect=xADLCoreAspect&Position=28.560`bb42af9e.ee894de6.a8870ee2.566cbbfe`Architecture`MON::Model [Architecture]`receiveEnergyCost=150.010000&receiveEnergyOverhead=101.860000&transmitEnergyCost=312.000000&transmitEnergyOverhead=341.000000````````````, ,
20141129_1643_37, Notification, XTEAM Engine, participant_0, 17, Simulation execution beginning, ,
20141129_1643_38, Notification, XTEAM Engine, participant_1, 27, Simulation execution beginning, ,
20141129_1643_39, Design, FLAME Client, participant_0, 21, X`176369f9.b385435c.b2d59a0f.66ba660c`ATTR`Host_SubsetSum`Host`MON::Set [Host]`Aspect=xADLCoreAspect&Position=1610.385`bb42af9e.ee894de6.a8870ee2.566cbbfe`Architecture`MON::Model [Architecture]`receiveEnergyCost=101.280000&receiveEnergyOverhead=64.990000&transmitEnergyCost=330.000000&transmitEnergyOverhead=217.000000````````````, ,
20141129_1643_40, Notification, XTEAM Engine, participant_0, 18, Simulation execution beginning, ,
20141129_1643_44, Design, FLAME Client, participant_0, 22, X`176369f9.b385435c.b2d59a0f.66ba660c`ATTR`Host_SubsetSum`Host`MON::Set [Host]`Aspect=xADLCoreAspect&Position=1610.385`bb42af9e.ee894de6.a8870ee2.566cbbfe`Architecture`MON::Model [Architecture]`receiveEnergyCost=101.280000&receiveEnergyOverhead=64.990000&transmitEnergyCost=330.000000&transmitEnergyOverhead=429.000000````````````, ,
20141129_1643_45, Notification, XTEAM Engine, participant_1, 23, Simulation execution completion, ,
20141129_1643_45, XTEAM, XTEAM Engine, participant_1, , ,
20141129_1643_45, XTEAM, XTEAM Engine, participant_1, , ,
20141129_1643_45, XTEAM, XTEAM Engine, participant_1, , ,
20141129_1643_45, Notification, XTEAM Engine, participant_0, 19, Simulation execution beginning, ,
20141129_1643_50, Notification, XTEAM Engine, participant_1, 24, Simulation execution completion, ,
20141129_1643_50, XTEAM, XTEAM Engine, participant_1, , ,
20141129_1643_50, XTEAM, XTEAM Engine, participant_1, , ,
20141129_1643_50, XTEAM, XTEAM Engine, participant_1, , ,
20141129_1643_57, Notification, XTEAM Engine, participant_1, 25, Simulation execution completion, ,
20141129_1643_57, XTEAM, XTEAM Engine, participant_1, , ,
20141129_1643_57, XTEAM, XTEAM Engine, participant_1, , ,
20141129_1643_57, XTEAM, XTEAM Engine, participant_1, , ,
20141129_1643_59, Design, FLAME Client, participant_0, 23, X`3f426f4b.6d164164.816fe575.67a4324f`ATTR`generate`Task`MON::Model [Task]`Aspect=xADLBehaviorAspect&Position=301.259`37598ce1.81784bb5.996843e8.1d554a61`Process`MON::Model [Process]`executionTime=6&memoryUsage=5500&taskInstruction=nextTask = new Task;|nextTask->getTaskState().value() = 0;|nextTask->getTaskID().value() = taskIDCounter->getNextTaskID().value()++;````````````, ,
20141129_1644_00, Notification, XTEAM Engine, participant_0, 20, Simulation execution beginning, ,
20141129_1644_06, Design, FLAME Client, participant_0, 24, X`3f426f4b.6d164164.816fe575.67a4324f`ATTR`generate`Task`MON::Model [Task]`Aspect=xADLBehaviorAspect&Position=301.259`37598ce1.81784bb5.996843e8.1d554a61`Process`MON::Model [Process]`executionTime=6&memoryUsage=11000&taskInstruction=nextTask = new Task;|nextTask->getTaskState().value() = 0;|nextTask->getTaskID().value() = taskIDCounter->getNextTaskID().value()++;````````````, ,
20141129_1644_07, Notification, XTEAM Engine, participant_0, 21, Simulation execution beginning, ,
20141129_1644_11, Notification, XTEAM Engine, participant_1, 26, Simulation execution completion, ,
20141129_1644_11, XTEAM, XTEAM Engine, participant_1, , ,
20141129_1644_11, XTEAM, XTEAM Engine, participant_1, , ,
20141129_1644_11, XTEAM, XTEAM Engine, participant_1, , ,
20141129_1644_13, Notification, XTEAM Engine, participant_0, 16, Simulation execution completion, ,
20141129_1644_13, XTEAM, XTEAM Engine, participant_0, , ,
20141129_1644_13, XTEAM, XTEAM Engine, participant_0, , ,
20141129_1644_13, XTEAM, XTEAM Engine, participant_0, , ,
20141129_1644_15, Design, FLAME Client, participant_0, 25, X`3a60805b.3a524f70.a064acd1.88108a11`ATTR`generate`Task`MON::Model [Task]`Aspect=xADLBehaviorAspect&Position=301.259`fd961ab4.712348fe.91a8653d.18529735`Process`MON::Model [Process]`executionTime=6&memoryUsage=5500&taskInstruction=nextTask = new Task;|nextTask->getTaskState().value() = 0;|nextTask->getTaskID().value() = taskIDCounter->getNextTaskID().value()++;````````````, ,
20141129_1644_17, Notification, XTEAM Engine, participant_0, 22, Simulation execution beginning, ,
20141129_1644_17, Notification, XTEAM Engine, participant_0, 17, Simulation execution completion, ,
20141129_1644_17, XTEAM, XTEAM Engine, participant_0, , ,
20141129_1644_17, XTEAM, XTEAM Engine, participant_0, , ,
20141129_1644_17, XTEAM, XTEAM Engine, participant_0, , ,
20141129_1644_20, Notification, XTEAM Engine, participant_0, 18, Simulation execution completion, ,
20141129_1644_20, XTEAM, XTEAM Engine, participant_0, , ,
20141129_1644_20, XTEAM, XTEAM Engine, participant_0, , ,
20141129_1644_20, XTEAM, XTEAM Engine, participant_0, , ,
20141129_1644_20, Design, FLAME Client, participant_0, 26, X`3a60805b.3a524f70.a064acd1.88108a11`ATTR`generate`Task`MON::Model [Task]`Aspect=xADLBehaviorAspect&Position=301.259`fd961ab4.712348fe.91a8653d.18529735`Process`MON::Model [Process]`executionTime=6&memoryUsage=11000&taskInstruction=nextTask = new Task;|nextTask->getTaskState().value() = 0;|nextTask->getTaskID().value() = taskIDCounter->getNextTaskID().value()++;````````````, ,
20141129_1644_21, Notification, XTEAM Engine, participant_1, 27, Simulation execution completion, ,
20141129_1644_21, XTEAM, XTEAM Engine, participant_1, , ,
20141129_1644_21, XTEAM, XTEAM Engine, participant_1, , ,
20141129_1644_21, XTEAM, XTEAM Engine, participant_1, , ,
20141129_1644_21, Notification, XTEAM Engine, participant_0, 23, Simulation execution beginning, ,
20141129_1644_26, Notification, XTEAM Engine, participant_0, 19, Simulation execution completion, ,
20141129_1644_26, XTEAM, XTEAM Engine, participant_0, , ,
20141129_1644_26, XTEAM, XTEAM Engine, participant_0, , ,
20141129_1644_26, XTEAM, XTEAM Engine, participant_0, , ,
20141129_1644_48, Notification, XTEAM Engine, participant_0, 20, Simulation execution completion, ,
20141129_1644_48, XTEAM, XTEAM Engine, participant_0, , ,
20141129_1644_48, XTEAM, XTEAM Engine, participant_0, , ,
20141129_1644_48, XTEAM, XTEAM Engine, participant_0, , ,
20141129_1644_52, Notification, XTEAM Engine, participant_0, 21, Simulation execution completion, ,
20141129_1644_52, XTEAM, XTEAM Engine, participant_0, , ,
20141129_1644_52, XTEAM, XTEAM Engine, participant_0, , ,
20141129_1644_52, XTEAM, XTEAM Engine, participant_0, , ,
20141129_1644_56, Notification, XTEAM Engine, participant_0, 22, Simulation execution completion, ,
20141129_1644_56, XTEAM, XTEAM Engine, participant_0, , ,
20141129_1644_56, XTEAM, XTEAM Engine, participant_0, , ,
20141129_1644_56, XTEAM, XTEAM Engine, participant_0, , ,
20141129_1644_58, Notification, XTEAM Engine, participant_0, 23, Simulation execution completion, ,
20141129_1644_58, XTEAM, XTEAM Engine, participant_0, , ,
20141129_1644_58, XTEAM, XTEAM Engine, participant_0, , ,
20141129_1644_58, XTEAM, XTEAM Engine, participant_0, , ,
20141129_1645_16, Snapshot, FLAME Client, participant_1, 31, ,
20141129_1645_16, Snapshot, FLAME Client, participant_0, 27, ,
20141129_1645_18, Update, FLAME Client, participant_0, 28, ,
20141129_1645_18, Notification, XTEAM Engine, participant_0, 24, Simulation execution beginning, ,
20141129_1645_18, Notification, XTEAM Engine, participant_1, 28, Simulation execution beginning, ,
20141129_1645_45, Design, FLAME Client, participant_0, 29, X`176369f9.b385435c.b2d59a0f.66ba660c`ATTR`Host_SubsetSum`Host`MON::Set [Host]`Aspect=xADLCoreAspect&Position=1610.385`bb42af9e.ee894de6.a8870ee2.566cbbfe`Architecture`MON::Model [Architecture]`receiveEnergyCost=101.280000&receiveEnergyOverhead=64.990000&transmitEnergyCost=182.000000&transmitEnergyOverhead=429.000000````````````, ,
20141129_1645_46, Notification, XTEAM Engine, participant_0, 25, Simulation execution beginning, ,
20141129_1645_50, Design, FLAME Client, participant_0, 30, X`176369f9.b385435c.b2d59a0f.66ba660c`ATTR`Host_SubsetSum`Host`MON::Set [Host]`Aspect=xADLCoreAspect&Position=1610.385`bb42af9e.ee894de6.a8870ee2.566cbbfe`Architecture`MON::Model [Architecture]`receiveEnergyCost=101.280000&receiveEnergyOverhead=64.990000&transmitEnergyCost=182.000000&transmitEnergyOverhead=217.000000````````````, ,
20141129_1645_51, Notification, XTEAM Engine, participant_0, 26, Simulation execution beginning, ,
20141129_1645_54, Notification, XTEAM Engine, participant_0, 24, Simulation execution completion, ,
20141129_1645_54, XTEAM, XTEAM Engine, participant_0, , ,
20141129_1645_54, XTEAM, XTEAM Engine, participant_0, , ,
20141129_1645_54, XTEAM, XTEAM Engine, participant_0, , ,
20141129_1645_55, Design, FLAME Client, participant_0, 31, X`de311a94.5ac54159.8e7ae434.321ec71e`ATTR`HostSAT`Host`MON::Set [Host]`Aspect=xADLCoreAspect&Position=1610.497`bb42af9e.ee894de6.a8870ee2.566cbbfe`Architecture`MON::Model [Architecture]`receiveEnergyCost=101.280000&receiveEnergyOverhead=64.990000&transmitEnergyCost=182.000000&transmitEnergyOverhead=429.000000````````````, ,
20141129_1645_55, Update, FLAME Client, participant_1, 32, ,
20141129_1645_56, Notification, XTEAM Engine, participant_0, 27, Simulation execution beginning, ,
20141129_1645_56, Notification, XTEAM Engine, participant_1, 28, Simulation execution completion, ,
20141129_1645_56, XTEAM, XTEAM Engine, participant_1, , ,
20141129_1645_56, XTEAM, XTEAM Engine, participant_1, , ,
20141129_1645_56, XTEAM, XTEAM Engine, participant_1, , ,
20141129_1645_58, Design, FLAME Client, participant_0, 32, X`de311a94.5ac54159.8e7ae434.321ec71e`ATTR`HostSAT`Host`MON::Set [Host]`Aspect=xADLCoreAspect&Position=1610.497`bb42af9e.ee894de6.a8870ee2.566cbbfe`Architecture`MON::Model [Architecture]`receiveEnergyCost=101.280000&receiveEnergyOverhead=64.990000&transmitEnergyCost=182.000000&transmitEnergyOverhead=217.000000````````````, ,
20141129_1646_00, Notification, XTEAM Engine, participant_0, 28, Simulation execution beginning, ,
20141129_1646_06, Snapshot, FLAME Client, participant_0, 33, ,
20141129_1646_08, Notification, XTEAM Engine, participant_1, 29, Simulation execution beginning, ,
20141129_1646_25, Notification, XTEAM Engine, participant_0, 25, Simulation execution completion, ,
20141129_1646_25, XTEAM, XTEAM Engine, participant_0, , ,
20141129_1646_25, XTEAM, XTEAM Engine, participant_0, , ,
20141129_1646_25, XTEAM, XTEAM Engine, participant_0, , ,
20141129_1646_30, Notification, XTEAM Engine, participant_0, 26, Simulation execution completion, ,
20141129_1646_30, XTEAM, XTEAM Engine, participant_0, , ,
20141129_1646_30, XTEAM, XTEAM Engine, participant_0, , ,
20141129_1646_30, XTEAM, XTEAM Engine, participant_0, , ,
20141129_1646_33, Notification, XTEAM Engine, participant_0, 27, Simulation execution completion, ,
20141129_1646_33, XTEAM, XTEAM Engine, participant_0, , ,
20141129_1646_33, XTEAM, XTEAM Engine, participant_0, , ,
20141129_1646_33, XTEAM, XTEAM Engine, participant_0, , ,
20141129_1646_36, Notification, XTEAM Engine, participant_0, 28, Simulation execution completion, ,
20141129_1646_36, XTEAM, XTEAM Engine, participant_0, , ,
20141129_1646_36, XTEAM, XTEAM Engine, participant_0, , ,
20141129_1646_36, XTEAM, XTEAM Engine, participant_0, , ,
