TIME, Event name, OriginComponent, SenderUsername, EventID, ,
20141129_1621_37, Snapshot, FLAME Client, participant_1, 5, ,
20141129_1625_09, Snapshot, FLAME Client, participant_0, 9, ,
20141129_1628_38, Snapshot, FLAME Client, participant_1, 11, ,
20141129_1633_13, Snapshot, FLAME Client, participant_0, 17, ,
20141129_1638_16, Snapshot, FLAME Client, participant_1, 21, ,
20141129_1645_16, Snapshot, FLAME Client, participant_1, 31, ,
20141129_1645_16, Snapshot, FLAME Client, participant_0, 27, ,
20141129_1646_06, Snapshot, FLAME Client, participant_0, 33, ,
