TIME, Event name, OriginComponent, SenderUsername, EventID, Value, ,
20140327_1520_08, Login, XTEAM Engine, MRSV, , ,
20140327_1520_34, Login, CoWare XTEAM Client, participant_0, , ,
20140327_1520_35, Login, CoWare XTEAM Client, participant_1, , ,
20140327_1521_56, Login, CoWare XTEAM Client, participant_1, , ,
20140327_1522_08, Login, CoWare XTEAM Client, participant_0, , ,
20140327_1523_00, Design, CoWare XTEAM Client, participant_0, 1, X`26cde46c.9c5842b6.86a460a7.9af47b0b`ATTR`generate`Task`MON::Model [Task]`Aspect=xADLBehaviorAspect&Position=231.196`8bf46823.a38b47d7.afbbc04e.7988ae39`Process`MON::Model [Process]`executionTime=4&memoryUsage=3&taskInstruction=nextRequest = new Request;|nextRequest->getRequestKind().value() = "Salinity";````````````, ,
20140327_1523_02, Notification, XTEAM Engine, MRSV, 1, Simulation execution beginning, ,
20140327_1523_08, Design, CoWare XTEAM Client, participant_0, 2, X`26cde46c.9c5842b6.86a460a7.9af47b0b`ATTR`generate`Task`MON::Model [Task]`Aspect=xADLBehaviorAspect&Position=231.196`8bf46823.a38b47d7.afbbc04e.7988ae39`Process`MON::Model [Process]`executionTime=4&memoryUsage=250&taskInstruction=nextRequest = new Request;|nextRequest->getRequestKind().value() = "Salinity";````````````, ,
20140327_1523_09, Notification, XTEAM Engine, MRSV, 2, Simulation execution beginning, ,
20140327_1523_29, Notification, XTEAM Engine, MRSV, 1, Simulation execution completion, ,
20140327_1523_29, XTEAM, XTEAM Engine, MRSV, , ,
20140327_1523_29, XTEAM, XTEAM Engine, MRSV, , ,
20140327_1523_29, XTEAM, XTEAM Engine, MRSV, , ,
20140327_1523_39, Notification, XTEAM Engine, MRSV, 2, Simulation execution completion, ,
20140327_1523_39, XTEAM, XTEAM Engine, MRSV, , ,
20140327_1523_39, XTEAM, XTEAM Engine, MRSV, , ,
20140327_1523_39, XTEAM, XTEAM Engine, MRSV, , ,
20140327_1523_49, Design, CoWare XTEAM Client, participant_0, 3, X`3709314b.7a93486e.8dc9b26c.f4772d70`ATTR`Host_1`Host`MON::Set [Host]`Aspect=xADLCoreAspect&Position=42.49`53c8e4c.6bec48b1.8f5efd8e.55e34f54`Architecture`MON::Model [Architecture]`receiveEnergyCost=18.000000&receiveEnergyOverhead=48.000000&transmitEnergyCost=50.000000&transmitEnergyOverhead=45.000000````````````, ,
20140327_1523_50, Notification, XTEAM Engine, MRSV, 3, Simulation execution beginning, ,
20140327_1523_56, Design, CoWare XTEAM Client, participant_0, 4, X`3709314b.7a93486e.8dc9b26c.f4772d70`ATTR`Host_1`Host`MON::Set [Host]`Aspect=xADLCoreAspect&Position=42.49`53c8e4c.6bec48b1.8f5efd8e.55e34f54`Architecture`MON::Model [Architecture]`receiveEnergyCost=18.000000&receiveEnergyOverhead=48.000000&transmitEnergyCost=50.000000&transmitEnergyOverhead=200.000000````````````, ,
20140327_1523_58, Notification, XTEAM Engine, MRSV, 4, Simulation execution beginning, ,
20140327_1524_00, Design, CoWare XTEAM Client, participant_0, 5, X`3709314b.7a93486e.8dc9b26c.f4772d70`ATTR`Host_1`Host`MON::Set [Host]`Aspect=xADLCoreAspect&Position=42.49`53c8e4c.6bec48b1.8f5efd8e.55e34f54`Architecture`MON::Model [Architecture]`receiveEnergyCost=65.000000&receiveEnergyOverhead=48.000000&transmitEnergyCost=50.000000&transmitEnergyOverhead=200.000000````````````, ,
20140327_1524_06, Notification, XTEAM Engine, MRSV, 5, Simulation execution beginning, ,
20140327_1524_27, Notification, XTEAM Engine, MRSV, 5, Simulation execution completion, ,
20140327_1524_27, XTEAM, XTEAM Engine, MRSV, , ,
20140327_1524_27, XTEAM, XTEAM Engine, MRSV, , ,
20140327_1524_27, XTEAM, XTEAM Engine, MRSV, , ,
20140327_1524_31, Notification, XTEAM Engine, MRSV, 3, Simulation execution completion, ,
20140327_1524_31, XTEAM, XTEAM Engine, MRSV, , ,
20140327_1524_31, XTEAM, XTEAM Engine, MRSV, , ,
20140327_1524_31, XTEAM, XTEAM Engine, MRSV, , ,
20140327_1524_38, Notification, XTEAM Engine, MRSV, 4, Simulation execution completion, ,
20140327_1524_38, XTEAM, XTEAM Engine, MRSV, , ,
20140327_1524_38, XTEAM, XTEAM Engine, MRSV, , ,
20140327_1524_38, XTEAM, XTEAM Engine, MRSV, , ,
20140327_1525_03, Design, CoWare XTEAM Client, participant_1, 1, X`823be07d.a4c04349.bb5bd637.1efca24`ATTR`forward`Task`MON::Model [Task]`Aspect=xADLBehaviorAspect&Position=280.196`64012bb1.f194748.9fe467dc.cb2e84f5`Process`MON::Model [Process]`executionTime=7&memoryUsage=1&taskInstruction=````````````, ,
20140327_1525_04, Notification, XTEAM Engine, MRSV, 6, Simulation execution beginning, ,
20140327_1525_23, Design, CoWare XTEAM Client, participant_1, 2, X`823be07d.a4c04349.bb5bd637.1efca24`ATTR`forward`Task`MON::Model [Task]`Aspect=xADLBehaviorAspect&Position=280.196`64012bb1.f194748.9fe467dc.cb2e84f5`Process`MON::Model [Process]`executionTime=7&memoryUsage=15&taskInstruction=````````````, ,
20140327_1525_33, Notification, XTEAM Engine, MRSV, 7, Simulation execution beginning, ,
20140327_1525_44, Design, CoWare XTEAM Client, participant_0, 6, X`6e9c8fd6.f1e64dd2.b80f329b.5eaf84d5`ATTR`generate`Task`MON::Model [Task]`Aspect=xADLBehaviorAspect&Position=231.196`949ce290.11ad4a14.a3b729fe.76f3e91a`Process`MON::Model [Process]`executionTime=4&memoryUsage=3&taskInstruction=nextRequest = new Request;|nextRequest->getRequestKind().value() = "Salinity";````````````, ,
20140327_1525_47, Notification, XTEAM Engine, MRSV, 8, Simulation execution beginning, ,
20140327_1525_48, Design, CoWare XTEAM Client, participant_0, 7, X`6e9c8fd6.f1e64dd2.b80f329b.5eaf84d5`ATTR`generate`Task`MON::Model [Task]`Aspect=xADLBehaviorAspect&Position=231.196`949ce290.11ad4a14.a3b729fe.76f3e91a`Process`MON::Model [Process]`executionTime=4&memoryUsage=250&taskInstruction=nextRequest = new Request;|nextRequest->getRequestKind().value() = "Salinity";````````````, ,
20140327_1525_58, Notification, XTEAM Engine, MRSV, 9, Simulation execution beginning, ,
20140327_1526_05, Design, CoWare XTEAM Client, participant_0, 8, X`1d380676.204a4521.b3bb7c52.2bae3451`ATTR`Host_2`Host`MON::Set [Host]`Aspect=xADLCoreAspect&Position=42.350`53c8e4c.6bec48b1.8f5efd8e.55e34f54`Architecture`MON::Model [Architecture]`receiveEnergyCost=18.000000&receiveEnergyOverhead=48.000000&transmitEnergyCost=50.000000&transmitEnergyOverhead=45.000000````````````, ,
20140327_1526_06, Notification, XTEAM Engine, MRSV, 10, Simulation execution beginning, ,
20140327_1526_08, Design, CoWare XTEAM Client, participant_0, 9, X`1d380676.204a4521.b3bb7c52.2bae3451`ATTR`Host_2`Host`MON::Set [Host]`Aspect=xADLCoreAspect&Position=42.350`53c8e4c.6bec48b1.8f5efd8e.55e34f54`Architecture`MON::Model [Architecture]`receiveEnergyCost=18.000000&receiveEnergyOverhead=48.000000&transmitEnergyCost=50.000000&transmitEnergyOverhead=200.000000````````````, ,
20140327_1526_10, Notification, XTEAM Engine, MRSV, 11, Simulation execution beginning, ,
20140327_1526_14, Design, CoWare XTEAM Client, participant_0, 10, X`1d380676.204a4521.b3bb7c52.2bae3451`ATTR`Host_2`Host`MON::Set [Host]`Aspect=xADLCoreAspect&Position=42.350`53c8e4c.6bec48b1.8f5efd8e.55e34f54`Architecture`MON::Model [Architecture]`receiveEnergyCost=65.000000&receiveEnergyOverhead=48.000000&transmitEnergyCost=50.000000&transmitEnergyOverhead=200.000000````````````, ,
20140327_1526_19, Design, CoWare XTEAM Client, participant_0, 11, X`1d380676.204a4521.b3bb7c52.2bae3451`ATTR`Host_2`Host`MON::Set [Host]`Aspect=xADLCoreAspect&Position=42.350`53c8e4c.6bec48b1.8f5efd8e.55e34f54`Architecture`MON::Model [Architecture]`receiveEnergyCost=65.000000&receiveEnergyOverhead=240.000000&transmitEnergyCost=50.000000&transmitEnergyOverhead=200.000000````````````, ,
20140327_1526_22, Notification, XTEAM Engine, MRSV, 12, Simulation execution beginning, ,
20140327_1526_48, Notification, XTEAM Engine, MRSV, 13, Simulation execution beginning, ,
20140327_1526_48, XTEAM, XTEAM Engine, MRSV, , ,
20140327_1526_48, XTEAM, XTEAM Engine, MRSV, , ,
20140327_1526_48, XTEAM, XTEAM Engine, MRSV, , ,
20140327_1526_48, Notification, XTEAM Engine, MRSV, 8, Simulation execution completion, ,
20140327_1526_48, Notification, XTEAM Engine, MRSV, 6, Simulation execution completion, ,
20140327_1526_48, XTEAM, XTEAM Engine, MRSV, , ,
20140327_1526_48, XTEAM, XTEAM Engine, MRSV, , ,
20140327_1526_48, XTEAM, XTEAM Engine, MRSV, , ,
20140327_1526_50, Notification, XTEAM Engine, MRSV, 9, Simulation execution completion, ,
20140327_1526_50, XTEAM, XTEAM Engine, MRSV, , ,
20140327_1526_50, XTEAM, XTEAM Engine, MRSV, , ,
20140327_1526_50, XTEAM, XTEAM Engine, MRSV, , ,
20140327_1526_51, Notification, XTEAM Engine, MRSV, 7, Simulation execution completion, ,
20140327_1526_51, XTEAM, XTEAM Engine, MRSV, , ,
20140327_1526_51, XTEAM, XTEAM Engine, MRSV, , ,
20140327_1526_51, XTEAM, XTEAM Engine, MRSV, , ,
20140327_1526_54, Design, CoWare XTEAM Client, participant_0, 12, X`422c11c0.c89a428f.838be7f4.7ffbcbd6`REGISTRY`generate`Task`MON::Model [Task]`Aspect=xADLBehaviorAspect&Position=231.196`f5e3fc53.9152438c.8adc2b0b.e095f1c6`Process`MON::Model [Process]`executionTime=10&memoryUsage=3&taskInstruction=nextRequest = new Request;|nextRequest->getRequestKind().value() = "Salinity";````````````, ,
20140327_1526_59, Design, CoWare XTEAM Client, participant_0, 13, X`422c11c0.c89a428f.838be7f4.7ffbcbd6`ATTR`generate`Task`MON::Model [Task]`Aspect=xADLBehaviorAspect&Position=231.196`f5e3fc53.9152438c.8adc2b0b.e095f1c6`Process`MON::Model [Process]`executionTime=4&memoryUsage=3&taskInstruction=nextRequest = new Request;|nextRequest->getRequestKind().value() = "Salinity";````````````, ,
20140327_1527_00, Notification, XTEAM Engine, MRSV, 14, Simulation execution beginning, ,
20140327_1527_02, Notification, XTEAM Engine, MRSV, 15, Simulation execution beginning, ,
20140327_1527_03, Design, CoWare XTEAM Client, participant_0, 14, X`422c11c0.c89a428f.838be7f4.7ffbcbd6`ATTR`generate`Task`MON::Model [Task]`Aspect=xADLBehaviorAspect&Position=231.196`f5e3fc53.9152438c.8adc2b0b.e095f1c6`Process`MON::Model [Process]`executionTime=4&memoryUsage=250&taskInstruction=nextRequest = new Request;|nextRequest->getRequestKind().value() = "Salinity";````````````, ,
20140327_1527_11, Notification, XTEAM Engine, MRSV, 16, Simulation execution beginning, ,
20140327_1527_18, Design, CoWare XTEAM Client, participant_0, 15, X`6f385993.f08a4164.b815faa2.88dc52fb`REGISTRY`Host_3`Host`MON::Set [Host]`Aspect=xADLCoreAspect&Position=42.630`53c8e4c.6bec48b1.8f5efd8e.55e34f54`Architecture`MON::Model [Architecture]`receiveEnergyCost=18.000000&receiveEnergyOverhead=48.000000&transmitEnergyCost=12.000000&transmitEnergyOverhead=45.000000````````````, ,
20140327_1527_20, Notification, XTEAM Engine, MRSV, 17, Simulation execution beginning, ,
20140327_1527_29, Design, CoWare XTEAM Client, participant_0, 16, X`6f385993.f08a4164.b815faa2.88dc52fb`ATTR`Host_3`Host`MON::Set [Host]`Aspect=xADLCoreAspect&Position=42.630`53c8e4c.6bec48b1.8f5efd8e.55e34f54`Architecture`MON::Model [Architecture]`receiveEnergyCost=18.000000&receiveEnergyOverhead=48.000000&transmitEnergyCost=50.000000&transmitEnergyOverhead=45.000000````````````, ,
20140327_1527_34, Notification, XTEAM Engine, MRSV, 18, Simulation execution beginning, ,
20140327_1527_36, Design, CoWare XTEAM Client, participant_0, 17, X`6f385993.f08a4164.b815faa2.88dc52fb`ATTR`Host_3`Host`MON::Set [Host]`Aspect=xADLCoreAspect&Position=42.630`53c8e4c.6bec48b1.8f5efd8e.55e34f54`Architecture`MON::Model [Architecture]`receiveEnergyCost=18.000000&receiveEnergyOverhead=48.000000&transmitEnergyCost=50.000000&transmitEnergyOverhead=200.000000````````````, ,
20140327_1527_37, Notification, XTEAM Engine, MRSV, 19, Simulation execution beginning, ,
20140327_1527_40, Design, CoWare XTEAM Client, participant_0, 18, X`6f385993.f08a4164.b815faa2.88dc52fb`ATTR`Host_3`Host`MON::Set [Host]`Aspect=xADLCoreAspect&Position=42.630`53c8e4c.6bec48b1.8f5efd8e.55e34f54`Architecture`MON::Model [Architecture]`receiveEnergyCost=65.000000&receiveEnergyOverhead=48.000000&transmitEnergyCost=50.000000&transmitEnergyOverhead=200.000000````````````, ,
20140327_1527_40, Notification, XTEAM Engine, MRSV, 11, Simulation execution completion, ,
20140327_1527_40, XTEAM, XTEAM Engine, MRSV, , ,
20140327_1527_53, Design, CoWare XTEAM Client, participant_1, 5, X`cc6f3a99.39734696.be3c4499.34632100`ATTR`Host_Salinity`Host`MON::Set [Host]`Aspect=xADLCoreAspect&Position=966.763`53c8e4c.6bec48b1.8f5efd8e.55e34f54`Architecture`MON::Model [Architecture]`receiveEnergyCost=20.000000&receiveEnergyOverhead=70.000000&transmitEnergyCost=12.000000&transmitEnergyOverhead=40.000000````````````, ,
20140327_1527_49, Design, CoWare XTEAM Client, participant_1, 4, X`cc6f3a99.39734696.be3c4499.34632100`ATTR`Host_Salinity`Host`MON::Set [Host]`Aspect=xADLCoreAspect&Position=966.763`53c8e4c.6bec48b1.8f5efd8e.55e34f54`Architecture`MON::Model [Architecture]`receiveEnergyCost=20.000000&receiveEnergyOverhead=45.000000&transmitEnergyCost=12.000000&transmitEnergyOverhead=40.000000````````````, ,
20140327_1527_45, Design, CoWare XTEAM Client, participant_1, 3, X`cc6f3a99.39734696.be3c4499.34632100`ATTR`Host_Salinity`Host`MON::Set [Host]`Aspect=xADLCoreAspect&Position=966.763`53c8e4c.6bec48b1.8f5efd8e.55e34f54`Architecture`MON::Model [Architecture]`receiveEnergyCost=13.000000&receiveEnergyOverhead=45.000000&transmitEnergyCost=12.000000&transmitEnergyOverhead=40.000000````````````, ,
20140327_1527_43, Design, CoWare XTEAM Client, participant_0, 19, X`6f385993.f08a4164.b815faa2.88dc52fb`ATTR`Host_3`Host`MON::Set [Host]`Aspect=xADLCoreAspect&Position=42.630`53c8e4c.6bec48b1.8f5efd8e.55e34f54`Architecture`MON::Model [Architecture]`receiveEnergyCost=65.000000&receiveEnergyOverhead=240.000000&transmitEnergyCost=50.000000&transmitEnergyOverhead=200.000000````````````, ,
20140327_1527_40, XTEAM, XTEAM Engine, MRSV, , ,
20140327_1527_40, XTEAM, XTEAM Engine, MRSV, , ,
20140327_1527_56, Notification, XTEAM Engine, MRSV, 10, Simulation execution completion, ,
20140327_1527_56, XTEAM, XTEAM Engine, MRSV, , ,
20140327_1527_56, XTEAM, XTEAM Engine, MRSV, , ,
20140327_1527_56, XTEAM, XTEAM Engine, MRSV, , ,
20140327_1527_57, Notification, XTEAM Engine, MRSV, 20, Simulation execution beginning, ,
20140327_1528_06, Design, CoWare XTEAM Client, participant_1, 6, X`f603f85b.e43844a4.b3627b58.f951dcdf`ATTR`Host_Temp`Host`MON::Set [Host]`Aspect=xADLCoreAspect&Position=1106.763`53c8e4c.6bec48b1.8f5efd8e.55e34f54`Architecture`MON::Model [Architecture]`receiveEnergyCost=13.000000&receiveEnergyOverhead=45.000000&transmitEnergyCost=12.000000&transmitEnergyOverhead=40.000000````````````, ,
20140327_1528_09, Notification, XTEAM Engine, MRSV, 21, Simulation execution beginning, ,
20140327_1528_10, Notification, XTEAM Engine, MRSV, 12, Simulation execution completion, ,
20140327_1528_10, XTEAM, XTEAM Engine, MRSV, , ,
20140327_1528_10, XTEAM, XTEAM Engine, MRSV, , ,
20140327_1528_10, XTEAM, XTEAM Engine, MRSV, , ,
20140327_1528_10, Design, CoWare XTEAM Client, participant_1, 7, X`f603f85b.e43844a4.b3627b58.f951dcdf`ATTR`Host_Temp`Host`MON::Set [Host]`Aspect=xADLCoreAspect&Position=1106.763`53c8e4c.6bec48b1.8f5efd8e.55e34f54`Architecture`MON::Model [Architecture]`receiveEnergyCost=20.000000&receiveEnergyOverhead=45.000000&transmitEnergyCost=12.000000&transmitEnergyOverhead=40.000000````````````, ,
20140327_1528_11, Notification, XTEAM Engine, MRSV, 22, Simulation execution beginning, ,
20140327_1528_12, Notification, XTEAM Engine, MRSV, 13, Simulation execution completion, ,
20140327_1528_12, XTEAM, XTEAM Engine, MRSV, , ,
20140327_1528_12, XTEAM, XTEAM Engine, MRSV, , ,
20140327_1528_12, XTEAM, XTEAM Engine, MRSV, , ,
20140327_1528_14, Design, CoWare XTEAM Client, participant_1, 8, X`f603f85b.e43844a4.b3627b58.f951dcdf`ATTR`Host_Temp`Host`MON::Set [Host]`Aspect=xADLCoreAspect&Position=1106.763`53c8e4c.6bec48b1.8f5efd8e.55e34f54`Architecture`MON::Model [Architecture]`receiveEnergyCost=20.000000&receiveEnergyOverhead=70.000000&transmitEnergyCost=12.000000&transmitEnergyOverhead=40.000000````````````, ,
20140327_1528_15, Notification, XTEAM Engine, MRSV, 23, Simulation execution beginning, ,
20140327_1528_18, Notification, XTEAM Engine, MRSV, 24, Simulation execution beginning, ,
20140327_1528_26, Notification, XTEAM Engine, MRSV, 25, Simulation execution beginning, ,
20140327_1528_26, Notification, XTEAM Engine, MRSV, 15, Simulation execution completion, ,
20140327_1528_26, XTEAM, XTEAM Engine, MRSV, , ,
20140327_1528_26, XTEAM, XTEAM Engine, MRSV, , ,
20140327_1528_26, XTEAM, XTEAM Engine, MRSV, , ,
20140327_1528_27, Notification, XTEAM Engine, MRSV, 14, Simulation execution completion, ,
20140327_1528_27, XTEAM, XTEAM Engine, MRSV, , ,
20140327_1528_27, XTEAM, XTEAM Engine, MRSV, , ,
20140327_1528_27, XTEAM, XTEAM Engine, MRSV, , ,
20140327_1528_33, Notification, XTEAM Engine, MRSV, 16, Simulation execution completion, ,
20140327_1528_33, XTEAM, XTEAM Engine, MRSV, , ,
20140327_1528_33, XTEAM, XTEAM Engine, MRSV, , ,
20140327_1528_33, XTEAM, XTEAM Engine, MRSV, , ,
20140327_1528_33, Notification, XTEAM Engine, MRSV, 17, Simulation execution completion, ,
20140327_1528_33, XTEAM, XTEAM Engine, MRSV, , ,
20140327_1528_33, XTEAM, XTEAM Engine, MRSV, , ,
20140327_1528_33, XTEAM, XTEAM Engine, MRSV, , ,
20140327_1528_36, Design, CoWare XTEAM Client, participant_1, 9, X`94210f92.7f2948b5.85ae7022.b47edab9`ATTR`forward`Task`MON::Model [Task]`Aspect=xADLBehaviorAspect&Position=280.196`bae5c031.c23642cf.9833b82f.3b18d72d`Process`MON::Model [Process]`executionTime=7&memoryUsage=1&taskInstruction=````````````, ,
20140327_1528_38, Notification, XTEAM Engine, MRSV, 26, Simulation execution beginning, ,
20140327_1528_39, Design, CoWare XTEAM Client, participant_1, 10, X`94210f92.7f2948b5.85ae7022.b47edab9`ATTR`forward`Task`MON::Model [Task]`Aspect=xADLBehaviorAspect&Position=280.196`bae5c031.c23642cf.9833b82f.3b18d72d`Process`MON::Model [Process]`executionTime=7&memoryUsage=15&taskInstruction=````````````, ,
20140327_1528_40, Notification, XTEAM Engine, MRSV, 27, Simulation execution beginning, ,
20140327_1528_53, Notification, XTEAM Engine, MRSV, 18, Simulation execution completion, ,
20140327_1528_53, XTEAM, XTEAM Engine, MRSV, , ,
20140327_1528_53, XTEAM, XTEAM Engine, MRSV, , ,
20140327_1528_53, XTEAM, XTEAM Engine, MRSV, , ,
20140327_1528_53, Notification, XTEAM Engine, MRSV, 20, Simulation execution completion, ,
20140327_1528_53, XTEAM, XTEAM Engine, MRSV, , ,
20140327_1528_53, XTEAM, XTEAM Engine, MRSV, , ,
20140327_1528_53, XTEAM, XTEAM Engine, MRSV, , ,
20140327_1528_53, Notification, XTEAM Engine, MRSV, 19, Simulation execution completion, ,
20140327_1528_53, XTEAM, XTEAM Engine, MRSV, , ,
20140327_1528_53, XTEAM, XTEAM Engine, MRSV, , ,
20140327_1528_53, XTEAM, XTEAM Engine, MRSV, , ,
20140327_1528_53, Notification, XTEAM Engine, MRSV, 23, Simulation execution completion, ,
20140327_1528_53, XTEAM, XTEAM Engine, MRSV, , ,
20140327_1528_53, XTEAM, XTEAM Engine, MRSV, , ,
20140327_1528_53, XTEAM, XTEAM Engine, MRSV, , ,
20140327_1529_04, Notification, XTEAM Engine, MRSV, 21, Simulation execution completion, ,
20140327_1529_04, XTEAM, XTEAM Engine, MRSV, , ,
20140327_1529_04, XTEAM, XTEAM Engine, MRSV, , ,
20140327_1529_04, XTEAM, XTEAM Engine, MRSV, , ,
20140327_1529_05, Notification, XTEAM Engine, MRSV, 22, Simulation execution completion, ,
20140327_1529_05, XTEAM, XTEAM Engine, MRSV, , ,
20140327_1529_05, XTEAM, XTEAM Engine, MRSV, , ,
20140327_1529_05, XTEAM, XTEAM Engine, MRSV, , ,
20140327_1529_20, Notification, XTEAM Engine, MRSV, 25, Simulation execution completion, ,
20140327_1529_20, XTEAM, XTEAM Engine, MRSV, , ,
20140327_1529_20, XTEAM, XTEAM Engine, MRSV, , ,
20140327_1529_20, XTEAM, XTEAM Engine, MRSV, , ,
20140327_1529_20, Notification, XTEAM Engine, MRSV, 24, Simulation execution completion, ,
20140327_1529_20, XTEAM, XTEAM Engine, MRSV, , ,
20140327_1529_20, XTEAM, XTEAM Engine, MRSV, , ,
20140327_1529_20, XTEAM, XTEAM Engine, MRSV, , ,
20140327_1529_34, Notification, XTEAM Engine, MRSV, 26, Simulation execution completion, ,
20140327_1529_34, XTEAM, XTEAM Engine, MRSV, , ,
20140327_1529_34, XTEAM, XTEAM Engine, MRSV, , ,
20140327_1529_34, XTEAM, XTEAM Engine, MRSV, , ,
20140327_1529_35, Notification, XTEAM Engine, MRSV, 27, Simulation execution completion, ,
20140327_1529_35, XTEAM, XTEAM Engine, MRSV, , ,
20140327_1529_35, XTEAM, XTEAM Engine, MRSV, , ,
20140327_1529_35, XTEAM, XTEAM Engine, MRSV, , ,
20140327_1536_15, Snapshot, CoWare XTEAM Client, participant_1, 11, ,
20140327_1536_20, Snapshot, CoWare XTEAM Client, participant_1, 12, ,
20140327_1537_24, Snapshot, CoWare XTEAM Client, participant_0, 20, ,
20140327_1538_38, Snapshot, CoWare XTEAM Client, participant_1, 13, ,
20140327_1545_24, Design, CoWare XTEAM Client, participant_0, 21, X`16be4b61.553e4d03.8cbe8e19.cd3485fc`REGISTRY`SalinityReqGen`Component`MON::Model [Component]`Aspect=xADLCoreAspect&Position=168.630`53c8e4c.6bec48b1.8f5efd8e.55e34f54`Architecture`MON::Model [Architecture]`description=````````````, ,
20140327_1545_26, Notification, XTEAM Engine, MRSV, 28, Simulation execution beginning, ,
20140327_1545_52, Notification, XTEAM Engine, MRSV, 28, Simulation execution completion, ,
20140327_1545_52, XTEAM, XTEAM Engine, MRSV, , ,
20140327_1545_52, XTEAM, XTEAM Engine, MRSV, , ,
20140327_1545_52, XTEAM, XTEAM Engine, MRSV, , ,
20140327_1545_57, Design, CoWare XTEAM Client, participant_0, 22, X`422c11c0.c89a428f.838be7f4.7ffbcbd6`ATTR`generate`Task`MON::Model [Task]`Aspect=xADLBehaviorAspect&Position=231.196`f5e3fc53.9152438c.8adc2b0b.e095f1c6`Process`MON::Model [Process]`executionTime=4&memoryUsage=3&taskInstruction=nextRequest = new Request;|nextRequest->getRequestKind().value() = "Salinity";````````````, ,
20140327_1545_59, Notification, XTEAM Engine, MRSV, 29, Simulation execution beginning, ,
20140327_1546_02, Design, CoWare XTEAM Client, participant_0, 23, X`422c11c0.c89a428f.838be7f4.7ffbcbd6`ATTR`generate`Task`MON::Model [Task]`Aspect=xADLBehaviorAspect&Position=231.196`f5e3fc53.9152438c.8adc2b0b.e095f1c6`Process`MON::Model [Process]`executionTime=7&memoryUsage=3&taskInstruction=nextRequest = new Request;|nextRequest->getRequestKind().value() = "Salinity";````````````, ,
20140327_1546_03, Notification, XTEAM Engine, MRSV, 30, Simulation execution beginning, ,
20140327_1546_27, Notification, XTEAM Engine, MRSV, 29, Simulation execution completion, ,
20140327_1546_27, XTEAM, XTEAM Engine, MRSV, , ,
20140327_1546_27, XTEAM, XTEAM Engine, MRSV, , ,
20140327_1546_27, XTEAM, XTEAM Engine, MRSV, , ,
20140327_1546_28, Notification, XTEAM Engine, MRSV, 30, Simulation execution completion, ,
20140327_1546_28, XTEAM, XTEAM Engine, MRSV, , ,
20140327_1546_28, XTEAM, XTEAM Engine, MRSV, , ,
20140327_1546_28, XTEAM, XTEAM Engine, MRSV, , ,
20140327_1547_18, Design, CoWare XTEAM Client, participant_1, 14, X`823be07d.a4c04349.bb5bd637.1efca24`ATTR`forward`Task`MON::Model [Task]`Aspect=xADLBehaviorAspect&Position=280.196`64012bb1.f194748.9fe467dc.cb2e84f5`Process`MON::Model [Process]`executionTime=0&memoryUsage=15&taskInstruction=````````````, ,
20140327_1547_19, Notification, XTEAM Engine, MRSV, 31, Simulation execution beginning, ,
20140327_1547_44, Notification, XTEAM Engine, MRSV, 31, Simulation execution completion, ,
20140327_1547_44, XTEAM, XTEAM Engine, MRSV, , ,
20140327_1547_44, XTEAM, XTEAM Engine, MRSV, , ,
20140327_1547_44, XTEAM, XTEAM Engine, MRSV, , ,
