TIME, Event name, OriginComponent, SenderUsername, EventID, Value, ,
20141125_1055_58, Login, FLAME Client, participant_0, , ,
20141125_1056_01, Login, XTEAM Engine, participant_0, , ,
20141125_1056_01, Login, FLAME Client, participant_1, , ,
20141125_1056_04, Login, XTEAM Engine, participant_1, , ,
20141125_1057_48, Design, FLAME Client, participant_1, 1, X`7f97b649.85374d1f.8ebc293f.ce09a6b3`REGISTRY`sentTask`ProcessTransition`MON::Reference [ProcessTransition]`Aspect=xADLBehaviorAspect&Position=476.245`37598ce1.81784bb5.996843e8.1d554a61`Process`MON::Model [Process]`````````````, ,
20141125_1057_49, Notification, XTEAM Engine, participant_1, 1, Simulation execution beginning, ,
20141125_1057_49, Design, FLAME Client, participant_1, 2, X`7f97b649.85374d1f.8ebc293f.ce09a6b3`REGISTRY`sentTask`ProcessTransition`MON::Reference [ProcessTransition]`Aspect=xADLBehaviorAspect&Position=504.266`37598ce1.81784bb5.996843e8.1d554a61`Process`MON::Model [Process]`````````````, ,
20141125_1057_50, Notification, XTEAM Engine, participant_1, 2, Simulation execution beginning, ,
20141125_1058_26, Notification, XTEAM Engine, participant_1, 1, Simulation execution completion, ,
20141125_1058_26, XTEAM, XTEAM Engine, participant_1, , ,
20141125_1058_26, XTEAM, XTEAM Engine, participant_1, , ,
20141125_1058_26, XTEAM, XTEAM Engine, participant_1, , ,
20141125_1058_26, Notification, XTEAM Engine, participant_1, 2, Simulation execution completion, ,
20141125_1058_26, XTEAM, XTEAM Engine, participant_1, , ,
20141125_1058_26, XTEAM, XTEAM Engine, participant_1, , ,
20141125_1058_26, XTEAM, XTEAM Engine, participant_1, , ,
20141125_1058_54, Design, FLAME Client, participant_0, 1, X`4c379791.2eea468a.a8abbb1d.e5fba9bb`ATTR`perform`Task`MON::Model [Task]`Aspect=xADLBehaviorAspect&Position=336.217`c270ab26.2fff4b88.bf50a288.2d000ee5`Process`MON::Model [Process]`executionTime=200&memoryUsage=27&taskInstruction=nextResult[thread_id] = new Result;|nextResult[thread_id]->getResultState().value() = 0;|nextResult[thread_id]->getResultID().value() = nextTask[thread_id]->getTaskID().value();|nextResult[thread_id]->getResultValue().value() = 1;````````````, ,
20141125_1058_55, Notification, XTEAM Engine, participant_0, 1, Simulation execution beginning, ,
20141125_1058_57, Design, FLAME Client, participant_0, 2, X`4c379791.2eea468a.a8abbb1d.e5fba9bb`ATTR`perform`Task`MON::Model [Task]`Aspect=xADLBehaviorAspect&Position=336.217`c270ab26.2fff4b88.bf50a288.2d000ee5`Process`MON::Model [Process]`executionTime=200&memoryUsage=65&taskInstruction=nextResult[thread_id] = new Result;|nextResult[thread_id]->getResultState().value() = 0;|nextResult[thread_id]->getResultID().value() = nextTask[thread_id]->getTaskID().value();|nextResult[thread_id]->getResultValue().value() = 1;````````````, ,
20141125_1058_59, Notification, XTEAM Engine, participant_0, 2, Simulation execution beginning, ,
20141125_1059_19, Design, FLAME Client, participant_1, 3, X`56c0109d.8cd8436e.a4ee0eb1.96457ac8`REGISTRY`GoogleComputeEngine`Component`MON::Model [Component]`Aspect=xADLCoreAspect&Position=28.280`bb42af9e.ee894de6.a8870ee2.566cbbfe`Architecture`MON::Model [Architecture]`description=````````````, ,
20141125_1059_19, Design, FLAME Client, participant_0, 3, X`64e3f498.f1114939.ba695f73.d07188e3`ATTR`perform`Task`MON::Model [Task]`Aspect=xADLBehaviorAspect&Position=308.301`d640f4b9.22e14264.b459176e.af6b895e`Process`MON::Model [Process]`executionTime=200&memoryUsage=27&taskInstruction=nextResult[thread_id] = new Result;|nextResult[thread_id]->getResultState().value() = 0;|nextResult[thread_id]->getResultID().value() = nextTask[thread_id]->getTaskID().value();|nextResult[thread_id]->getResultValue().value() = 1;````````````, ,
20141125_1059_20, Notification, XTEAM Engine, participant_1, 3, Simulation execution beginning, ,
20141125_1059_20, Notification, XTEAM Engine, participant_0, 3, Simulation execution beginning, ,
20141125_1059_23, Design, FLAME Client, participant_0, 4, X`64e3f498.f1114939.ba695f73.d07188e3`ATTR`perform`Task`MON::Model [Task]`Aspect=xADLBehaviorAspect&Position=308.301`d640f4b9.22e14264.b459176e.af6b895e`Process`MON::Model [Process]`executionTime=200&memoryUsage=65&taskInstruction=nextResult[thread_id] = new Result;|nextResult[thread_id]->getResultState().value() = 0;|nextResult[thread_id]->getResultID().value() = nextTask[thread_id]->getTaskID().value();|nextResult[thread_id]->getResultValue().value() = 1;````````````, ,
20141125_1059_24, Notification, XTEAM Engine, participant_0, 4, Simulation execution beginning, ,
20141125_1059_29, Notification, XTEAM Engine, participant_0, 1, Simulation execution completion, ,
20141125_1059_29, XTEAM, XTEAM Engine, participant_0, , ,
20141125_1059_29, XTEAM, XTEAM Engine, participant_0, , ,
20141125_1059_29, XTEAM, XTEAM Engine, participant_0, , ,
20141125_1059_33, Notification, XTEAM Engine, participant_0, 2, Simulation execution completion, ,
20141125_1059_33, XTEAM, XTEAM Engine, participant_0, , ,
20141125_1059_33, XTEAM, XTEAM Engine, participant_0, , ,
20141125_1059_33, XTEAM, XTEAM Engine, participant_0, , ,
20141125_1059_51, Design, FLAME Client, participant_0, 5, X`cdc6010e.7cf74d31.85daf3c3.1e9a4be8`ATTR`Host_Client`Host`MON::Set [Host]`Aspect=xADLCoreAspect&Position=28.560`bb42af9e.ee894de6.a8870ee2.566cbbfe`Architecture`MON::Model [Architecture]`receiveEnergyCost=150.010000&receiveEnergyOverhead=101.860000&transmitEnergyCost=514.000000&transmitEnergyOverhead=129.870000````````````, ,
20141125_1059_52, Notification, XTEAM Engine, participant_0, 5, Simulation execution beginning, ,
20141125_1059_53, Design, FLAME Client, participant_0, 6, X`cdc6010e.7cf74d31.85daf3c3.1e9a4be8`ATTR`Host_Client`Host`MON::Set [Host]`Aspect=xADLCoreAspect&Position=28.560`bb42af9e.ee894de6.a8870ee2.566cbbfe`Architecture`MON::Model [Architecture]`receiveEnergyCost=150.010000&receiveEnergyOverhead=101.860000&transmitEnergyCost=514.000000&transmitEnergyOverhead=755.000000````````````, ,
20141125_1059_55, Notification, XTEAM Engine, participant_0, 6, Simulation execution beginning, ,
20141125_1059_56, Notification, XTEAM Engine, participant_1, 3, Simulation execution completion, ,
20141125_1059_56, XTEAM, XTEAM Engine, participant_1, , ,
20141125_1059_56, XTEAM, XTEAM Engine, participant_1, , ,
20141125_1059_56, XTEAM, XTEAM Engine, participant_1, , ,
20141125_1059_57, Notification, XTEAM Engine, participant_0, 3, Simulation execution completion, ,
20141125_1059_57, XTEAM, XTEAM Engine, participant_0, , ,
20141125_1059_57, XTEAM, XTEAM Engine, participant_0, , ,
20141125_1059_57, XTEAM, XTEAM Engine, participant_0, , ,
20141125_1100_00, Notification, XTEAM Engine, participant_0, 4, Simulation execution completion, ,
20141125_1100_00, XTEAM, XTEAM Engine, participant_0, , ,
20141125_1100_00, XTEAM, XTEAM Engine, participant_0, , ,
20141125_1100_00, XTEAM, XTEAM Engine, participant_0, , ,
20141125_1100_03, Design, FLAME Client, participant_0, 7, X`25fea250.79aa4baf.b62be506.e9d1819a`ATTR`Host_GCE`Host`MON::Set [Host]`Aspect=xADLCoreAspect&Position=161.560`bb42af9e.ee894de6.a8870ee2.566cbbfe`Architecture`MON::Model [Architecture]`receiveEnergyCost=150.010000&receiveEnergyOverhead=101.860000&transmitEnergyCost=514.000000&transmitEnergyOverhead=129.870000````````````, ,
20141125_1100_05, Notification, XTEAM Engine, participant_0, 7, Simulation execution beginning, ,
20141125_1100_07, Design, FLAME Client, participant_0, 8, X`25fea250.79aa4baf.b62be506.e9d1819a`ATTR`Host_GCE`Host`MON::Set [Host]`Aspect=xADLCoreAspect&Position=161.560`bb42af9e.ee894de6.a8870ee2.566cbbfe`Architecture`MON::Model [Architecture]`receiveEnergyCost=150.010000&receiveEnergyOverhead=101.860000&transmitEnergyCost=514.000000&transmitEnergyOverhead=755.000000````````````, ,
20141125_1100_09, Notification, XTEAM Engine, participant_0, 8, Simulation execution beginning, ,
20141125_1100_30, Notification, XTEAM Engine, participant_0, 5, Simulation execution completion, ,
20141125_1100_30, XTEAM, XTEAM Engine, participant_0, , ,
20141125_1100_30, XTEAM, XTEAM Engine, participant_0, , ,
20141125_1100_30, XTEAM, XTEAM Engine, participant_0, , ,
20141125_1100_34, Notification, XTEAM Engine, participant_0, 6, Simulation execution completion, ,
20141125_1100_34, XTEAM, XTEAM Engine, participant_0, , ,
20141125_1100_34, XTEAM, XTEAM Engine, participant_0, , ,
20141125_1100_34, XTEAM, XTEAM Engine, participant_0, , ,
20141125_1100_41, Notification, XTEAM Engine, participant_0, 7, Simulation execution completion, ,
20141125_1100_41, XTEAM, XTEAM Engine, participant_0, , ,
20141125_1100_41, XTEAM, XTEAM Engine, participant_0, , ,
20141125_1100_41, XTEAM, XTEAM Engine, participant_0, , ,
20141125_1100_43, Notification, XTEAM Engine, participant_0, 8, Simulation execution completion, ,
20141125_1100_43, XTEAM, XTEAM Engine, participant_0, , ,
20141125_1100_43, XTEAM, XTEAM Engine, participant_0, , ,
20141125_1100_43, XTEAM, XTEAM Engine, participant_0, , ,
20141125_1101_44, Snapshot, FLAME Client, participant_0, 9, ,
20141125_1101_46, Notification, XTEAM Engine, participant_1, 4, Simulation execution beginning, ,
20141125_1102_04, Update, FLAME Client, participant_1, 4, ,
20141125_1102_18, Notification, XTEAM Engine, participant_1, 4, Simulation execution completion, ,
20141125_1102_18, XTEAM, XTEAM Engine, participant_1, , ,
20141125_1102_18, XTEAM, XTEAM Engine, participant_1, , ,
20141125_1102_18, XTEAM, XTEAM Engine, participant_1, , ,
20141125_1102_31, Design, FLAME Client, participant_1, 5, X`3a60805b.3a524f70.a064acd1.88108a11`ATTR`generate`Task`MON::Model [Task]`Aspect=xADLBehaviorAspect&Position=301.259`fd961ab4.712348fe.91a8653d.18529735`Process`MON::Model [Process]`executionTime=7&memoryUsage=3&taskInstruction=nextTask = new Task;|nextTask->getTaskState().value() = 0;|nextTask->getTaskID().value() = taskIDCounter->getNextTaskID().value()++;````````````, ,
20141125_1102_32, Notification, XTEAM Engine, participant_1, 5, Simulation execution beginning, ,
20141125_1102_37, Design, FLAME Client, participant_1, 6, X`3a60805b.3a524f70.a064acd1.88108a11`ATTR`generate`Task`MON::Model [Task]`Aspect=xADLBehaviorAspect&Position=301.259`fd961ab4.712348fe.91a8653d.18529735`Process`MON::Model [Process]`executionTime=7&memoryUsage=5500&taskInstruction=nextTask = new Task;|nextTask->getTaskState().value() = 0;|nextTask->getTaskID().value() = taskIDCounter->getNextTaskID().value()++;````````````, ,
20141125_1102_39, Notification, XTEAM Engine, participant_1, 6, Simulation execution beginning, ,
20141125_1103_02, Design, FLAME Client, participant_1, 7, X`fd961ab4.712348fe.91a8653d.18529735`REGISTRY`generateTask`Process`MON::Model [Process]`Aspect=xADLBehaviorAspect&Position=238.217`5c24b580.a5db4a5a.bd95d487.c29e17cb`Component`MON::Model [Component]`initialProcess=true````````````, ,
20141125_1103_03, Notification, XTEAM Engine, participant_1, 7, Simulation execution beginning, ,
20141125_1103_06, Notification, XTEAM Engine, participant_1, 5, Simulation execution completion, ,
20141125_1103_06, XTEAM, XTEAM Engine, participant_1, , ,
20141125_1103_06, XTEAM, XTEAM Engine, participant_1, , ,
20141125_1103_06, XTEAM, XTEAM Engine, participant_1, , ,
20141125_1103_12, Notification, XTEAM Engine, participant_1, 6, Simulation execution completion, ,
20141125_1103_12, XTEAM, XTEAM Engine, participant_1, , ,
20141125_1103_12, XTEAM, XTEAM Engine, participant_1, , ,
20141125_1103_12, XTEAM, XTEAM Engine, participant_1, , ,
20141125_1103_28, Design, FLAME Client, participant_1, 8, X`de311a94.5ac54159.8e7ae434.321ec71e`ATTR`HostSAT`Host`MON::Set [Host]`Aspect=xADLCoreAspect&Position=1610.497`bb42af9e.ee894de6.a8870ee2.566cbbfe`Architecture`MON::Model [Architecture]`receiveEnergyCost=101.280000&receiveEnergyOverhead=64.990000&transmitEnergyCost=182.000000&transmitEnergyOverhead=82.450000````````````, ,
20141125_1103_29, Notification, XTEAM Engine, participant_1, 8, Simulation execution beginning, ,
20141125_1103_32, Design, FLAME Client, participant_1, 9, X`de311a94.5ac54159.8e7ae434.321ec71e`ATTR`HostSAT`Host`MON::Set [Host]`Aspect=xADLCoreAspect&Position=1610.497`bb42af9e.ee894de6.a8870ee2.566cbbfe`Architecture`MON::Model [Architecture]`receiveEnergyCost=101.280000&receiveEnergyOverhead=64.990000&transmitEnergyCost=182.000000&transmitEnergyOverhead=217.000000````````````, ,
20141125_1103_33, Notification, XTEAM Engine, participant_1, 9, Simulation execution beginning, ,
20141125_1103_36, Notification, XTEAM Engine, participant_1, 7, Simulation execution completion, ,
20141125_1103_36, XTEAM, XTEAM Engine, participant_1, , ,
20141125_1103_36, XTEAM, XTEAM Engine, participant_1, , ,
20141125_1103_36, XTEAM, XTEAM Engine, participant_1, , ,
20141125_1104_02, Notification, XTEAM Engine, participant_1, 8, Simulation execution completion, ,
20141125_1104_02, XTEAM, XTEAM Engine, participant_1, , ,
20141125_1104_02, XTEAM, XTEAM Engine, participant_1, , ,
20141125_1104_02, XTEAM, XTEAM Engine, participant_1, , ,
20141125_1104_07, Notification, XTEAM Engine, participant_1, 9, Simulation execution completion, ,
20141125_1104_07, XTEAM, XTEAM Engine, participant_1, , ,
20141125_1104_07, XTEAM, XTEAM Engine, participant_1, , ,
20141125_1104_07, XTEAM, XTEAM Engine, participant_1, , ,
20141125_1104_26, Design, FLAME Client, participant_1, 10, X`5c24b580.a5db4a5a.bd95d487.c29e17cb`REGISTRY`SATGen`Component`MON::Model [Component]`Aspect=xADLCoreAspect&Position=1358.497`bb42af9e.ee894de6.a8870ee2.566cbbfe`Architecture`MON::Model [Architecture]`description=````````````, ,
20141125_1104_27, Notification, XTEAM Engine, participant_1, 10, Simulation execution beginning, ,
20141125_1104_59, Notification, XTEAM Engine, participant_1, 10, Simulation execution completion, ,
20141125_1104_59, XTEAM, XTEAM Engine, participant_1, , ,
20141125_1104_59, XTEAM, XTEAM Engine, participant_1, , ,
20141125_1104_59, XTEAM, XTEAM Engine, participant_1, , ,
20141125_1105_33, Snapshot, FLAME Client, participant_1, 11, ,
20141125_1105_35, Notification, XTEAM Engine, participant_0, 9, Simulation execution beginning, ,
20141125_1106_06, Notification, XTEAM Engine, participant_0, 9, Simulation execution completion, ,
20141125_1106_06, XTEAM, XTEAM Engine, participant_0, , ,
20141125_1106_06, XTEAM, XTEAM Engine, participant_0, , ,
20141125_1106_06, XTEAM, XTEAM Engine, participant_0, , ,
20141125_1106_18, Design, FLAME Client, participant_1, 12, X`3f426f4b.6d164164.816fe575.67a4324f`ATTR`generate`Task`MON::Model [Task]`Aspect=xADLBehaviorAspect&Position=301.259`37598ce1.81784bb5.996843e8.1d554a61`Process`MON::Model [Process]`executionTime=7&memoryUsage=3&taskInstruction=nextTask = new Task;|nextTask->getTaskState().value() = 0;|nextTask->getTaskID().value() = taskIDCounter->getNextTaskID().value()++;````````````, ,
20141125_1106_19, Notification, XTEAM Engine, participant_1, 11, Simulation execution beginning, ,
20141125_1106_21, Design, FLAME Client, participant_1, 13, X`3f426f4b.6d164164.816fe575.67a4324f`ATTR`generate`Task`MON::Model [Task]`Aspect=xADLBehaviorAspect&Position=301.259`37598ce1.81784bb5.996843e8.1d554a61`Process`MON::Model [Process]`executionTime=7&memoryUsage=5500&taskInstruction=nextTask = new Task;|nextTask->getTaskState().value() = 0;|nextTask->getTaskID().value() = taskIDCounter->getNextTaskID().value()++;````````````, ,
20141125_1106_23, Notification, XTEAM Engine, participant_1, 12, Simulation execution beginning, ,
20141125_1106_30, Design, FLAME Client, participant_1, 14, X`176369f9.b385435c.b2d59a0f.66ba660c`ATTR`Host_SubsetSum`Host`MON::Set [Host]`Aspect=xADLCoreAspect&Position=1610.385`bb42af9e.ee894de6.a8870ee2.566cbbfe`Architecture`MON::Model [Architecture]`receiveEnergyCost=101.280000&receiveEnergyOverhead=64.990000&transmitEnergyCost=182.000000&transmitEnergyOverhead=82.450000````````````, ,
20141125_1106_31, Notification, XTEAM Engine, participant_1, 13, Simulation execution beginning, ,
20141125_1106_49, Design, FLAME Client, participant_1, 15, X`176369f9.b385435c.b2d59a0f.66ba660c`ATTR`Host_SubsetSum`Host`MON::Set [Host]`Aspect=xADLCoreAspect&Position=1610.385`bb42af9e.ee894de6.a8870ee2.566cbbfe`Architecture`MON::Model [Architecture]`receiveEnergyCost=101.280000&receiveEnergyOverhead=64.990000&transmitEnergyCost=182.000000&transmitEnergyOverhead=217.000000````````````, ,
20141125_1106_50, Notification, XTEAM Engine, participant_1, 14, Simulation execution beginning, ,
20141125_1106_55, Notification, XTEAM Engine, participant_1, 11, Simulation execution completion, ,
20141125_1106_55, XTEAM, XTEAM Engine, participant_1, , ,
20141125_1106_55, XTEAM, XTEAM Engine, participant_1, , ,
20141125_1106_55, XTEAM, XTEAM Engine, participant_1, , ,
20141125_1106_59, Notification, XTEAM Engine, participant_1, 12, Simulation execution completion, ,
20141125_1106_59, XTEAM, XTEAM Engine, participant_1, , ,
20141125_1106_59, XTEAM, XTEAM Engine, participant_1, , ,
20141125_1106_59, XTEAM, XTEAM Engine, participant_1, , ,
20141125_1107_05, Notification, XTEAM Engine, participant_1, 13, Simulation execution completion, ,
20141125_1107_05, XTEAM, XTEAM Engine, participant_1, , ,
20141125_1107_05, XTEAM, XTEAM Engine, participant_1, , ,
20141125_1107_05, XTEAM, XTEAM Engine, participant_1, , ,
20141125_1107_19, Notification, XTEAM Engine, participant_1, 14, Simulation execution completion, ,
20141125_1107_19, XTEAM, XTEAM Engine, participant_1, , ,
20141125_1107_19, XTEAM, XTEAM Engine, participant_1, , ,
20141125_1107_19, XTEAM, XTEAM Engine, participant_1, , ,
20141125_1107_46, Update, FLAME Client, participant_0, 10, ,
20141125_1108_26, Design, FLAME Client, participant_1, 16, X`176369f9.b385435c.b2d59a0f.66ba660c`ATTR`Host_SubsetSum`Host`MON::Set [Host]`Aspect=xADLCoreAspect&Position=1610.385`bb42af9e.ee894de6.a8870ee2.566cbbfe`Architecture`MON::Model [Architecture]`receiveEnergyCost=101.280000&receiveEnergyOverhead=64.990000&transmitEnergyCost=55.240000&transmitEnergyOverhead=217.000000````````````, ,
20141125_1108_27, Notification, XTEAM Engine, participant_1, 15, Simulation execution beginning, ,
20141125_1108_30, Design, FLAME Client, participant_1, 17, X`176369f9.b385435c.b2d59a0f.66ba660c`ATTR`Host_SubsetSum`Host`MON::Set [Host]`Aspect=xADLCoreAspect&Position=1610.385`bb42af9e.ee894de6.a8870ee2.566cbbfe`Architecture`MON::Model [Architecture]`receiveEnergyCost=101.280000&receiveEnergyOverhead=64.990000&transmitEnergyCost=55.240000&transmitEnergyOverhead=82.450000````````````, ,
20141125_1108_31, Notification, XTEAM Engine, participant_1, 16, Simulation execution beginning, ,
20141125_1108_43, Design, FLAME Client, participant_1, 18, X`3f426f4b.6d164164.816fe575.67a4324f`ATTR`generate`Task`MON::Model [Task]`Aspect=xADLBehaviorAspect&Position=301.259`37598ce1.81784bb5.996843e8.1d554a61`Process`MON::Model [Process]`executionTime=8&memoryUsage=5500&taskInstruction=nextTask = new Task;|nextTask->getTaskState().value() = 0;|nextTask->getTaskID().value() = taskIDCounter->getNextTaskID().value()++;````````````, ,
20141125_1108_45, Notification, XTEAM Engine, participant_1, 17, Simulation execution beginning, ,
20141125_1108_47, Design, FLAME Client, participant_1, 19, X`3f426f4b.6d164164.816fe575.67a4324f`ATTR`generate`Task`MON::Model [Task]`Aspect=xADLBehaviorAspect&Position=301.259`37598ce1.81784bb5.996843e8.1d554a61`Process`MON::Model [Process]`executionTime=8&memoryUsage=3&taskInstruction=nextTask = new Task;|nextTask->getTaskState().value() = 0;|nextTask->getTaskID().value() = taskIDCounter->getNextTaskID().value()++;````````````, ,
20141125_1108_48, Notification, XTEAM Engine, participant_1, 18, Simulation execution beginning, ,
20141125_1109_06, Notification, XTEAM Engine, participant_1, 15, Simulation execution completion, ,
20141125_1109_06, XTEAM, XTEAM Engine, participant_1, , ,
20141125_1109_06, XTEAM, XTEAM Engine, participant_1, , ,
20141125_1109_06, XTEAM, XTEAM Engine, participant_1, , ,
20141125_1109_11, Notification, XTEAM Engine, participant_1, 16, Simulation execution completion, ,
20141125_1109_11, XTEAM, XTEAM Engine, participant_1, , ,
20141125_1109_11, XTEAM, XTEAM Engine, participant_1, , ,
20141125_1109_11, XTEAM, XTEAM Engine, participant_1, , ,
20141125_1109_20, Notification, XTEAM Engine, participant_1, 17, Simulation execution completion, ,
20141125_1109_20, XTEAM, XTEAM Engine, participant_1, , ,
20141125_1109_20, XTEAM, XTEAM Engine, participant_1, , ,
20141125_1109_20, XTEAM, XTEAM Engine, participant_1, , ,
20141125_1109_22, Notification, XTEAM Engine, participant_1, 18, Simulation execution completion, ,
20141125_1109_22, XTEAM, XTEAM Engine, participant_1, , ,
20141125_1109_22, XTEAM, XTEAM Engine, participant_1, , ,
20141125_1109_22, XTEAM, XTEAM Engine, participant_1, , ,
20141125_1110_08, Design, FLAME Client, participant_1, 20, X`3a60805b.3a524f70.a064acd1.88108a11`ATTR`generate`Task`MON::Model [Task]`Aspect=xADLBehaviorAspect&Position=301.259`fd961ab4.712348fe.91a8653d.18529735`Process`MON::Model [Process]`executionTime=6&memoryUsage=5500&taskInstruction=nextTask = new Task;|nextTask->getTaskState().value() = 0;|nextTask->getTaskID().value() = taskIDCounter->getNextTaskID().value()++;````````````, ,
20141125_1110_09, Notification, XTEAM Engine, participant_1, 19, Simulation execution beginning, ,
20141125_1110_13, Design, FLAME Client, participant_1, 21, X`3a60805b.3a524f70.a064acd1.88108a11`ATTR`generate`Task`MON::Model [Task]`Aspect=xADLBehaviorAspect&Position=301.259`fd961ab4.712348fe.91a8653d.18529735`Process`MON::Model [Process]`executionTime=6&memoryUsage=11000&taskInstruction=nextTask = new Task;|nextTask->getTaskState().value() = 0;|nextTask->getTaskID().value() = taskIDCounter->getNextTaskID().value()++;````````````, ,
20141125_1110_14, Notification, XTEAM Engine, participant_1, 20, Simulation execution beginning, ,
20141125_1110_21, Design, FLAME Client, participant_1, 22, X`de311a94.5ac54159.8e7ae434.321ec71e`ATTR`HostSAT`Host`MON::Set [Host]`Aspect=xADLCoreAspect&Position=1610.497`bb42af9e.ee894de6.a8870ee2.566cbbfe`Architecture`MON::Model [Architecture]`receiveEnergyCost=101.280000&receiveEnergyOverhead=64.990000&transmitEnergyCost=330.000000&transmitEnergyOverhead=217.000000````````````, ,
20141125_1110_22, Notification, XTEAM Engine, participant_1, 21, Simulation execution beginning, ,
20141125_1110_26, Design, FLAME Client, participant_1, 23, X`de311a94.5ac54159.8e7ae434.321ec71e`ATTR`HostSAT`Host`MON::Set [Host]`Aspect=xADLCoreAspect&Position=1610.497`bb42af9e.ee894de6.a8870ee2.566cbbfe`Architecture`MON::Model [Architecture]`receiveEnergyCost=101.280000&receiveEnergyOverhead=64.990000&transmitEnergyCost=330.000000&transmitEnergyOverhead=429.000000````````````, ,
20141125_1110_28, Notification, XTEAM Engine, participant_1, 22, Simulation execution beginning, ,
20141125_1110_45, Notification, XTEAM Engine, participant_1, 19, Simulation execution completion, ,
20141125_1110_45, XTEAM, XTEAM Engine, participant_1, , ,
20141125_1110_45, XTEAM, XTEAM Engine, participant_1, , ,
20141125_1110_45, XTEAM, XTEAM Engine, participant_1, , ,
20141125_1110_51, Notification, XTEAM Engine, participant_1, 20, Simulation execution completion, ,
20141125_1110_51, XTEAM, XTEAM Engine, participant_1, , ,
20141125_1110_52, XTEAM, XTEAM Engine, participant_1, , ,
20141125_1110_51, XTEAM, XTEAM Engine, participant_1, , ,
20141125_1110_58, Notification, XTEAM Engine, participant_1, 21, Simulation execution completion, ,
20141125_1110_58, XTEAM, XTEAM Engine, participant_1, , ,
20141125_1110_58, XTEAM, XTEAM Engine, participant_1, , ,
20141125_1110_58, XTEAM, XTEAM Engine, participant_1, , ,
20141125_1111_03, Notification, XTEAM Engine, participant_1, 22, Simulation execution completion, ,
20141125_1111_03, XTEAM, XTEAM Engine, participant_1, , ,
20141125_1111_03, XTEAM, XTEAM Engine, participant_1, , ,
20141125_1111_03, XTEAM, XTEAM Engine, participant_1, , ,
20141125_1112_22, Design, FLAME Client, participant_1, 24, X`3a60805b.3a524f70.a064acd1.88108a11`ATTR`generate`Task`MON::Model [Task]`Aspect=xADLBehaviorAspect&Position=301.259`fd961ab4.712348fe.91a8653d.18529735`Process`MON::Model [Process]`executionTime=7&memoryUsage=11000&taskInstruction=nextTask = new Task;|nextTask->getTaskState().value() = 0;|nextTask->getTaskID().value() = taskIDCounter->getNextTaskID().value()++;````````````, ,
20141125_1112_23, Notification, XTEAM Engine, participant_1, 23, Simulation execution beginning, ,
20141125_1112_26, Design, FLAME Client, participant_1, 25, X`3a60805b.3a524f70.a064acd1.88108a11`ATTR`generate`Task`MON::Model [Task]`Aspect=xADLBehaviorAspect&Position=301.259`fd961ab4.712348fe.91a8653d.18529735`Process`MON::Model [Process]`executionTime=7&memoryUsage=5500&taskInstruction=nextTask = new Task;|nextTask->getTaskState().value() = 0;|nextTask->getTaskID().value() = taskIDCounter->getNextTaskID().value()++;````````````, ,
20141125_1112_27, Notification, XTEAM Engine, participant_1, 24, Simulation execution beginning, ,
20141125_1112_37, Design, FLAME Client, participant_1, 26, X`de311a94.5ac54159.8e7ae434.321ec71e`ATTR`HostSAT`Host`MON::Set [Host]`Aspect=xADLCoreAspect&Position=1610.497`bb42af9e.ee894de6.a8870ee2.566cbbfe`Architecture`MON::Model [Architecture]`receiveEnergyCost=101.280000&receiveEnergyOverhead=64.990000&transmitEnergyCost=182.000000&transmitEnergyOverhead=429.000000````````````, ,
20141125_1112_38, Notification, XTEAM Engine, participant_1, 25, Simulation execution beginning, ,
20141125_1112_41, Design, FLAME Client, participant_1, 27, X`de311a94.5ac54159.8e7ae434.321ec71e`ATTR`HostSAT`Host`MON::Set [Host]`Aspect=xADLCoreAspect&Position=1610.497`bb42af9e.ee894de6.a8870ee2.566cbbfe`Architecture`MON::Model [Architecture]`receiveEnergyCost=101.280000&receiveEnergyOverhead=64.990000&transmitEnergyCost=182.000000&transmitEnergyOverhead=217.000000````````````, ,
20141125_1112_42, Notification, XTEAM Engine, participant_1, 26, Simulation execution beginning, ,
20141125_1112_50, Design, FLAME Client, participant_1, 28, X`3f426f4b.6d164164.816fe575.67a4324f`ATTR`generate`Task`MON::Model [Task]`Aspect=xADLBehaviorAspect&Position=301.259`37598ce1.81784bb5.996843e8.1d554a61`Process`MON::Model [Process]`executionTime=7&memoryUsage=3&taskInstruction=nextTask = new Task;|nextTask->getTaskState().value() = 0;|nextTask->getTaskID().value() = taskIDCounter->getNextTaskID().value()++;````````````, ,
20141125_1112_51, Notification, XTEAM Engine, participant_1, 27, Simulation execution beginning, ,
20141125_1112_55, Design, FLAME Client, participant_1, 29, X`3f426f4b.6d164164.816fe575.67a4324f`ATTR`generate`Task`MON::Model [Task]`Aspect=xADLBehaviorAspect&Position=301.259`37598ce1.81784bb5.996843e8.1d554a61`Process`MON::Model [Process]`executionTime=7&memoryUsage=5500&taskInstruction=nextTask = new Task;|nextTask->getTaskState().value() = 0;|nextTask->getTaskID().value() = taskIDCounter->getNextTaskID().value()++;````````````, ,
20141125_1112_56, Notification, XTEAM Engine, participant_1, 28, Simulation execution beginning, ,
20141125_1113_01, Design, FLAME Client, participant_1, 30, X`176369f9.b385435c.b2d59a0f.66ba660c`ATTR`Host_SubsetSum`Host`MON::Set [Host]`Aspect=xADLCoreAspect&Position=1610.385`bb42af9e.ee894de6.a8870ee2.566cbbfe`Architecture`MON::Model [Architecture]`receiveEnergyCost=101.280000&receiveEnergyOverhead=64.990000&transmitEnergyCost=182.000000&transmitEnergyOverhead=82.450000````````````, ,
20141125_1113_02, Notification, XTEAM Engine, participant_1, 29, Simulation execution beginning, ,
20141125_1113_02, Notification, XTEAM Engine, participant_1, 23, Simulation execution completion, ,
20141125_1113_02, XTEAM, XTEAM Engine, participant_1, , ,
20141125_1113_02, XTEAM, XTEAM Engine, participant_1, , ,
20141125_1113_02, XTEAM, XTEAM Engine, participant_1, , ,
20141125_1113_06, Design, FLAME Client, participant_1, 31, X`176369f9.b385435c.b2d59a0f.66ba660c`ATTR`Host_SubsetSum`Host`MON::Set [Host]`Aspect=xADLCoreAspect&Position=1610.385`bb42af9e.ee894de6.a8870ee2.566cbbfe`Architecture`MON::Model [Architecture]`receiveEnergyCost=101.280000&receiveEnergyOverhead=64.990000&transmitEnergyCost=182.000000&transmitEnergyOverhead=217.000000````````````, ,
20141125_1113_08, Notification, XTEAM Engine, participant_1, 30, Simulation execution beginning, ,
20141125_1113_08, Notification, XTEAM Engine, participant_1, 24, Simulation execution completion, ,
20141125_1113_08, XTEAM, XTEAM Engine, participant_1, , ,
20141125_1113_08, XTEAM, XTEAM Engine, participant_1, , ,
20141125_1113_08, XTEAM, XTEAM Engine, participant_1, , ,
20141125_1113_18, Notification, XTEAM Engine, participant_1, 25, Simulation execution completion, ,
20141125_1113_18, XTEAM, XTEAM Engine, participant_1, , ,
20141125_1113_18, XTEAM, XTEAM Engine, participant_1, , ,
20141125_1113_18, XTEAM, XTEAM Engine, participant_1, , ,
20141125_1113_23, Notification, XTEAM Engine, participant_1, 26, Simulation execution completion, ,
20141125_1113_23, XTEAM, XTEAM Engine, participant_1, , ,
20141125_1113_23, XTEAM, XTEAM Engine, participant_1, , ,
20141125_1113_23, XTEAM, XTEAM Engine, participant_1, , ,
20141125_1113_37, Notification, XTEAM Engine, participant_1, 27, Simulation execution completion, ,
20141125_1113_37, XTEAM, XTEAM Engine, participant_1, , ,
20141125_1113_37, XTEAM, XTEAM Engine, participant_1, , ,
20141125_1113_37, XTEAM, XTEAM Engine, participant_1, , ,
20141125_1113_42, Notification, XTEAM Engine, participant_1, 28, Simulation execution completion, ,
20141125_1113_42, XTEAM, XTEAM Engine, participant_1, , ,
20141125_1113_42, XTEAM, XTEAM Engine, participant_1, , ,
20141125_1113_42, XTEAM, XTEAM Engine, participant_1, , ,
20141125_1113_49, Notification, XTEAM Engine, participant_1, 29, Simulation execution completion, ,
20141125_1113_49, XTEAM, XTEAM Engine, participant_1, , ,
20141125_1113_50, XTEAM, XTEAM Engine, participant_1, , ,
20141125_1113_50, XTEAM, XTEAM Engine, participant_1, , ,
20141125_1113_52, Notification, XTEAM Engine, participant_1, 30, Simulation execution completion, ,
20141125_1113_52, XTEAM, XTEAM Engine, participant_1, , ,
20141125_1113_52, XTEAM, XTEAM Engine, participant_1, , ,
20141125_1113_52, XTEAM, XTEAM Engine, participant_1, , ,
20141125_1113_58, Snapshot, FLAME Client, participant_1, 32, ,
20141125_1114_02, Notification, XTEAM Engine, participant_0, 10, Simulation execution beginning, ,
20141125_1114_27, Update, FLAME Client, participant_0, 11, ,
20141125_1114_31, Notification, XTEAM Engine, participant_0, 10, Simulation execution completion, ,
20141125_1114_31, XTEAM, XTEAM Engine, participant_0, , ,
20141125_1114_31, XTEAM, XTEAM Engine, participant_0, , ,
20141125_1114_31, XTEAM, XTEAM Engine, participant_0, , ,
20141125_1115_16, Design, FLAME Client, participant_0, 12, X`cdc6010e.7cf74d31.85daf3c3.1e9a4be8`ATTR`Host_Client`Host`MON::Set [Host]`Aspect=xADLCoreAspect&Position=28.560`bb42af9e.ee894de6.a8870ee2.566cbbfe`Architecture`MON::Model [Architecture]`receiveEnergyCost=150.010000&receiveEnergyOverhead=101.860000&transmitEnergyCost=312.000000&transmitEnergyOverhead=755.000000````````````, ,
20141125_1115_17, Notification, XTEAM Engine, participant_0, 11, Simulation execution beginning, ,
20141125_1115_19, Design, FLAME Client, participant_0, 13, X`cdc6010e.7cf74d31.85daf3c3.1e9a4be8`ATTR`Host_Client`Host`MON::Set [Host]`Aspect=xADLCoreAspect&Position=28.560`bb42af9e.ee894de6.a8870ee2.566cbbfe`Architecture`MON::Model [Architecture]`receiveEnergyCost=150.010000&receiveEnergyOverhead=101.860000&transmitEnergyCost=312.000000&transmitEnergyOverhead=341.000000````````````, ,
20141125_1115_20, Notification, XTEAM Engine, participant_0, 12, Simulation execution beginning, ,
20141125_1115_38, Design, FLAME Client, participant_0, 14, X`4c379791.2eea468a.a8abbb1d.e5fba9bb`ATTR`perform`Task`MON::Model [Task]`Aspect=xADLBehaviorAspect&Position=336.217`c270ab26.2fff4b88.bf50a288.2d000ee5`Process`MON::Model [Process]`executionTime=350&memoryUsage=65&taskInstruction=nextResult[thread_id] = new Result;|nextResult[thread_id]->getResultState().value() = 0;|nextResult[thread_id]->getResultID().value() = nextTask[thread_id]->getTaskID().value();|nextResult[thread_id]->getResultValue().value() = 1;````````````, ,
20141125_1115_40, Notification, XTEAM Engine, participant_0, 13, Simulation execution beginning, ,
20141125_1115_41, Design, FLAME Client, participant_0, 15, X`4c379791.2eea468a.a8abbb1d.e5fba9bb`ATTR`perform`Task`MON::Model [Task]`Aspect=xADLBehaviorAspect&Position=336.217`c270ab26.2fff4b88.bf50a288.2d000ee5`Process`MON::Model [Process]`executionTime=350&memoryUsage=32&taskInstruction=nextResult[thread_id] = new Result;|nextResult[thread_id]->getResultState().value() = 0;|nextResult[thread_id]->getResultID().value() = nextTask[thread_id]->getTaskID().value();|nextResult[thread_id]->getResultValue().value() = 1;````````````, ,
20141125_1115_42, Notification, XTEAM Engine, participant_0, 14, Simulation execution beginning, ,
20141125_1115_54, Notification, XTEAM Engine, participant_0, 11, Simulation execution completion, ,
20141125_1115_54, XTEAM, XTEAM Engine, participant_0, , ,
20141125_1115_54, XTEAM, XTEAM Engine, participant_0, , ,
20141125_1115_54, XTEAM, XTEAM Engine, participant_0, , ,
20141125_1115_58, Notification, XTEAM Engine, participant_0, 12, Simulation execution completion, ,
20141125_1115_58, XTEAM, XTEAM Engine, participant_0, , ,
20141125_1115_58, XTEAM, XTEAM Engine, participant_0, , ,
20141125_1115_58, XTEAM, XTEAM Engine, participant_0, , ,
20141125_1116_13, Notification, XTEAM Engine, participant_0, 13, Simulation execution completion, ,
20141125_1116_13, XTEAM, XTEAM Engine, participant_0, , ,
20141125_1116_13, XTEAM, XTEAM Engine, participant_0, , ,
20141125_1116_13, XTEAM, XTEAM Engine, participant_0, , ,
20141125_1116_14, Notification, XTEAM Engine, participant_0, 14, Simulation execution completion, ,
20141125_1116_14, XTEAM, XTEAM Engine, participant_0, , ,
20141125_1116_14, XTEAM, XTEAM Engine, participant_0, , ,
20141125_1116_14, XTEAM, XTEAM Engine, participant_0, , ,
20141125_1116_17, Design, FLAME Client, participant_1, 33, X`a301317b.ebc247e1.94249e33.47628ebd`REGISTRY`ClientConn`Connector`MON::Model [Connector]`Aspect=xADLCoreAspect&Position=161.161`bb42af9e.ee894de6.a8870ee2.566cbbfe`Architecture`MON::Model [Architecture]`description=````````````, ,
20141125_1116_18, Notification, XTEAM Engine, participant_1, 31, Simulation execution beginning, ,
20141125_1116_29, Snapshot, FLAME Client, participant_0, 16, ,
20141125_1116_30, Notification, XTEAM Engine, participant_1, 32, Simulation execution beginning, ,
20141125_1116_51, Notification, XTEAM Engine, participant_1, 31, Simulation execution completion, ,
20141125_1116_51, XTEAM, XTEAM Engine, participant_1, , ,
20141125_1116_51, XTEAM, XTEAM Engine, participant_1, , ,
20141125_1116_51, XTEAM, XTEAM Engine, participant_1, , ,
20141125_1117_01, Notification, XTEAM Engine, participant_1, 32, Simulation execution completion, ,
20141125_1117_01, XTEAM, XTEAM Engine, participant_1, , ,
20141125_1117_01, XTEAM, XTEAM Engine, participant_1, , ,
20141125_1117_01, XTEAM, XTEAM Engine, participant_1, , ,
20141125_1117_14, Update, FLAME Client, participant_1, 34, ,
