TIME, Event name, OriginComponent, SenderUsername, EventID, Value, ,
20140327_1957_28, Login, XTEAM Engine, MRSV, , ,
20140327_1958_30, Login, CoWare XTEAM Client, participant_0, , ,
20140327_1959_22, Login, CoWare XTEAM Client, participant_1, , ,
20140327_2000_32, Design, CoWare XTEAM Client, participant_0, 1, X`26cde46c.9c5842b6.86a460a7.9af47b0b`ATTR`generate`Task`MON::Model [Task]`Aspect=xADLBehaviorAspect&Position=231.196`8bf46823.a38b47d7.afbbc04e.7988ae39`Process`MON::Model [Process]`executionTime=4&memoryUsage=3&taskInstruction=nextRequest = new Request;|nextRequest->getRequestKind().value() = "Salinity";````````````, ,
20140327_2000_34, Notification, XTEAM Engine, MRSV, 1, Simulation execution beginning, ,
20140327_2001_00, Notification, XTEAM Engine, MRSV, 1, Simulation execution completion, ,
20140327_2001_00, XTEAM, XTEAM Engine, MRSV, , ,
20140327_2001_00, XTEAM, XTEAM Engine, MRSV, , ,
20140327_2001_00, XTEAM, XTEAM Engine, MRSV, , ,
20140327_2001_23, Design, CoWare XTEAM Client, participant_0, 2, X`6e9c8fd6.f1e64dd2.b80f329b.5eaf84d5`ATTR`generate`Task`MON::Model [Task]`Aspect=xADLBehaviorAspect&Position=231.196`949ce290.11ad4a14.a3b729fe.76f3e91a`Process`MON::Model [Process]`executionTime=4&memoryUsage=3&taskInstruction=nextRequest = new Request;|nextRequest->getRequestKind().value() = "Salinity";````````````, ,
20140327_2001_25, Notification, XTEAM Engine, MRSV, 2, Simulation execution beginning, ,
20140327_2001_30, Design, CoWare XTEAM Client, participant_0, 3, X`422c11c0.c89a428f.838be7f4.7ffbcbd6`ATTR`generate`Task`MON::Model [Task]`Aspect=xADLBehaviorAspect&Position=231.196`f5e3fc53.9152438c.8adc2b0b.e095f1c6`Process`MON::Model [Process]`executionTime=4&memoryUsage=3&taskInstruction=nextRequest = new Request;|nextRequest->getRequestKind().value() = "Salinity";````````````, ,
20140327_2001_31, Notification, XTEAM Engine, MRSV, 3, Simulation execution beginning, ,
20140327_2001_56, Design, CoWare XTEAM Client, participant_0, 4, X`6e9c8fd6.f1e64dd2.b80f329b.5eaf84d5`ATTR`generate`Task`MON::Model [Task]`Aspect=xADLBehaviorAspect&Position=231.196`949ce290.11ad4a14.a3b729fe.76f3e91a`Process`MON::Model [Process]`executionTime=4&memoryUsage=250&taskInstruction=nextRequest = new Request;|nextRequest->getRequestKind().value() = "Salinity";````````````, ,
20140327_2001_56, Notification, XTEAM Engine, MRSV, 2, Simulation execution completion, ,
20140327_2001_56, XTEAM, XTEAM Engine, MRSV, , ,
20140327_2001_56, XTEAM, XTEAM Engine, MRSV, , ,
20140327_2001_56, XTEAM, XTEAM Engine, MRSV, , ,
20140327_2001_58, Notification, XTEAM Engine, MRSV, 4, Simulation execution beginning, ,
20140327_2002_01, Notification, XTEAM Engine, MRSV, 3, Simulation execution completion, ,
20140327_2002_01, XTEAM, XTEAM Engine, MRSV, , ,
20140327_2002_01, XTEAM, XTEAM Engine, MRSV, , ,
20140327_2002_01, XTEAM, XTEAM Engine, MRSV, , ,
20140327_2002_04, Design, CoWare XTEAM Client, participant_0, 5, X`26cde46c.9c5842b6.86a460a7.9af47b0b`ATTR`generate`Task`MON::Model [Task]`Aspect=xADLBehaviorAspect&Position=231.196`8bf46823.a38b47d7.afbbc04e.7988ae39`Process`MON::Model [Process]`executionTime=4&memoryUsage=250&taskInstruction=nextRequest = new Request;|nextRequest->getRequestKind().value() = "Salinity";````````````, ,
20140327_2002_08, Notification, XTEAM Engine, MRSV, 5, Simulation execution beginning, ,
20140327_2002_11, Design, CoWare XTEAM Client, participant_0, 6, X`422c11c0.c89a428f.838be7f4.7ffbcbd6`ATTR`generate`Task`MON::Model [Task]`Aspect=xADLBehaviorAspect&Position=231.196`f5e3fc53.9152438c.8adc2b0b.e095f1c6`Process`MON::Model [Process]`executionTime=4&memoryUsage=250&taskInstruction=nextRequest = new Request;|nextRequest->getRequestKind().value() = "Salinity";````````````, ,
20140327_2002_12, Notification, XTEAM Engine, MRSV, 6, Simulation execution beginning, ,
20140327_2002_31, Notification, XTEAM Engine, MRSV, 4, Simulation execution completion, ,
20140327_2002_31, XTEAM, XTEAM Engine, MRSV, , ,
20140327_2002_31, XTEAM, XTEAM Engine, MRSV, , ,
20140327_2002_31, XTEAM, XTEAM Engine, MRSV, , ,
20140327_2002_34, Notification, XTEAM Engine, MRSV, 5, Simulation execution completion, ,
20140327_2002_34, XTEAM, XTEAM Engine, MRSV, , ,
20140327_2002_34, XTEAM, XTEAM Engine, MRSV, , ,
20140327_2002_34, XTEAM, XTEAM Engine, MRSV, , ,
20140327_2002_40, Notification, XTEAM Engine, MRSV, 6, Simulation execution completion, ,
20140327_2002_40, XTEAM, XTEAM Engine, MRSV, , ,
20140327_2002_40, XTEAM, XTEAM Engine, MRSV, , ,
20140327_2002_40, XTEAM, XTEAM Engine, MRSV, , ,
20140327_2002_43, Design, CoWare XTEAM Client, participant_0, 7, X`3709314b.7a93486e.8dc9b26c.f4772d70`ATTR`Host_1`Host`MON::Set [Host]`Aspect=xADLCoreAspect&Position=42.49`53c8e4c.6bec48b1.8f5efd8e.55e34f54`Architecture`MON::Model [Architecture]`receiveEnergyCost=18.000000&receiveEnergyOverhead=48.000000&transmitEnergyCost=50.000000&transmitEnergyOverhead=45.000000````````````, ,
20140327_2002_44, Notification, XTEAM Engine, MRSV, 7, Simulation execution beginning, ,
20140327_2002_45, Design, CoWare XTEAM Client, participant_0, 8, X`3709314b.7a93486e.8dc9b26c.f4772d70`ATTR`Host_1`Host`MON::Set [Host]`Aspect=xADLCoreAspect&Position=42.49`53c8e4c.6bec48b1.8f5efd8e.55e34f54`Architecture`MON::Model [Architecture]`receiveEnergyCost=18.000000&receiveEnergyOverhead=48.000000&transmitEnergyCost=50.000000&transmitEnergyOverhead=200.000000````````````, ,
20140327_2002_46, Notification, XTEAM Engine, MRSV, 8, Simulation execution beginning, ,
20140327_2002_57, Design, CoWare XTEAM Client, participant_0, 9, X`3709314b.7a93486e.8dc9b26c.f4772d70`ATTR`Host_1`Host`MON::Set [Host]`Aspect=xADLCoreAspect&Position=42.49`53c8e4c.6bec48b1.8f5efd8e.55e34f54`Architecture`MON::Model [Architecture]`receiveEnergyCost=65.000000&receiveEnergyOverhead=48.000000&transmitEnergyCost=50.000000&transmitEnergyOverhead=200.000000````````````, ,
20140327_2002_58, Notification, XTEAM Engine, MRSV, 9, Simulation execution beginning, ,
20140327_2002_59, Design, CoWare XTEAM Client, participant_0, 10, X`3709314b.7a93486e.8dc9b26c.f4772d70`ATTR`Host_1`Host`MON::Set [Host]`Aspect=xADLCoreAspect&Position=42.49`53c8e4c.6bec48b1.8f5efd8e.55e34f54`Architecture`MON::Model [Architecture]`receiveEnergyCost=65.000000&receiveEnergyOverhead=240.000000&transmitEnergyCost=50.000000&transmitEnergyOverhead=200.000000````````````, ,
20140327_2003_02, Notification, XTEAM Engine, MRSV, 10, Simulation execution beginning, ,
20140327_2003_06, Design, CoWare XTEAM Client, participant_0, 11, X`1d380676.204a4521.b3bb7c52.2bae3451`ATTR`Host_2`Host`MON::Set [Host]`Aspect=xADLCoreAspect&Position=42.350`53c8e4c.6bec48b1.8f5efd8e.55e34f54`Architecture`MON::Model [Architecture]`receiveEnergyCost=18.000000&receiveEnergyOverhead=48.000000&transmitEnergyCost=50.000000&transmitEnergyOverhead=45.000000````````````, ,
20140327_2003_08, Notification, XTEAM Engine, MRSV, 11, Simulation execution beginning, ,
20140327_2003_10, Design, CoWare XTEAM Client, participant_0, 12, X`1d380676.204a4521.b3bb7c52.2bae3451`ATTR`Host_2`Host`MON::Set [Host]`Aspect=xADLCoreAspect&Position=42.350`53c8e4c.6bec48b1.8f5efd8e.55e34f54`Architecture`MON::Model [Architecture]`receiveEnergyCost=18.000000&receiveEnergyOverhead=48.000000&transmitEnergyCost=50.000000&transmitEnergyOverhead=200.000000````````````, ,
20140327_2003_11, Notification, XTEAM Engine, MRSV, 12, Simulation execution beginning, ,
20140327_2003_11, XTEAM, XTEAM Engine, MRSV, , ,
20140327_2003_11, Notification, XTEAM Engine, MRSV, 7, Simulation execution completion, ,
20140327_2003_11, XTEAM, XTEAM Engine, MRSV, , ,
20140327_2003_11, XTEAM, XTEAM Engine, MRSV, , ,
20140327_2003_12, Design, CoWare XTEAM Client, participant_0, 13, X`1d380676.204a4521.b3bb7c52.2bae3451`ATTR`Host_2`Host`MON::Set [Host]`Aspect=xADLCoreAspect&Position=42.350`53c8e4c.6bec48b1.8f5efd8e.55e34f54`Architecture`MON::Model [Architecture]`receiveEnergyCost=65.000000&receiveEnergyOverhead=48.000000&transmitEnergyCost=50.000000&transmitEnergyOverhead=200.000000````````````, ,
20140327_2003_14, Design, CoWare XTEAM Client, participant_0, 14, X`1d380676.204a4521.b3bb7c52.2bae3451`ATTR`Host_2`Host`MON::Set [Host]`Aspect=xADLCoreAspect&Position=42.350`53c8e4c.6bec48b1.8f5efd8e.55e34f54`Architecture`MON::Model [Architecture]`receiveEnergyCost=65.000000&receiveEnergyOverhead=240.000000&transmitEnergyCost=50.000000&transmitEnergyOverhead=200.000000````````````, ,
20140327_2003_14, Notification, XTEAM Engine, MRSV, 13, Simulation execution beginning, ,
20140327_2003_15, Notification, XTEAM Engine, MRSV, 8, Simulation execution completion, ,
20140327_2003_15, XTEAM, XTEAM Engine, MRSV, , ,
20140327_2003_15, XTEAM, XTEAM Engine, MRSV, , ,
20140327_2003_15, XTEAM, XTEAM Engine, MRSV, , ,
20140327_2003_16, Notification, XTEAM Engine, MRSV, 14, Simulation execution beginning, ,
20140327_2003_19, Design, CoWare XTEAM Client, participant_0, 15, X`6f385993.f08a4164.b815faa2.88dc52fb`ATTR`Host_3`Host`MON::Set [Host]`Aspect=xADLCoreAspect&Position=42.630`53c8e4c.6bec48b1.8f5efd8e.55e34f54`Architecture`MON::Model [Architecture]`receiveEnergyCost=18.000000&receiveEnergyOverhead=48.000000&transmitEnergyCost=50.000000&transmitEnergyOverhead=45.000000````````````, ,
20140327_2003_22, Design, CoWare XTEAM Client, participant_0, 16, X`6f385993.f08a4164.b815faa2.88dc52fb`ATTR`Host_3`Host`MON::Set [Host]`Aspect=xADLCoreAspect&Position=42.630`53c8e4c.6bec48b1.8f5efd8e.55e34f54`Architecture`MON::Model [Architecture]`receiveEnergyCost=18.000000&receiveEnergyOverhead=48.000000&transmitEnergyCost=50.000000&transmitEnergyOverhead=200.000000````````````, ,
20140327_2003_23, Notification, XTEAM Engine, MRSV, 9, Simulation execution completion, ,
20140327_2003_23, XTEAM, XTEAM Engine, MRSV, , ,
20140327_2003_23, XTEAM, XTEAM Engine, MRSV, , ,
20140327_2003_23, XTEAM, XTEAM Engine, MRSV, , ,
20140327_2003_24, Design, CoWare XTEAM Client, participant_0, 17, X`6f385993.f08a4164.b815faa2.88dc52fb`ATTR`Host_3`Host`MON::Set [Host]`Aspect=xADLCoreAspect&Position=42.630`53c8e4c.6bec48b1.8f5efd8e.55e34f54`Architecture`MON::Model [Architecture]`receiveEnergyCost=65.000000&receiveEnergyOverhead=48.000000&transmitEnergyCost=50.000000&transmitEnergyOverhead=200.000000````````````, ,
20140327_2003_24, Notification, XTEAM Engine, MRSV, 15, Simulation execution beginning, ,
20140327_2003_25, Notification, XTEAM Engine, MRSV, 16, Simulation execution beginning, ,
20140327_2003_26, Design, CoWare XTEAM Client, participant_0, 18, X`6f385993.f08a4164.b815faa2.88dc52fb`ATTR`Host_3`Host`MON::Set [Host]`Aspect=xADLCoreAspect&Position=42.630`53c8e4c.6bec48b1.8f5efd8e.55e34f54`Architecture`MON::Model [Architecture]`receiveEnergyCost=65.000000&receiveEnergyOverhead=240.000000&transmitEnergyCost=50.000000&transmitEnergyOverhead=200.000000````````````, ,
20140327_2003_26, Notification, XTEAM Engine, MRSV, 17, Simulation execution beginning, ,
20140327_2003_28, Notification, XTEAM Engine, MRSV, 18, Simulation execution beginning, ,
20140327_2003_36, Notification, XTEAM Engine, MRSV, 10, Simulation execution completion, ,
20140327_2003_36, XTEAM, XTEAM Engine, MRSV, , ,
20140327_2003_36, XTEAM, XTEAM Engine, MRSV, , ,
20140327_2003_36, XTEAM, XTEAM Engine, MRSV, , ,
20140327_2003_48, Notification, XTEAM Engine, MRSV, 11, Simulation execution completion, ,
20140327_2003_48, XTEAM, XTEAM Engine, MRSV, , ,
20140327_2003_48, XTEAM, XTEAM Engine, MRSV, , ,
20140327_2003_48, XTEAM, XTEAM Engine, MRSV, , ,
20140327_2004_00, Notification, XTEAM Engine, MRSV, 12, Simulation execution completion, ,
20140327_2004_00, XTEAM, XTEAM Engine, MRSV, , ,
20140327_2004_00, XTEAM, XTEAM Engine, MRSV, , ,
20140327_2004_00, XTEAM, XTEAM Engine, MRSV, , ,
20140327_2004_03, Notification, XTEAM Engine, MRSV, 16, Simulation execution completion, ,
20140327_2004_03, XTEAM, XTEAM Engine, MRSV, , ,
20140327_2004_03, XTEAM, XTEAM Engine, MRSV, , ,
20140327_2004_03, XTEAM, XTEAM Engine, MRSV, , ,
20140327_2004_04, Notification, XTEAM Engine, MRSV, 17, Simulation execution completion, ,
20140327_2004_04, XTEAM, XTEAM Engine, MRSV, , ,
20140327_2004_04, XTEAM, XTEAM Engine, MRSV, , ,
20140327_2004_04, XTEAM, XTEAM Engine, MRSV, , ,
20140327_2004_04, Notification, XTEAM Engine, MRSV, 15, Simulation execution completion, ,
20140327_2004_04, XTEAM, XTEAM Engine, MRSV, , ,
20140327_2004_04, XTEAM, XTEAM Engine, MRSV, , ,
20140327_2004_04, XTEAM, XTEAM Engine, MRSV, , ,
20140327_2004_04, Notification, XTEAM Engine, MRSV, 18, Simulation execution completion, ,
20140327_2004_04, XTEAM, XTEAM Engine, MRSV, , ,
20140327_2004_04, XTEAM, XTEAM Engine, MRSV, , ,
20140327_2004_04, XTEAM, XTEAM Engine, MRSV, , ,
20140327_2004_04, Notification, XTEAM Engine, MRSV, 13, Simulation execution completion, ,
20140327_2004_04, XTEAM, XTEAM Engine, MRSV, , ,
20140327_2004_04, XTEAM, XTEAM Engine, MRSV, , ,
20140327_2004_04, XTEAM, XTEAM Engine, MRSV, , ,
20140327_2004_08, Notification, XTEAM Engine, MRSV, 14, Simulation execution completion, ,
20140327_2004_08, XTEAM, XTEAM Engine, MRSV, , ,
20140327_2004_08, XTEAM, XTEAM Engine, MRSV, , ,
20140327_2004_08, XTEAM, XTEAM Engine, MRSV, , ,
20140327_2004_32, Design, CoWare XTEAM Client, participant_1, 1, X`2b31638a.55614a3d.9e634faf.98e2db9c`ATTR`forward`Task`MON::Model [Task]`Aspect=xADLBehaviorAspect&Position=210.175`e2a290a3.325c4668.b1122051.b00eb749`Process`MON::Model [Process]`executionTime=7&memoryUsage=1&taskInstruction=````````````, ,
20140327_2004_34, Notification, XTEAM Engine, MRSV, 19, Simulation execution beginning, ,
20140327_2004_54, Notification, XTEAM Engine, MRSV, 19, Simulation execution completion, ,
20140327_2004_54, XTEAM, XTEAM Engine, MRSV, , ,
20140327_2004_54, XTEAM, XTEAM Engine, MRSV, , ,
20140327_2004_54, XTEAM, XTEAM Engine, MRSV, , ,
20140327_2004_58, Design, CoWare XTEAM Client, participant_1, 2, X`2b31638a.55614a3d.9e634faf.98e2db9c`ATTR`forward`Task`MON::Model [Task]`Aspect=xADLBehaviorAspect&Position=210.175`e2a290a3.325c4668.b1122051.b00eb749`Process`MON::Model [Process]`executionTime=7&memoryUsage=15&taskInstruction=````````````, ,
20140327_2004_59, Notification, XTEAM Engine, MRSV, 20, Simulation execution beginning, ,
20140327_2005_16, Design, CoWare XTEAM Client, participant_0, 19, X`422c11c0.c89a428f.838be7f4.7ffbcbd6`ATTR`generate`Task`MON::Model [Task]`Aspect=xADLBehaviorAspect&Position=231.196`f5e3fc53.9152438c.8adc2b0b.e095f1c6`Process`MON::Model [Process]`executionTime=7&memoryUsage=250&taskInstruction=nextRequest = new Request;|nextRequest->getRequestKind().value() = "Salinity";````````````, ,
20140327_2005_17, Notification, XTEAM Engine, MRSV, 21, Simulation execution beginning, ,
20140327_2005_17, Design, CoWare XTEAM Client, participant_0, 20, X`422c11c0.c89a428f.838be7f4.7ffbcbd6`ATTR`generate`Task`MON::Model [Task]`Aspect=xADLBehaviorAspect&Position=231.196`f5e3fc53.9152438c.8adc2b0b.e095f1c6`Process`MON::Model [Process]`executionTime=7&memoryUsage=3&taskInstruction=nextRequest = new Request;|nextRequest->getRequestKind().value() = "Salinity";````````````, ,
20140327_2005_18, Notification, XTEAM Engine, MRSV, 22, Simulation execution beginning, ,
20140327_2005_22, Design, CoWare XTEAM Client, participant_0, 21, X`6e9c8fd6.f1e64dd2.b80f329b.5eaf84d5`ATTR`generate`Task`MON::Model [Task]`Aspect=xADLBehaviorAspect&Position=231.196`949ce290.11ad4a14.a3b729fe.76f3e91a`Process`MON::Model [Process]`executionTime=7&memoryUsage=250&taskInstruction=nextRequest = new Request;|nextRequest->getRequestKind().value() = "Salinity";````````````, ,
20140327_2005_23, Notification, XTEAM Engine, MRSV, 23, Simulation execution beginning, ,
20140327_2005_23, Design, CoWare XTEAM Client, participant_0, 22, X`6e9c8fd6.f1e64dd2.b80f329b.5eaf84d5`ATTR`generate`Task`MON::Model [Task]`Aspect=xADLBehaviorAspect&Position=231.196`949ce290.11ad4a14.a3b729fe.76f3e91a`Process`MON::Model [Process]`executionTime=7&memoryUsage=3&taskInstruction=nextRequest = new Request;|nextRequest->getRequestKind().value() = "Salinity";````````````, ,
20140327_2005_24, Notification, XTEAM Engine, MRSV, 24, Simulation execution beginning, ,
20140327_2005_26, Notification, XTEAM Engine, MRSV, 20, Simulation execution completion, ,
20140327_2005_32, Design, CoWare XTEAM Client, participant_0, 24, X`26cde46c.9c5842b6.86a460a7.9af47b0b`ATTR`generate`Task`MON::Model [Task]`Aspect=xADLBehaviorAspect&Position=231.196`8bf46823.a38b47d7.afbbc04e.7988ae39`Process`MON::Model [Process]`executionTime=7&memoryUsage=3&taskInstruction=nextRequest = new Request;|nextRequest->getRequestKind().value() = "Salinity";````````````, ,
20140327_2005_30, Design, CoWare XTEAM Client, participant_0, 23, X`26cde46c.9c5842b6.86a460a7.9af47b0b`ATTR`generate`Task`MON::Model [Task]`Aspect=xADLBehaviorAspect&Position=231.196`8bf46823.a38b47d7.afbbc04e.7988ae39`Process`MON::Model [Process]`executionTime=7&memoryUsage=250&taskInstruction=nextRequest = new Request;|nextRequest->getRequestKind().value() = "Salinity";````````````, ,
20140327_2005_26, XTEAM, XTEAM Engine, MRSV, , ,
20140327_2005_26, XTEAM, XTEAM Engine, MRSV, , ,
20140327_2005_26, XTEAM, XTEAM Engine, MRSV, , ,
20140327_2005_35, Notification, XTEAM Engine, MRSV, 25, Simulation execution beginning, ,
20140327_2005_51, Notification, XTEAM Engine, MRSV, 22, Simulation execution completion, ,
20140327_2005_51, XTEAM, XTEAM Engine, MRSV, , ,
20140327_2005_51, XTEAM, XTEAM Engine, MRSV, , ,
20140327_2005_51, XTEAM, XTEAM Engine, MRSV, , ,
20140327_2005_54, Notification, XTEAM Engine, MRSV, 21, Simulation execution completion, ,
20140327_2005_54, XTEAM, XTEAM Engine, MRSV, , ,
20140327_2005_54, XTEAM, XTEAM Engine, MRSV, , ,
20140327_2005_54, XTEAM, XTEAM Engine, MRSV, , ,
20140327_2005_54, Notification, XTEAM Engine, MRSV, 23, Simulation execution completion, ,
20140327_2005_54, XTEAM, XTEAM Engine, MRSV, , ,
20140327_2005_54, XTEAM, XTEAM Engine, MRSV, , ,
20140327_2005_54, XTEAM, XTEAM Engine, MRSV, , ,
20140327_2005_54, Notification, XTEAM Engine, MRSV, 24, Simulation execution completion, ,
20140327_2005_54, XTEAM, XTEAM Engine, MRSV, , ,
20140327_2005_54, XTEAM, XTEAM Engine, MRSV, , ,
20140327_2005_54, XTEAM, XTEAM Engine, MRSV, , ,
20140327_2005_58, Notification, XTEAM Engine, MRSV, 25, Simulation execution completion, ,
20140327_2005_58, XTEAM, XTEAM Engine, MRSV, , ,
20140327_2005_58, XTEAM, XTEAM Engine, MRSV, , ,
20140327_2005_58, XTEAM, XTEAM Engine, MRSV, , ,
20140327_2006_29, Design, CoWare XTEAM Client, participant_1, 3, X`cc6f3a99.39734696.be3c4499.34632100`ATTR`Host_Salinity`Host`MON::Set [Host]`Aspect=xADLCoreAspect&Position=966.763`53c8e4c.6bec48b1.8f5efd8e.55e34f54`Architecture`MON::Model [Architecture]`receiveEnergyCost=13.000000&receiveEnergyOverhead=45.000000&transmitEnergyCost=12.000000&transmitEnergyOverhead=40.000000````````````, ,
20140327_2006_31, Notification, XTEAM Engine, MRSV, 26, Simulation execution beginning, ,
20140327_2006_32, Design, CoWare XTEAM Client, participant_1, 4, X`cc6f3a99.39734696.be3c4499.34632100`ATTR`Host_Salinity`Host`MON::Set [Host]`Aspect=xADLCoreAspect&Position=966.763`53c8e4c.6bec48b1.8f5efd8e.55e34f54`Architecture`MON::Model [Architecture]`receiveEnergyCost=20.000000&receiveEnergyOverhead=45.000000&transmitEnergyCost=12.000000&transmitEnergyOverhead=40.000000````````````, ,
20140327_2006_33, Notification, XTEAM Engine, MRSV, 27, Simulation execution beginning, ,
20140327_2006_36, Design, CoWare XTEAM Client, participant_1, 5, X`cc6f3a99.39734696.be3c4499.34632100`ATTR`Host_Salinity`Host`MON::Set [Host]`Aspect=xADLCoreAspect&Position=966.763`53c8e4c.6bec48b1.8f5efd8e.55e34f54`Architecture`MON::Model [Architecture]`receiveEnergyCost=20.000000&receiveEnergyOverhead=70.000000&transmitEnergyCost=12.000000&transmitEnergyOverhead=40.000000````````````, ,
20140327_2006_37, Notification, XTEAM Engine, MRSV, 28, Simulation execution beginning, ,
20140327_2007_00, Notification, XTEAM Engine, MRSV, 27, Simulation execution completion, ,
20140327_2007_00, XTEAM, XTEAM Engine, MRSV, , ,
20140327_2007_00, XTEAM, XTEAM Engine, MRSV, , ,
20140327_2007_00, XTEAM, XTEAM Engine, MRSV, , ,
20140327_2007_00, Notification, XTEAM Engine, MRSV, 26, Simulation execution completion, ,
20140327_2007_00, XTEAM, XTEAM Engine, MRSV, , ,
20140327_2007_00, XTEAM, XTEAM Engine, MRSV, , ,
20140327_2007_00, XTEAM, XTEAM Engine, MRSV, , ,
20140327_2007_04, Notification, XTEAM Engine, MRSV, 28, Simulation execution completion, ,
20140327_2007_04, XTEAM, XTEAM Engine, MRSV, , ,
20140327_2007_04, XTEAM, XTEAM Engine, MRSV, , ,
20140327_2007_04, XTEAM, XTEAM Engine, MRSV, , ,
20140327_2007_52, Design, CoWare XTEAM Client, participant_1, 6, X`42a23c30.e04b4488.a7f7515b.3829d858`ATTR`forward`Task`MON::Model [Task]`Aspect=xADLBehaviorAspect&Position=210.175`a26f6d47.5cde447d.9d17d6d8.8bdf7cd4`Process`MON::Model [Process]`executionTime=7&memoryUsage=1&taskInstruction=````````````, ,
20140327_2007_53, Notification, XTEAM Engine, MRSV, 29, Simulation execution beginning, ,
20140327_2007_54, Design, CoWare XTEAM Client, participant_1, 7, X`42a23c30.e04b4488.a7f7515b.3829d858`ATTR`forward`Task`MON::Model [Task]`Aspect=xADLBehaviorAspect&Position=210.175`a26f6d47.5cde447d.9d17d6d8.8bdf7cd4`Process`MON::Model [Process]`executionTime=7&memoryUsage=15&taskInstruction=````````````, ,
20140327_2007_55, Notification, XTEAM Engine, MRSV, 30, Simulation execution beginning, ,
20140327_2008_04, Design, CoWare XTEAM Client, participant_1, 8, X`f603f85b.e43844a4.b3627b58.f951dcdf`ATTR`Host_Temp`Host`MON::Set [Host]`Aspect=xADLCoreAspect&Position=1106.763`53c8e4c.6bec48b1.8f5efd8e.55e34f54`Architecture`MON::Model [Architecture]`receiveEnergyCost=13.000000&receiveEnergyOverhead=45.000000&transmitEnergyCost=12.000000&transmitEnergyOverhead=40.000000````````````, ,
20140327_2008_07, Notification, XTEAM Engine, MRSV, 31, Simulation execution beginning, ,
20140327_2008_08, Design, CoWare XTEAM Client, participant_1, 9, X`f603f85b.e43844a4.b3627b58.f951dcdf`ATTR`Host_Temp`Host`MON::Set [Host]`Aspect=xADLCoreAspect&Position=1106.763`53c8e4c.6bec48b1.8f5efd8e.55e34f54`Architecture`MON::Model [Architecture]`receiveEnergyCost=20.000000&receiveEnergyOverhead=45.000000&transmitEnergyCost=12.000000&transmitEnergyOverhead=40.000000````````````, ,
20140327_2008_09, Notification, XTEAM Engine, MRSV, 32, Simulation execution beginning, ,
20140327_2008_11, Design, CoWare XTEAM Client, participant_1, 10, X`f603f85b.e43844a4.b3627b58.f951dcdf`ATTR`Host_Temp`Host`MON::Set [Host]`Aspect=xADLCoreAspect&Position=1106.763`53c8e4c.6bec48b1.8f5efd8e.55e34f54`Architecture`MON::Model [Architecture]`receiveEnergyCost=20.000000&receiveEnergyOverhead=70.000000&transmitEnergyCost=12.000000&transmitEnergyOverhead=40.000000````````````, ,
20140327_2008_13, Notification, XTEAM Engine, MRSV, 33, Simulation execution beginning, ,
20140327_2008_22, Notification, XTEAM Engine, MRSV, 29, Simulation execution completion, ,
20140327_2008_22, XTEAM, XTEAM Engine, MRSV, , ,
20140327_2008_22, XTEAM, XTEAM Engine, MRSV, , ,
20140327_2008_22, XTEAM, XTEAM Engine, MRSV, , ,
20140327_2008_23, Notification, XTEAM Engine, MRSV, 30, Simulation execution completion, ,
20140327_2008_23, XTEAM, XTEAM Engine, MRSV, , ,
20140327_2008_23, XTEAM, XTEAM Engine, MRSV, , ,
20140327_2008_23, XTEAM, XTEAM Engine, MRSV, , ,
20140327_2008_30, Notification, XTEAM Engine, MRSV, 31, Simulation execution completion, ,
20140327_2008_30, XTEAM, XTEAM Engine, MRSV, , ,
20140327_2008_30, XTEAM, XTEAM Engine, MRSV, , ,
20140327_2008_30, XTEAM, XTEAM Engine, MRSV, , ,
20140327_2008_31, Notification, XTEAM Engine, MRSV, 32, Simulation execution completion, ,
20140327_2008_31, XTEAM, XTEAM Engine, MRSV, , ,
20140327_2008_31, XTEAM, XTEAM Engine, MRSV, , ,
20140327_2008_31, XTEAM, XTEAM Engine, MRSV, , ,
20140327_2008_45, Notification, XTEAM Engine, MRSV, 33, Simulation execution completion, ,
20140327_2008_45, XTEAM, XTEAM Engine, MRSV, , ,
20140327_2008_45, XTEAM, XTEAM Engine, MRSV, , ,
20140327_2008_45, XTEAM, XTEAM Engine, MRSV, , ,
20140327_2009_00, Design, CoWare XTEAM Client, participant_0, 25, X`6e9c8fd6.f1e64dd2.b80f329b.5eaf84d5`ATTR`generate`Task`MON::Model [Task]`Aspect=xADLBehaviorAspect&Position=231.196`949ce290.11ad4a14.a3b729fe.76f3e91a`Process`MON::Model [Process]`executionTime=6&memoryUsage=3&taskInstruction=nextRequest = new Request;|nextRequest->getRequestKind().value() = "Salinity";````````````, ,
20140327_2009_01, Notification, XTEAM Engine, MRSV, 34, Simulation execution beginning, ,
20140327_2009_02, Design, CoWare XTEAM Client, participant_0, 26, X`6e9c8fd6.f1e64dd2.b80f329b.5eaf84d5`ATTR`generate`Task`MON::Model [Task]`Aspect=xADLBehaviorAspect&Position=231.196`949ce290.11ad4a14.a3b729fe.76f3e91a`Process`MON::Model [Process]`executionTime=6&memoryUsage=250&taskInstruction=nextRequest = new Request;|nextRequest->getRequestKind().value() = "Salinity";````````````, ,
20140327_2009_04, Notification, XTEAM Engine, MRSV, 35, Simulation execution beginning, ,
20140327_2009_06, Design, CoWare XTEAM Client, participant_0, 27, X`26cde46c.9c5842b6.86a460a7.9af47b0b`ATTR`generate`Task`MON::Model [Task]`Aspect=xADLBehaviorAspect&Position=231.196`8bf46823.a38b47d7.afbbc04e.7988ae39`Process`MON::Model [Process]`executionTime=6&memoryUsage=3&taskInstruction=nextRequest = new Request;|nextRequest->getRequestKind().value() = "Salinity";````````````, ,
20140327_2009_07, Notification, XTEAM Engine, MRSV, 36, Simulation execution beginning, ,
20140327_2009_08, Design, CoWare XTEAM Client, participant_0, 28, X`26cde46c.9c5842b6.86a460a7.9af47b0b`ATTR`generate`Task`MON::Model [Task]`Aspect=xADLBehaviorAspect&Position=231.196`8bf46823.a38b47d7.afbbc04e.7988ae39`Process`MON::Model [Process]`executionTime=6&memoryUsage=250&taskInstruction=nextRequest = new Request;|nextRequest->getRequestKind().value() = "Salinity";````````````, ,
20140327_2009_09, Notification, XTEAM Engine, MRSV, 37, Simulation execution beginning, ,
20140327_2009_16, Design, CoWare XTEAM Client, participant_0, 29, X`422c11c0.c89a428f.838be7f4.7ffbcbd6`ATTR`generate`Task`MON::Model [Task]`Aspect=xADLBehaviorAspect&Position=231.196`f5e3fc53.9152438c.8adc2b0b.e095f1c6`Process`MON::Model [Process]`executionTime=6&memoryUsage=3&taskInstruction=nextRequest = new Request;|nextRequest->getRequestKind().value() = "Salinity";````````````, ,
20140327_2009_18, Notification, XTEAM Engine, MRSV, 38, Simulation execution beginning, ,
20140327_2009_19, Design, CoWare XTEAM Client, participant_0, 30, X`422c11c0.c89a428f.838be7f4.7ffbcbd6`ATTR`generate`Task`MON::Model [Task]`Aspect=xADLBehaviorAspect&Position=231.196`f5e3fc53.9152438c.8adc2b0b.e095f1c6`Process`MON::Model [Process]`executionTime=6&memoryUsage=250&taskInstruction=nextRequest = new Request;|nextRequest->getRequestKind().value() = "Salinity";````````````, ,
20140327_2009_20, Notification, XTEAM Engine, MRSV, 39, Simulation execution beginning, ,
20140327_2009_30, Design, CoWare XTEAM Client, participant_0, 31, X`3709314b.7a93486e.8dc9b26c.f4772d70`ATTR`Host_1`Host`MON::Set [Host]`Aspect=xADLCoreAspect&Position=42.49`53c8e4c.6bec48b1.8f5efd8e.55e34f54`Architecture`MON::Model [Architecture]`receiveEnergyCost=65.000000&receiveEnergyOverhead=240.000000&transmitEnergyCost=12.000000&transmitEnergyOverhead=200.000000````````````, ,
20140327_2009_31, Notification, XTEAM Engine, MRSV, 40, Simulation execution beginning, ,
20140327_2009_32, Design, CoWare XTEAM Client, participant_0, 32, X`3709314b.7a93486e.8dc9b26c.f4772d70`ATTR`Host_1`Host`MON::Set [Host]`Aspect=xADLCoreAspect&Position=42.49`53c8e4c.6bec48b1.8f5efd8e.55e34f54`Architecture`MON::Model [Architecture]`receiveEnergyCost=65.000000&receiveEnergyOverhead=240.000000&transmitEnergyCost=12.000000&transmitEnergyOverhead=45.000000````````````, ,
20140327_2009_35, Notification, XTEAM Engine, MRSV, 41, Simulation execution beginning, ,
20140327_2009_36, Notification, XTEAM Engine, MRSV, 34, Simulation execution completion, ,
20140327_2009_36, XTEAM, XTEAM Engine, MRSV, , ,
20140327_2009_36, XTEAM, XTEAM Engine, MRSV, , ,
20140327_2009_36, XTEAM, XTEAM Engine, MRSV, , ,
20140327_2009_37, Notification, XTEAM Engine, MRSV, 35, Simulation execution completion, ,
20140327_2009_37, XTEAM, XTEAM Engine, MRSV, , ,
20140327_2009_37, XTEAM, XTEAM Engine, MRSV, , ,
20140327_2009_37, XTEAM, XTEAM Engine, MRSV, , ,
20140327_2009_37, Notification, XTEAM Engine, MRSV, 36, Simulation execution completion, ,
20140327_2009_37, XTEAM, XTEAM Engine, MRSV, , ,
20140327_2009_37, XTEAM, XTEAM Engine, MRSV, , ,
20140327_2009_37, XTEAM, XTEAM Engine, MRSV, , ,
20140327_2009_39, Notification, XTEAM Engine, MRSV, 37, Simulation execution completion, ,
20140327_2009_39, XTEAM, XTEAM Engine, MRSV, , ,
20140327_2009_39, XTEAM, XTEAM Engine, MRSV, , ,
20140327_2009_39, XTEAM, XTEAM Engine, MRSV, , ,
20140327_2009_39, Design, CoWare XTEAM Client, participant_0, 33, X`3709314b.7a93486e.8dc9b26c.f4772d70`ATTR`Host_1`Host`MON::Set [Host]`Aspect=xADLCoreAspect&Position=42.49`53c8e4c.6bec48b1.8f5efd8e.55e34f54`Architecture`MON::Model [Architecture]`receiveEnergyCost=18.000000&receiveEnergyOverhead=240.000000&transmitEnergyCost=12.000000&transmitEnergyOverhead=45.000000````````````, ,
20140327_2009_40, Notification, XTEAM Engine, MRSV, 42, Simulation execution beginning, ,
20140327_2009_42, Design, CoWare XTEAM Client, participant_0, 34, X`3709314b.7a93486e.8dc9b26c.f4772d70`ATTR`Host_1`Host`MON::Set [Host]`Aspect=xADLCoreAspect&Position=42.49`53c8e4c.6bec48b1.8f5efd8e.55e34f54`Architecture`MON::Model [Architecture]`receiveEnergyCost=18.000000&receiveEnergyOverhead=48.000000&transmitEnergyCost=12.000000&transmitEnergyOverhead=45.000000````````````, ,
20140327_2009_45, Notification, XTEAM Engine, MRSV, 38, Simulation execution completion, ,
20140327_2009_45, XTEAM, XTEAM Engine, MRSV, , ,
20140327_2009_45, XTEAM, XTEAM Engine, MRSV, , ,
20140327_2009_45, XTEAM, XTEAM Engine, MRSV, , ,
20140327_2009_46, Notification, XTEAM Engine, MRSV, 43, Simulation execution beginning, ,
20140327_2009_47, Notification, XTEAM Engine, MRSV, 39, Simulation execution completion, ,
20140327_2009_47, XTEAM, XTEAM Engine, MRSV, , ,
20140327_2009_47, XTEAM, XTEAM Engine, MRSV, , ,
20140327_2009_47, XTEAM, XTEAM Engine, MRSV, , ,
20140327_2009_47, Design, CoWare XTEAM Client, participant_0, 35, X`1d380676.204a4521.b3bb7c52.2bae3451`ATTR`Host_2`Host`MON::Set [Host]`Aspect=xADLCoreAspect&Position=42.350`53c8e4c.6bec48b1.8f5efd8e.55e34f54`Architecture`MON::Model [Architecture]`receiveEnergyCost=65.000000&receiveEnergyOverhead=240.000000&transmitEnergyCost=12.000000&transmitEnergyOverhead=200.000000````````````, ,
20140327_2009_51, Design, CoWare XTEAM Client, participant_0, 36, X`1d380676.204a4521.b3bb7c52.2bae3451`ATTR`Host_2`Host`MON::Set [Host]`Aspect=xADLCoreAspect&Position=42.350`53c8e4c.6bec48b1.8f5efd8e.55e34f54`Architecture`MON::Model [Architecture]`receiveEnergyCost=65.000000&receiveEnergyOverhead=240.000000&transmitEnergyCost=12.000000&transmitEnergyOverhead=45.000000````````````, ,
20140327_2009_52, Notification, XTEAM Engine, MRSV, 44, Simulation execution beginning, ,
20140327_2009_53, Design, CoWare XTEAM Client, participant_0, 37, X`1d380676.204a4521.b3bb7c52.2bae3451`ATTR`Host_2`Host`MON::Set [Host]`Aspect=xADLCoreAspect&Position=42.350`53c8e4c.6bec48b1.8f5efd8e.55e34f54`Architecture`MON::Model [Architecture]`receiveEnergyCost=18.000000&receiveEnergyOverhead=240.000000&transmitEnergyCost=12.000000&transmitEnergyOverhead=45.000000````````````, ,
20140327_2009_54, Notification, XTEAM Engine, MRSV, 45, Simulation execution beginning, ,
20140327_2009_55, Design, CoWare XTEAM Client, participant_0, 38, X`1d380676.204a4521.b3bb7c52.2bae3451`ATTR`Host_2`Host`MON::Set [Host]`Aspect=xADLCoreAspect&Position=42.350`53c8e4c.6bec48b1.8f5efd8e.55e34f54`Architecture`MON::Model [Architecture]`receiveEnergyCost=18.000000&receiveEnergyOverhead=48.000000&transmitEnergyCost=12.000000&transmitEnergyOverhead=45.000000````````````, ,
20140327_2009_55, Notification, XTEAM Engine, MRSV, 46, Simulation execution beginning, ,
20140327_2009_59, Notification, XTEAM Engine, MRSV, 47, Simulation execution beginning, ,
20140327_2009_59, Design, CoWare XTEAM Client, participant_0, 39, X`6f385993.f08a4164.b815faa2.88dc52fb`ATTR`Host_3`Host`MON::Set [Host]`Aspect=xADLCoreAspect&Position=42.630`53c8e4c.6bec48b1.8f5efd8e.55e34f54`Architecture`MON::Model [Architecture]`receiveEnergyCost=65.000000&receiveEnergyOverhead=240.000000&transmitEnergyCost=12.000000&transmitEnergyOverhead=200.000000````````````, ,
20140327_2010_00, Notification, XTEAM Engine, MRSV, 48, Simulation execution beginning, ,
20140327_2010_02, Design, CoWare XTEAM Client, participant_0, 40, X`6f385993.f08a4164.b815faa2.88dc52fb`ATTR`Host_3`Host`MON::Set [Host]`Aspect=xADLCoreAspect&Position=42.630`53c8e4c.6bec48b1.8f5efd8e.55e34f54`Architecture`MON::Model [Architecture]`receiveEnergyCost=65.000000&receiveEnergyOverhead=240.000000&transmitEnergyCost=12.000000&transmitEnergyOverhead=45.000000````````````, ,
20140327_2010_04, Design, CoWare XTEAM Client, participant_0, 41, X`6f385993.f08a4164.b815faa2.88dc52fb`ATTR`Host_3`Host`MON::Set [Host]`Aspect=xADLCoreAspect&Position=42.630`53c8e4c.6bec48b1.8f5efd8e.55e34f54`Architecture`MON::Model [Architecture]`receiveEnergyCost=18.000000&receiveEnergyOverhead=240.000000&transmitEnergyCost=12.000000&transmitEnergyOverhead=45.000000````````````, ,
20140327_2010_06, Design, CoWare XTEAM Client, participant_0, 42, X`6f385993.f08a4164.b815faa2.88dc52fb`ATTR`Host_3`Host`MON::Set [Host]`Aspect=xADLCoreAspect&Position=42.630`53c8e4c.6bec48b1.8f5efd8e.55e34f54`Architecture`MON::Model [Architecture]`receiveEnergyCost=18.000000&receiveEnergyOverhead=48.000000&transmitEnergyCost=12.000000&transmitEnergyOverhead=45.000000````````````, ,
20140327_2010_11, Notification, XTEAM Engine, MRSV, 49, Simulation execution beginning, ,
20140327_2010_12, XTEAM, XTEAM Engine, MRSV, , ,
20140327_2010_12, XTEAM, XTEAM Engine, MRSV, , ,
20140327_2010_12, XTEAM, XTEAM Engine, MRSV, , ,
20140327_2010_12, Notification, XTEAM Engine, MRSV, 41, Simulation execution completion, ,
20140327_2010_13, Notification, XTEAM Engine, MRSV, 40, Simulation execution completion, ,
20140327_2010_13, XTEAM, XTEAM Engine, MRSV, , ,
20140327_2010_13, XTEAM, XTEAM Engine, MRSV, , ,
20140327_2010_13, XTEAM, XTEAM Engine, MRSV, , ,
20140327_2010_15, Notification, XTEAM Engine, MRSV, 50, Simulation execution beginning, ,
20140327_2010_29, Notification, XTEAM Engine, MRSV, 42, Simulation execution completion, ,
20140327_2010_29, XTEAM, XTEAM Engine, MRSV, , ,
20140327_2010_29, XTEAM, XTEAM Engine, MRSV, , ,
20140327_2010_29, XTEAM, XTEAM Engine, MRSV, , ,
20140327_2010_47, Notification, XTEAM Engine, MRSV, 43, Simulation execution completion, ,
20140327_2010_47, XTEAM, XTEAM Engine, MRSV, , ,
20140327_2010_47, XTEAM, XTEAM Engine, MRSV, , ,
20140327_2010_47, XTEAM, XTEAM Engine, MRSV, , ,
20140327_2011_05, Notification, XTEAM Engine, MRSV, 46, Simulation execution completion, ,
20140327_2011_05, XTEAM, XTEAM Engine, MRSV, , ,
20140327_2011_05, XTEAM, XTEAM Engine, MRSV, , ,
20140327_2011_05, XTEAM, XTEAM Engine, MRSV, , ,
20140327_2011_05, Notification, XTEAM Engine, MRSV, 44, Simulation execution completion, ,
20140327_2011_05, XTEAM, XTEAM Engine, MRSV, , ,
20140327_2011_05, XTEAM, XTEAM Engine, MRSV, , ,
20140327_2011_05, XTEAM, XTEAM Engine, MRSV, , ,
20140327_2011_05, Notification, XTEAM Engine, MRSV, 48, Simulation execution completion, ,
20140327_2011_05, XTEAM, XTEAM Engine, MRSV, , ,
20140327_2011_05, XTEAM, XTEAM Engine, MRSV, , ,
20140327_2011_05, XTEAM, XTEAM Engine, MRSV, , ,
20140327_2011_05, Notification, XTEAM Engine, MRSV, 47, Simulation execution completion, ,
20140327_2011_05, XTEAM, XTEAM Engine, MRSV, , ,
20140327_2011_05, XTEAM, XTEAM Engine, MRSV, , ,
20140327_2011_05, XTEAM, XTEAM Engine, MRSV, , ,
20140327_2011_05, Notification, XTEAM Engine, MRSV, 49, Simulation execution completion, ,
20140327_2011_05, XTEAM, XTEAM Engine, MRSV, , ,
20140327_2011_05, XTEAM, XTEAM Engine, MRSV, , ,
20140327_2011_05, XTEAM, XTEAM Engine, MRSV, , ,
20140327_2011_13, Notification, XTEAM Engine, MRSV, 45, Simulation execution completion, ,
20140327_2011_13, XTEAM, XTEAM Engine, MRSV, , ,
20140327_2011_13, XTEAM, XTEAM Engine, MRSV, , ,
20140327_2011_13, XTEAM, XTEAM Engine, MRSV, , ,
20140327_2011_17, Notification, XTEAM Engine, MRSV, 50, Simulation execution completion, ,
20140327_2011_17, XTEAM, XTEAM Engine, MRSV, , ,
20140327_2011_17, XTEAM, XTEAM Engine, MRSV, , ,
20140327_2011_17, XTEAM, XTEAM Engine, MRSV, , ,
20140327_2014_06, Design, CoWare XTEAM Client, participant_1, 11, X`42a23c30.e04b4488.a7f7515b.3829d858`ATTR`forward`Task`MON::Model [Task]`Aspect=xADLBehaviorAspect&Position=210.175`a26f6d47.5cde447d.9d17d6d8.8bdf7cd4`Process`MON::Model [Process]`executionTime=0&memoryUsage=15&taskInstruction=````````````, ,
20140327_2014_07, Notification, XTEAM Engine, MRSV, 51, Simulation execution beginning, ,
20140327_2014_07, Design, CoWare XTEAM Client, participant_1, 12, X`42a23c30.e04b4488.a7f7515b.3829d858`ATTR`forward`Task`MON::Model [Task]`Aspect=xADLBehaviorAspect&Position=210.175`a26f6d47.5cde447d.9d17d6d8.8bdf7cd4`Process`MON::Model [Process]`executionTime=0&memoryUsage=1&taskInstruction=````````````, ,
20140327_2014_09, Notification, XTEAM Engine, MRSV, 52, Simulation execution beginning, ,
20140327_2014_32, Notification, XTEAM Engine, MRSV, 52, Simulation execution completion, ,
20140327_2014_32, XTEAM, XTEAM Engine, MRSV, , ,
20140327_2014_32, XTEAM, XTEAM Engine, MRSV, , ,
20140327_2014_32, XTEAM, XTEAM Engine, MRSV, , ,
20140327_2014_36, Notification, XTEAM Engine, MRSV, 51, Simulation execution completion, ,
20140327_2014_36, XTEAM, XTEAM Engine, MRSV, , ,
20140327_2014_36, XTEAM, XTEAM Engine, MRSV, , ,
20140327_2014_36, XTEAM, XTEAM Engine, MRSV, , ,
20140327_2018_26, Design, CoWare XTEAM Client, participant_1, 13, X`2b31638a.55614a3d.9e634faf.98e2db9c`ATTR`forward`Task`MON::Model [Task]`Aspect=xADLBehaviorAspect&Position=210.175`e2a290a3.325c4668.b1122051.b00eb749`Process`MON::Model [Process]`executionTime=0&memoryUsage=15&taskInstruction=````````````, ,
20140327_2018_28, Notification, XTEAM Engine, MRSV, 53, Simulation execution beginning, ,
20140327_2018_31, Design, CoWare XTEAM Client, participant_1, 14, X`2b31638a.55614a3d.9e634faf.98e2db9c`ATTR`forward`Task`MON::Model [Task]`Aspect=xADLBehaviorAspect&Position=210.175`e2a290a3.325c4668.b1122051.b00eb749`Process`MON::Model [Process]`executionTime=0&memoryUsage=1&taskInstruction=````````````, ,
20140327_2018_32, Notification, XTEAM Engine, MRSV, 54, Simulation execution beginning, ,
20140327_2018_59, Notification, XTEAM Engine, MRSV, 53, Simulation execution completion, ,
20140327_2018_59, XTEAM, XTEAM Engine, MRSV, , ,
20140327_2018_59, XTEAM, XTEAM Engine, MRSV, , ,
20140327_2018_59, XTEAM, XTEAM Engine, MRSV, , ,
20140327_2019_03, Notification, XTEAM Engine, MRSV, 54, Simulation execution completion, ,
20140327_2019_03, XTEAM, XTEAM Engine, MRSV, , ,
20140327_2019_03, XTEAM, XTEAM Engine, MRSV, , ,
20140327_2019_03, XTEAM, XTEAM Engine, MRSV, , ,
20140327_2021_23, Snapshot, CoWare XTEAM Client, participant_1, 15, ,
20140327_2021_25, Snapshot, CoWare XTEAM Client, participant_1, 16, ,
20140327_2022_20, Design, CoWare XTEAM Client, participant_1, 17, X`2b31638a.55614a3d.9e634faf.98e2db9c`ATTR`forward`Task`MON::Model [Task]`Aspect=xADLBehaviorAspect&Position=210.175`e2a290a3.325c4668.b1122051.b00eb749`Process`MON::Model [Process]`executionTime=7&memoryUsage=1&taskInstruction=````````````, ,
20140327_2022_21, Notification, XTEAM Engine, MRSV, 55, Simulation execution beginning, ,
20140327_2022_22, Design, CoWare XTEAM Client, participant_1, 18, X`2b31638a.55614a3d.9e634faf.98e2db9c`ATTR`forward`Task`MON::Model [Task]`Aspect=xADLBehaviorAspect&Position=210.175`e2a290a3.325c4668.b1122051.b00eb749`Process`MON::Model [Process]`executionTime=7&memoryUsage=15&taskInstruction=````````````, ,
20140327_2022_23, Notification, XTEAM Engine, MRSV, 56, Simulation execution beginning, ,
20140327_2022_34, Design, CoWare XTEAM Client, participant_1, 19, X`42a23c30.e04b4488.a7f7515b.3829d858`ATTR`forward`Task`MON::Model [Task]`Aspect=xADLBehaviorAspect&Position=210.175`a26f6d47.5cde447d.9d17d6d8.8bdf7cd4`Process`MON::Model [Process]`executionTime=7&memoryUsage=1&taskInstruction=````````````, ,
20140327_2022_36, Design, CoWare XTEAM Client, participant_1, 20, X`42a23c30.e04b4488.a7f7515b.3829d858`ATTR`forward`Task`MON::Model [Task]`Aspect=xADLBehaviorAspect&Position=210.175`a26f6d47.5cde447d.9d17d6d8.8bdf7cd4`Process`MON::Model [Process]`executionTime=7&memoryUsage=15&taskInstruction=````````````, ,
20140327_2022_39, Notification, XTEAM Engine, MRSV, 57, Simulation execution beginning, ,
20140327_2022_40, Notification, XTEAM Engine, MRSV, 58, Simulation execution beginning, ,
20140327_2022_49, Snapshot, CoWare XTEAM Client, participant_1, 21, ,
20140327_2022_51, Snapshot, CoWare XTEAM Client, participant_1, 22, ,
20140327_2022_52, Notification, XTEAM Engine, MRSV, 55, Simulation execution completion, ,
20140327_2022_52, XTEAM, XTEAM Engine, MRSV, , ,
20140327_2022_52, XTEAM, XTEAM Engine, MRSV, , ,
20140327_2022_52, XTEAM, XTEAM Engine, MRSV, , ,
20140327_2022_54, Notification, XTEAM Engine, MRSV, 56, Simulation execution completion, ,
20140327_2022_54, XTEAM, XTEAM Engine, MRSV, , ,
20140327_2022_54, XTEAM, XTEAM Engine, MRSV, , ,
20140327_2022_54, XTEAM, XTEAM Engine, MRSV, , ,
20140327_2023_01, Notification, XTEAM Engine, MRSV, 57, Simulation execution completion, ,
20140327_2023_01, XTEAM, XTEAM Engine, MRSV, , ,
20140327_2023_01, XTEAM, XTEAM Engine, MRSV, , ,
20140327_2023_01, XTEAM, XTEAM Engine, MRSV, , ,
20140327_2023_01, Notification, XTEAM Engine, MRSV, 58, Simulation execution completion, ,
20140327_2023_01, XTEAM, XTEAM Engine, MRSV, , ,
20140327_2023_01, XTEAM, XTEAM Engine, MRSV, , ,
20140327_2023_01, XTEAM, XTEAM Engine, MRSV, , ,
20140327_2023_38, Snapshot, CoWare XTEAM Client, participant_0, 43, ,
20140327_2023_40, Snapshot, CoWare XTEAM Client, participant_0, 44, ,
20140327_2025_11, Design, CoWare XTEAM Client, participant_1, 23, X`2b31638a.55614a3d.9e634faf.98e2db9c`ATTR`forward`Task`MON::Model [Task]`Aspect=xADLBehaviorAspect&Position=210.175`e2a290a3.325c4668.b1122051.b00eb749`Process`MON::Model [Process]`executionTime=0&memoryUsage=15&taskInstruction=````````````, ,
20140327_2025_12, Notification, XTEAM Engine, MRSV, 59, Simulation execution beginning, ,
20140327_2025_14, Design, CoWare XTEAM Client, participant_1, 24, X`2b31638a.55614a3d.9e634faf.98e2db9c`ATTR`forward`Task`MON::Model [Task]`Aspect=xADLBehaviorAspect&Position=210.175`e2a290a3.325c4668.b1122051.b00eb749`Process`MON::Model [Process]`executionTime=0&memoryUsage=1&taskInstruction=````````````, ,
20140327_2025_15, Notification, XTEAM Engine, MRSV, 60, Simulation execution beginning, ,
20140327_2025_24, Design, CoWare XTEAM Client, participant_1, 25, X`42a23c30.e04b4488.a7f7515b.3829d858`ATTR`forward`Task`MON::Model [Task]`Aspect=xADLBehaviorAspect&Position=210.175`a26f6d47.5cde447d.9d17d6d8.8bdf7cd4`Process`MON::Model [Process]`executionTime=0&memoryUsage=15&taskInstruction=````````````, ,
20140327_2025_26, Design, CoWare XTEAM Client, participant_1, 26, X`42a23c30.e04b4488.a7f7515b.3829d858`ATTR`forward`Task`MON::Model [Task]`Aspect=xADLBehaviorAspect&Position=210.175`a26f6d47.5cde447d.9d17d6d8.8bdf7cd4`Process`MON::Model [Process]`executionTime=0&memoryUsage=1&taskInstruction=````````````, ,
20140327_2025_30, Notification, XTEAM Engine, MRSV, 61, Simulation execution beginning, ,
20140327_2025_31, Notification, XTEAM Engine, MRSV, 62, Simulation execution beginning, ,
20140327_2025_50, Notification, XTEAM Engine, MRSV, 60, Simulation execution completion, ,
20140327_2025_50, XTEAM, XTEAM Engine, MRSV, , ,
20140327_2025_50, XTEAM, XTEAM Engine, MRSV, , ,
20140327_2025_50, XTEAM, XTEAM Engine, MRSV, , ,
20140327_2025_50, Notification, XTEAM Engine, MRSV, 59, Simulation execution completion, ,
20140327_2025_50, XTEAM, XTEAM Engine, MRSV, , ,
20140327_2025_50, XTEAM, XTEAM Engine, MRSV, , ,
20140327_2025_50, XTEAM, XTEAM Engine, MRSV, , ,
20140327_2025_54, Notification, XTEAM Engine, MRSV, 62, Simulation execution completion, ,
20140327_2025_54, XTEAM, XTEAM Engine, MRSV, , ,
20140327_2025_54, XTEAM, XTEAM Engine, MRSV, , ,
20140327_2025_54, XTEAM, XTEAM Engine, MRSV, , ,
20140327_2026_03, Notification, XTEAM Engine, MRSV, 61, Simulation execution completion, ,
20140327_2026_03, XTEAM, XTEAM Engine, MRSV, , ,
20140327_2026_03, XTEAM, XTEAM Engine, MRSV, , ,
20140327_2026_03, XTEAM, XTEAM Engine, MRSV, , ,
20140327_2027_24, Design, CoWare XTEAM Client, participant_1, 27, X`2b31638a.55614a3d.9e634faf.98e2db9c`ATTR`forward`Task`MON::Model [Task]`Aspect=xADLBehaviorAspect&Position=210.175`e2a290a3.325c4668.b1122051.b00eb749`Process`MON::Model [Process]`executionTime=7&memoryUsage=1&taskInstruction=````````````, ,
20140327_2027_25, Notification, XTEAM Engine, MRSV, 63, Simulation execution beginning, ,
20140327_2027_27, Design, CoWare XTEAM Client, participant_1, 28, X`2b31638a.55614a3d.9e634faf.98e2db9c`ATTR`forward`Task`MON::Model [Task]`Aspect=xADLBehaviorAspect&Position=210.175`e2a290a3.325c4668.b1122051.b00eb749`Process`MON::Model [Process]`executionTime=7&memoryUsage=15&taskInstruction=````````````, ,
20140327_2027_28, Notification, XTEAM Engine, MRSV, 64, Simulation execution beginning, ,
20140327_2027_32, Snapshot, CoWare XTEAM Client, participant_1, 29, ,
20140327_2027_40, Snapshot, CoWare XTEAM Client, participant_1, 30, ,
20140327_2027_50, Notification, XTEAM Engine, MRSV, 63, Simulation execution completion, ,
20140327_2027_50, XTEAM, XTEAM Engine, MRSV, , ,
20140327_2027_50, XTEAM, XTEAM Engine, MRSV, , ,
20140327_2027_50, XTEAM, XTEAM Engine, MRSV, , ,
20140327_2027_51, Notification, XTEAM Engine, MRSV, 64, Simulation execution completion, ,
20140327_2027_51, XTEAM, XTEAM Engine, MRSV, , ,
20140327_2027_51, XTEAM, XTEAM Engine, MRSV, , ,
20140327_2027_51, XTEAM, XTEAM Engine, MRSV, , ,
20140327_2027_56, Design, CoWare XTEAM Client, participant_1, 31, X`2b31638a.55614a3d.9e634faf.98e2db9c`ATTR`forward`Task`MON::Model [Task]`Aspect=xADLBehaviorAspect&Position=210.175`e2a290a3.325c4668.b1122051.b00eb749`Process`MON::Model [Process]`executionTime=0&memoryUsage=15&taskInstruction=````````````, ,
20140327_2027_57, Notification, XTEAM Engine, MRSV, 65, Simulation execution beginning, ,
20140327_2028_04, Design, CoWare XTEAM Client, participant_1, 32, X`2b31638a.55614a3d.9e634faf.98e2db9c`ATTR`forward`Task`MON::Model [Task]`Aspect=xADLBehaviorAspect&Position=210.175`e2a290a3.325c4668.b1122051.b00eb749`Process`MON::Model [Process]`executionTime=0&memoryUsage=1&taskInstruction=````````````, ,
20140327_2028_05, Notification, XTEAM Engine, MRSV, 66, Simulation execution beginning, ,
20140327_2028_05, Snapshot, CoWare XTEAM Client, participant_1, 33, ,
20140327_2028_24, Notification, XTEAM Engine, MRSV, 65, Simulation execution completion, ,
20140327_2028_24, XTEAM, XTEAM Engine, MRSV, , ,
20140327_2028_24, XTEAM, XTEAM Engine, MRSV, , ,
20140327_2028_24, XTEAM, XTEAM Engine, MRSV, , ,
20140327_2028_32, Notification, XTEAM Engine, MRSV, 66, Simulation execution completion, ,
20140327_2028_32, XTEAM, XTEAM Engine, MRSV, , ,
20140327_2028_32, XTEAM, XTEAM Engine, MRSV, , ,
20140327_2028_32, XTEAM, XTEAM Engine, MRSV, , ,
