TIME, Event name, OriginComponent, SenderUsername, EventID, Value, ,
20141126_1435_12, Login, FLAME Client, participant_0, , , ,
20141126_1435_15, Login, XTEAM Engine, participant_0, , , ,
20141126_1435_37, Login, FLAME Client, participant_1, , , ,
20141126_1435_40, Login, XTEAM Engine, participant_1, , , ,
20141126_1441_07, Design, FLAME Client, participant_1, 1, X`64e3f498.f1114939.ba695f73.d07188e3`ATTR`perform`Task`MON::Model [Task]`Aspect=xADLBehaviorAspect&Position=308.301`d640f4b9.22e14264.b459176e.af6b895e`Process`MON::Model [Process]`executionTime=350&memoryUsage=27&taskInstruction=nextResult[thread_id] = new Result;|nextResult[thread_id]->getResultState().value() = 0;|nextResult[thread_id]->getResultID().value() = nextTask[thread_id]->getTaskID().value();|nextResult[thread_id]->getResultValue().value() = 1;````````````, ,
20141126_1441_08, Notification, XTEAM Engine, participant_1, 1, Simulation execution beginning, ,
20141126_1441_13, Design, FLAME Client, participant_0, 1, X`3f426f4b.6d164164.816fe575.67a4324f`ATTR`generate`Task`MON::Model [Task]`Aspect=xADLBehaviorAspect&Position=301.259`37598ce1.81784bb5.996843e8.1d554a61`Process`MON::Model [Process]`executionTime=7&memoryUsage=3&taskInstruction=nextTask = new Task;|nextTask->getTaskState().value() = 0;|nextTask->getTaskID().value() = taskIDCounter->getNextTaskID().value()++;````````````, ,
20141126_1441_14, Notification, XTEAM Engine, participant_0, 1, Simulation execution beginning, ,
20141126_1441_15, Design, FLAME Client, participant_0, 2, X`3f426f4b.6d164164.816fe575.67a4324f`ATTR`generate`Task`MON::Model [Task]`Aspect=xADLBehaviorAspect&Position=301.259`37598ce1.81784bb5.996843e8.1d554a61`Process`MON::Model [Process]`executionTime=7&memoryUsage=&taskInstruction=nextTask = new Task;|nextTask->getTaskState().value() = 0;|nextTask->getTaskID().value() = taskIDCounter->getNextTaskID().value()++;````````````, ,
20141126_1441_17, Notification, XTEAM Engine, participant_0, 2, Simulation execution beginning, ,
20141126_1441_18, Design, FLAME Client, participant_1, 2, X`64e3f498.f1114939.ba695f73.d07188e3`ATTR`perform`Task`MON::Model [Task]`Aspect=xADLBehaviorAspect&Position=308.301`d640f4b9.22e14264.b459176e.af6b895e`Process`MON::Model [Process]`executionTime=350&memoryUsage=32&taskInstruction=nextResult[thread_id] = new Result;|nextResult[thread_id]->getResultState().value() = 0;|nextResult[thread_id]->getResultID().value() = nextTask[thread_id]->getTaskID().value();|nextResult[thread_id]->getResultValue().value() = 1;````````````, ,
20141126_1441_20, Notification, XTEAM Engine, participant_1, 2, Simulation execution beginning, ,
20141126_1441_27, Design, FLAME Client, participant_0, 3, X`3f426f4b.6d164164.816fe575.67a4324f`ATTR`generate`Task`MON::Model [Task]`Aspect=xADLBehaviorAspect&Position=301.259`37598ce1.81784bb5.996843e8.1d554a61`Process`MON::Model [Process]`executionTime=7&memoryUsage=5500&taskInstruction=nextTask = new Task;|nextTask->getTaskState().value() = 0;|nextTask->getTaskID().value() = taskIDCounter->getNextTaskID().value()++;````````````, ,
20141126_1441_29, Notification, XTEAM Engine, participant_0, 3, Simulation execution beginning, ,
20141126_1441_45, Design, FLAME Client, participant_1, 3, X`25fea250.79aa4baf.b62be506.e9d1819a`ATTR`Host_GCE`Host`MON::Set [Host]`Aspect=xADLCoreAspect&Position=161.560`bb42af9e.ee894de6.a8870ee2.566cbbfe`Architecture`MON::Model [Architecture]`receiveEnergyCost=150.010000&receiveEnergyOverhead=101.860000&transmitEnergyCost=312.000000&transmitEnergyOverhead=129.870000````````````, ,
20141126_1441_46, Notification, XTEAM Engine, participant_1, 3, Simulation execution beginning, ,
20141126_1441_47, Design, FLAME Client, participant_0, 4, X`176369f9.b385435c.b2d59a0f.66ba660c`ATTR`Host_SubsetSum`Host`MON::Set [Host]`Aspect=xADLCoreAspect&Position=1610.385`bb42af9e.ee894de6.a8870ee2.566cbbfe`Architecture`MON::Model [Architecture]`receiveEnergyCost=101.280000&receiveEnergyOverhead=64.990000&transmitEnergyCost=182.000000&transmitEnergyOverhead=82.450000````````````, ,
20141126_1441_48, Notification, XTEAM Engine, participant_0, 4, Simulation execution beginning, ,
20141126_1441_51, Notification, XTEAM Engine, participant_1, 1, Simulation execution completion, ,
20141126_1441_51, XTEAM, XTEAM Engine, participant_1, , , ,
20141126_1441_51, XTEAM, XTEAM Engine, participant_1, , , ,
20141126_1441_51, XTEAM, XTEAM Engine, participant_1, , , ,
20141126_1441_52, Design, FLAME Client, participant_0, 5, X`176369f9.b385435c.b2d59a0f.66ba660c`ATTR`Host_SubsetSum`Host`MON::Set [Host]`Aspect=xADLCoreAspect&Position=1610.385`bb42af9e.ee894de6.a8870ee2.566cbbfe`Architecture`MON::Model [Architecture]`receiveEnergyCost=101.280000&receiveEnergyOverhead=64.990000&transmitEnergyCost=182.000000&transmitEnergyOverhead=217.000000````````````, ,
20141126_1441_53, Notification, XTEAM Engine, participant_0, 5, Simulation execution beginning, ,
20141126_1441_56, Design, FLAME Client, participant_1, 4, X`25fea250.79aa4baf.b62be506.e9d1819a`ATTR`Host_GCE`Host`MON::Set [Host]`Aspect=xADLCoreAspect&Position=161.560`bb42af9e.ee894de6.a8870ee2.566cbbfe`Architecture`MON::Model [Architecture]`receiveEnergyCost=150.010000&receiveEnergyOverhead=101.860000&transmitEnergyCost=312.000000&transmitEnergyOverhead=341.000000````````````, ,
20141126_1441_57, Notification, XTEAM Engine, participant_1, 4, Simulation execution beginning, ,
20141126_1441_57, Notification, XTEAM Engine, participant_0, 1, Simulation execution completion, ,
20141126_1441_57, XTEAM, XTEAM Engine, participant_0, , , ,
20141126_1441_57, XTEAM, XTEAM Engine, participant_0, , , ,
20141126_1441_57, XTEAM, XTEAM Engine, participant_0, , , ,
20141126_1442_00, Notification, XTEAM Engine, participant_0, 2, Simulation execution completion, ,
20141126_1442_00, XTEAM, XTEAM Engine, participant_0, , , ,
20141126_1442_00, XTEAM, XTEAM Engine, participant_0, , , ,
20141126_1442_00, XTEAM, XTEAM Engine, participant_0, , , ,
20141126_1442_03, Notification, XTEAM Engine, participant_1, 2, Simulation execution completion, ,
20141126_1442_03, XTEAM, XTEAM Engine, participant_1, , , ,
20141126_1442_03, XTEAM, XTEAM Engine, participant_1, , , ,
20141126_1442_03, XTEAM, XTEAM Engine, participant_1, , , ,
20141126_1442_05, Snapshot, FLAME Client, participant_0, 6, , ,
20141126_1442_07, Notification, XTEAM Engine, participant_1, 5, Simulation execution beginning, ,
20141126_1442_10, Update, FLAME Client, participant_1, 5, , ,
20141126_1442_11, Notification, XTEAM Engine, participant_0, 3, Simulation execution completion, ,
20141126_1442_11, XTEAM, XTEAM Engine, participant_0, , , ,
20141126_1442_11, XTEAM, XTEAM Engine, participant_0, , , ,
20141126_1442_11, XTEAM, XTEAM Engine, participant_0, , , ,
20141126_1442_27, Notification, XTEAM Engine, participant_1, 3, Simulation execution completion, ,
20141126_1442_27, XTEAM, XTEAM Engine, participant_1, , , ,
20141126_1442_27, XTEAM, XTEAM Engine, participant_1, , , ,
20141126_1442_27, XTEAM, XTEAM Engine, participant_1, , , ,
20141126_1442_28, Notification, XTEAM Engine, participant_0, 4, Simulation execution completion, ,
20141126_1442_28, XTEAM, XTEAM Engine, participant_0, , , ,
20141126_1442_28, XTEAM, XTEAM Engine, participant_0, , , ,
20141126_1442_28, XTEAM, XTEAM Engine, participant_0, , , ,
20141126_1442_34, Notification, XTEAM Engine, participant_0, 5, Simulation execution completion, ,
20141126_1442_34, XTEAM, XTEAM Engine, participant_0, , , ,
20141126_1442_34, XTEAM, XTEAM Engine, participant_0, , , ,
20141126_1442_34, XTEAM, XTEAM Engine, participant_0, , , ,
20141126_1442_36, Notification, XTEAM Engine, participant_1, 4, Simulation execution completion, ,
20141126_1442_36, XTEAM, XTEAM Engine, participant_1, , , ,
20141126_1442_36, XTEAM, XTEAM Engine, participant_1, , , ,
20141126_1442_36, XTEAM, XTEAM Engine, participant_1, , , ,
20141126_1442_43, Notification, XTEAM Engine, participant_1, 5, Simulation execution completion, ,
20141126_1442_43, XTEAM, XTEAM Engine, participant_1, , , ,
20141126_1442_43, XTEAM, XTEAM Engine, participant_1, , , ,
20141126_1442_43, XTEAM, XTEAM Engine, participant_1, , , ,
20141126_1445_56, Design, FLAME Client, participant_0, 7, X`3a60805b.3a524f70.a064acd1.88108a11`ATTR`generate`Task`MON::Model [Task]`Aspect=xADLBehaviorAspect&Position=301.259`fd961ab4.712348fe.91a8653d.18529735`Process`MON::Model [Process]`executionTime=7&memoryUsage=3&taskInstruction=nextTask = new Task;|nextTask->getTaskState().value() = 0;|nextTask->getTaskID().value() = taskIDCounter->getNextTaskID().value()++;````````````, ,
20141126_1445_57, Notification, XTEAM Engine, participant_0, 6, Simulation execution beginning, ,
20141126_1446_01, Design, FLAME Client, participant_0, 8, X`3a60805b.3a524f70.a064acd1.88108a11`ATTR`generate`Task`MON::Model [Task]`Aspect=xADLBehaviorAspect&Position=301.259`fd961ab4.712348fe.91a8653d.18529735`Process`MON::Model [Process]`executionTime=7&memoryUsage=5500&taskInstruction=nextTask = new Task;|nextTask->getTaskState().value() = 0;|nextTask->getTaskID().value() = taskIDCounter->getNextTaskID().value()++;````````````, ,
20141126_1446_01, Notification, XTEAM Engine, participant_0, 7, Simulation execution beginning, ,
20141126_1446_11, Design, FLAME Client, participant_0, 9, X`de311a94.5ac54159.8e7ae434.321ec71e`ATTR`HostSAT`Host`MON::Set [Host]`Aspect=xADLCoreAspect&Position=1610.497`bb42af9e.ee894de6.a8870ee2.566cbbfe`Architecture`MON::Model [Architecture]`receiveEnergyCost=101.280000&receiveEnergyOverhead=64.990000&transmitEnergyCost=182.000000&transmitEnergyOverhead=82.450000````````````, ,
20141126_1446_12, Notification, XTEAM Engine, participant_0, 8, Simulation execution beginning, ,
20141126_1446_14, Design, FLAME Client, participant_0, 10, X`de311a94.5ac54159.8e7ae434.321ec71e`ATTR`HostSAT`Host`MON::Set [Host]`Aspect=xADLCoreAspect&Position=1610.497`bb42af9e.ee894de6.a8870ee2.566cbbfe`Architecture`MON::Model [Architecture]`receiveEnergyCost=101.280000&receiveEnergyOverhead=64.990000&transmitEnergyCost=182.000000&transmitEnergyOverhead=217.000000````````````, ,
20141126_1446_16, Notification, XTEAM Engine, participant_0, 9, Simulation execution beginning, ,
20141126_1446_37, Notification, XTEAM Engine, participant_0, 6, Simulation execution completion, ,
20141126_1446_37, XTEAM, XTEAM Engine, participant_0, , , ,
20141126_1446_37, XTEAM, XTEAM Engine, participant_0, , , ,
20141126_1446_37, XTEAM, XTEAM Engine, participant_0, , , ,
20141126_1446_39, Notification, XTEAM Engine, participant_0, 7, Simulation execution completion, ,
20141126_1446_39, XTEAM, XTEAM Engine, participant_0, , , ,
20141126_1446_39, XTEAM, XTEAM Engine, participant_0, , , ,
20141126_1446_39, XTEAM, XTEAM Engine, participant_0, , , ,
20141126_1446_47, Notification, XTEAM Engine, participant_0, 8, Simulation execution completion, ,
20141126_1446_47, XTEAM, XTEAM Engine, participant_0, , , ,
20141126_1446_47, XTEAM, XTEAM Engine, participant_0, , , ,
20141126_1446_47, XTEAM, XTEAM Engine, participant_0, , , ,
20141126_1446_50, Notification, XTEAM Engine, participant_0, 9, Simulation execution completion, ,
20141126_1446_50, XTEAM, XTEAM Engine, participant_0, , , ,
20141126_1446_50, XTEAM, XTEAM Engine, participant_0, , , ,
20141126_1446_50, XTEAM, XTEAM Engine, participant_0, , , ,
20141126_1448_19, Snapshot, FLAME Client, participant_0, 11, , ,
20141126_1448_20, Notification, XTEAM Engine, participant_1, 6, Simulation execution beginning, ,
20141126_1448_30, Update, FLAME Client, participant_1, 6, , ,
20141126_1448_51, Notification, XTEAM Engine, participant_1, 6, Simulation execution completion, ,
20141126_1448_51, XTEAM, XTEAM Engine, participant_1, , , ,
20141126_1448_51, XTEAM, XTEAM Engine, participant_1, , , ,
20141126_1448_51, XTEAM, XTEAM Engine, participant_1, , , ,
20141126_1451_18, Snapshot, FLAME Client, participant_1, 7, , ,
20141126_1451_19, Notification, XTEAM Engine, participant_0, 10, Simulation execution beginning, ,
20141126_1451_39, Update, FLAME Client, participant_0, 12, , ,
20141126_1451_51, Notification, XTEAM Engine, participant_0, 10, Simulation execution completion, ,
20141126_1451_51, XTEAM, XTEAM Engine, participant_0, , , ,
20141126_1451_51, XTEAM, XTEAM Engine, participant_0, , , ,
20141126_1451_51, XTEAM, XTEAM Engine, participant_0, , , ,
20141126_1453_23, Design, FLAME Client, participant_1, 8, X`25fea250.79aa4baf.b62be506.e9d1819a`ATTR`Host_GCE`Host`MON::Set [Host]`Aspect=xADLCoreAspect&Position=161.560`bb42af9e.ee894de6.a8870ee2.566cbbfe`Architecture`MON::Model [Architecture]`receiveEnergyCost=150.010000&receiveEnergyOverhead=101.860000&transmitEnergyCost=755.000000&transmitEnergyOverhead=341.000000````````````, ,
20141126_1453_24, Notification, XTEAM Engine, participant_1, 7, Simulation execution beginning, ,
20141126_1453_28, Design, FLAME Client, participant_1, 9, X`25fea250.79aa4baf.b62be506.e9d1819a`ATTR`Host_GCE`Host`MON::Set [Host]`Aspect=xADLCoreAspect&Position=161.560`bb42af9e.ee894de6.a8870ee2.566cbbfe`Architecture`MON::Model [Architecture]`receiveEnergyCost=150.010000&receiveEnergyOverhead=101.860000&transmitEnergyCost=514.000000&transmitEnergyOverhead=341.000000````````````, ,
20141126_1453_30, Notification, XTEAM Engine, participant_1, 8, Simulation execution beginning, ,
20141126_1453_32, Design, FLAME Client, participant_1, 10, X`25fea250.79aa4baf.b62be506.e9d1819a`ATTR`Host_GCE`Host`MON::Set [Host]`Aspect=xADLCoreAspect&Position=161.560`bb42af9e.ee894de6.a8870ee2.566cbbfe`Architecture`MON::Model [Architecture]`receiveEnergyCost=150.010000&receiveEnergyOverhead=101.860000&transmitEnergyCost=514.000000&transmitEnergyOverhead=755.000000````````````, ,
20141126_1453_33, Notification, XTEAM Engine, participant_1, 9, Simulation execution beginning, ,
20141126_1454_00, Notification, XTEAM Engine, participant_1, 7, Simulation execution completion, ,
20141126_1454_00, XTEAM, XTEAM Engine, participant_1, , , ,
20141126_1454_00, XTEAM, XTEAM Engine, participant_1, , , ,
20141126_1454_00, XTEAM, XTEAM Engine, participant_1, , , ,
20141126_1454_02, Design, FLAME Client, participant_0, 13, X`3f426f4b.6d164164.816fe575.67a4324f`ATTR`generate`Task`MON::Model [Task]`Aspect=xADLBehaviorAspect&Position=301.259`37598ce1.81784bb5.996843e8.1d554a61`Process`MON::Model [Process]`executionTime=6&memoryUsage=5500&taskInstruction=nextTask = new Task;|nextTask->getTaskState().value() = 0;|nextTask->getTaskID().value() = taskIDCounter->getNextTaskID().value()++;````````````, ,
20141126_1454_03, Notification, XTEAM Engine, participant_0, 11, Simulation execution beginning, ,
20141126_1454_04, Design, FLAME Client, participant_0, 14, X`3f426f4b.6d164164.816fe575.67a4324f`ATTR`generate`Task`MON::Model [Task]`Aspect=xADLBehaviorAspect&Position=301.259`37598ce1.81784bb5.996843e8.1d554a61`Process`MON::Model [Process]`executionTime=6&memoryUsage=1100&taskInstruction=nextTask = new Task;|nextTask->getTaskState().value() = 0;|nextTask->getTaskID().value() = taskIDCounter->getNextTaskID().value()++;````````````, ,
20141126_1454_05, Notification, XTEAM Engine, participant_1, 8, Simulation execution completion, ,
20141126_1454_05, XTEAM, XTEAM Engine, participant_1, , , ,
20141126_1454_05, XTEAM, XTEAM Engine, participant_1, , , ,
20141126_1454_05, XTEAM, XTEAM Engine, participant_1, , , ,
20141126_1454_05, Notification, XTEAM Engine, participant_0, 12, Simulation execution beginning, ,
20141126_1454_08, Notification, XTEAM Engine, participant_1, 9, Simulation execution completion, ,
20141126_1454_08, XTEAM, XTEAM Engine, participant_1, , , ,
20141126_1454_08, XTEAM, XTEAM Engine, participant_1, , , ,
20141126_1454_08, XTEAM, XTEAM Engine, participant_1, , , ,
20141126_1454_08, Design, FLAME Client, participant_0, 15, X`3f426f4b.6d164164.816fe575.67a4324f`ATTR`generate`Task`MON::Model [Task]`Aspect=xADLBehaviorAspect&Position=301.259`37598ce1.81784bb5.996843e8.1d554a61`Process`MON::Model [Process]`executionTime=6&memoryUsage=11000&taskInstruction=nextTask = new Task;|nextTask->getTaskState().value() = 0;|nextTask->getTaskID().value() = taskIDCounter->getNextTaskID().value()++;````````````, ,
20141126_1454_10, Notification, XTEAM Engine, participant_0, 13, Simulation execution beginning, ,
20141126_1454_15, Design, FLAME Client, participant_1, 11, X`64e3f498.f1114939.ba695f73.d07188e3`ATTR`perform`Task`MON::Model [Task]`Aspect=xADLBehaviorAspect&Position=308.301`d640f4b9.22e14264.b459176e.af6b895e`Process`MON::Model [Process]`executionTime=200&memoryUsage=32&taskInstruction=nextResult[thread_id] = new Result;|nextResult[thread_id]->getResultState().value() = 0;|nextResult[thread_id]->getResultID().value() = nextTask[thread_id]->getTaskID().value();|nextResult[thread_id]->getResultValue().value() = 1;````````````, ,
20141126_1454_17, Notification, XTEAM Engine, participant_1, 10, Simulation execution beginning, ,
20141126_1454_19, Design, FLAME Client, participant_1, 12, X`64e3f498.f1114939.ba695f73.d07188e3`ATTR`perform`Task`MON::Model [Task]`Aspect=xADLBehaviorAspect&Position=308.301`d640f4b9.22e14264.b459176e.af6b895e`Process`MON::Model [Process]`executionTime=200&memoryUsage=65&taskInstruction=nextResult[thread_id] = new Result;|nextResult[thread_id]->getResultState().value() = 0;|nextResult[thread_id]->getResultID().value() = nextTask[thread_id]->getTaskID().value();|nextResult[thread_id]->getResultValue().value() = 1;````````````, ,
20141126_1454_21, Notification, XTEAM Engine, participant_1, 11, Simulation execution beginning, ,
20141126_1454_40, Design, FLAME Client, participant_0, 16, X`176369f9.b385435c.b2d59a0f.66ba660c`ATTR`Host_SubsetSum`Host`MON::Set [Host]`Aspect=xADLCoreAspect&Position=1610.385`bb42af9e.ee894de6.a8870ee2.566cbbfe`Architecture`MON::Model [Architecture]`receiveEnergyCost=101.280000&receiveEnergyOverhead=64.990000&transmitEnergyCost=330.000000&transmitEnergyOverhead=217.000000````````````, ,
20141126_1454_41, Notification, XTEAM Engine, participant_0, 14, Simulation execution beginning, ,
20141126_1454_44, Notification, XTEAM Engine, participant_0, 11, Simulation execution completion, ,
20141126_1454_44, XTEAM, XTEAM Engine, participant_0, , , ,
20141126_1454_44, XTEAM, XTEAM Engine, participant_0, , , ,
20141126_1454_44, XTEAM, XTEAM Engine, participant_0, , , ,
20141126_1454_46, Design, FLAME Client, participant_0, 17, X`176369f9.b385435c.b2d59a0f.66ba660c`ATTR`Host_SubsetSum`Host`MON::Set [Host]`Aspect=xADLCoreAspect&Position=1610.385`bb42af9e.ee894de6.a8870ee2.566cbbfe`Architecture`MON::Model [Architecture]`receiveEnergyCost=101.280000&receiveEnergyOverhead=64.990000&transmitEnergyCost=330.000000&transmitEnergyOverhead=429.000000````````````, ,
20141126_1454_47, Notification, XTEAM Engine, participant_0, 12, Simulation execution completion, ,
20141126_1454_47, XTEAM, XTEAM Engine, participant_0, , , ,
20141126_1454_47, XTEAM, XTEAM Engine, participant_0, , , ,
20141126_1454_47, XTEAM, XTEAM Engine, participant_0, , , ,
20141126_1454_47, Notification, XTEAM Engine, participant_0, 15, Simulation execution beginning, ,
20141126_1454_51, Notification, XTEAM Engine, participant_0, 13, Simulation execution completion, ,
20141126_1454_51, XTEAM, XTEAM Engine, participant_0, , , ,
20141126_1454_51, XTEAM, XTEAM Engine, participant_0, , , ,
20141126_1454_51, XTEAM, XTEAM Engine, participant_0, , , ,
20141126_1454_57, Notification, XTEAM Engine, participant_1, 10, Simulation execution completion, ,
20141126_1454_57, XTEAM, XTEAM Engine, participant_1, , , ,
20141126_1454_57, XTEAM, XTEAM Engine, participant_1, , , ,
20141126_1454_57, XTEAM, XTEAM Engine, participant_1, , , ,
20141126_1454_59, Notification, XTEAM Engine, participant_1, 11, Simulation execution completion, ,
20141126_1454_59, XTEAM, XTEAM Engine, participant_1, , , ,
20141126_1454_59, XTEAM, XTEAM Engine, participant_1, , , ,
20141126_1454_59, XTEAM, XTEAM Engine, participant_1, , , ,
20141126_1455_14, Notification, XTEAM Engine, participant_0, 14, Simulation execution completion, ,
20141126_1455_14, XTEAM, XTEAM Engine, participant_0, , , ,
20141126_1455_14, XTEAM, XTEAM Engine, participant_0, , , ,
20141126_1455_14, XTEAM, XTEAM Engine, participant_0, , , ,
20141126_1455_19, Notification, XTEAM Engine, participant_0, 15, Simulation execution completion, ,
20141126_1455_19, XTEAM, XTEAM Engine, participant_0, , , ,
20141126_1455_19, XTEAM, XTEAM Engine, participant_0, , , ,
20141126_1455_19, XTEAM, XTEAM Engine, participant_0, , , ,
20141126_1456_14, Snapshot, FLAME Client, participant_0, 18, , ,
20141126_1456_16, Notification, XTEAM Engine, participant_1, 12, Simulation execution beginning, ,
20141126_1456_48, Notification, XTEAM Engine, participant_1, 12, Simulation execution completion, ,
20141126_1456_48, XTEAM, XTEAM Engine, participant_1, , , ,
20141126_1456_48, XTEAM, XTEAM Engine, participant_1, , , ,
20141126_1456_48, XTEAM, XTEAM Engine, participant_1, , , ,
20141126_1456_59, Update, FLAME Client, participant_1, 13, , ,
20141126_1457_51, Design, FLAME Client, participant_0, 19, X`3a60805b.3a524f70.a064acd1.88108a11`ATTR`generate`Task`MON::Model [Task]`Aspect=xADLBehaviorAspect&Position=301.259`fd961ab4.712348fe.91a8653d.18529735`Process`MON::Model [Process]`executionTime=6&memoryUsage=5500&taskInstruction=nextTask = new Task;|nextTask->getTaskState().value() = 0;|nextTask->getTaskID().value() = taskIDCounter->getNextTaskID().value()++;````````````, ,
20141126_1457_52, Notification, XTEAM Engine, participant_0, 16, Simulation execution beginning, ,
20141126_1457_56, Design, FLAME Client, participant_0, 20, X`3a60805b.3a524f70.a064acd1.88108a11`ATTR`generate`Task`MON::Model [Task]`Aspect=xADLBehaviorAspect&Position=301.259`fd961ab4.712348fe.91a8653d.18529735`Process`MON::Model [Process]`executionTime=6&memoryUsage=11000&taskInstruction=nextTask = new Task;|nextTask->getTaskState().value() = 0;|nextTask->getTaskID().value() = taskIDCounter->getNextTaskID().value()++;````````````, ,
20141126_1457_57, Notification, XTEAM Engine, participant_0, 17, Simulation execution beginning, ,
20141126_1458_05, Design, FLAME Client, participant_0, 21, X`de311a94.5ac54159.8e7ae434.321ec71e`ATTR`HostSAT`Host`MON::Set [Host]`Aspect=xADLCoreAspect&Position=1610.497`bb42af9e.ee894de6.a8870ee2.566cbbfe`Architecture`MON::Model [Architecture]`receiveEnergyCost=101.280000&receiveEnergyOverhead=64.990000&transmitEnergyCost=320.000000&transmitEnergyOverhead=217.000000````````````, ,
20141126_1458_07, Notification, XTEAM Engine, participant_0, 18, Simulation execution beginning, ,
20141126_1458_08, Design, FLAME Client, participant_0, 22, X`de311a94.5ac54159.8e7ae434.321ec71e`ATTR`HostSAT`Host`MON::Set [Host]`Aspect=xADLCoreAspect&Position=1610.497`bb42af9e.ee894de6.a8870ee2.566cbbfe`Architecture`MON::Model [Architecture]`receiveEnergyCost=101.280000&receiveEnergyOverhead=64.990000&transmitEnergyCost=320.000000&transmitEnergyOverhead=429.000000````````````, ,
20141126_1458_10, Notification, XTEAM Engine, participant_0, 19, Simulation execution beginning, ,
20141126_1458_33, Notification, XTEAM Engine, participant_0, 16, Simulation execution completion, ,
20141126_1458_33, XTEAM, XTEAM Engine, participant_0, , , ,
20141126_1458_34, XTEAM, XTEAM Engine, participant_0, , , ,
20141126_1458_34, XTEAM, XTEAM Engine, participant_0, , , ,
20141126_1458_37, Notification, XTEAM Engine, participant_0, 17, Simulation execution completion, ,
20141126_1458_37, XTEAM, XTEAM Engine, participant_0, , , ,
20141126_1458_37, XTEAM, XTEAM Engine, participant_0, , , ,
20141126_1458_37, XTEAM, XTEAM Engine, participant_0, , , ,
20141126_1458_44, Notification, XTEAM Engine, participant_0, 18, Simulation execution completion, ,
20141126_1458_44, XTEAM, XTEAM Engine, participant_0, , , ,
20141126_1458_44, XTEAM, XTEAM Engine, participant_0, , , ,
20141126_1458_44, XTEAM, XTEAM Engine, participant_0, , , ,
20141126_1458_47, Notification, XTEAM Engine, participant_0, 19, Simulation execution completion, ,
20141126_1458_47, XTEAM, XTEAM Engine, participant_0, , , ,
20141126_1458_47, XTEAM, XTEAM Engine, participant_0, , , ,
20141126_1458_47, XTEAM, XTEAM Engine, participant_0, , , ,
20141126_1459_52, Snapshot, FLAME Client, participant_0, 23, , ,
20141126_1459_53, Notification, XTEAM Engine, participant_1, 13, Simulation execution beginning, ,
20141126_1500_13, Update, FLAME Client, participant_1, 14, , ,
20141126_1500_25, Notification, XTEAM Engine, participant_1, 13, Simulation execution completion, ,
20141126_1500_25, XTEAM, XTEAM Engine, participant_1, , , ,
20141126_1500_25, XTEAM, XTEAM Engine, participant_1, , , ,
20141126_1500_25, XTEAM, XTEAM Engine, participant_1, , , ,
20141126_1503_48, Design, FLAME Client, participant_1, 15, X`25fea250.79aa4baf.b62be506.e9d1819a`ATTR`Host_GCE`Host`MON::Set [Host]`Aspect=xADLCoreAspect&Position=161.560`bb42af9e.ee894de6.a8870ee2.566cbbfe`Architecture`MON::Model [Architecture]`receiveEnergyCost=150.010000&receiveEnergyOverhead=101.860000&transmitEnergyCost=312.000000&transmitEnergyOverhead=755.000000````````````, ,
20141126_1503_49, Notification, XTEAM Engine, participant_1, 14, Simulation execution beginning, ,
20141126_1503_54, Design, FLAME Client, participant_1, 16, X`25fea250.79aa4baf.b62be506.e9d1819a`ATTR`Host_GCE`Host`MON::Set [Host]`Aspect=xADLCoreAspect&Position=161.560`bb42af9e.ee894de6.a8870ee2.566cbbfe`Architecture`MON::Model [Architecture]`receiveEnergyCost=150.010000&receiveEnergyOverhead=101.860000&transmitEnergyCost=312.000000&transmitEnergyOverhead=341.000000````````````, ,
20141126_1503_55, Notification, XTEAM Engine, participant_1, 15, Simulation execution beginning, ,
20141126_1504_12, Design, FLAME Client, participant_1, 17, X`64e3f498.f1114939.ba695f73.d07188e3`ATTR`perform`Task`MON::Model [Task]`Aspect=xADLBehaviorAspect&Position=308.301`d640f4b9.22e14264.b459176e.af6b895e`Process`MON::Model [Process]`executionTime=350&memoryUsage=65&taskInstruction=nextResult[thread_id] = new Result;|nextResult[thread_id]->getResultState().value() = 0;|nextResult[thread_id]->getResultID().value() = nextTask[thread_id]->getTaskID().value();|nextResult[thread_id]->getResultValue().value() = 1;````````````, ,
20141126_1504_13, Notification, XTEAM Engine, participant_1, 16, Simulation execution beginning, ,
20141126_1504_16, Design, FLAME Client, participant_1, 18, X`64e3f498.f1114939.ba695f73.d07188e3`ATTR`perform`Task`MON::Model [Task]`Aspect=xADLBehaviorAspect&Position=308.301`d640f4b9.22e14264.b459176e.af6b895e`Process`MON::Model [Process]`executionTime=350&memoryUsage=32&taskInstruction=nextResult[thread_id] = new Result;|nextResult[thread_id]->getResultState().value() = 0;|nextResult[thread_id]->getResultID().value() = nextTask[thread_id]->getTaskID().value();|nextResult[thread_id]->getResultValue().value() = 1;````````````, ,
20141126_1504_17, Notification, XTEAM Engine, participant_1, 17, Simulation execution beginning, ,
20141126_1504_25, Notification, XTEAM Engine, participant_1, 14, Simulation execution completion, ,
20141126_1504_25, XTEAM, XTEAM Engine, participant_1, , , ,
20141126_1504_25, XTEAM, XTEAM Engine, participant_1, , , ,
20141126_1504_25, XTEAM, XTEAM Engine, participant_1, , , ,
20141126_1504_26, Design, FLAME Client, participant_0, 24, X`de311a94.5ac54159.8e7ae434.321ec71e`ATTR`HostSAT`Host`MON::Set [Host]`Aspect=xADLCoreAspect&Position=1610.497`bb42af9e.ee894de6.a8870ee2.566cbbfe`Architecture`MON::Model [Architecture]`receiveEnergyCost=101.280000&receiveEnergyOverhead=64.990000&transmitEnergyCost=330.000000&transmitEnergyOverhead=429.000000````````````, ,
20141126_1504_27, Notification, XTEAM Engine, participant_0, 20, Simulation execution beginning, ,
20141126_1504_28, Snapshot, FLAME Client, participant_0, 25, , ,
20141126_1504_30, Notification, XTEAM Engine, participant_1, 18, Simulation execution beginning, ,
20141126_1504_32, Notification, XTEAM Engine, participant_1, 15, Simulation execution completion, ,
20141126_1504_32, XTEAM, XTEAM Engine, participant_1, , , ,
20141126_1504_32, XTEAM, XTEAM Engine, participant_1, , , ,
20141126_1504_32, XTEAM, XTEAM Engine, participant_1, , , ,
20141126_1504_52, Notification, XTEAM Engine, participant_1, 16, Simulation execution completion, ,
20141126_1504_52, XTEAM, XTEAM Engine, participant_1, , , ,
20141126_1504_52, XTEAM, XTEAM Engine, participant_1, , , ,
20141126_1504_52, XTEAM, XTEAM Engine, participant_1, , , ,
20141126_1504_55, Notification, XTEAM Engine, participant_1, 17, Simulation execution completion, ,
20141126_1504_56, XTEAM, XTEAM Engine, participant_1, , , ,
20141126_1504_56, XTEAM, XTEAM Engine, participant_1, , , ,
20141126_1504_56, XTEAM, XTEAM Engine, participant_1, , , ,
20141126_1505_04, Notification, XTEAM Engine, participant_0, 20, Simulation execution completion, ,
20141126_1505_04, XTEAM, XTEAM Engine, participant_0, , , ,
20141126_1505_04, XTEAM, XTEAM Engine, participant_0, , , ,
20141126_1505_04, XTEAM, XTEAM Engine, participant_0, , , ,
20141126_1505_05, Notification, XTEAM Engine, participant_1, 18, Simulation execution completion, ,
20141126_1505_05, XTEAM, XTEAM Engine, participant_1, , , ,
20141126_1505_05, XTEAM, XTEAM Engine, participant_1, , , ,
20141126_1505_05, XTEAM, XTEAM Engine, participant_1, , , ,
20141126_1505_20, Design, FLAME Client, participant_1, 19, X`cdc6010e.7cf74d31.85daf3c3.1e9a4be8`ATTR`Host_Client`Host`MON::Set [Host]`Aspect=xADLCoreAspect&Position=28.560`bb42af9e.ee894de6.a8870ee2.566cbbfe`Architecture`MON::Model [Architecture]`receiveEnergyCost=150.010000&receiveEnergyOverhead=101.860000&transmitEnergyCost=312.000000&transmitEnergyOverhead=129.870000````````````, ,
20141126_1505_21, Notification, XTEAM Engine, participant_1, 19, Simulation execution beginning, ,
20141126_1505_26, Design, FLAME Client, participant_1, 20, X`cdc6010e.7cf74d31.85daf3c3.1e9a4be8`ATTR`Host_Client`Host`MON::Set [Host]`Aspect=xADLCoreAspect&Position=28.560`bb42af9e.ee894de6.a8870ee2.566cbbfe`Architecture`MON::Model [Architecture]`receiveEnergyCost=150.010000&receiveEnergyOverhead=101.860000&transmitEnergyCost=312.000000&transmitEnergyOverhead=341.000000````````````, ,
20141126_1505_27, Notification, XTEAM Engine, participant_1, 20, Simulation execution beginning, ,
20141126_1505_31, Update, FLAME Client, participant_1, 21, , ,
20141126_1505_54, Notification, XTEAM Engine, participant_1, 19, Simulation execution completion, ,
20141126_1505_54, XTEAM, XTEAM Engine, participant_1, , , ,
20141126_1505_54, XTEAM, XTEAM Engine, participant_1, , , ,
20141126_1505_55, XTEAM, XTEAM Engine, participant_1, , , ,
20141126_1505_59, Notification, XTEAM Engine, participant_1, 20, Simulation execution completion, ,
20141126_1505_59, XTEAM, XTEAM Engine, participant_1, , , ,
20141126_1505_59, XTEAM, XTEAM Engine, participant_1, , , ,
20141126_1505_59, XTEAM, XTEAM Engine, participant_1, , ,
