TIME, Event name, OriginComponent, SenderUsername, EventID, Value, ,
20140327_1055_50, Login, XTEAM Engine, MRSV, , ,
20140327_1056_26, Login, CoWare XTEAM Client, participant_0, , ,
20140327_1058_15, Login, CoWare XTEAM Client, participant_1, , ,
20140327_1100_10, Design, CoWare XTEAM Client, participant_1, 1, X`e55df4ad.b7b04257.9e120182.ced0a272`ATTR`generate`Task`MON::Model [Task]`Aspect=xADLBehaviorAspect&Position=189.196`6de1d551.703f4069.85034d03.9388b013`Process`MON::Model [Process]`executionTime=8&memoryUsage=3&taskInstruction=nextRequest = new Request;|nextRequest->getRequestKind().value() = "Temperature";````````````, ,
20140327_1100_11, Notification, XTEAM Engine, MRSV, 1, Simulation execution beginning, ,
20140327_1100_30, Design, CoWare XTEAM Client, participant_1, 2, X`38aa871.eb549bc.aabb5f5f.9a0c5f7d`ATTR`generate`Task`MON::Model [Task]`Aspect=xADLBehaviorAspect&Position=189.196`9f0c917a.d5e346fb.857fc403.69d41261`Process`MON::Model [Process]`executionTime=8&memoryUsage=3&taskInstruction=nextRequest = new Request;|nextRequest->getRequestKind().value() = "Temperature";````````````, ,
20140327_1100_32, Notification, XTEAM Engine, MRSV, 2, Simulation execution beginning, ,
20140327_1100_32, Notification, XTEAM Engine, MRSV, 1, Simulation execution completion, ,
20140327_1100_32, XTEAM, XTEAM Engine, MRSV, , ,
20140327_1100_32, XTEAM, XTEAM Engine, MRSV, , ,
20140327_1100_32, XTEAM, XTEAM Engine, MRSV, , ,
20140327_1100_33, Design, CoWare XTEAM Client, participant_0, 1, X`d74a2c65.e78b436f.bb8c4d69.c6c262cf`ATTR`forward`Task`MON::Model [Task]`Aspect=xADLBehaviorAspect&Position=280.196`b0656a82.f464e5e.80ba3243.d6b28879`Process`MON::Model [Process]`executionTime=8&memoryUsage=1&taskInstruction=````````````, ,
20140327_1100_34, Notification, XTEAM Engine, MRSV, 3, Simulation execution beginning, ,
20140327_1100_47, Design, CoWare XTEAM Client, participant_0, 2, X`d74a2c65.e78b436f.bb8c4d69.c6c262cf`ATTR`forward`Task`MON::Model [Task]`Aspect=xADLBehaviorAspect&Position=280.196`b0656a82.f464e5e.80ba3243.d6b28879`Process`MON::Model [Process]`executionTime=8&memoryUsage=10&taskInstruction=````````````, ,
20140327_1100_48, Notification, XTEAM Engine, MRSV, 4, Simulation execution beginning, ,
20140327_1100_52, Design, CoWare XTEAM Client, participant_1, 3, X`2442e05e.7e534432.a652495a.4a8032a9`ATTR`generate`Task`MON::Model [Task]`Aspect=xADLBehaviorAspect&Position=189.196`ee842d2c.6fbd409b.b93189f8.bce88a2b`Process`MON::Model [Process]`executionTime=8&memoryUsage=3&taskInstruction=nextRequest = new Request;|nextRequest->getRequestKind().value() = "Temperature";````````````, ,
20140327_1100_54, Notification, XTEAM Engine, MRSV, 5, Simulation execution beginning, ,
20140327_1100_59, Notification, XTEAM Engine, MRSV, 2, Simulation execution completion, ,
20140327_1100_59, XTEAM, XTEAM Engine, MRSV, , ,
20140327_1100_59, XTEAM, XTEAM Engine, MRSV, , ,
20140327_1100_59, XTEAM, XTEAM Engine, MRSV, , ,
20140327_1101_02, Notification, XTEAM Engine, MRSV, 3, Simulation execution completion, ,
20140327_1101_02, XTEAM, XTEAM Engine, MRSV, , ,
20140327_1101_02, XTEAM, XTEAM Engine, MRSV, , ,
20140327_1101_02, XTEAM, XTEAM Engine, MRSV, , ,
20140327_1101_08, Notification, XTEAM Engine, MRSV, 4, Simulation execution completion, ,
20140327_1101_08, XTEAM, XTEAM Engine, MRSV, , ,
20140327_1101_08, XTEAM, XTEAM Engine, MRSV, , ,
20140327_1101_08, XTEAM, XTEAM Engine, MRSV, , ,
20140327_1101_13, XTEAM, XTEAM Engine, MRSV, , ,
20140327_1101_13, Notification, XTEAM Engine, MRSV, 5, Simulation execution completion, ,
20140327_1101_13, XTEAM, XTEAM Engine, MRSV, , ,
20140327_1101_13, XTEAM, XTEAM Engine, MRSV, , ,
20140327_1102_09, Design, CoWare XTEAM Client, participant_1, 4, X`6f385993.f08a4164.b815faa2.88dc52fb`ATTR`Host_3`Host`MON::Set [Host]`Aspect=xADLCoreAspect&Position=42.630`53c8e4c.6bec48b1.8f5efd8e.55e34f54`Architecture`MON::Model [Architecture]`receiveEnergyCost=18.000000&receiveEnergyOverhead=48.000000&transmitEnergyCost=50.000000&transmitEnergyOverhead=45.000000````````````, ,
20140327_1102_10, Notification, XTEAM Engine, MRSV, 6, Simulation execution beginning, ,
20140327_1102_17, Design, CoWare XTEAM Client, participant_1, 5, X`6f385993.f08a4164.b815faa2.88dc52fb`ATTR`Host_3`Host`MON::Set [Host]`Aspect=xADLCoreAspect&Position=42.630`53c8e4c.6bec48b1.8f5efd8e.55e34f54`Architecture`MON::Model [Architecture]`receiveEnergyCost=18.000000&receiveEnergyOverhead=48.000000&transmitEnergyCost=50.000000&transmitEnergyOverhead=200.000000````````````, ,
20140327_1102_18, Notification, XTEAM Engine, MRSV, 7, Simulation execution beginning, ,
20140327_1102_22, Design, CoWare XTEAM Client, participant_1, 6, X`6f385993.f08a4164.b815faa2.88dc52fb`ATTR`Host_3`Host`MON::Set [Host]`Aspect=xADLCoreAspect&Position=42.630`53c8e4c.6bec48b1.8f5efd8e.55e34f54`Architecture`MON::Model [Architecture]`receiveEnergyCost=65.000000&receiveEnergyOverhead=48.000000&transmitEnergyCost=50.000000&transmitEnergyOverhead=200.000000````````````, ,
20140327_1102_25, Notification, XTEAM Engine, MRSV, 8, Simulation execution beginning, ,
20140327_1102_26, Design, CoWare XTEAM Client, participant_0, 3, X`d74a2c65.e78b436f.bb8c4d69.c6c262cf`ATTR`forward`Task`MON::Model [Task]`Aspect=xADLBehaviorAspect&Position=280.196`b0656a82.f464e5e.80ba3243.d6b28879`Process`MON::Model [Process]`executionTime=0&memoryUsage=10&taskInstruction=````````````, ,
20140327_1102_27, Design, CoWare XTEAM Client, participant_0, 4, X`d74a2c65.e78b436f.bb8c4d69.c6c262cf`ATTR`forward`Task`MON::Model [Task]`Aspect=xADLBehaviorAspect&Position=280.196`b0656a82.f464e5e.80ba3243.d6b28879`Process`MON::Model [Process]`executionTime=0&memoryUsage=1&taskInstruction=````````````, ,
20140327_1102_28, Notification, XTEAM Engine, MRSV, 9, Simulation execution beginning, ,
20140327_1102_29, Design, CoWare XTEAM Client, participant_1, 7, X`6f385993.f08a4164.b815faa2.88dc52fb`ATTR`Host_3`Host`MON::Set [Host]`Aspect=xADLCoreAspect&Position=42.630`53c8e4c.6bec48b1.8f5efd8e.55e34f54`Architecture`MON::Model [Architecture]`receiveEnergyCost=65.000000&receiveEnergyOverhead=240.000000&transmitEnergyCost=50.000000&transmitEnergyOverhead=200.000000````````````, ,
20140327_1102_29, Notification, XTEAM Engine, MRSV, 10, Simulation execution beginning, ,
20140327_1102_34, Design, CoWare XTEAM Client, participant_1, 8, X`1d380676.204a4521.b3bb7c52.2bae3451`ATTR`Host_2`Host`MON::Set [Host]`Aspect=xADLCoreAspect&Position=42.350`53c8e4c.6bec48b1.8f5efd8e.55e34f54`Architecture`MON::Model [Architecture]`receiveEnergyCost=18.000000&receiveEnergyOverhead=48.000000&transmitEnergyCost=50.000000&transmitEnergyOverhead=45.000000````````````, ,
20140327_1102_34, Snapshot, CoWare XTEAM Client, participant_0, 5, ,
20140327_1102_34, Notification, XTEAM Engine, MRSV, 11, Simulation execution beginning, ,
20140327_1102_39, Design, CoWare XTEAM Client, participant_1, 9, X`1d380676.204a4521.b3bb7c52.2bae3451`ATTR`Host_2`Host`MON::Set [Host]`Aspect=xADLCoreAspect&Position=42.350`53c8e4c.6bec48b1.8f5efd8e.55e34f54`Architecture`MON::Model [Architecture]`receiveEnergyCost=18.000000&receiveEnergyOverhead=48.000000&transmitEnergyCost=50.000000&transmitEnergyOverhead=200.000000````````````, ,
20140327_1102_48, Design, CoWare XTEAM Client, participant_1, 11, X`1d380676.204a4521.b3bb7c52.2bae3451`ATTR`Host_2`Host`MON::Set [Host]`Aspect=xADLCoreAspect&Position=42.350`53c8e4c.6bec48b1.8f5efd8e.55e34f54`Architecture`MON::Model [Architecture]`receiveEnergyCost=65.000000&receiveEnergyOverhead=240.000000&transmitEnergyCost=50.000000&transmitEnergyOverhead=200.000000````````````, ,
20140327_1102_43, Design, CoWare XTEAM Client, participant_1, 10, X`1d380676.204a4521.b3bb7c52.2bae3451`ATTR`Host_2`Host`MON::Set [Host]`Aspect=xADLCoreAspect&Position=42.350`53c8e4c.6bec48b1.8f5efd8e.55e34f54`Architecture`MON::Model [Architecture]`receiveEnergyCost=65.000000&receiveEnergyOverhead=48.000000&transmitEnergyCost=50.000000&transmitEnergyOverhead=200.000000````````````, ,
20140327_1102_48, Notification, XTEAM Engine, MRSV, 12, Simulation execution beginning, ,
20140327_1102_52, Notification, XTEAM Engine, MRSV, 13, Simulation execution beginning, ,
20140327_1102_53, Design, CoWare XTEAM Client, participant_1, 12, X`3709314b.7a93486e.8dc9b26c.f4772d70`ATTR`Host_1`Host`MON::Set [Host]`Aspect=xADLCoreAspect&Position=42.49`53c8e4c.6bec48b1.8f5efd8e.55e34f54`Architecture`MON::Model [Architecture]`receiveEnergyCost=18.000000&receiveEnergyOverhead=48.000000&transmitEnergyCost=50.000000&transmitEnergyOverhead=45.000000````````````, ,
20140327_1103_00, Design, CoWare XTEAM Client, participant_1, 14, X`3709314b.7a93486e.8dc9b26c.f4772d70`ATTR`Host_1`Host`MON::Set [Host]`Aspect=xADLCoreAspect&Position=42.49`53c8e4c.6bec48b1.8f5efd8e.55e34f54`Architecture`MON::Model [Architecture]`receiveEnergyCost=65.000000&receiveEnergyOverhead=48.000000&transmitEnergyCost=50.000000&transmitEnergyOverhead=200.000000````````````, ,
20140327_1102_57, Design, CoWare XTEAM Client, participant_1, 13, X`3709314b.7a93486e.8dc9b26c.f4772d70`ATTR`Host_1`Host`MON::Set [Host]`Aspect=xADLCoreAspect&Position=42.49`53c8e4c.6bec48b1.8f5efd8e.55e34f54`Architecture`MON::Model [Architecture]`receiveEnergyCost=18.000000&receiveEnergyOverhead=48.000000&transmitEnergyCost=50.000000&transmitEnergyOverhead=200.000000````````````, ,
20140327_1103_03, Notification, XTEAM Engine, MRSV, 6, Simulation execution completion, ,
20140327_1103_03, XTEAM, XTEAM Engine, MRSV, , ,
20140327_1103_03, XTEAM, XTEAM Engine, MRSV, , ,
20140327_1103_03, XTEAM, XTEAM Engine, MRSV, , ,
20140327_1103_05, Notification, XTEAM Engine, MRSV, 14, Simulation execution beginning, ,
20140327_1103_07, Notification, XTEAM Engine, MRSV, 15, Simulation execution beginning, ,
20140327_1103_09, Notification, XTEAM Engine, MRSV, 16, Simulation execution beginning, ,
20140327_1103_11, Notification, XTEAM Engine, MRSV, 17, Simulation execution beginning, ,
20140327_1103_14, Notification, XTEAM Engine, MRSV, 7, Simulation execution completion, ,
20140327_1103_14, XTEAM, XTEAM Engine, MRSV, , ,
20140327_1103_14, XTEAM, XTEAM Engine, MRSV, , ,
20140327_1103_14, XTEAM, XTEAM Engine, MRSV, , ,
20140327_1103_22, Notification, XTEAM Engine, MRSV, 8, Simulation execution completion, ,
20140327_1103_22, XTEAM, XTEAM Engine, MRSV, , ,
20140327_1103_22, XTEAM, XTEAM Engine, MRSV, , ,
20140327_1103_22, XTEAM, XTEAM Engine, MRSV, , ,
20140327_1103_23, Design, CoWare XTEAM Client, participant_1, 15, X`3709314b.7a93486e.8dc9b26c.f4772d70`ATTR`Host_1`Host`MON::Set [Host]`Aspect=xADLCoreAspect&Position=42.49`53c8e4c.6bec48b1.8f5efd8e.55e34f54`Architecture`MON::Model [Architecture]`receiveEnergyCost=65.000000&receiveEnergyOverhead=240.000000&transmitEnergyCost=50.000000&transmitEnergyOverhead=200.000000````````````, ,
20140327_1103_24, Notification, XTEAM Engine, MRSV, 18, Simulation execution beginning, ,
20140327_1103_25, Notification, XTEAM Engine, MRSV, 9, Simulation execution completion, ,
20140327_1103_25, XTEAM, XTEAM Engine, MRSV, , ,
20140327_1103_25, XTEAM, XTEAM Engine, MRSV, , ,
20140327_1103_25, XTEAM, XTEAM Engine, MRSV, , ,
20140327_1103_29, Notification, XTEAM Engine, MRSV, 11, Simulation execution completion, ,
20140327_1103_29, XTEAM, XTEAM Engine, MRSV, , ,
20140327_1103_29, XTEAM, XTEAM Engine, MRSV, , ,
20140327_1103_29, XTEAM, XTEAM Engine, MRSV, , ,
20140327_1103_29, Notification, XTEAM Engine, MRSV, 10, Simulation execution completion, ,
20140327_1103_29, XTEAM, XTEAM Engine, MRSV, , ,
20140327_1103_29, XTEAM, XTEAM Engine, MRSV, , ,
20140327_1103_29, XTEAM, XTEAM Engine, MRSV, , ,
20140327_1103_30, Notification, XTEAM Engine, MRSV, 12, Simulation execution completion, ,
20140327_1103_30, XTEAM, XTEAM Engine, MRSV, , ,
20140327_1103_31, XTEAM, XTEAM Engine, MRSV, , ,
20140327_1103_31, XTEAM, XTEAM Engine, MRSV, , ,
20140327_1103_32, Notification, XTEAM Engine, MRSV, 13, Simulation execution completion, ,
20140327_1103_32, XTEAM, XTEAM Engine, MRSV, , ,
20140327_1103_32, XTEAM, XTEAM Engine, MRSV, , ,
20140327_1103_32, XTEAM, XTEAM Engine, MRSV, , ,
20140327_1103_35, Design, CoWare XTEAM Client, participant_0, 6, X`d74a2c65.e78b436f.bb8c4d69.c6c262cf`ATTR`forward`Task`MON::Model [Task]`Aspect=xADLBehaviorAspect&Position=280.196`b0656a82.f464e5e.80ba3243.d6b28879`Process`MON::Model [Process]`executionTime=0&memoryUsage=10&taskInstruction=````````````, ,
20140327_1103_37, Notification, XTEAM Engine, MRSV, 19, Simulation execution beginning, ,
20140327_1103_40, Notification, XTEAM Engine, MRSV, 14, Simulation execution completion, ,
20140327_1103_40, XTEAM, XTEAM Engine, MRSV, , ,
20140327_1103_40, XTEAM, XTEAM Engine, MRSV, , ,
20140327_1103_40, XTEAM, XTEAM Engine, MRSV, , ,
20140327_1103_41, Notification, XTEAM Engine, MRSV, 16, Simulation execution completion, ,
20140327_1103_41, XTEAM, XTEAM Engine, MRSV, , ,
20140327_1103_41, XTEAM, XTEAM Engine, MRSV, , ,
20140327_1103_41, XTEAM, XTEAM Engine, MRSV, , ,
20140327_1103_47, Notification, XTEAM Engine, MRSV, 15, Simulation execution completion, ,
20140327_1103_47, XTEAM, XTEAM Engine, MRSV, , ,
20140327_1103_47, XTEAM, XTEAM Engine, MRSV, , ,
20140327_1103_47, XTEAM, XTEAM Engine, MRSV, , ,
20140327_1104_06, Notification, XTEAM Engine, MRSV, 17, Simulation execution completion, ,
20140327_1104_06, XTEAM, XTEAM Engine, MRSV, , ,
20140327_1104_06, XTEAM, XTEAM Engine, MRSV, , ,
20140327_1104_06, XTEAM, XTEAM Engine, MRSV, , ,
20140327_1104_14, Notification, XTEAM Engine, MRSV, 18, Simulation execution completion, ,
20140327_1104_14, XTEAM, XTEAM Engine, MRSV, , ,
20140327_1104_14, XTEAM, XTEAM Engine, MRSV, , ,
20140327_1104_14, XTEAM, XTEAM Engine, MRSV, , ,
20140327_1104_20, Design, CoWare XTEAM Client, participant_0, 7, X`f603f85b.e43844a4.b3627b58.f951dcdf`ATTR`Host_Temp`Host`MON::Set [Host]`Aspect=xADLCoreAspect&Position=1106.763`53c8e4c.6bec48b1.8f5efd8e.55e34f54`Architecture`MON::Model [Architecture]`receiveEnergyCost=13.000000&receiveEnergyOverhead=45.000000&transmitEnergyCost=12.000000&transmitEnergyOverhead=40.000000````````````, ,
20140327_1104_21, Notification, XTEAM Engine, MRSV, 20, Simulation execution beginning, ,
20140327_1104_22, Notification, XTEAM Engine, MRSV, 19, Simulation execution completion, ,
20140327_1104_22, XTEAM, XTEAM Engine, MRSV, , ,
20140327_1104_22, XTEAM, XTEAM Engine, MRSV, , ,
20140327_1104_22, XTEAM, XTEAM Engine, MRSV, , ,
20140327_1104_22, Design, CoWare XTEAM Client, participant_0, 8, X`f603f85b.e43844a4.b3627b58.f951dcdf`ATTR`Host_Temp`Host`MON::Set [Host]`Aspect=xADLCoreAspect&Position=1106.763`53c8e4c.6bec48b1.8f5efd8e.55e34f54`Architecture`MON::Model [Architecture]`receiveEnergyCost=20.000000&receiveEnergyOverhead=45.000000&transmitEnergyCost=12.000000&transmitEnergyOverhead=40.000000````````````, ,
20140327_1104_25, Design, CoWare XTEAM Client, participant_0, 9, X`f603f85b.e43844a4.b3627b58.f951dcdf`ATTR`Host_Temp`Host`MON::Set [Host]`Aspect=xADLCoreAspect&Position=1106.763`53c8e4c.6bec48b1.8f5efd8e.55e34f54`Architecture`MON::Model [Architecture]`receiveEnergyCost=20.000000&receiveEnergyOverhead=70.000000&transmitEnergyCost=12.000000&transmitEnergyOverhead=40.000000````````````, ,
20140327_1104_27, Design, CoWare XTEAM Client, participant_0, 10, X`f603f85b.e43844a4.b3627b58.f951dcdf`REGISTRY`Host_Temp`Host`MON::Set [Host]`Aspect=xADLCoreAspect&Position=1106.763`53c8e4c.6bec48b1.8f5efd8e.55e34f54`Architecture`MON::Model [Architecture]`receiveEnergyCost=20.000000&receiveEnergyOverhead=70.000000&transmitEnergyCost=12.000000&transmitEnergyOverhead=40.000000````````````, ,
20140327_1104_27, Notification, XTEAM Engine, MRSV, 21, Simulation execution beginning, ,
20140327_1104_31, Notification, XTEAM Engine, MRSV, 22, Simulation execution beginning, ,
20140327_1104_32, Notification, XTEAM Engine, MRSV, 23, Simulation execution beginning, ,
20140327_1104_50, Design, CoWare XTEAM Client, participant_0, 11, X`ecf5e7fb.34344ab0.8682f5bd.53849453`ATTR`forward`Task`MON::Model [Task]`Aspect=xADLBehaviorAspect&Position=280.196`f45445ab.d6a34b1a.8c0dd95e.faa85ceb`Process`MON::Model [Process]`executionTime=8&memoryUsage=1&taskInstruction=````````````, ,
20140327_1104_52, Notification, XTEAM Engine, MRSV, 24, Simulation execution beginning, ,
20140327_1104_53, Notification, XTEAM Engine, MRSV, 20, Simulation execution completion, ,
20140327_1104_53, XTEAM, XTEAM Engine, MRSV, , ,
20140327_1104_53, XTEAM, XTEAM Engine, MRSV, , ,
20140327_1104_53, XTEAM, XTEAM Engine, MRSV, , ,
20140327_1104_53, Design, CoWare XTEAM Client, participant_0, 12, X`ecf5e7fb.34344ab0.8682f5bd.53849453`ATTR`forward`Task`MON::Model [Task]`Aspect=xADLBehaviorAspect&Position=280.196`f45445ab.d6a34b1a.8c0dd95e.faa85ceb`Process`MON::Model [Process]`executionTime=8&memoryUsage=10&taskInstruction=````````````, ,
20140327_1104_54, Notification, XTEAM Engine, MRSV, 25, Simulation execution beginning, ,
20140327_1104_57, Snapshot, CoWare XTEAM Client, participant_0, 13, ,
20140327_1104_58, Notification, XTEAM Engine, MRSV, 21, Simulation execution completion, ,
20140327_1104_58, XTEAM, XTEAM Engine, MRSV, , ,
20140327_1104_58, XTEAM, XTEAM Engine, MRSV, , ,
20140327_1104_58, XTEAM, XTEAM Engine, MRSV, , ,
20140327_1105_02, Notification, XTEAM Engine, MRSV, 22, Simulation execution completion, ,
20140327_1105_02, XTEAM, XTEAM Engine, MRSV, , ,
20140327_1105_02, XTEAM, XTEAM Engine, MRSV, , ,
20140327_1105_02, XTEAM, XTEAM Engine, MRSV, , ,
20140327_1105_04, Notification, XTEAM Engine, MRSV, 23, Simulation execution completion, ,
20140327_1105_04, XTEAM, XTEAM Engine, MRSV, , ,
20140327_1105_04, XTEAM, XTEAM Engine, MRSV, , ,
20140327_1105_04, XTEAM, XTEAM Engine, MRSV, , ,
20140327_1105_19, Notification, XTEAM Engine, MRSV, 24, Simulation execution completion, ,
20140327_1105_19, XTEAM, XTEAM Engine, MRSV, , ,
20140327_1105_19, XTEAM, XTEAM Engine, MRSV, , ,
20140327_1105_19, XTEAM, XTEAM Engine, MRSV, , ,
20140327_1105_21, Notification, XTEAM Engine, MRSV, 25, Simulation execution completion, ,
20140327_1105_21, XTEAM, XTEAM Engine, MRSV, , ,
20140327_1105_21, XTEAM, XTEAM Engine, MRSV, , ,
20140327_1105_21, XTEAM, XTEAM Engine, MRSV, , ,
20140327_1105_35, Snapshot, CoWare XTEAM Client, participant_0, 14, ,
20140327_1106_40, Design, CoWare XTEAM Client, participant_1, 16, X`6de1d551.703f4069.85034d03.9388b013`REGISTRY`generateRequest`Process`MON::Model [Process]`Aspect=xADLBehaviorAspect&Position=182.189`472c8a8d.22544542.a7edd0b1.3bf470d3`Component`MON::Model [Component]`initialProcess=true````````````, ,
20140327_1106_41, Notification, XTEAM Engine, MRSV, 26, Simulation execution beginning, ,
20140327_1107_03, Notification, XTEAM Engine, MRSV, 26, Simulation execution completion, ,
20140327_1107_03, XTEAM, XTEAM Engine, MRSV, , ,
20140327_1107_03, XTEAM, XTEAM Engine, MRSV, , ,
20140327_1107_03, XTEAM, XTEAM Engine, MRSV, , ,
20140327_1109_16, Snapshot, CoWare XTEAM Client, participant_1, 17, ,
20140327_1109_17, Snapshot, CoWare XTEAM Client, participant_1, 18, ,
20140327_1114_31, Snapshot, CoWare XTEAM Client, participant_0, 15, ,
20140327_1116_02, Design, CoWare XTEAM Client, participant_1, 19, X`38aa871.eb549bc.aabb5f5f.9a0c5f7d`REGISTRY`generate`Task`MON::Model [Task]`Aspect=xADLBehaviorAspect&Position=189.196`9f0c917a.d5e346fb.857fc403.69d41261`Process`MON::Model [Process]`executionTime=8&memoryUsage=3&taskInstruction=nextRequest = new Request;|nextRequest->getRequestKind().value() = "Temperature";````````````, ,
20140327_1116_03, Notification, XTEAM Engine, MRSV, 27, Simulation execution beginning, ,
20140327_1116_39, Notification, XTEAM Engine, MRSV, 27, Simulation execution completion, ,
20140327_1116_39, XTEAM, XTEAM Engine, MRSV, , ,
20140327_1116_39, XTEAM, XTEAM Engine, MRSV, , ,
20140327_1116_39, XTEAM, XTEAM Engine, MRSV, , ,
20140327_1116_44, Design, CoWare XTEAM Client, participant_1, 20, X`6de1d551.703f4069.85034d03.9388b013`REGISTRY`generateRequest`Process`MON::Model [Process]`Aspect=xADLBehaviorAspect&Position=182.189`472c8a8d.22544542.a7edd0b1.3bf470d3`Component`MON::Model [Component]`initialProcess=true````````````, ,
20140327_1116_46, Notification, XTEAM Engine, MRSV, 28, Simulation execution beginning, ,
20140327_1117_06, Notification, XTEAM Engine, MRSV, 28, Simulation execution completion, ,
20140327_1117_06, XTEAM, XTEAM Engine, MRSV, , ,
20140327_1117_06, XTEAM, XTEAM Engine, MRSV, , ,
20140327_1117_06, XTEAM, XTEAM Engine, MRSV, , ,
20140327_1121_25, Snapshot, CoWare XTEAM Client, participant_1, 21, ,
20140327_1124_28, Design, CoWare XTEAM Client, participant_0, 16, X`cc6f3a99.39734696.be3c4499.34632100`ATTR`Host_Salinity`Host`MON::Set [Host]`Aspect=xADLCoreAspect&Position=966.763`53c8e4c.6bec48b1.8f5efd8e.55e34f54`Architecture`MON::Model [Architecture]`receiveEnergyCost=13.000000&receiveEnergyOverhead=45.000000&transmitEnergyCost=12.000000&transmitEnergyOverhead=40.000000````````````, ,
20140327_1124_29, Notification, XTEAM Engine, MRSV, 29, Simulation execution beginning, ,
20140327_1124_31, Design, CoWare XTEAM Client, participant_0, 17, X`cc6f3a99.39734696.be3c4499.34632100`ATTR`Host_Salinity`Host`MON::Set [Host]`Aspect=xADLCoreAspect&Position=966.763`53c8e4c.6bec48b1.8f5efd8e.55e34f54`Architecture`MON::Model [Architecture]`receiveEnergyCost=20.000000&receiveEnergyOverhead=45.000000&transmitEnergyCost=12.000000&transmitEnergyOverhead=40.000000````````````, ,
20140327_1124_32, Notification, XTEAM Engine, MRSV, 30, Simulation execution beginning, ,
20140327_1124_34, Design, CoWare XTEAM Client, participant_0, 18, X`cc6f3a99.39734696.be3c4499.34632100`ATTR`Host_Salinity`Host`MON::Set [Host]`Aspect=xADLCoreAspect&Position=966.763`53c8e4c.6bec48b1.8f5efd8e.55e34f54`Architecture`MON::Model [Architecture]`receiveEnergyCost=20.000000&receiveEnergyOverhead=70.000000&transmitEnergyCost=12.000000&transmitEnergyOverhead=40.000000````````````, ,
20140327_1124_38, Notification, XTEAM Engine, MRSV, 31, Simulation execution beginning, ,
20140327_1124_47, Design, CoWare XTEAM Client, participant_0, 19, X`d74a2c65.e78b436f.bb8c4d69.c6c262cf`ATTR`forward`Task`MON::Model [Task]`Aspect=xADLBehaviorAspect&Position=280.196`b0656a82.f464e5e.80ba3243.d6b28879`Process`MON::Model [Process]`executionTime=0&memoryUsage=1&taskInstruction=````````````, ,
20140327_1124_48, Notification, XTEAM Engine, MRSV, 32, Simulation execution beginning, ,
20140327_1124_52, Snapshot, CoWare XTEAM Client, participant_0, 20, ,
20140327_1125_16, Notification, XTEAM Engine, MRSV, 29, Simulation execution completion, ,
20140327_1125_16, XTEAM, XTEAM Engine, MRSV, , ,
20140327_1125_16, XTEAM, XTEAM Engine, MRSV, , ,
20140327_1125_16, XTEAM, XTEAM Engine, MRSV, , ,
20140327_1125_19, Notification, XTEAM Engine, MRSV, 30, Simulation execution completion, ,
20140327_1125_19, XTEAM, XTEAM Engine, MRSV, , ,
20140327_1125_19, XTEAM, XTEAM Engine, MRSV, , ,
20140327_1125_19, XTEAM, XTEAM Engine, MRSV, , ,
20140327_1125_22, Notification, XTEAM Engine, MRSV, 31, Simulation execution completion, ,
20140327_1125_22, XTEAM, XTEAM Engine, MRSV, , ,
20140327_1125_22, XTEAM, XTEAM Engine, MRSV, , ,
20140327_1125_22, XTEAM, XTEAM Engine, MRSV, , ,
20140327_1125_27, Notification, XTEAM Engine, MRSV, 32, Simulation execution completion, ,
20140327_1125_27, XTEAM, XTEAM Engine, MRSV, , ,
20140327_1125_27, XTEAM, XTEAM Engine, MRSV, , ,
20140327_1125_27, XTEAM, XTEAM Engine, MRSV, , ,
20140327_1126_28, Design, CoWare XTEAM Client, participant_0, 21, X`d74a2c65.e78b436f.bb8c4d69.c6c262cf`ATTR`forward`Task`MON::Model [Task]`Aspect=xADLBehaviorAspect&Position=280.196`b0656a82.f464e5e.80ba3243.d6b28879`Process`MON::Model [Process]`executionTime=8&memoryUsage=1&taskInstruction=````````````, ,
20140327_1126_29, Notification, XTEAM Engine, MRSV, 33, Simulation execution beginning, ,
20140327_1126_29, Design, CoWare XTEAM Client, participant_0, 22, X`d74a2c65.e78b436f.bb8c4d69.c6c262cf`ATTR`forward`Task`MON::Model [Task]`Aspect=xADLBehaviorAspect&Position=280.196`b0656a82.f464e5e.80ba3243.d6b28879`Process`MON::Model [Process]`executionTime=8&memoryUsage=10&taskInstruction=````````````, ,
20140327_1126_30, Notification, XTEAM Engine, MRSV, 34, Simulation execution beginning, ,
20140327_1126_45, Design, CoWare XTEAM Client, participant_0, 23, X`ecf5e7fb.34344ab0.8682f5bd.53849453`ATTR`forward`Task`MON::Model [Task]`Aspect=xADLBehaviorAspect&Position=280.196`f45445ab.d6a34b1a.8c0dd95e.faa85ceb`Process`MON::Model [Process]`executionTime=0&memoryUsage=10&taskInstruction=````````````, ,
20140327_1126_46, Notification, XTEAM Engine, MRSV, 35, Simulation execution beginning, ,
20140327_1126_47, Design, CoWare XTEAM Client, participant_0, 24, X`ecf5e7fb.34344ab0.8682f5bd.53849453`ATTR`forward`Task`MON::Model [Task]`Aspect=xADLBehaviorAspect&Position=280.196`f45445ab.d6a34b1a.8c0dd95e.faa85ceb`Process`MON::Model [Process]`executionTime=0&memoryUsage=1&taskInstruction=````````````, ,
20140327_1126_48, Notification, XTEAM Engine, MRSV, 36, Simulation execution beginning, ,
20140327_1126_49, Snapshot, CoWare XTEAM Client, participant_0, 25, ,
20140327_1126_51, Notification, XTEAM Engine, MRSV, 33, Simulation execution completion, ,
20140327_1126_51, XTEAM, XTEAM Engine, MRSV, , ,
20140327_1126_51, XTEAM, XTEAM Engine, MRSV, , ,
20140327_1126_51, XTEAM, XTEAM Engine, MRSV, , ,
20140327_1126_55, Notification, XTEAM Engine, MRSV, 34, Simulation execution completion, ,
20140327_1126_55, XTEAM, XTEAM Engine, MRSV, , ,
20140327_1126_55, XTEAM, XTEAM Engine, MRSV, , ,
20140327_1126_55, XTEAM, XTEAM Engine, MRSV, , ,
20140327_1127_14, XTEAM, XTEAM Engine, MRSV, , ,
20140327_1127_14, XTEAM, XTEAM Engine, MRSV, , ,
20140327_1127_14, Notification, XTEAM Engine, MRSV, 35, Simulation execution completion, ,
20140327_1127_14, XTEAM, XTEAM Engine, MRSV, , ,
20140327_1127_16, Notification, XTEAM Engine, MRSV, 36, Simulation execution completion, ,
20140327_1127_16, XTEAM, XTEAM Engine, MRSV, , ,
20140327_1127_16, XTEAM, XTEAM Engine, MRSV, , ,
20140327_1127_16, XTEAM, XTEAM Engine, MRSV, , ,
