TIME, Event name, OriginComponent, SenderUsername, EventID, ,
20140327_1102_34, Snapshot, CoWare XTEAM Client, participant_0, 5, ,
20140327_1104_57, Snapshot, CoWare XTEAM Client, participant_0, 13, ,
20140327_1105_35, Snapshot, CoWare XTEAM Client, participant_0, 14, ,
20140327_1109_16, Snapshot, CoWare XTEAM Client, participant_1, 17, ,
20140327_1109_17, Snapshot, CoWare XTEAM Client, participant_1, 18, ,
20140327_1114_31, Snapshot, CoWare XTEAM Client, participant_0, 15, ,
20140327_1121_25, Snapshot, CoWare XTEAM Client, participant_1, 21, ,
20140327_1124_52, Snapshot, CoWare XTEAM Client, participant_0, 20, ,
20140327_1126_49, Snapshot, CoWare XTEAM Client, participant_0, 25, ,
