TIME, Event name, OriginComponent, SenderUsername, EventID, Value, ,
20140326_1431_37, Login, XTEAM Engine, MRSV, , ,
20140326_1433_06, Login, CoWare XTEAM Client, participant_0, , ,
20140326_1433_31, Login, CoWare XTEAM Client, participant_1, , ,
20140326_1434_37, Design, CoWare XTEAM Client, participant_1, 1, X`e55df4ad.b7b04257.9e120182.ced0a272`ATTR`generate`Task`MON::Model [Task]`Aspect=xADLBehaviorAspect&Position=189.196`6de1d551.703f4069.85034d03.9388b013`Process`MON::Model [Process]`executionTime=5&memoryUsage=3&taskInstruction=nextRequest = new Request;|nextRequest->getRequestKind().value() = "Temperature";````````````, ,
20140326_1434_38, Notification, XTEAM Engine, MRSV, 1, Simulation execution beginning, ,
20140326_1434_42, Design, CoWare XTEAM Client, participant_1, 2, X`e55df4ad.b7b04257.9e120182.ced0a272`ATTR`generate`Task`MON::Model [Task]`Aspect=xADLBehaviorAspect&Position=189.196`6de1d551.703f4069.85034d03.9388b013`Process`MON::Model [Process]`executionTime=5&memoryUsage=250&taskInstruction=nextRequest = new Request;|nextRequest->getRequestKind().value() = "Temperature";````````````, ,
20140326_1434_43, Notification, XTEAM Engine, MRSV, 2, Simulation execution beginning, ,
20140326_1435_01, Design, CoWare XTEAM Client, participant_1, 3, X`38aa871.eb549bc.aabb5f5f.9a0c5f7d`ATTR`generate`Task`MON::Model [Task]`Aspect=xADLBehaviorAspect&Position=189.196`9f0c917a.d5e346fb.857fc403.69d41261`Process`MON::Model [Process]`executionTime=&memoryUsage=3&taskInstruction=nextRequest = new Request;|nextRequest->getRequestKind().value() = "Temperature";````````````, ,
20140326_1435_02, XTEAM, XTEAM Engine, MRSV, , ,
20140326_1435_08, Notification, XTEAM Engine, MRSV, 1, Simulation execution completion, ,
20140326_1435_08, XTEAM, XTEAM Engine, MRSV, , ,
20140326_1435_08, XTEAM, XTEAM Engine, MRSV, , ,
20140326_1435_08, XTEAM, XTEAM Engine, MRSV, , ,
20140326_1435_11, Design, CoWare XTEAM Client, participant_1, 4, X`38aa871.eb549bc.aabb5f5f.9a0c5f7d`ATTR`generate`Task`MON::Model [Task]`Aspect=xADLBehaviorAspect&Position=189.196`9f0c917a.d5e346fb.857fc403.69d41261`Process`MON::Model [Process]`executionTime=8&memoryUsage=3&taskInstruction=nextRequest = new Request;|nextRequest->getRequestKind().value() = "Temperature";````````````, ,
20140326_1435_12, Notification, XTEAM Engine, MRSV, 2, Simulation execution completion, ,
20140326_1435_12, XTEAM, XTEAM Engine, MRSV, , ,
20140326_1435_12, XTEAM, XTEAM Engine, MRSV, , ,
20140326_1435_12, XTEAM, XTEAM Engine, MRSV, , ,
20140326_1435_13, Notification, XTEAM Engine, MRSV, 3, Simulation execution beginning, ,
20140326_1435_23, Design, CoWare XTEAM Client, participant_0, 1, X`cc6f3a99.39734696.be3c4499.34632100`ATTR`Host_Salinity`Host`MON::Set [Host]`Aspect=xADLCoreAspect&Position=966.763`53c8e4c.6bec48b1.8f5efd8e.55e34f54`Architecture`MON::Model [Architecture]`receiveEnergyCost=13.000000&receiveEnergyOverhead=45.000000&transmitEnergyCost=12.000000&transmitEnergyOverhead=40.000000````````````, ,
20140326_1435_24, Notification, XTEAM Engine, MRSV, 4, Simulation execution beginning, ,
20140326_1435_25, Design, CoWare XTEAM Client, participant_0, 2, X`cc6f3a99.39734696.be3c4499.34632100`ATTR`Host_Salinity`Host`MON::Set [Host]`Aspect=xADLCoreAspect&Position=966.763`53c8e4c.6bec48b1.8f5efd8e.55e34f54`Architecture`MON::Model [Architecture]`receiveEnergyCost=20.000000&receiveEnergyOverhead=45.000000&transmitEnergyCost=12.000000&transmitEnergyOverhead=40.000000````````````, ,
20140326_1435_26, Notification, XTEAM Engine, MRSV, 5, Simulation execution beginning, ,
20140326_1435_28, Design, CoWare XTEAM Client, participant_0, 3, X`cc6f3a99.39734696.be3c4499.34632100`ATTR`Host_Salinity`Host`MON::Set [Host]`Aspect=xADLCoreAspect&Position=966.763`53c8e4c.6bec48b1.8f5efd8e.55e34f54`Architecture`MON::Model [Architecture]`receiveEnergyCost=20.000000&receiveEnergyOverhead=70.000000&transmitEnergyCost=12.000000&transmitEnergyOverhead=40.000000````````````, ,
20140326_1435_29, Notification, XTEAM Engine, MRSV, 6, Simulation execution beginning, ,
20140326_1435_31, Design, CoWare XTEAM Client, participant_0, 4, X`f603f85b.e43844a4.b3627b58.f951dcdf`ATTR`Host_Temp`Host`MON::Set [Host]`Aspect=xADLCoreAspect&Position=1106.763`53c8e4c.6bec48b1.8f5efd8e.55e34f54`Architecture`MON::Model [Architecture]`receiveEnergyCost=13.000000&receiveEnergyOverhead=45.000000&transmitEnergyCost=12.000000&transmitEnergyOverhead=40.000000````````````, ,
20140326_1435_32, Design, CoWare XTEAM Client, participant_0, 5, X`f603f85b.e43844a4.b3627b58.f951dcdf`ATTR`Host_Temp`Host`MON::Set [Host]`Aspect=xADLCoreAspect&Position=1106.763`53c8e4c.6bec48b1.8f5efd8e.55e34f54`Architecture`MON::Model [Architecture]`receiveEnergyCost=20.000000&receiveEnergyOverhead=45.000000&transmitEnergyCost=12.000000&transmitEnergyOverhead=40.000000````````````, ,
20140326_1435_33, Notification, XTEAM Engine, MRSV, 7, Simulation execution beginning, ,
20140326_1435_35, Notification, XTEAM Engine, MRSV, 8, Simulation execution beginning, ,
20140326_1435_35, Notification, XTEAM Engine, MRSV, 3, Simulation execution completion, ,
20140326_1435_35, XTEAM, XTEAM Engine, MRSV, , ,
20140326_1435_35, XTEAM, XTEAM Engine, MRSV, , ,
20140326_1435_35, XTEAM, XTEAM Engine, MRSV, , ,
20140326_1435_35, Design, CoWare XTEAM Client, participant_0, 6, X`f603f85b.e43844a4.b3627b58.f951dcdf`ATTR`Host_Temp`Host`MON::Set [Host]`Aspect=xADLCoreAspect&Position=1106.763`53c8e4c.6bec48b1.8f5efd8e.55e34f54`Architecture`MON::Model [Architecture]`receiveEnergyCost=20.000000&receiveEnergyOverhead=70.000000&transmitEnergyCost=12.000000&transmitEnergyOverhead=40.000000````````````, ,
20140326_1435_36, Design, CoWare XTEAM Client, participant_1, 5, X`2442e05e.7e534432.a652495a.4a8032a9`ATTR`generate`Task`MON::Model [Task]`Aspect=xADLBehaviorAspect&Position=189.196`ee842d2c.6fbd409b.b93189f8.bce88a2b`Process`MON::Model [Process]`executionTime=15&memoryUsage=&taskInstruction=nextRequest = new Request;|nextRequest->getRequestKind().value() = "Temperature";````````````, ,
20140326_1435_39, Notification, XTEAM Engine, MRSV, 9, Simulation execution beginning, ,
20140326_1435_39, Design, CoWare XTEAM Client, participant_1, 6, X`2442e05e.7e534432.a652495a.4a8032a9`ATTR`generate`Task`MON::Model [Task]`Aspect=xADLBehaviorAspect&Position=189.196`ee842d2c.6fbd409b.b93189f8.bce88a2b`Process`MON::Model [Process]`executionTime=8&memoryUsage=&taskInstruction=nextRequest = new Request;|nextRequest->getRequestKind().value() = "Temperature";````````````, ,
20140326_1435_41, Notification, XTEAM Engine, MRSV, 10, Simulation execution beginning, ,
20140326_1435_43, Notification, XTEAM Engine, MRSV, 11, Simulation execution beginning, ,
20140326_1435_44, Design, CoWare XTEAM Client, participant_1, 7, X`2442e05e.7e534432.a652495a.4a8032a9`ATTR`generate`Task`MON::Model [Task]`Aspect=xADLBehaviorAspect&Position=189.196`ee842d2c.6fbd409b.b93189f8.bce88a2b`Process`MON::Model [Process]`executionTime=8&memoryUsage=3&taskInstruction=nextRequest = new Request;|nextRequest->getRequestKind().value() = "Temperature";````````````, ,
20140326_1435_45, Notification, XTEAM Engine, MRSV, 12, Simulation execution beginning, ,
20140326_1435_54, Notification, XTEAM Engine, MRSV, 4, Simulation execution completion, ,
20140326_1435_54, XTEAM, XTEAM Engine, MRSV, , ,
20140326_1435_54, XTEAM, XTEAM Engine, MRSV, , ,
20140326_1435_54, XTEAM, XTEAM Engine, MRSV, , ,
20140326_1436_01, Notification, XTEAM Engine, MRSV, 5, Simulation execution completion, ,
20140326_1436_01, XTEAM, XTEAM Engine, MRSV, , ,
20140326_1436_01, XTEAM, XTEAM Engine, MRSV, , ,
20140326_1436_01, XTEAM, XTEAM Engine, MRSV, , ,
20140326_1436_03, Notification, XTEAM Engine, MRSV, 7, Simulation execution completion, ,
20140326_1436_03, XTEAM, XTEAM Engine, MRSV, , ,
20140326_1436_03, XTEAM, XTEAM Engine, MRSV, , ,
20140326_1436_03, XTEAM, XTEAM Engine, MRSV, , ,
20140326_1436_04, Notification, XTEAM Engine, MRSV, 6, Simulation execution completion, ,
20140326_1436_04, XTEAM, XTEAM Engine, MRSV, , ,
20140326_1436_04, XTEAM, XTEAM Engine, MRSV, , ,
20140326_1436_04, XTEAM, XTEAM Engine, MRSV, , ,
20140326_1436_06, Notification, XTEAM Engine, MRSV, 8, Simulation execution completion, ,
20140326_1436_06, XTEAM, XTEAM Engine, MRSV, , ,
20140326_1436_06, XTEAM, XTEAM Engine, MRSV, , ,
20140326_1436_06, XTEAM, XTEAM Engine, MRSV, , ,
20140326_1436_08, Notification, XTEAM Engine, MRSV, 9, Simulation execution completion, ,
20140326_1436_08, XTEAM, XTEAM Engine, MRSV, , ,
20140326_1436_08, XTEAM, XTEAM Engine, MRSV, , ,
20140326_1436_08, XTEAM, XTEAM Engine, MRSV, , ,
20140326_1436_16, XTEAM, XTEAM Engine, MRSV, , ,
20140326_1436_16, Notification, XTEAM Engine, MRSV, 10, Simulation execution completion, ,
20140326_1436_16, XTEAM, XTEAM Engine, MRSV, , ,
20140326_1436_16, XTEAM, XTEAM Engine, MRSV, , ,
20140326_1436_21, Notification, XTEAM Engine, MRSV, 11, Simulation execution completion, ,
20140326_1436_21, XTEAM, XTEAM Engine, MRSV, , ,
20140326_1436_21, XTEAM, XTEAM Engine, MRSV, , ,
20140326_1436_21, XTEAM, XTEAM Engine, MRSV, , ,
20140326_1436_28, Notification, XTEAM Engine, MRSV, 12, Simulation execution completion, ,
20140326_1436_28, XTEAM, XTEAM Engine, MRSV, , ,
20140326_1436_28, XTEAM, XTEAM Engine, MRSV, , ,
20140326_1436_28, XTEAM, XTEAM Engine, MRSV, , ,
20140326_1436_32, Design, CoWare XTEAM Client, participant_0, 7, X`f603f85b.e43844a4.b3627b58.f951dcdf`ATTR`Host_Temp`Host`MON::Set [Host]`Aspect=xADLCoreAspect&Position=1106.763`53c8e4c.6bec48b1.8f5efd8e.55e34f54`Architecture`MON::Model [Architecture]`receiveEnergyCost=20.000000&receiveEnergyOverhead=70.000000&transmitEnergyCost=11.000000&transmitEnergyOverhead=40.000000````````````, ,
20140326_1436_34, Notification, XTEAM Engine, MRSV, 13, Simulation execution beginning, ,
20140326_1436_35, Design, CoWare XTEAM Client, participant_0, 8, X`f603f85b.e43844a4.b3627b58.f951dcdf`ATTR`Host_Temp`Host`MON::Set [Host]`Aspect=xADLCoreAspect&Position=1106.763`53c8e4c.6bec48b1.8f5efd8e.55e34f54`Architecture`MON::Model [Architecture]`receiveEnergyCost=13.000000&receiveEnergyOverhead=70.000000&transmitEnergyCost=11.000000&transmitEnergyOverhead=40.000000````````````, ,
20140326_1436_36, Notification, XTEAM Engine, MRSV, 14, Simulation execution beginning, ,
20140326_1436_38, Design, CoWare XTEAM Client, participant_0, 9, X`f603f85b.e43844a4.b3627b58.f951dcdf`ATTR`Host_Temp`Host`MON::Set [Host]`Aspect=xADLCoreAspect&Position=1106.763`53c8e4c.6bec48b1.8f5efd8e.55e34f54`Architecture`MON::Model [Architecture]`receiveEnergyCost=13.000000&receiveEnergyOverhead=45.000000&transmitEnergyCost=11.000000&transmitEnergyOverhead=40.000000````````````, ,
20140326_1436_39, Notification, XTEAM Engine, MRSV, 15, Simulation execution beginning, ,
20140326_1436_40, Design, CoWare XTEAM Client, participant_1, 8, X`2442e05e.7e534432.a652495a.4a8032a9`ATTR`generate`Task`MON::Model [Task]`Aspect=xADLBehaviorAspect&Position=189.196`ee842d2c.6fbd409b.b93189f8.bce88a2b`Process`MON::Model [Process]`executionTime=5&memoryUsage=3&taskInstruction=nextRequest = new Request;|nextRequest->getRequestKind().value() = "Temperature";````````````, ,
20140326_1436_41, Notification, XTEAM Engine, MRSV, 16, Simulation execution beginning, ,
20140326_1436_44, Design, CoWare XTEAM Client, participant_1, 9, X`2442e05e.7e534432.a652495a.4a8032a9`ATTR`generate`Task`MON::Model [Task]`Aspect=xADLBehaviorAspect&Position=189.196`ee842d2c.6fbd409b.b93189f8.bce88a2b`Process`MON::Model [Process]`executionTime=5&memoryUsage=250&taskInstruction=nextRequest = new Request;|nextRequest->getRequestKind().value() = "Temperature";````````````, ,
20140326_1436_46, Notification, XTEAM Engine, MRSV, 17, Simulation execution beginning, ,
20140326_1436_48, Design, CoWare XTEAM Client, participant_0, 10, X`f603f85b.e43844a4.b3627b58.f951dcdf`ATTR`Host_Temp`Host`MON::Set [Host]`Aspect=xADLCoreAspect&Position=1106.763`53c8e4c.6bec48b1.8f5efd8e.55e34f54`Architecture`MON::Model [Architecture]`receiveEnergyCost=13.000000&receiveEnergyOverhead=45.000000&transmitEnergyCost=12.000000&transmitEnergyOverhead=40.000000````````````, ,
20140326_1436_50, Design, CoWare XTEAM Client, participant_0, 11, X`f603f85b.e43844a4.b3627b58.f951dcdf`ATTR`Host_Temp`Host`MON::Set [Host]`Aspect=xADLCoreAspect&Position=1106.763`53c8e4c.6bec48b1.8f5efd8e.55e34f54`Architecture`MON::Model [Architecture]`receiveEnergyCost=20.000000&receiveEnergyOverhead=45.000000&transmitEnergyCost=12.000000&transmitEnergyOverhead=40.000000````````````, ,
20140326_1436_50, Notification, XTEAM Engine, MRSV, 18, Simulation execution beginning, ,
20140326_1436_52, Notification, XTEAM Engine, MRSV, 19, Simulation execution beginning, ,
20140326_1436_53, Design, CoWare XTEAM Client, participant_0, 12, X`f603f85b.e43844a4.b3627b58.f951dcdf`ATTR`Host_Temp`Host`MON::Set [Host]`Aspect=xADLCoreAspect&Position=1106.763`53c8e4c.6bec48b1.8f5efd8e.55e34f54`Architecture`MON::Model [Architecture]`receiveEnergyCost=20.000000&receiveEnergyOverhead=70.000000&transmitEnergyCost=12.000000&transmitEnergyOverhead=40.000000````````````, ,
20140326_1436_54, Notification, XTEAM Engine, MRSV, 20, Simulation execution beginning, ,
20140326_1436_58, Snapshot, CoWare XTEAM Client, participant_0, 13, ,
20140326_1436_59, Snapshot, CoWare XTEAM Client, participant_0, 14, ,
20140326_1437_07, Notification, XTEAM Engine, MRSV, 14, Simulation execution completion, ,
20140326_1437_07, XTEAM, XTEAM Engine, MRSV, , ,
20140326_1437_07, XTEAM, XTEAM Engine, MRSV, , ,
20140326_1437_07, XTEAM, XTEAM Engine, MRSV, , ,
20140326_1437_13, Notification, XTEAM Engine, MRSV, 13, Simulation execution completion, ,
20140326_1437_13, XTEAM, XTEAM Engine, MRSV, , ,
20140326_1437_13, XTEAM, XTEAM Engine, MRSV, , ,
20140326_1437_13, XTEAM, XTEAM Engine, MRSV, , ,
20140326_1437_16, Design, CoWare XTEAM Client, participant_1, 10, X`3709314b.7a93486e.8dc9b26c.f4772d70`ATTR`Host_1`Host`MON::Set [Host]`Aspect=xADLCoreAspect&Position=42.49`53c8e4c.6bec48b1.8f5efd8e.55e34f54`Architecture`MON::Model [Architecture]`receiveEnergyCost=18.000000&receiveEnergyOverhead=48.000000&transmitEnergyCost=40.000000&transmitEnergyOverhead=45.000000````````````, ,
20140326_1437_20, Design, CoWare XTEAM Client, participant_1, 11, X`3709314b.7a93486e.8dc9b26c.f4772d70`ATTR`Host_1`Host`MON::Set [Host]`Aspect=xADLCoreAspect&Position=42.49`53c8e4c.6bec48b1.8f5efd8e.55e34f54`Architecture`MON::Model [Architecture]`receiveEnergyCost=18.000000&receiveEnergyOverhead=48.000000&transmitEnergyCost=40.000000&transmitEnergyOverhead=200.000000````````````, ,
20140326_1437_25, Notification, XTEAM Engine, MRSV, 16, Simulation execution completion, ,
20140326_1437_25, XTEAM, XTEAM Engine, MRSV, , ,
20140326_1437_25, XTEAM, XTEAM Engine, MRSV, , ,
20140326_1437_25, XTEAM, XTEAM Engine, MRSV, , ,
20140326_1437_25, Notification, XTEAM Engine, MRSV, 15, Simulation execution completion, ,
20140326_1437_25, XTEAM, XTEAM Engine, MRSV, , ,
20140326_1437_25, XTEAM, XTEAM Engine, MRSV, , ,
20140326_1437_25, XTEAM, XTEAM Engine, MRSV, , ,
20140326_1437_27, Design, CoWare XTEAM Client, participant_1, 12, X`3709314b.7a93486e.8dc9b26c.f4772d70`ATTR`Host_1`Host`MON::Set [Host]`Aspect=xADLCoreAspect&Position=42.49`53c8e4c.6bec48b1.8f5efd8e.55e34f54`Architecture`MON::Model [Architecture]`receiveEnergyCost=65.000000&receiveEnergyOverhead=48.000000&transmitEnergyCost=40.000000&transmitEnergyOverhead=200.000000````````````, ,
20140326_1437_27, Notification, XTEAM Engine, MRSV, 21, Simulation execution beginning, ,
20140326_1437_29, Notification, XTEAM Engine, MRSV, 22, Simulation execution beginning, ,
20140326_1437_32, Notification, XTEAM Engine, MRSV, 23, Simulation execution beginning, ,
20140326_1437_32, Notification, XTEAM Engine, MRSV, 19, Simulation execution completion, ,
20140326_1437_32, XTEAM, XTEAM Engine, MRSV, , ,
20140326_1437_32, XTEAM, XTEAM Engine, MRSV, , ,
20140326_1437_32, XTEAM, XTEAM Engine, MRSV, , ,
20140326_1437_33, Notification, XTEAM Engine, MRSV, 17, Simulation execution completion, ,
20140326_1437_33, XTEAM, XTEAM Engine, MRSV, , ,
20140326_1437_33, XTEAM, XTEAM Engine, MRSV, , ,
20140326_1437_33, XTEAM, XTEAM Engine, MRSV, , ,
20140326_1437_36, Design, CoWare XTEAM Client, participant_1, 13, X`3709314b.7a93486e.8dc9b26c.f4772d70`ATTR`Host_1`Host`MON::Set [Host]`Aspect=xADLCoreAspect&Position=42.49`53c8e4c.6bec48b1.8f5efd8e.55e34f54`Architecture`MON::Model [Architecture]`receiveEnergyCost=65.000000&receiveEnergyOverhead=250.000000&transmitEnergyCost=40.000000&transmitEnergyOverhead=200.000000````````````, ,
20140326_1437_37, Design, CoWare XTEAM Client, participant_0, 15, X`94210f92.7f2948b5.85ae7022.b47edab9`ATTR`forward`Task`MON::Model [Task]`Aspect=xADLBehaviorAspect&Position=280.196`bae5c031.c23642cf.9833b82f.3b18d72d`Process`MON::Model [Process]`executionTime=0&memoryUsage=10&taskInstruction=````````````, ,
20140326_1437_40, Notification, XTEAM Engine, MRSV, 24, Simulation execution beginning, ,
20140326_1437_41, Notification, XTEAM Engine, MRSV, 25, Simulation execution beginning, ,
20140326_1437_42, Notification, XTEAM Engine, MRSV, 20, Simulation execution completion, ,
20140326_1437_42, XTEAM, XTEAM Engine, MRSV, , ,
20140326_1437_42, XTEAM, XTEAM Engine, MRSV, , ,
20140326_1437_42, XTEAM, XTEAM Engine, MRSV, , ,
20140326_1437_44, Notification, XTEAM Engine, MRSV, 18, Simulation execution completion, ,
20140326_1437_44, XTEAM, XTEAM Engine, MRSV, , ,
20140326_1437_44, XTEAM, XTEAM Engine, MRSV, , ,
20140326_1437_44, XTEAM, XTEAM Engine, MRSV, , ,
20140326_1437_45, Design, CoWare XTEAM Client, participant_1, 14, X`3709314b.7a93486e.8dc9b26c.f4772d70`ATTR`Host_1`Host`MON::Set [Host]`Aspect=xADLCoreAspect&Position=42.49`53c8e4c.6bec48b1.8f5efd8e.55e34f54`Architecture`MON::Model [Architecture]`receiveEnergyCost=65.000000&receiveEnergyOverhead=240.000000&transmitEnergyCost=40.000000&transmitEnergyOverhead=200.000000````````````, ,
20140326_1437_46, Notification, XTEAM Engine, MRSV, 26, Simulation execution beginning, ,
20140326_1437_50, Design, CoWare XTEAM Client, participant_0, 16, X`f603f85b.e43844a4.b3627b58.f951dcdf`ATTR`Host_Temp`Host`MON::Set [Host]`Aspect=xADLCoreAspect&Position=1106.763`53c8e4c.6bec48b1.8f5efd8e.55e34f54`Architecture`MON::Model [Architecture]`receiveEnergyCost=20.000000&receiveEnergyOverhead=70.000000&transmitEnergyCost=11.000000&transmitEnergyOverhead=40.000000````````````, ,
20140326_1437_52, Notification, XTEAM Engine, MRSV, 27, Simulation execution beginning, ,
20140326_1437_52, Design, CoWare XTEAM Client, participant_0, 17, X`f603f85b.e43844a4.b3627b58.f951dcdf`ATTR`Host_Temp`Host`MON::Set [Host]`Aspect=xADLCoreAspect&Position=1106.763`53c8e4c.6bec48b1.8f5efd8e.55e34f54`Architecture`MON::Model [Architecture]`receiveEnergyCost=13.000000&receiveEnergyOverhead=70.000000&transmitEnergyCost=11.000000&transmitEnergyOverhead=40.000000````````````, ,
20140326_1437_54, Notification, XTEAM Engine, MRSV, 28, Simulation execution beginning, ,
20140326_1437_55, Design, CoWare XTEAM Client, participant_0, 18, X`f603f85b.e43844a4.b3627b58.f951dcdf`ATTR`Host_Temp`Host`MON::Set [Host]`Aspect=xADLCoreAspect&Position=1106.763`53c8e4c.6bec48b1.8f5efd8e.55e34f54`Architecture`MON::Model [Architecture]`receiveEnergyCost=13.000000&receiveEnergyOverhead=45.000000&transmitEnergyCost=11.000000&transmitEnergyOverhead=40.000000````````````, ,
20140326_1437_56, Notification, XTEAM Engine, MRSV, 29, Simulation execution beginning, ,
20140326_1438_01, Snapshot, CoWare XTEAM Client, participant_0, 19, ,
20140326_1438_03, Notification, XTEAM Engine, MRSV, 23, Simulation execution completion, ,
20140326_1438_03, XTEAM, XTEAM Engine, MRSV, , ,
20140326_1438_03, XTEAM, XTEAM Engine, MRSV, , ,
20140326_1438_03, XTEAM, XTEAM Engine, MRSV, , ,
20140326_1438_03, Notification, XTEAM Engine, MRSV, 22, Simulation execution completion, ,
20140326_1438_03, XTEAM, XTEAM Engine, MRSV, , ,
20140326_1438_03, XTEAM, XTEAM Engine, MRSV, , ,
20140326_1438_03, XTEAM, XTEAM Engine, MRSV, , ,
20140326_1438_03, Notification, XTEAM Engine, MRSV, 21, Simulation execution completion, ,
20140326_1438_03, XTEAM, XTEAM Engine, MRSV, , ,
20140326_1438_03, XTEAM, XTEAM Engine, MRSV, , ,
20140326_1438_03, XTEAM, XTEAM Engine, MRSV, , ,
20140326_1438_05, Notification, XTEAM Engine, MRSV, 24, Simulation execution completion, ,
20140326_1438_05, XTEAM, XTEAM Engine, MRSV, , ,
20140326_1438_05, XTEAM, XTEAM Engine, MRSV, , ,
20140326_1438_05, XTEAM, XTEAM Engine, MRSV, , ,
20140326_1438_10, Design, CoWare XTEAM Client, participant_1, 15, X`1d380676.204a4521.b3bb7c52.2bae3451`ATTR`Host_2`Host`MON::Set [Host]`Aspect=xADLCoreAspect&Position=42.350`53c8e4c.6bec48b1.8f5efd8e.55e34f54`Architecture`MON::Model [Architecture]`receiveEnergyCost=18.000000&receiveEnergyOverhead=48.000000&transmitEnergyCost=50.000000&transmitEnergyOverhead=45.000000````````````, ,
20140326_1438_13, Notification, XTEAM Engine, MRSV, 25, Simulation execution completion, ,
20140326_1438_13, XTEAM, XTEAM Engine, MRSV, , ,
20140326_1438_13, XTEAM, XTEAM Engine, MRSV, , ,
20140326_1438_13, XTEAM, XTEAM Engine, MRSV, , ,
20140326_1438_14, Design, CoWare XTEAM Client, participant_1, 16, X`1d380676.204a4521.b3bb7c52.2bae3451`ATTR`Host_2`Host`MON::Set [Host]`Aspect=xADLCoreAspect&Position=42.350`53c8e4c.6bec48b1.8f5efd8e.55e34f54`Architecture`MON::Model [Architecture]`receiveEnergyCost=18.000000&receiveEnergyOverhead=48.000000&transmitEnergyCost=50.000000&transmitEnergyOverhead=200.000000````````````, ,
20140326_1438_18, Notification, XTEAM Engine, MRSV, 30, Simulation execution beginning, ,
20140326_1438_20, Notification, XTEAM Engine, MRSV, 31, Simulation execution beginning, ,
20140326_1438_20, Design, CoWare XTEAM Client, participant_1, 17, X`1d380676.204a4521.b3bb7c52.2bae3451`ATTR`Host_2`Host`MON::Set [Host]`Aspect=xADLCoreAspect&Position=42.350`53c8e4c.6bec48b1.8f5efd8e.55e34f54`Architecture`MON::Model [Architecture]`receiveEnergyCost=65.000000&receiveEnergyOverhead=48.000000&transmitEnergyCost=50.000000&transmitEnergyOverhead=200.000000````````````, ,
20140326_1438_22, Notification, XTEAM Engine, MRSV, 32, Simulation execution beginning, ,
20140326_1438_23, Notification, XTEAM Engine, MRSV, 26, Simulation execution completion, ,
20140326_1438_23, XTEAM, XTEAM Engine, MRSV, , ,
20140326_1438_23, XTEAM, XTEAM Engine, MRSV, , ,
20140326_1438_23, XTEAM, XTEAM Engine, MRSV, , ,
20140326_1438_26, Design, CoWare XTEAM Client, participant_1, 18, X`1d380676.204a4521.b3bb7c52.2bae3451`ATTR`Host_2`Host`MON::Set [Host]`Aspect=xADLCoreAspect&Position=42.350`53c8e4c.6bec48b1.8f5efd8e.55e34f54`Architecture`MON::Model [Architecture]`receiveEnergyCost=65.000000&receiveEnergyOverhead=240.000000&transmitEnergyCost=50.000000&transmitEnergyOverhead=200.000000````````````, ,
20140326_1438_29, Notification, XTEAM Engine, MRSV, 33, Simulation execution beginning, ,
20140326_1438_36, Notification, XTEAM Engine, MRSV, 28, Simulation execution completion, ,
20140326_1438_36, XTEAM, XTEAM Engine, MRSV, , ,
20140326_1438_36, XTEAM, XTEAM Engine, MRSV, , ,
20140326_1438_36, XTEAM, XTEAM Engine, MRSV, , ,
20140326_1438_42, Notification, XTEAM Engine, MRSV, 29, Simulation execution completion, ,
20140326_1438_42, XTEAM, XTEAM Engine, MRSV, , ,
20140326_1438_42, XTEAM, XTEAM Engine, MRSV, , ,
20140326_1438_42, XTEAM, XTEAM Engine, MRSV, , ,
20140326_1438_46, Notification, XTEAM Engine, MRSV, 27, Simulation execution completion, ,
20140326_1438_46, XTEAM, XTEAM Engine, MRSV, , ,
20140326_1438_46, XTEAM, XTEAM Engine, MRSV, , ,
20140326_1438_46, XTEAM, XTEAM Engine, MRSV, , ,
20140326_1438_56, Notification, XTEAM Engine, MRSV, 30, Simulation execution completion, ,
20140326_1438_56, XTEAM, XTEAM Engine, MRSV, , ,
20140326_1438_56, XTEAM, XTEAM Engine, MRSV, , ,
20140326_1438_56, XTEAM, XTEAM Engine, MRSV, , ,
20140326_1438_58, Design, CoWare XTEAM Client, participant_1, 19, X`6f385993.f08a4164.b815faa2.88dc52fb`ATTR`Host_3`Host`MON::Set [Host]`Aspect=xADLCoreAspect&Position=42.630`53c8e4c.6bec48b1.8f5efd8e.55e34f54`Architecture`MON::Model [Architecture]`receiveEnergyCost=18.000000&receiveEnergyOverhead=48.000000&transmitEnergyCost=50.000000&transmitEnergyOverhead=45.000000````````````, ,
20140326_1439_00, Notification, XTEAM Engine, MRSV, 34, Simulation execution beginning, ,
20140326_1439_03, Notification, XTEAM Engine, MRSV, 32, Simulation execution completion, ,
20140326_1439_03, XTEAM, XTEAM Engine, MRSV, , ,
20140326_1439_03, XTEAM, XTEAM Engine, MRSV, , ,
20140326_1439_03, XTEAM, XTEAM Engine, MRSV, , ,
20140326_1439_04, Design, CoWare XTEAM Client, participant_1, 20, X`6f385993.f08a4164.b815faa2.88dc52fb`ATTR`Host_3`Host`MON::Set [Host]`Aspect=xADLCoreAspect&Position=42.630`53c8e4c.6bec48b1.8f5efd8e.55e34f54`Architecture`MON::Model [Architecture]`receiveEnergyCost=18.000000&receiveEnergyOverhead=48.000000&transmitEnergyCost=50.000000&transmitEnergyOverhead=200.000000````````````, ,
20140326_1439_05, Notification, XTEAM Engine, MRSV, 35, Simulation execution beginning, ,
20140326_1439_08, Design, CoWare XTEAM Client, participant_0, 20, X`94210f92.7f2948b5.85ae7022.b47edab9`ATTR`forward`Task`MON::Model [Task]`Aspect=xADLBehaviorAspect&Position=280.196`bae5c031.c23642cf.9833b82f.3b18d72d`Process`MON::Model [Process]`executionTime=8&memoryUsage=10&taskInstruction=````````````, ,
20140326_1439_10, Notification, XTEAM Engine, MRSV, 31, Simulation execution completion, ,
20140326_1439_10, XTEAM, XTEAM Engine, MRSV, , ,
20140326_1439_10, XTEAM, XTEAM Engine, MRSV, , ,
20140326_1439_10, XTEAM, XTEAM Engine, MRSV, , ,
20140326_1439_11, Notification, XTEAM Engine, MRSV, 36, Simulation execution beginning, ,
20140326_1439_11, Design, CoWare XTEAM Client, participant_1, 21, X`6f385993.f08a4164.b815faa2.88dc52fb`ATTR`Host_3`Host`MON::Set [Host]`Aspect=xADLCoreAspect&Position=42.630`53c8e4c.6bec48b1.8f5efd8e.55e34f54`Architecture`MON::Model [Architecture]`receiveEnergyCost=65.000000&receiveEnergyOverhead=48.000000&transmitEnergyCost=50.000000&transmitEnergyOverhead=200.000000````````````, ,
20140326_1439_14, Notification, XTEAM Engine, MRSV, 37, Simulation execution beginning, ,
20140326_1439_16, Design, CoWare XTEAM Client, participant_1, 22, X`6f385993.f08a4164.b815faa2.88dc52fb`ATTR`Host_3`Host`MON::Set [Host]`Aspect=xADLCoreAspect&Position=42.630`53c8e4c.6bec48b1.8f5efd8e.55e34f54`Architecture`MON::Model [Architecture]`receiveEnergyCost=65.000000&receiveEnergyOverhead=240.000000&transmitEnergyCost=50.000000&transmitEnergyOverhead=200.000000````````````, ,
20140326_1439_21, Notification, XTEAM Engine, MRSV, 38, Simulation execution beginning, ,
20140326_1439_24, Notification, XTEAM Engine, MRSV, 33, Simulation execution completion, ,
20140326_1439_24, XTEAM, XTEAM Engine, MRSV, , ,
20140326_1439_24, XTEAM, XTEAM Engine, MRSV, , ,
20140326_1439_24, XTEAM, XTEAM Engine, MRSV, , ,
20140326_1439_25, Design, CoWare XTEAM Client, participant_0, 21, X`f603f85b.e43844a4.b3627b58.f951dcdf`ATTR`Host_Temp`Host`MON::Set [Host]`Aspect=xADLCoreAspect&Position=1106.763`53c8e4c.6bec48b1.8f5efd8e.55e34f54`Architecture`MON::Model [Architecture]`receiveEnergyCost=13.000000&receiveEnergyOverhead=45.000000&transmitEnergyCost=12.000000&transmitEnergyOverhead=40.000000````````````, ,
20140326_1439_29, Design, CoWare XTEAM Client, participant_0, 23, X`f603f85b.e43844a4.b3627b58.f951dcdf`ATTR`Host_Temp`Host`MON::Set [Host]`Aspect=xADLCoreAspect&Position=1106.763`53c8e4c.6bec48b1.8f5efd8e.55e34f54`Architecture`MON::Model [Architecture]`receiveEnergyCost=20.000000&receiveEnergyOverhead=70.000000&transmitEnergyCost=12.000000&transmitEnergyOverhead=40.000000````````````, ,
20140326_1439_26, Design, CoWare XTEAM Client, participant_0, 22, X`f603f85b.e43844a4.b3627b58.f951dcdf`ATTR`Host_Temp`Host`MON::Set [Host]`Aspect=xADLCoreAspect&Position=1106.763`53c8e4c.6bec48b1.8f5efd8e.55e34f54`Architecture`MON::Model [Architecture]`receiveEnergyCost=20.000000&receiveEnergyOverhead=45.000000&transmitEnergyCost=12.000000&transmitEnergyOverhead=40.000000````````````, ,
20140326_1439_31, Notification, XTEAM Engine, MRSV, 39, Simulation execution beginning, ,
20140326_1439_44, Notification, XTEAM Engine, MRSV, 34, Simulation execution completion, ,
20140326_1439_44, XTEAM, XTEAM Engine, MRSV, , ,
20140326_1439_44, XTEAM, XTEAM Engine, MRSV, , ,
20140326_1439_44, XTEAM, XTEAM Engine, MRSV, , ,
20140326_1439_49, Notification, XTEAM Engine, MRSV, 36, Simulation execution completion, ,
20140326_1439_49, XTEAM, XTEAM Engine, MRSV, , ,
20140326_1439_49, XTEAM, XTEAM Engine, MRSV, , ,
20140326_1439_49, XTEAM, XTEAM Engine, MRSV, , ,
20140326_1439_50, Notification, XTEAM Engine, MRSV, 35, Simulation execution completion, ,
20140326_1439_50, XTEAM, XTEAM Engine, MRSV, , ,
20140326_1439_50, XTEAM, XTEAM Engine, MRSV, , ,
20140326_1439_50, XTEAM, XTEAM Engine, MRSV, , ,
20140326_1439_52, Notification, XTEAM Engine, MRSV, 37, Simulation execution completion, ,
20140326_1439_52, XTEAM, XTEAM Engine, MRSV, , ,
20140326_1439_52, XTEAM, XTEAM Engine, MRSV, , ,
20140326_1439_52, XTEAM, XTEAM Engine, MRSV, , ,
20140326_1439_52, Notification, XTEAM Engine, MRSV, 38, Simulation execution completion, ,
20140326_1439_52, XTEAM, XTEAM Engine, MRSV, , ,
20140326_1439_52, XTEAM, XTEAM Engine, MRSV, , ,
20140326_1439_52, XTEAM, XTEAM Engine, MRSV, , ,
20140326_1439_57, Notification, XTEAM Engine, MRSV, 39, Simulation execution completion, ,
20140326_1439_57, XTEAM, XTEAM Engine, MRSV, , ,
20140326_1439_57, XTEAM, XTEAM Engine, MRSV, , ,
20140326_1439_57, XTEAM, XTEAM Engine, MRSV, , ,
20140326_1440_15, Snapshot, CoWare XTEAM Client, participant_0, 24, ,
20140326_1440_36, Design, CoWare XTEAM Client, participant_1, 23, X`38aa871.eb549bc.aabb5f5f.9a0c5f7d`ATTR`generate`Task`MON::Model [Task]`Aspect=xADLBehaviorAspect&Position=189.196`9f0c917a.d5e346fb.857fc403.69d41261`Process`MON::Model [Process]`executionTime=5&memoryUsage=3&taskInstruction=nextRequest = new Request;|nextRequest->getRequestKind().value() = "Temperature";````````````, ,
20140326_1440_38, Notification, XTEAM Engine, MRSV, 40, Simulation execution beginning, ,
20140326_1440_39, Design, CoWare XTEAM Client, participant_1, 24, X`38aa871.eb549bc.aabb5f5f.9a0c5f7d`ATTR`generate`Task`MON::Model [Task]`Aspect=xADLBehaviorAspect&Position=189.196`9f0c917a.d5e346fb.857fc403.69d41261`Process`MON::Model [Process]`executionTime=5&memoryUsage=250&taskInstruction=nextRequest = new Request;|nextRequest->getRequestKind().value() = "Temperature";````````````, ,
20140326_1440_40, Notification, XTEAM Engine, MRSV, 41, Simulation execution beginning, ,
20140326_1440_57, Design, CoWare XTEAM Client, participant_0, 25, X`823be07d.a4c04349.bb5bd637.1efca24`ATTR`forward`Task`MON::Model [Task]`Aspect=xADLBehaviorAspect&Position=280.196`64012bb1.f194748.9fe467dc.cb2e84f5`Process`MON::Model [Process]`executionTime=0&memoryUsage=10&taskInstruction=````````````, ,
20140326_1440_59, Notification, XTEAM Engine, MRSV, 42, Simulation execution beginning, ,
20140326_1441_02, Notification, XTEAM Engine, MRSV, 40, Simulation execution completion, ,
20140326_1441_02, XTEAM, XTEAM Engine, MRSV, , ,
20140326_1441_02, XTEAM, XTEAM Engine, MRSV, , ,
20140326_1441_02, XTEAM, XTEAM Engine, MRSV, , ,
20140326_1441_08, Notification, XTEAM Engine, MRSV, 41, Simulation execution completion, ,
20140326_1441_08, XTEAM, XTEAM Engine, MRSV, , ,
20140326_1441_08, XTEAM, XTEAM Engine, MRSV, , ,
20140326_1441_08, XTEAM, XTEAM Engine, MRSV, , ,
20140326_1441_15, Design, CoWare XTEAM Client, participant_0, 26, X`cc6f3a99.39734696.be3c4499.34632100`ATTR`Host_Salinity`Host`MON::Set [Host]`Aspect=xADLCoreAspect&Position=966.763`53c8e4c.6bec48b1.8f5efd8e.55e34f54`Architecture`MON::Model [Architecture]`receiveEnergyCost=20.000000&receiveEnergyOverhead=70.000000&transmitEnergyCost=11.000000&transmitEnergyOverhead=40.000000````````````, ,
20140326_1441_17, Design, CoWare XTEAM Client, participant_1, 25, X`3709314b.7a93486e.8dc9b26c.f4772d70`ATTR`Host_1`Host`MON::Set [Host]`Aspect=xADLCoreAspect&Position=42.49`53c8e4c.6bec48b1.8f5efd8e.55e34f54`Architecture`MON::Model [Architecture]`receiveEnergyCost=65.000000&receiveEnergyOverhead=240.000000&transmitEnergyCost=50.000000&transmitEnergyOverhead=200.000000````````````, ,
20140326_1441_17, Design, CoWare XTEAM Client, participant_0, 27, X`cc6f3a99.39734696.be3c4499.34632100`ATTR`Host_Salinity`Host`MON::Set [Host]`Aspect=xADLCoreAspect&Position=966.763`53c8e4c.6bec48b1.8f5efd8e.55e34f54`Architecture`MON::Model [Architecture]`receiveEnergyCost=10.000000&receiveEnergyOverhead=70.000000&transmitEnergyCost=11.000000&transmitEnergyOverhead=40.000000````````````, ,
20140326_1441_17, Notification, XTEAM Engine, MRSV, 43, Simulation execution beginning, ,
20140326_1441_18, Notification, XTEAM Engine, MRSV, 44, Simulation execution beginning, ,
20140326_1441_21, Design, CoWare XTEAM Client, participant_0, 28, X`cc6f3a99.39734696.be3c4499.34632100`ATTR`Host_Salinity`Host`MON::Set [Host]`Aspect=xADLCoreAspect&Position=966.763`53c8e4c.6bec48b1.8f5efd8e.55e34f54`Architecture`MON::Model [Architecture]`receiveEnergyCost=10.000000&receiveEnergyOverhead=45.000000&transmitEnergyCost=11.000000&transmitEnergyOverhead=40.000000````````````, ,
20140326_1441_21, Notification, XTEAM Engine, MRSV, 45, Simulation execution beginning, ,
20140326_1441_23, Notification, XTEAM Engine, MRSV, 46, Simulation execution beginning, ,
20140326_1441_26, Notification, XTEAM Engine, MRSV, 42, Simulation execution completion, ,
20140326_1441_26, XTEAM, XTEAM Engine, MRSV, , ,
20140326_1441_26, XTEAM, XTEAM Engine, MRSV, , ,
20140326_1441_26, XTEAM, XTEAM Engine, MRSV, , ,
20140326_1441_45, Design, CoWare XTEAM Client, participant_0, 29, X`cc6f3a99.39734696.be3c4499.34632100`ATTR`Host_Salinity`Host`MON::Set [Host]`Aspect=xADLCoreAspect&Position=966.763`53c8e4c.6bec48b1.8f5efd8e.55e34f54`Architecture`MON::Model [Architecture]`receiveEnergyCost=13.000000&receiveEnergyOverhead=45.000000&transmitEnergyCost=11.000000&transmitEnergyOverhead=40.000000````````````, ,
20140326_1441_47, Notification, XTEAM Engine, MRSV, 47, Simulation execution beginning, ,
20140326_1441_54, Notification, XTEAM Engine, MRSV, 43, Simulation execution completion, ,
20140326_1441_54, XTEAM, XTEAM Engine, MRSV, , ,
20140326_1441_54, XTEAM, XTEAM Engine, MRSV, , ,
20140326_1441_54, XTEAM, XTEAM Engine, MRSV, , ,
20140326_1441_57, Notification, XTEAM Engine, MRSV, 46, Simulation execution completion, ,
20140326_1441_57, XTEAM, XTEAM Engine, MRSV, , ,
20140326_1441_57, XTEAM, XTEAM Engine, MRSV, , ,
20140326_1441_57, XTEAM, XTEAM Engine, MRSV, , ,
20140326_1441_57, Notification, XTEAM Engine, MRSV, 44, Simulation execution completion, ,
20140326_1441_57, XTEAM, XTEAM Engine, MRSV, , ,
20140326_1441_57, XTEAM, XTEAM Engine, MRSV, , ,
20140326_1441_57, XTEAM, XTEAM Engine, MRSV, , ,
20140326_1441_58, Notification, XTEAM Engine, MRSV, 45, Simulation execution completion, ,
20140326_1441_58, XTEAM, XTEAM Engine, MRSV, , ,
20140326_1441_58, XTEAM, XTEAM Engine, MRSV, , ,
20140326_1441_58, XTEAM, XTEAM Engine, MRSV, , ,
20140326_1442_09, Notification, XTEAM Engine, MRSV, 47, Simulation execution completion, ,
20140326_1442_09, XTEAM, XTEAM Engine, MRSV, , ,
20140326_1442_09, XTEAM, XTEAM Engine, MRSV, , ,
20140326_1442_09, XTEAM, XTEAM Engine, MRSV, , ,
20140326_1442_24, Snapshot, CoWare XTEAM Client, participant_0, 30, ,
20140326_1442_25, Snapshot, CoWare XTEAM Client, participant_0, 31, ,
20140326_1442_30, Snapshot, CoWare XTEAM Client, participant_0, 32, ,
20140326_1444_19, Snapshot, CoWare XTEAM Client, participant_0, 33, ,
20140326_1444_32, Design, CoWare XTEAM Client, participant_0, 34, X`823be07d.a4c04349.bb5bd637.1efca24`ATTR`forward`Task`MON::Model [Task]`Aspect=xADLBehaviorAspect&Position=280.196`64012bb1.f194748.9fe467dc.cb2e84f5`Process`MON::Model [Process]`executionTime=8&memoryUsage=10&taskInstruction=````````````, ,
20140326_1444_34, Notification, XTEAM Engine, MRSV, 48, Simulation execution beginning, ,
20140326_1444_56, Notification, XTEAM Engine, MRSV, 48, Simulation execution completion, ,
20140326_1444_56, XTEAM, XTEAM Engine, MRSV, , ,
20140326_1444_56, XTEAM, XTEAM Engine, MRSV, , ,
20140326_1444_56, XTEAM, XTEAM Engine, MRSV, , ,
20140326_1445_00, Design, CoWare XTEAM Client, participant_0, 35, X`cc6f3a99.39734696.be3c4499.34632100`ATTR`Host_Salinity`Host`MON::Set [Host]`Aspect=xADLCoreAspect&Position=966.763`53c8e4c.6bec48b1.8f5efd8e.55e34f54`Architecture`MON::Model [Architecture]`receiveEnergyCost=13.000000&receiveEnergyOverhead=45.000000&transmitEnergyCost=12.000000&transmitEnergyOverhead=40.000000````````````, ,
20140326_1445_01, Notification, XTEAM Engine, MRSV, 49, Simulation execution beginning, ,
20140326_1445_03, Design, CoWare XTEAM Client, participant_0, 36, X`cc6f3a99.39734696.be3c4499.34632100`ATTR`Host_Salinity`Host`MON::Set [Host]`Aspect=xADLCoreAspect&Position=966.763`53c8e4c.6bec48b1.8f5efd8e.55e34f54`Architecture`MON::Model [Architecture]`receiveEnergyCost=20.000000&receiveEnergyOverhead=45.000000&transmitEnergyCost=12.000000&transmitEnergyOverhead=40.000000````````````, ,
20140326_1445_04, Notification, XTEAM Engine, MRSV, 50, Simulation execution beginning, ,
20140326_1445_06, Design, CoWare XTEAM Client, participant_0, 37, X`cc6f3a99.39734696.be3c4499.34632100`ATTR`Host_Salinity`Host`MON::Set [Host]`Aspect=xADLCoreAspect&Position=966.763`53c8e4c.6bec48b1.8f5efd8e.55e34f54`Architecture`MON::Model [Architecture]`receiveEnergyCost=20.000000&receiveEnergyOverhead=70.000000&transmitEnergyCost=12.000000&transmitEnergyOverhead=40.000000````````````, ,
20140326_1445_07, Notification, XTEAM Engine, MRSV, 51, Simulation execution beginning, ,
20140326_1445_32, Notification, XTEAM Engine, MRSV, 49, Simulation execution completion, ,
20140326_1445_32, XTEAM, XTEAM Engine, MRSV, , ,
20140326_1445_32, XTEAM, XTEAM Engine, MRSV, , ,
20140326_1445_32, XTEAM, XTEAM Engine, MRSV, , ,
20140326_1445_38, Notification, XTEAM Engine, MRSV, 50, Simulation execution completion, ,
20140326_1445_38, XTEAM, XTEAM Engine, MRSV, , ,
20140326_1445_38, XTEAM, XTEAM Engine, MRSV, , ,
20140326_1445_38, XTEAM, XTEAM Engine, MRSV, , ,
20140326_1445_42, Notification, XTEAM Engine, MRSV, 51, Simulation execution completion, ,
20140326_1445_42, XTEAM, XTEAM Engine, MRSV, , ,
20140326_1445_42, XTEAM, XTEAM Engine, MRSV, , ,
20140326_1445_42, XTEAM, XTEAM Engine, MRSV, , ,
20140326_1445_53, Snapshot, CoWare XTEAM Client, participant_0, 38, ,
20140326_1447_58, Design, CoWare XTEAM Client, participant_1, 26, X`2442e05e.7e534432.a652495a.4a8032a9`ATTR`generate`Task`MON::Model [Task]`Aspect=xADLBehaviorAspect&Position=189.196`ee842d2c.6fbd409b.b93189f8.bce88a2b`Process`MON::Model [Process]`executionTime=8&memoryUsage=250&taskInstruction=nextRequest = new Request;|nextRequest->getRequestKind().value() = "Temperature";````````````, ,
20140326_1447_59, Notification, XTEAM Engine, MRSV, 52, Simulation execution beginning, ,
20140326_1448_01, Design, CoWare XTEAM Client, participant_1, 27, X`2442e05e.7e534432.a652495a.4a8032a9`ATTR`generate`Task`MON::Model [Task]`Aspect=xADLBehaviorAspect&Position=189.196`ee842d2c.6fbd409b.b93189f8.bce88a2b`Process`MON::Model [Process]`executionTime=8&memoryUsage=&taskInstruction=nextRequest = new Request;|nextRequest->getRequestKind().value() = "Temperature";````````````, ,
20140326_1448_02, Notification, XTEAM Engine, MRSV, 53, Simulation execution beginning, ,
20140326_1448_05, Design, CoWare XTEAM Client, participant_1, 28, X`2442e05e.7e534432.a652495a.4a8032a9`ATTR`generate`Task`MON::Model [Task]`Aspect=xADLBehaviorAspect&Position=189.196`ee842d2c.6fbd409b.b93189f8.bce88a2b`Process`MON::Model [Process]`executionTime=8&memoryUsage=3&taskInstruction=nextRequest = new Request;|nextRequest->getRequestKind().value() = "Temperature";````````````, ,
20140326_1448_07, Notification, XTEAM Engine, MRSV, 54, Simulation execution beginning, ,
20140326_1448_34, Notification, XTEAM Engine, MRSV, 52, Simulation execution completion, ,
20140326_1448_34, XTEAM, XTEAM Engine, MRSV, , ,
20140326_1448_34, XTEAM, XTEAM Engine, MRSV, , ,
20140326_1448_34, XTEAM, XTEAM Engine, MRSV, , ,
20140326_1448_36, Design, CoWare XTEAM Client, participant_0, 39, X`823be07d.a4c04349.bb5bd637.1efca24`ATTR`forward`Task`MON::Model [Task]`Aspect=xADLBehaviorAspect&Position=280.196`64012bb1.f194748.9fe467dc.cb2e84f5`Process`MON::Model [Process]`executionTime=0&memoryUsage=10&taskInstruction=````````````, ,
20140326_1448_37, Notification, XTEAM Engine, MRSV, 55, Simulation execution beginning, ,
20140326_1448_38, Notification, XTEAM Engine, MRSV, 53, Simulation execution completion, ,
20140326_1448_38, XTEAM, XTEAM Engine, MRSV, , ,
20140326_1448_38, XTEAM, XTEAM Engine, MRSV, , ,
20140326_1448_38, XTEAM, XTEAM Engine, MRSV, , ,
20140326_1448_44, Notification, XTEAM Engine, MRSV, 54, Simulation execution completion, ,
20140326_1448_44, XTEAM, XTEAM Engine, MRSV, , ,
20140326_1448_44, XTEAM, XTEAM Engine, MRSV, , ,
20140326_1448_44, XTEAM, XTEAM Engine, MRSV, , ,
20140326_1448_46, Design, CoWare XTEAM Client, participant_0, 40, X`cc6f3a99.39734696.be3c4499.34632100`ATTR`Host_Salinity`Host`MON::Set [Host]`Aspect=xADLCoreAspect&Position=966.763`53c8e4c.6bec48b1.8f5efd8e.55e34f54`Architecture`MON::Model [Architecture]`receiveEnergyCost=20.000000&receiveEnergyOverhead=70.000000&transmitEnergyCost=11.000000&transmitEnergyOverhead=40.000000````````````, ,
20140326_1448_47, Notification, XTEAM Engine, MRSV, 56, Simulation execution beginning, ,
20140326_1448_53, Design, CoWare XTEAM Client, participant_0, 41, X`cc6f3a99.39734696.be3c4499.34632100`ATTR`Host_Salinity`Host`MON::Set [Host]`Aspect=xADLCoreAspect&Position=966.763`53c8e4c.6bec48b1.8f5efd8e.55e34f54`Architecture`MON::Model [Architecture]`receiveEnergyCost=13.000000&receiveEnergyOverhead=70.000000&transmitEnergyCost=11.000000&transmitEnergyOverhead=40.000000````````````, ,
20140326_1448_56, Design, CoWare XTEAM Client, participant_0, 42, X`cc6f3a99.39734696.be3c4499.34632100`ATTR`Host_Salinity`Host`MON::Set [Host]`Aspect=xADLCoreAspect&Position=966.763`53c8e4c.6bec48b1.8f5efd8e.55e34f54`Architecture`MON::Model [Architecture]`receiveEnergyCost=13.000000&receiveEnergyOverhead=45.000000&transmitEnergyCost=11.000000&transmitEnergyOverhead=40.000000````````````, ,
20140326_1448_58, Notification, XTEAM Engine, MRSV, 57, Simulation execution beginning, ,
20140326_1449_00, Snapshot, CoWare XTEAM Client, participant_0, 43, ,
20140326_1449_01, Notification, XTEAM Engine, MRSV, 58, Simulation execution beginning, ,
20140326_1449_03, Notification, XTEAM Engine, MRSV, 55, Simulation execution completion, ,
20140326_1449_03, XTEAM, XTEAM Engine, MRSV, , ,
20140326_1449_03, XTEAM, XTEAM Engine, MRSV, , ,
20140326_1449_03, XTEAM, XTEAM Engine, MRSV, , ,
20140326_1449_23, Notification, XTEAM Engine, MRSV, 56, Simulation execution completion, ,
20140326_1449_23, XTEAM, XTEAM Engine, MRSV, , ,
20140326_1449_23, XTEAM, XTEAM Engine, MRSV, , ,
20140326_1449_23, XTEAM, XTEAM Engine, MRSV, , ,
20140326_1449_28, Notification, XTEAM Engine, MRSV, 58, Simulation execution completion, ,
20140326_1449_28, XTEAM, XTEAM Engine, MRSV, , ,
20140326_1449_28, XTEAM, XTEAM Engine, MRSV, , ,
20140326_1449_28, XTEAM, XTEAM Engine, MRSV, , ,
20140326_1449_30, Notification, XTEAM Engine, MRSV, 57, Simulation execution completion, ,
20140326_1449_30, XTEAM, XTEAM Engine, MRSV, , ,
20140326_1449_30, XTEAM, XTEAM Engine, MRSV, , ,
20140326_1449_30, XTEAM, XTEAM Engine, MRSV, , ,
20140326_1450_05, Design, CoWare XTEAM Client, participant_1, 29, X`38aa871.eb549bc.aabb5f5f.9a0c5f7d`ATTR`generate`Task`MON::Model [Task]`Aspect=xADLBehaviorAspect&Position=189.196`9f0c917a.d5e346fb.857fc403.69d41261`Process`MON::Model [Process]`executionTime=0&memoryUsage=250&taskInstruction=nextRequest = new Request;|nextRequest->getRequestKind().value() = "Temperature";````````````, ,
20140326_1450_06, Notification, XTEAM Engine, MRSV, 59, Simulation execution beginning, ,
20140326_1450_13, Design, CoWare XTEAM Client, participant_1, 30, X`38aa871.eb549bc.aabb5f5f.9a0c5f7d`ATTR`generate`Task`MON::Model [Task]`Aspect=xADLBehaviorAspect&Position=189.196`9f0c917a.d5e346fb.857fc403.69d41261`Process`MON::Model [Process]`executionTime=0&memoryUsage=25000&taskInstruction=nextRequest = new Request;|nextRequest->getRequestKind().value() = "Temperature";````````````, ,
20140326_1450_14, Notification, XTEAM Engine, MRSV, 60, Simulation execution beginning, ,
20140326_1450_42, Snapshot, CoWare XTEAM Client, participant_0, 44, ,
20140326_1451_27, Design, CoWare XTEAM Client, participant_0, 45, X`f603f85b.e43844a4.b3627b58.f951dcdf`ATTR`Host_Temp`Host`MON::Set [Host]`Aspect=xADLCoreAspect&Position=1106.763`53c8e4c.6bec48b1.8f5efd8e.55e34f54`Architecture`MON::Model [Architecture]`receiveEnergyCost=20.000000&receiveEnergyOverhead=70.000000&transmitEnergyCost=1.000000&transmitEnergyOverhead=40.000000````````````, ,
20140326_1451_28, Notification, XTEAM Engine, MRSV, 61, Simulation execution beginning, ,
20140326_1451_29, Design, CoWare XTEAM Client, participant_0, 46, X`f603f85b.e43844a4.b3627b58.f951dcdf`ATTR`Host_Temp`Host`MON::Set [Host]`Aspect=xADLCoreAspect&Position=1106.763`53c8e4c.6bec48b1.8f5efd8e.55e34f54`Architecture`MON::Model [Architecture]`receiveEnergyCost=20.000000&receiveEnergyOverhead=70.000000&transmitEnergyCost=11.000000&transmitEnergyOverhead=40.000000````````````, ,
20140326_1451_30, Notification, XTEAM Engine, MRSV, 62, Simulation execution beginning, ,
20140326_1451_31, Design, CoWare XTEAM Client, participant_0, 47, X`f603f85b.e43844a4.b3627b58.f951dcdf`ATTR`Host_Temp`Host`MON::Set [Host]`Aspect=xADLCoreAspect&Position=1106.763`53c8e4c.6bec48b1.8f5efd8e.55e34f54`Architecture`MON::Model [Architecture]`receiveEnergyCost=13.000000&receiveEnergyOverhead=70.000000&transmitEnergyCost=11.000000&transmitEnergyOverhead=40.000000````````````, ,
20140326_1451_33, Notification, XTEAM Engine, MRSV, 63, Simulation execution beginning, ,
20140326_1451_33, Design, CoWare XTEAM Client, participant_0, 48, X`f603f85b.e43844a4.b3627b58.f951dcdf`ATTR`Host_Temp`Host`MON::Set [Host]`Aspect=xADLCoreAspect&Position=1106.763`53c8e4c.6bec48b1.8f5efd8e.55e34f54`Architecture`MON::Model [Architecture]`receiveEnergyCost=13.000000&receiveEnergyOverhead=45.000000&transmitEnergyCost=11.000000&transmitEnergyOverhead=40.000000````````````, ,
20140326_1451_35, Notification, XTEAM Engine, MRSV, 64, Simulation execution beginning, ,
20140326_1451_51, Design, CoWare XTEAM Client, participant_0, 49, X`94210f92.7f2948b5.85ae7022.b47edab9`ATTR`forward`Task`MON::Model [Task]`Aspect=xADLBehaviorAspect&Position=280.196`bae5c031.c23642cf.9833b82f.3b18d72d`Process`MON::Model [Process]`executionTime=0&memoryUsage=10&taskInstruction=````````````, ,
20140326_1451_56, Notification, XTEAM Engine, MRSV, 65, Simulation execution beginning, ,
20140326_1452_02, Snapshot, CoWare XTEAM Client, participant_0, 50, ,
20140326_1452_14, Design, CoWare XTEAM Client, participant_1, 31, X`38aa871.eb549bc.aabb5f5f.9a0c5f7d`ATTR`generate`Task`MON::Model [Task]`Aspect=xADLBehaviorAspect&Position=189.196`9f0c917a.d5e346fb.857fc403.69d41261`Process`MON::Model [Process]`executionTime=0&memoryUsage=2500000000000&taskInstruction=nextRequest = new Request;|nextRequest->getRequestKind().value() = "Temperature";````````````, ,
20140326_1452_15, Notification, XTEAM Engine, MRSV, 66, Simulation execution beginning, ,
20140326_1453_40, Design, CoWare XTEAM Client, participant_1, 32, X`38aa871.eb549bc.aabb5f5f.9a0c5f7d`ATTR`generate`Task`MON::Model [Task]`Aspect=xADLBehaviorAspect&Position=189.196`9f0c917a.d5e346fb.857fc403.69d41261`Process`MON::Model [Process]`executionTime=5&memoryUsage=2500000000000&taskInstruction=nextRequest = new Request;|nextRequest->getRequestKind().value() = "Temperature";````````````, ,
20140326_1453_45, Notification, XTEAM Engine, MRSV, 67, Simulation execution beginning, ,
20140326_1453_47, Design, CoWare XTEAM Client, participant_1, 33, X`38aa871.eb549bc.aabb5f5f.9a0c5f7d`ATTR`generate`Task`MON::Model [Task]`Aspect=xADLBehaviorAspect&Position=189.196`9f0c917a.d5e346fb.857fc403.69d41261`Process`MON::Model [Process]`executionTime=5&memoryUsage=250&taskInstruction=nextRequest = new Request;|nextRequest->getRequestKind().value() = "Temperature";````````````, ,
20140326_1453_51, Notification, XTEAM Engine, MRSV, 68, Simulation execution beginning, ,
20140326_1454_13, Design, CoWare XTEAM Client, participant_1, 34, X`38aa871.eb549bc.aabb5f5f.9a0c5f7d`ATTR`generate`Task`MON::Model [Task]`Aspect=xADLBehaviorAspect&Position=189.196`9f0c917a.d5e346fb.857fc403.69d41261`Process`MON::Model [Process]`executionTime=8&memoryUsage=250&taskInstruction=nextRequest = new Request;|nextRequest->getRequestKind().value() = "Temperature";````````````, ,
20140326_1454_15, Notification, XTEAM Engine, MRSV, 69, Simulation execution beginning, ,
20140326_1454_17, Design, CoWare XTEAM Client, participant_1, 35, X`38aa871.eb549bc.aabb5f5f.9a0c5f7d`ATTR`generate`Task`MON::Model [Task]`Aspect=xADLBehaviorAspect&Position=189.196`9f0c917a.d5e346fb.857fc403.69d41261`Process`MON::Model [Process]`executionTime=8&memoryUsage=3&taskInstruction=nextRequest = new Request;|nextRequest->getRequestKind().value() = "Temperature";````````````, ,
20140326_1454_23, Design, CoWare XTEAM Client, participant_0, 51, X`d74a2c65.e78b436f.bb8c4d69.c6c262cf`ATTR`forward`Task`MON::Model [Task]`Aspect=xADLBehaviorAspect&Position=280.196`b0656a82.f464e5e.80ba3243.d6b28879`Process`MON::Model [Process]`executionTime=0&memoryUsage=1&taskInstruction=````````````, ,
20140326_1454_25, Design, CoWare XTEAM Client, participant_0, 52, X`d74a2c65.e78b436f.bb8c4d69.c6c262cf`ATTR`forward`Task`MON::Model [Task]`Aspect=xADLBehaviorAspect&Position=280.196`b0656a82.f464e5e.80ba3243.d6b28879`Process`MON::Model [Process]`executionTime=0&memoryUsage=10&taskInstruction=````````````, ,
20140326_1454_27, Notification, XTEAM Engine, MRSV, 70, Simulation execution beginning, ,
20140326_1454_32, Notification, XTEAM Engine, MRSV, 71, Simulation execution beginning, ,
20140326_1454_39, Notification, XTEAM Engine, MRSV, 67, Simulation execution completion, ,
20140326_1454_39, XTEAM, XTEAM Engine, MRSV, , ,
20140326_1454_39, XTEAM, XTEAM Engine, MRSV, , ,
20140326_1454_39, XTEAM, XTEAM Engine, MRSV, , ,
20140326_1454_40, Notification, XTEAM Engine, MRSV, 72, Simulation execution beginning, ,
20140326_1454_48, Notification, XTEAM Engine, MRSV, 68, Simulation execution completion, ,
20140326_1454_48, XTEAM, XTEAM Engine, MRSV, , ,
20140326_1454_48, XTEAM, XTEAM Engine, MRSV, , ,
20140326_1454_48, XTEAM, XTEAM Engine, MRSV, , ,
20140326_1455_03, Design, CoWare XTEAM Client, participant_0, 53, X`c192c333.1db64d39.8221838a.a8025c75`REGISTRY`FTPConnector_S`Connector`MON::Model [Connector]`Aspect=xADLCoreAspect&Position=1281.77`53c8e4c.6bec48b1.8f5efd8e.55e34f54`Architecture`MON::Model [Architecture]`description=````````````, ,
20140326_1455_09, Notification, XTEAM Engine, MRSV, 73, Simulation execution beginning, ,
20140326_1455_15, Notification, XTEAM Engine, MRSV, 69, Simulation execution completion, ,
20140326_1455_15, XTEAM, XTEAM Engine, MRSV, , ,
20140326_1455_15, XTEAM, XTEAM Engine, MRSV, , ,
20140326_1455_15, XTEAM, XTEAM Engine, MRSV, , ,
20140326_1455_26, Design, CoWare XTEAM Client, participant_0, 54, X`823be07d.a4c04349.bb5bd637.1efca24`ATTR`forward`Task`MON::Model [Task]`Aspect=xADLBehaviorAspect&Position=280.196`64012bb1.f194748.9fe467dc.cb2e84f5`Process`MON::Model [Process]`executionTime=0&memoryUsage=1&taskInstruction=````````````, ,
20140326_1455_31, Notification, XTEAM Engine, MRSV, 74, Simulation execution beginning, ,
20140326_1455_42, Notification, XTEAM Engine, MRSV, 71, Simulation execution completion, ,
20140326_1455_42, XTEAM, XTEAM Engine, MRSV, , ,
20140326_1455_42, XTEAM, XTEAM Engine, MRSV, , ,
20140326_1455_42, XTEAM, XTEAM Engine, MRSV, , ,
20140326_1455_43, Notification, XTEAM Engine, MRSV, 70, Simulation execution completion, ,
20140326_1455_43, XTEAM, XTEAM Engine, MRSV, , ,
20140326_1455_43, XTEAM, XTEAM Engine, MRSV, , ,
20140326_1455_43, XTEAM, XTEAM Engine, MRSV, , ,
20140326_1455_46, Design, CoWare XTEAM Client, participant_0, 55, X`94210f92.7f2948b5.85ae7022.b47edab9`ATTR`forward`Task`MON::Model [Task]`Aspect=xADLBehaviorAspect&Position=280.196`bae5c031.c23642cf.9833b82f.3b18d72d`Process`MON::Model [Process]`executionTime=0&memoryUsage=1&taskInstruction=````````````, ,
20140326_1455_51, Notification, XTEAM Engine, MRSV, 72, Simulation execution completion, ,
20140326_1455_51, XTEAM, XTEAM Engine, MRSV, , ,
20140326_1455_51, Notification, XTEAM Engine, MRSV, 75, Simulation execution beginning, ,
20140326_1455_51, XTEAM, XTEAM Engine, MRSV, , ,
20140326_1455_51, XTEAM, XTEAM Engine, MRSV, , ,
20140326_1456_08, Design, CoWare XTEAM Client, participant_0, 56, X`ecf5e7fb.34344ab0.8682f5bd.53849453`ATTR`forward`Task`MON::Model [Task]`Aspect=xADLBehaviorAspect&Position=280.196`f45445ab.d6a34b1a.8c0dd95e.faa85ceb`Process`MON::Model [Process]`executionTime=0&memoryUsage=10&taskInstruction=````````````, ,
20140326_1456_13, Notification, XTEAM Engine, MRSV, 73, Simulation execution completion, ,
20140326_1456_14, XTEAM, XTEAM Engine, MRSV, , ,
20140326_1456_14, XTEAM, XTEAM Engine, MRSV, , ,
20140326_1456_14, XTEAM, XTEAM Engine, MRSV, , ,
20140326_1456_14, Notification, XTEAM Engine, MRSV, 76, Simulation execution beginning, ,
20140326_1456_23, Notification, XTEAM Engine, MRSV, 59, Simulation execution completion, ,
20140326_1456_23, XTEAM, XTEAM Engine, MRSV, , ,
20140326_1456_41, Notification, XTEAM Engine, MRSV, 75, Simulation execution completion, ,
20140326_1456_41, XTEAM, XTEAM Engine, MRSV, , ,
20140326_1456_41, XTEAM, XTEAM Engine, MRSV, , ,
20140326_1456_41, XTEAM, XTEAM Engine, MRSV, , ,
20140326_1456_42, Notification, XTEAM Engine, MRSV, 74, Simulation execution completion, ,
20140326_1456_42, XTEAM, XTEAM Engine, MRSV, , ,
20140326_1456_42, XTEAM, XTEAM Engine, MRSV, , ,
20140326_1456_42, XTEAM, XTEAM Engine, MRSV, , ,
20140326_1456_53, Notification, XTEAM Engine, MRSV, 60, Simulation execution completion, ,
20140326_1456_53, XTEAM, XTEAM Engine, MRSV, , ,
20140326_1456_58, Snapshot, CoWare XTEAM Client, participant_0, 57, ,
20140326_1456_59, Snapshot, CoWare XTEAM Client, participant_0, 58, ,
20140326_1456_59, Notification, XTEAM Engine, MRSV, 76, Simulation execution completion, ,
20140326_1456_59, XTEAM, XTEAM Engine, MRSV, , ,
20140326_1457_00, XTEAM, XTEAM Engine, MRSV, , ,
20140326_1457_00, XTEAM, XTEAM Engine, MRSV, , ,
20140326_1457_16, Snapshot, CoWare XTEAM Client, participant_1, 36, ,
20140326_1457_34, Notification, XTEAM Engine, MRSV, 62, Simulation execution completion, ,
20140326_1457_34, XTEAM, XTEAM Engine, MRSV, , ,
20140326_1457_53, Notification, XTEAM Engine, MRSV, 65, Simulation execution completion, ,
20140326_1457_53, XTEAM, XTEAM Engine, MRSV, , ,
20140326_1457_56, Notification, XTEAM Engine, MRSV, 61, Simulation execution completion, ,
20140326_1457_56, XTEAM, XTEAM Engine, MRSV, , ,
20140326_1458_05, Notification, XTEAM Engine, MRSV, 64, Simulation execution completion, ,
20140326_1458_05, XTEAM, XTEAM Engine, MRSV, , ,
20140326_1458_20, Notification, XTEAM Engine, MRSV, 63, Simulation execution completion, ,
20140326_1458_20, XTEAM, XTEAM Engine, MRSV, , ,
20140326_1458_45, Notification, XTEAM Engine, MRSV, 66, Simulation execution completion, ,
20140326_1458_45, XTEAM, XTEAM Engine, MRSV, , ,
20140326_1458_55, Design, CoWare XTEAM Client, participant_0, 59, X`ecf5e7fb.34344ab0.8682f5bd.53849453`ATTR`forward`Task`MON::Model [Task]`Aspect=xADLBehaviorAspect&Position=280.196`f45445ab.d6a34b1a.8c0dd95e.faa85ceb`Process`MON::Model [Process]`executionTime=8&memoryUsage=10&taskInstruction=````````````, ,
20140326_1458_56, Notification, XTEAM Engine, MRSV, 77, Simulation execution beginning, ,
20140326_1459_19, Design, CoWare XTEAM Client, participant_0, 60, X`f603f85b.e43844a4.b3627b58.f951dcdf`ATTR`Host_Temp`Host`MON::Set [Host]`Aspect=xADLCoreAspect&Position=1106.763`53c8e4c.6bec48b1.8f5efd8e.55e34f54`Architecture`MON::Model [Architecture]`receiveEnergyCost=13.000000&receiveEnergyOverhead=45.000000&transmitEnergyCost=12.000000&transmitEnergyOverhead=40.000000````````````, ,
20140326_1459_20, Notification, XTEAM Engine, MRSV, 78, Simulation execution beginning, ,
20140326_1459_21, Design, CoWare XTEAM Client, participant_0, 61, X`f603f85b.e43844a4.b3627b58.f951dcdf`ATTR`Host_Temp`Host`MON::Set [Host]`Aspect=xADLCoreAspect&Position=1106.763`53c8e4c.6bec48b1.8f5efd8e.55e34f54`Architecture`MON::Model [Architecture]`receiveEnergyCost=20.000000&receiveEnergyOverhead=45.000000&transmitEnergyCost=12.000000&transmitEnergyOverhead=40.000000````````````, ,
20140326_1459_22, Notification, XTEAM Engine, MRSV, 77, Simulation execution completion, ,
20140326_1459_22, XTEAM, XTEAM Engine, MRSV, , ,
20140326_1459_22, XTEAM, XTEAM Engine, MRSV, , ,
20140326_1459_22, XTEAM, XTEAM Engine, MRSV, , ,
20140326_1459_22, Notification, XTEAM Engine, MRSV, 79, Simulation execution beginning, ,
20140326_1459_24, Design, CoWare XTEAM Client, participant_0, 62, X`f603f85b.e43844a4.b3627b58.f951dcdf`ATTR`Host_Temp`Host`MON::Set [Host]`Aspect=xADLCoreAspect&Position=1106.763`53c8e4c.6bec48b1.8f5efd8e.55e34f54`Architecture`MON::Model [Architecture]`receiveEnergyCost=20.000000&receiveEnergyOverhead=70.000000&transmitEnergyCost=12.000000&transmitEnergyOverhead=40.000000````````````, ,
20140326_1459_26, Notification, XTEAM Engine, MRSV, 80, Simulation execution beginning, ,
20140326_1459_37, Design, CoWare XTEAM Client, participant_1, 37, X`38aa871.eb549bc.aabb5f5f.9a0c5f7d`ATTR`generate`Task`MON::Model [Task]`Aspect=xADLBehaviorAspect&Position=189.196`9f0c917a.d5e346fb.857fc403.69d41261`Process`MON::Model [Process]`executionTime=5&memoryUsage=3&taskInstruction=nextRequest = new Request;|nextRequest->getRequestKind().value() = "Temperature";````````````, ,
20140326_1459_39, Notification, XTEAM Engine, MRSV, 81, Simulation execution beginning, ,
20140326_1459_41, Design, CoWare XTEAM Client, participant_1, 38, X`38aa871.eb549bc.aabb5f5f.9a0c5f7d`ATTR`generate`Task`MON::Model [Task]`Aspect=xADLBehaviorAspect&Position=189.196`9f0c917a.d5e346fb.857fc403.69d41261`Process`MON::Model [Process]`executionTime=5&memoryUsage=250&taskInstruction=nextRequest = new Request;|nextRequest->getRequestKind().value() = "Temperature";````````````, ,
20140326_1459_43, Notification, XTEAM Engine, MRSV, 82, Simulation execution beginning, ,
20140326_1459_55, Notification, XTEAM Engine, MRSV, 78, Simulation execution completion, ,
20140326_1459_55, XTEAM, XTEAM Engine, MRSV, , ,
20140326_1459_55, XTEAM, XTEAM Engine, MRSV, , ,
20140326_1459_55, XTEAM, XTEAM Engine, MRSV, , ,
20140326_1500_02, Notification, XTEAM Engine, MRSV, 79, Simulation execution completion, ,
20140326_1500_02, XTEAM, XTEAM Engine, MRSV, , ,
20140326_1500_02, XTEAM, XTEAM Engine, MRSV, , ,
20140326_1500_02, XTEAM, XTEAM Engine, MRSV, , ,
20140326_1500_02, Notification, XTEAM Engine, MRSV, 80, Simulation execution completion, ,
20140326_1500_02, XTEAM, XTEAM Engine, MRSV, , ,
20140326_1500_02, XTEAM, XTEAM Engine, MRSV, , ,
20140326_1500_02, XTEAM, XTEAM Engine, MRSV, , ,
20140326_1500_13, Notification, XTEAM Engine, MRSV, 81, Simulation execution completion, ,
20140326_1500_13, XTEAM, XTEAM Engine, MRSV, , ,
20140326_1500_13, XTEAM, XTEAM Engine, MRSV, , ,
20140326_1500_13, XTEAM, XTEAM Engine, MRSV, , ,
20140326_1500_21, Notification, XTEAM Engine, MRSV, 82, Simulation execution completion, ,
20140326_1500_21, XTEAM, XTEAM Engine, MRSV, , ,
20140326_1500_21, XTEAM, XTEAM Engine, MRSV, , ,
20140326_1500_21, XTEAM, XTEAM Engine, MRSV, , ,
20140326_1500_24, Snapshot, CoWare XTEAM Client, participant_0, 63, ,
20140326_1501_28, Snapshot, CoWare XTEAM Client, participant_1, 39, ,
20140326_1501_49, Design, CoWare XTEAM Client, participant_1, 40, X`2442e05e.7e534432.a652495a.4a8032a9`ATTR`generate`Task`MON::Model [Task]`Aspect=xADLBehaviorAspect&Position=189.196`ee842d2c.6fbd409b.b93189f8.bce88a2b`Process`MON::Model [Process]`executionTime=5&memoryUsage=3&taskInstruction=nextRequest = new Request;|nextRequest->getRequestKind().value() = "Temperature";````````````, ,
20140326_1501_50, Notification, XTEAM Engine, MRSV, 83, Simulation execution beginning, ,
20140326_1501_53, Design, CoWare XTEAM Client, participant_1, 41, X`2442e05e.7e534432.a652495a.4a8032a9`ATTR`generate`Task`MON::Model [Task]`Aspect=xADLBehaviorAspect&Position=189.196`ee842d2c.6fbd409b.b93189f8.bce88a2b`Process`MON::Model [Process]`executionTime=5&memoryUsage=250&taskInstruction=nextRequest = new Request;|nextRequest->getRequestKind().value() = "Temperature";````````````, ,
20140326_1501_54, Notification, XTEAM Engine, MRSV, 84, Simulation execution beginning, ,
20140326_1501_54, Snapshot, CoWare XTEAM Client, participant_1, 42, ,
20140326_1502_01, Snapshot, CoWare XTEAM Client, participant_0, 64, ,
20140326_1502_16, Notification, XTEAM Engine, MRSV, 83, Simulation execution completion, ,
20140326_1502_16, XTEAM, XTEAM Engine, MRSV, , ,
20140326_1502_16, XTEAM, XTEAM Engine, MRSV, , ,
20140326_1502_16, XTEAM, XTEAM Engine, MRSV, , ,
20140326_1502_20, Notification, XTEAM Engine, MRSV, 84, Simulation execution completion, ,
20140326_1502_20, XTEAM, XTEAM Engine, MRSV, , ,
20140326_1502_20, XTEAM, XTEAM Engine, MRSV, , ,
20140326_1502_20, XTEAM, XTEAM Engine, MRSV, , ,
20140326_1503_07, Design, CoWare XTEAM Client, participant_0, 65, X`d74a2c65.e78b436f.bb8c4d69.c6c262cf`ATTR`forward`Task`MON::Model [Task]`Aspect=xADLBehaviorAspect&Position=280.196`b0656a82.f464e5e.80ba3243.d6b28879`Process`MON::Model [Process]`executionTime=8&memoryUsage=10&taskInstruction=````````````, ,
20140326_1503_09, Notification, XTEAM Engine, MRSV, 85, Simulation execution beginning, ,
20140326_1503_21, Design, CoWare XTEAM Client, participant_0, 66, X`cc6f3a99.39734696.be3c4499.34632100`ATTR`Host_Salinity`Host`MON::Set [Host]`Aspect=xADLCoreAspect&Position=966.763`53c8e4c.6bec48b1.8f5efd8e.55e34f54`Architecture`MON::Model [Architecture]`receiveEnergyCost=13.000000&receiveEnergyOverhead=45.000000&transmitEnergyCost=12.000000&transmitEnergyOverhead=40.000000````````````, ,
20140326_1503_22, Notification, XTEAM Engine, MRSV, 86, Simulation execution beginning, ,
20140326_1503_22, Design, CoWare XTEAM Client, participant_0, 67, X`cc6f3a99.39734696.be3c4499.34632100`ATTR`Host_Salinity`Host`MON::Set [Host]`Aspect=xADLCoreAspect&Position=966.763`53c8e4c.6bec48b1.8f5efd8e.55e34f54`Architecture`MON::Model [Architecture]`receiveEnergyCost=20.000000&receiveEnergyOverhead=45.000000&transmitEnergyCost=12.000000&transmitEnergyOverhead=40.000000````````````, ,
20140326_1503_24, Notification, XTEAM Engine, MRSV, 87, Simulation execution beginning, ,
20140326_1503_25, Design, CoWare XTEAM Client, participant_0, 68, X`cc6f3a99.39734696.be3c4499.34632100`ATTR`Host_Salinity`Host`MON::Set [Host]`Aspect=xADLCoreAspect&Position=966.763`53c8e4c.6bec48b1.8f5efd8e.55e34f54`Architecture`MON::Model [Architecture]`receiveEnergyCost=20.000000&receiveEnergyOverhead=70.000000&transmitEnergyCost=12.000000&transmitEnergyOverhead=40.000000````````````, ,
20140326_1503_27, Notification, XTEAM Engine, MRSV, 88, Simulation execution beginning, ,
20140326_1503_36, Notification, XTEAM Engine, MRSV, 85, Simulation execution completion, ,
20140326_1503_36, XTEAM, XTEAM Engine, MRSV, , ,
20140326_1503_36, XTEAM, XTEAM Engine, MRSV, , ,
20140326_1503_36, XTEAM, XTEAM Engine, MRSV, , ,
20140326_1503_46, Notification, XTEAM Engine, MRSV, 86, Simulation execution completion, ,
20140326_1503_46, XTEAM, XTEAM Engine, MRSV, , ,
20140326_1503_46, XTEAM, XTEAM Engine, MRSV, , ,
20140326_1503_46, XTEAM, XTEAM Engine, MRSV, , ,
20140326_1503_48, Notification, XTEAM Engine, MRSV, 87, Simulation execution completion, ,
20140326_1503_48, XTEAM, XTEAM Engine, MRSV, , ,
20140326_1503_48, XTEAM, XTEAM Engine, MRSV, , ,
20140326_1503_48, XTEAM, XTEAM Engine, MRSV, , ,
20140326_1503_50, Notification, XTEAM Engine, MRSV, 88, Simulation execution completion, ,
20140326_1503_50, XTEAM, XTEAM Engine, MRSV, , ,
20140326_1503_50, XTEAM, XTEAM Engine, MRSV, , ,
20140326_1503_50, XTEAM, XTEAM Engine, MRSV, , ,
20140326_1504_02, Snapshot, CoWare XTEAM Client, participant_0, 69, ,
