TIME, Event name, OriginComponent, SenderUsername, EventID, Value, ,
20141128_1539_48, Login, FLAME Client, participant_0, , ,
20141128_1539_50, Login, XTEAM Engine, participant_0, , ,
20141128_1540_06, Login, FLAME Client, participant_1, , ,
20141128_1540_08, Login, XTEAM Engine, participant_1, , ,
20141128_1540_55, Design, FLAME Client, participant_1, 1, X`bafd5b06.6735499a.84992815.7e8995e0`REGISTRY`forwardTask`Process`MON::Model [Process]`Aspect=xADLBehaviorAspect&Position=259.196`b1f650e.389e49d0.ac724873.20f395e8`Component`MON::Model [Component]`initialProcess=false````````````, ,
20141128_1540_57, Notification, XTEAM Engine, participant_1, 1, Simulation execution beginning, ,
20141128_1541_33, Notification, XTEAM Engine, participant_1, 1, Simulation execution completion, ,
20141128_1541_33, XTEAM, XTEAM Engine, participant_1, , ,
20141128_1541_33, XTEAM, XTEAM Engine, participant_1, , ,
20141128_1541_33, XTEAM, XTEAM Engine, participant_1, , ,
20141128_1543_19, Design, FLAME Client, participant_0, 1, X`3a60805b.3a524f70.a064acd1.88108a11`ATTR`generate`Task`MON::Model [Task]`Aspect=xADLBehaviorAspect&Position=301.259`fd961ab4.712348fe.91a8653d.18529735`Process`MON::Model [Process]`executionTime=7.5&memoryUsage=3&taskInstruction=nextTask = new Task;|nextTask->getTaskState().value() = 0;|nextTask->getTaskID().value() = taskIDCounter->getNextTaskID().value()++;````````````, ,
20141128_1543_21, Notification, XTEAM Engine, participant_0, 1, Simulation execution beginning, ,
20141128_1543_30, Design, FLAME Client, participant_0, 2, X`3a60805b.3a524f70.a064acd1.88108a11`ATTR`generate`Task`MON::Model [Task]`Aspect=xADLBehaviorAspect&Position=301.259`fd961ab4.712348fe.91a8653d.18529735`Process`MON::Model [Process]`executionTime=7.5&memoryUsage=&taskInstruction=nextTask = new Task;|nextTask->getTaskState().value() = 0;|nextTask->getTaskID().value() = taskIDCounter->getNextTaskID().value()++;````````````, ,
20141128_1543_31, Notification, XTEAM Engine, participant_0, 2, Simulation execution beginning, ,
20141128_1543_37, Design, FLAME Client, participant_0, 3, X`3a60805b.3a524f70.a064acd1.88108a11`ATTR`generate`Task`MON::Model [Task]`Aspect=xADLBehaviorAspect&Position=301.259`fd961ab4.712348fe.91a8653d.18529735`Process`MON::Model [Process]`executionTime=7.5&memoryUsage=5500&taskInstruction=nextTask = new Task;|nextTask->getTaskState().value() = 0;|nextTask->getTaskID().value() = taskIDCounter->getNextTaskID().value()++;````````````, ,
20141128_1543_38, Notification, XTEAM Engine, participant_0, 3, Simulation execution beginning, ,
20141128_1544_00, Notification, XTEAM Engine, participant_0, 1, Simulation execution completion, ,
20141128_1544_00, XTEAM, XTEAM Engine, participant_0, , ,
20141128_1544_00, XTEAM, XTEAM Engine, participant_0, , ,
20141128_1544_00, XTEAM, XTEAM Engine, participant_0, , ,
20141128_1544_01, Design, FLAME Client, participant_0, 4, X`de311a94.5ac54159.8e7ae434.321ec71e`ATTR`HostSAT`Host`MON::Set [Host]`Aspect=xADLCoreAspect&Position=1610.497`bb42af9e.ee894de6.a8870ee2.566cbbfe`Architecture`MON::Model [Architecture]`receiveEnergyCost=101.280000&receiveEnergyOverhead=64.990000&transmitEnergyCost=182.000000&transmitEnergyOverhead=82.450000````````````, ,
20141128_1544_02, Notification, XTEAM Engine, participant_0, 4, Simulation execution beginning, ,
20141128_1544_09, Notification, XTEAM Engine, participant_0, 2, Simulation execution completion, ,
20141128_1544_09, XTEAM, XTEAM Engine, participant_0, , ,
20141128_1544_09, XTEAM, XTEAM Engine, participant_0, , ,
20141128_1544_09, XTEAM, XTEAM Engine, participant_0, , ,
20141128_1544_12, Design, FLAME Client, participant_0, 5, X`de311a94.5ac54159.8e7ae434.321ec71e`ATTR`HostSAT`Host`MON::Set [Host]`Aspect=xADLCoreAspect&Position=1610.497`bb42af9e.ee894de6.a8870ee2.566cbbfe`Architecture`MON::Model [Architecture]`receiveEnergyCost=101.280000&receiveEnergyOverhead=64.990000&transmitEnergyCost=182.000000&transmitEnergyOverhead=217.000000````````````, ,
20141128_1544_14, Notification, XTEAM Engine, participant_0, 5, Simulation execution beginning, ,
20141128_1544_16, Notification, XTEAM Engine, participant_0, 3, Simulation execution completion, ,
20141128_1544_16, XTEAM, XTEAM Engine, participant_0, , ,
20141128_1544_16, XTEAM, XTEAM Engine, participant_0, , ,
20141128_1544_16, XTEAM, XTEAM Engine, participant_0, , ,
20141128_1544_37, Notification, XTEAM Engine, participant_0, 4, Simulation execution completion, ,
20141128_1544_37, XTEAM, XTEAM Engine, participant_0, , ,
20141128_1544_37, XTEAM, XTEAM Engine, participant_0, , ,
20141128_1544_37, XTEAM, XTEAM Engine, participant_0, , ,
20141128_1544_45, Notification, XTEAM Engine, participant_0, 5, Simulation execution completion, ,
20141128_1544_45, XTEAM, XTEAM Engine, participant_0, , ,
20141128_1544_45, XTEAM, XTEAM Engine, participant_0, , ,
20141128_1544_45, XTEAM, XTEAM Engine, participant_0, , ,
20141128_1545_58, Design, FLAME Client, participant_1, 2, X`cdc6010e.7cf74d31.85daf3c3.1e9a4be8`ATTR`Host_Client`Host`MON::Set [Host]`Aspect=xADLCoreAspect&Position=28.560`bb42af9e.ee894de6.a8870ee2.566cbbfe`Architecture`MON::Model [Architecture]`receiveEnergyCost=150.010000&receiveEnergyOverhead=101.860000&transmitEnergyCost=312.000000&transmitEnergyOverhead=129.870000````````````, ,
20141128_1545_59, Notification, XTEAM Engine, participant_1, 2, Simulation execution beginning, ,
20141128_1546_04, Design, FLAME Client, participant_1, 3, X`cdc6010e.7cf74d31.85daf3c3.1e9a4be8`ATTR`Host_Client`Host`MON::Set [Host]`Aspect=xADLCoreAspect&Position=28.560`bb42af9e.ee894de6.a8870ee2.566cbbfe`Architecture`MON::Model [Architecture]`receiveEnergyCost=150.010000&receiveEnergyOverhead=101.860000&transmitEnergyCost=312.000000&transmitEnergyOverhead=314.000000````````````, ,
20141128_1546_05, Notification, XTEAM Engine, participant_1, 3, Simulation execution beginning, ,
20141128_1546_33, Notification, XTEAM Engine, participant_1, 2, Simulation execution completion, ,
20141128_1546_33, XTEAM, XTEAM Engine, participant_1, , ,
20141128_1546_33, XTEAM, XTEAM Engine, participant_1, , ,
20141128_1546_33, XTEAM, XTEAM Engine, participant_1, , ,
20141128_1546_38, Notification, XTEAM Engine, participant_1, 3, Simulation execution completion, ,
20141128_1546_38, XTEAM, XTEAM Engine, participant_1, , ,
20141128_1546_38, XTEAM, XTEAM Engine, participant_1, , ,
20141128_1546_38, XTEAM, XTEAM Engine, participant_1, , ,
20141128_1546_51, Design, FLAME Client, participant_1, 4, X`4c379791.2eea468a.a8abbb1d.e5fba9bb`ATTR`perform`Task`MON::Model [Task]`Aspect=xADLBehaviorAspect&Position=336.217`c270ab26.2fff4b88.bf50a288.2d000ee5`Process`MON::Model [Process]`executionTime=350&memoryUsage=27&taskInstruction=nextResult[thread_id] = new Result;|nextResult[thread_id]->getResultState().value() = 0;|nextResult[thread_id]->getResultID().value() = nextTask[thread_id]->getTaskID().value();|nextResult[thread_id]->getResultValue().value() = 1;````````````, ,
20141128_1546_52, Notification, XTEAM Engine, participant_1, 4, Simulation execution beginning, ,
20141128_1547_23, Notification, XTEAM Engine, participant_1, 4, Simulation execution completion, ,
20141128_1547_23, XTEAM, XTEAM Engine, participant_1, , ,
20141128_1547_23, XTEAM, XTEAM Engine, participant_1, , ,
20141128_1547_23, XTEAM, XTEAM Engine, participant_1, , ,
20141128_1547_54, Design, FLAME Client, participant_1, 5, X`4c379791.2eea468a.a8abbb1d.e5fba9bb`ATTR`perform`Task`MON::Model [Task]`Aspect=xADLBehaviorAspect&Position=336.217`c270ab26.2fff4b88.bf50a288.2d000ee5`Process`MON::Model [Process]`executionTime=350&memoryUsage=39&taskInstruction=nextResult[thread_id] = new Result;|nextResult[thread_id]->getResultState().value() = 0;|nextResult[thread_id]->getResultID().value() = nextTask[thread_id]->getTaskID().value();|nextResult[thread_id]->getResultValue().value() = 1;````````````, ,
20141128_1547_55, Notification, XTEAM Engine, participant_1, 5, Simulation execution beginning, ,
20141128_1548_05, Design, FLAME Client, participant_0, 6, X`3a60805b.3a524f70.a064acd1.88108a11`ATTR`generate`Task`MON::Model [Task]`Aspect=xADLBehaviorAspect&Position=301.259`fd961ab4.712348fe.91a8653d.18529735`Process`MON::Model [Process]`executionTime=7.0&memoryUsage=5500&taskInstruction=nextTask = new Task;|nextTask->getTaskState().value() = 0;|nextTask->getTaskID().value() = taskIDCounter->getNextTaskID().value()++;````````````, ,
20141128_1548_06, Notification, XTEAM Engine, participant_0, 6, Simulation execution beginning, ,
20141128_1548_16, Design, FLAME Client, participant_0, 7, X`3a60805b.3a524f70.a064acd1.88108a11`ATTR`generate`Task`MON::Model [Task]`Aspect=xADLBehaviorAspect&Position=301.259`fd961ab4.712348fe.91a8653d.18529735`Process`MON::Model [Process]`executionTime=7.0&memoryUsage=11000&taskInstruction=nextTask = new Task;|nextTask->getTaskState().value() = 0;|nextTask->getTaskID().value() = taskIDCounter->getNextTaskID().value()++;````````````, ,
20141128_1548_17, Notification, XTEAM Engine, participant_0, 7, Simulation execution beginning, ,
20141128_1548_22, Design, FLAME Client, participant_1, 6, X`64e3f498.f1114939.ba695f73.d07188e3`ATTR`perform`Task`MON::Model [Task]`Aspect=xADLBehaviorAspect&Position=308.301`d640f4b9.22e14264.b459176e.af6b895e`Process`MON::Model [Process]`executionTime=350&memoryUsage=27&taskInstruction=nextResult[thread_id] = new Result;|nextResult[thread_id]->getResultState().value() = 0;|nextResult[thread_id]->getResultID().value() = nextTask[thread_id]->getTaskID().value();|nextResult[thread_id]->getResultValue().value() = 1;````````````, ,
20141128_1548_23, Notification, XTEAM Engine, participant_1, 6, Simulation execution beginning, ,
20141128_1548_30, Notification, XTEAM Engine, participant_1, 5, Simulation execution completion, ,
20141128_1548_30, XTEAM, XTEAM Engine, participant_1, , ,
20141128_1548_30, XTEAM, XTEAM Engine, participant_1, , ,
20141128_1548_30, XTEAM, XTEAM Engine, participant_1, , ,
20141128_1548_37, Design, FLAME Client, participant_0, 8, X`de311a94.5ac54159.8e7ae434.321ec71e`ATTR`HostSAT`Host`MON::Set [Host]`Aspect=xADLCoreAspect&Position=1610.497`bb42af9e.ee894de6.a8870ee2.566cbbfe`Architecture`MON::Model [Architecture]`receiveEnergyCost=101.280000&receiveEnergyOverhead=64.990000&transmitEnergyCost=330.000000&transmitEnergyOverhead=217.000000````````````, ,
20141128_1548_39, Notification, XTEAM Engine, participant_0, 8, Simulation execution beginning, ,
20141128_1548_43, Notification, XTEAM Engine, participant_0, 6, Simulation execution completion, ,
20141128_1548_43, XTEAM, XTEAM Engine, participant_0, , ,
20141128_1548_43, XTEAM, XTEAM Engine, participant_0, , ,
20141128_1548_44, XTEAM, XTEAM Engine, participant_0, , ,
20141128_1548_48, Design, FLAME Client, participant_0, 9, X`de311a94.5ac54159.8e7ae434.321ec71e`ATTR`HostSAT`Host`MON::Set [Host]`Aspect=xADLCoreAspect&Position=1610.497`bb42af9e.ee894de6.a8870ee2.566cbbfe`Architecture`MON::Model [Architecture]`receiveEnergyCost=101.280000&receiveEnergyOverhead=64.990000&transmitEnergyCost=330.000000&transmitEnergyOverhead=429.000000````````````, ,
20141128_1548_48, Notification, XTEAM Engine, participant_0, 9, Simulation execution beginning, ,
20141128_1548_54, Notification, XTEAM Engine, participant_0, 7, Simulation execution completion, ,
20141128_1548_54, XTEAM, XTEAM Engine, participant_0, , ,
20141128_1548_54, XTEAM, XTEAM Engine, participant_0, , ,
20141128_1548_54, XTEAM, XTEAM Engine, participant_0, , ,
20141128_1548_59, Notification, XTEAM Engine, participant_1, 6, Simulation execution completion, ,
20141128_1548_59, XTEAM, XTEAM Engine, participant_1, , ,
20141128_1548_59, XTEAM, XTEAM Engine, participant_1, , ,
20141128_1548_59, XTEAM, XTEAM Engine, participant_1, , ,
20141128_1549_01, Design, FLAME Client, participant_1, 7, X`64e3f498.f1114939.ba695f73.d07188e3`ATTR`perform`Task`MON::Model [Task]`Aspect=xADLBehaviorAspect&Position=308.301`d640f4b9.22e14264.b459176e.af6b895e`Process`MON::Model [Process]`executionTime=350&memoryUsage=39&taskInstruction=nextResult[thread_id] = new Result;|nextResult[thread_id]->getResultState().value() = 0;|nextResult[thread_id]->getResultID().value() = nextTask[thread_id]->getTaskID().value();|nextResult[thread_id]->getResultValue().value() = 1;````````````, ,
20141128_1549_03, Notification, XTEAM Engine, participant_1, 7, Simulation execution beginning, ,
20141128_1549_14, Notification, XTEAM Engine, participant_0, 8, Simulation execution completion, ,
20141128_1549_14, XTEAM, XTEAM Engine, participant_0, , ,
20141128_1549_14, XTEAM, XTEAM Engine, participant_0, , ,
20141128_1549_14, XTEAM, XTEAM Engine, participant_0, , ,
20141128_1549_22, Notification, XTEAM Engine, participant_0, 9, Simulation execution completion, ,
20141128_1549_22, XTEAM, XTEAM Engine, participant_0, , ,
20141128_1549_22, XTEAM, XTEAM Engine, participant_0, , ,
20141128_1549_22, XTEAM, XTEAM Engine, participant_0, , ,
20141128_1549_33, Notification, XTEAM Engine, participant_1, 7, Simulation execution completion, ,
20141128_1549_33, XTEAM, XTEAM Engine, participant_1, , ,
20141128_1549_33, XTEAM, XTEAM Engine, participant_1, , ,
20141128_1549_33, XTEAM, XTEAM Engine, participant_1, , ,
20141128_1549_42, Design, FLAME Client, participant_1, 8, X`cdc6010e.7cf74d31.85daf3c3.1e9a4be8`ATTR`Host_Client`Host`MON::Set [Host]`Aspect=xADLCoreAspect&Position=28.560`bb42af9e.ee894de6.a8870ee2.566cbbfe`Architecture`MON::Model [Architecture]`receiveEnergyCost=150.010000&receiveEnergyOverhead=101.860000&transmitEnergyCost=312.000000&transmitEnergyOverhead=341.000000````````````, ,
20141128_1549_43, Notification, XTEAM Engine, participant_1, 8, Simulation execution beginning, ,
20141128_1550_15, Notification, XTEAM Engine, participant_1, 8, Simulation execution completion, ,
20141128_1550_15, XTEAM, XTEAM Engine, participant_1, , ,
20141128_1550_15, XTEAM, XTEAM Engine, participant_1, , ,
20141128_1550_15, XTEAM, XTEAM Engine, participant_1, , ,
20141128_1550_43, Design, FLAME Client, participant_1, 9, X`25fea250.79aa4baf.b62be506.e9d1819a`ATTR`Host_GCE`Host`MON::Set [Host]`Aspect=xADLCoreAspect&Position=161.560`bb42af9e.ee894de6.a8870ee2.566cbbfe`Architecture`MON::Model [Architecture]`receiveEnergyCost=150.010000&receiveEnergyOverhead=101.860000&transmitEnergyCost=312.000000&transmitEnergyOverhead=129.870000````````````, ,
20141128_1550_44, Notification, XTEAM Engine, participant_1, 9, Simulation execution beginning, ,
20141128_1551_13, Notification, XTEAM Engine, participant_1, 9, Simulation execution completion, ,
20141128_1551_13, XTEAM, XTEAM Engine, participant_1, , ,
20141128_1551_13, XTEAM, XTEAM Engine, participant_1, , ,
20141128_1551_13, XTEAM, XTEAM Engine, participant_1, , ,
20141128_1551_16, Design, FLAME Client, participant_1, 10, X`25fea250.79aa4baf.b62be506.e9d1819a`ATTR`Host_GCE`Host`MON::Set [Host]`Aspect=xADLCoreAspect&Position=161.560`bb42af9e.ee894de6.a8870ee2.566cbbfe`Architecture`MON::Model [Architecture]`receiveEnergyCost=150.010000&receiveEnergyOverhead=101.860000&transmitEnergyCost=312.000000&transmitEnergyOverhead=341.000000````````````, ,
20141128_1551_17, Notification, XTEAM Engine, participant_1, 10, Simulation execution beginning, ,
20141128_1551_48, Notification, XTEAM Engine, participant_1, 10, Simulation execution completion, ,
20141128_1551_48, XTEAM, XTEAM Engine, participant_1, , ,
20141128_1551_48, XTEAM, XTEAM Engine, participant_1, , ,
20141128_1551_48, XTEAM, XTEAM Engine, participant_1, , ,
20141128_1552_32, Design, FLAME Client, participant_0, 10, X`3f426f4b.6d164164.816fe575.67a4324f`ATTR`generate`Task`MON::Model [Task]`Aspect=xADLBehaviorAspect&Position=301.259`37598ce1.81784bb5.996843e8.1d554a61`Process`MON::Model [Process]`executionTime=7.5&memoryUsage=3&taskInstruction=nextTask = new Task;|nextTask->getTaskState().value() = 0;|nextTask->getTaskID().value() = taskIDCounter->getNextTaskID().value()++;````````````, ,
20141128_1552_33, Notification, XTEAM Engine, participant_0, 10, Simulation execution beginning, ,
20141128_1552_38, Design, FLAME Client, participant_0, 11, X`3f426f4b.6d164164.816fe575.67a4324f`ATTR`generate`Task`MON::Model [Task]`Aspect=xADLBehaviorAspect&Position=301.259`37598ce1.81784bb5.996843e8.1d554a61`Process`MON::Model [Process]`executionTime=7.5&memoryUsage=5500&taskInstruction=nextTask = new Task;|nextTask->getTaskState().value() = 0;|nextTask->getTaskID().value() = taskIDCounter->getNextTaskID().value()++;````````````, ,
20141128_1552_39, Notification, XTEAM Engine, participant_0, 11, Simulation execution beginning, ,
20141128_1552_54, Design, FLAME Client, participant_0, 12, X`176369f9.b385435c.b2d59a0f.66ba660c`ATTR`Host_SubsetSum`Host`MON::Set [Host]`Aspect=xADLCoreAspect&Position=1610.385`bb42af9e.ee894de6.a8870ee2.566cbbfe`Architecture`MON::Model [Architecture]`receiveEnergyCost=101.280000&receiveEnergyOverhead=64.990000&transmitEnergyCost=182.000000&transmitEnergyOverhead=82.450000````````````, ,
20141128_1552_55, Notification, XTEAM Engine, participant_0, 12, Simulation execution beginning, ,
20141128_1553_05, Design, FLAME Client, participant_0, 13, X`176369f9.b385435c.b2d59a0f.66ba660c`ATTR`Host_SubsetSum`Host`MON::Set [Host]`Aspect=xADLCoreAspect&Position=1610.385`bb42af9e.ee894de6.a8870ee2.566cbbfe`Architecture`MON::Model [Architecture]`receiveEnergyCost=101.280000&receiveEnergyOverhead=64.990000&transmitEnergyCost=182.000000&transmitEnergyOverhead=217.000000````````````, ,
20141128_1553_06, Notification, XTEAM Engine, participant_0, 10, Simulation execution completion, ,
20141128_1553_06, XTEAM, XTEAM Engine, participant_0, , ,
20141128_1553_06, XTEAM, XTEAM Engine, participant_0, , ,
20141128_1553_06, XTEAM, XTEAM Engine, participant_0, , ,
20141128_1553_07, Notification, XTEAM Engine, participant_0, 13, Simulation execution beginning, ,
20141128_1553_13, Notification, XTEAM Engine, participant_0, 11, Simulation execution completion, ,
20141128_1553_13, XTEAM, XTEAM Engine, participant_0, , ,
20141128_1553_13, XTEAM, XTEAM Engine, participant_0, , ,
20141128_1553_13, XTEAM, XTEAM Engine, participant_0, , ,
20141128_1553_29, Notification, XTEAM Engine, participant_0, 12, Simulation execution completion, ,
20141128_1553_29, XTEAM, XTEAM Engine, participant_0, , ,
20141128_1553_29, XTEAM, XTEAM Engine, participant_0, , ,
20141128_1553_29, XTEAM, XTEAM Engine, participant_0, , ,
20141128_1553_39, Notification, XTEAM Engine, participant_0, 13, Simulation execution completion, ,
20141128_1553_39, XTEAM, XTEAM Engine, participant_0, , ,
20141128_1553_39, XTEAM, XTEAM Engine, participant_0, , ,
20141128_1553_39, XTEAM, XTEAM Engine, participant_0, , ,
20141128_1554_09, Design, FLAME Client, participant_1, 11, X`25fea250.79aa4baf.b62be506.e9d1819a`REGISTRY`Host_GCE`Host`MON::Set [Host]`Aspect=xADLCoreAspect&Position=168.560`bb42af9e.ee894de6.a8870ee2.566cbbfe`Architecture`MON::Model [Architecture]`receiveEnergyCost=150.010000&receiveEnergyOverhead=101.860000&transmitEnergyCost=312.000000&transmitEnergyOverhead=341.000000````````````, ,
20141128_1554_11, Notification, XTEAM Engine, participant_1, 11, Simulation execution beginning, ,
20141128_1554_40, Notification, XTEAM Engine, participant_1, 11, Simulation execution completion, ,
20141128_1554_40, XTEAM, XTEAM Engine, participant_1, , ,
20141128_1554_40, XTEAM, XTEAM Engine, participant_1, , ,
20141128_1554_40, XTEAM, XTEAM Engine, participant_1, , ,
20141128_1554_44, Design, FLAME Client, participant_1, 12, X`25fea250.79aa4baf.b62be506.e9d1819a`ATTR`Host_GCE`Host`MON::Set [Host]`Aspect=xADLCoreAspect&Position=168.560`bb42af9e.ee894de6.a8870ee2.566cbbfe`Architecture`MON::Model [Architecture]`receiveEnergyCost=150.010000&receiveEnergyOverhead=101.860000&transmitEnergyCost=105.110000&transmitEnergyOverhead=341.000000````````````, ,
20141128_1554_45, Notification, XTEAM Engine, participant_1, 12, Simulation execution beginning, ,
20141128_1555_06, Design, FLAME Client, participant_1, 13, X`25fea250.79aa4baf.b62be506.e9d1819a`ATTR`Host_GCE`Host`MON::Set [Host]`Aspect=xADLCoreAspect&Position=168.560`bb42af9e.ee894de6.a8870ee2.566cbbfe`Architecture`MON::Model [Architecture]`receiveEnergyCost=150.010000&receiveEnergyOverhead=101.860000&transmitEnergyCost=105.110000&transmitEnergyOverhead=129.870000````````````, ,
20141128_1555_07, Notification, XTEAM Engine, participant_1, 13, Simulation execution beginning, ,
20141128_1555_16, Notification, XTEAM Engine, participant_1, 12, Simulation execution completion, ,
20141128_1555_16, XTEAM, XTEAM Engine, participant_1, , ,
20141128_1555_16, XTEAM, XTEAM Engine, participant_1, , ,
20141128_1555_16, XTEAM, XTEAM Engine, participant_1, , ,
20141128_1555_27, Design, FLAME Client, participant_0, 14, X`3f426f4b.6d164164.816fe575.67a4324f`ATTR`generate`Task`MON::Model [Task]`Aspect=xADLBehaviorAspect&Position=301.259`37598ce1.81784bb5.996843e8.1d554a61`Process`MON::Model [Process]`executionTime=7.0&memoryUsage=5500&taskInstruction=nextTask = new Task;|nextTask->getTaskState().value() = 0;|nextTask->getTaskID().value() = taskIDCounter->getNextTaskID().value()++;````````````, ,
20141128_1555_28, Notification, XTEAM Engine, participant_0, 14, Simulation execution beginning, ,
20141128_1555_33, Design, FLAME Client, participant_0, 15, X`3f426f4b.6d164164.816fe575.67a4324f`ATTR`generate`Task`MON::Model [Task]`Aspect=xADLBehaviorAspect&Position=301.259`37598ce1.81784bb5.996843e8.1d554a61`Process`MON::Model [Process]`executionTime=7.0&memoryUsage=11000&taskInstruction=nextTask = new Task;|nextTask->getTaskState().value() = 0;|nextTask->getTaskID().value() = taskIDCounter->getNextTaskID().value()++;````````````, ,
20141128_1555_34, Notification, XTEAM Engine, participant_0, 15, Simulation execution beginning, ,
20141128_1555_38, Notification, XTEAM Engine, participant_1, 13, Simulation execution completion, ,
20141128_1555_38, XTEAM, XTEAM Engine, participant_1, , ,
20141128_1555_38, XTEAM, XTEAM Engine, participant_1, , ,
20141128_1555_38, XTEAM, XTEAM Engine, participant_1, , ,
20141128_1555_44, Design, FLAME Client, participant_0, 16, X`176369f9.b385435c.b2d59a0f.66ba660c`ATTR`Host_SubsetSum`Host`MON::Set [Host]`Aspect=xADLCoreAspect&Position=1610.385`bb42af9e.ee894de6.a8870ee2.566cbbfe`Architecture`MON::Model [Architecture]`receiveEnergyCost=101.280000&receiveEnergyOverhead=64.990000&transmitEnergyCost=330.000000&transmitEnergyOverhead=217.000000````````````, ,
20141128_1555_46, Notification, XTEAM Engine, participant_0, 16, Simulation execution beginning, ,
20141128_1555_51, Design, FLAME Client, participant_0, 17, X`176369f9.b385435c.b2d59a0f.66ba660c`ATTR`Host_SubsetSum`Host`MON::Set [Host]`Aspect=xADLCoreAspect&Position=1610.385`bb42af9e.ee894de6.a8870ee2.566cbbfe`Architecture`MON::Model [Architecture]`receiveEnergyCost=101.280000&receiveEnergyOverhead=64.990000&transmitEnergyCost=330.000000&transmitEnergyOverhead=429.000000````````````, ,
20141128_1555_53, Notification, XTEAM Engine, participant_0, 17, Simulation execution beginning, ,
20141128_1556_03, Notification, XTEAM Engine, participant_0, 14, Simulation execution completion, ,
20141128_1556_03, XTEAM, XTEAM Engine, participant_0, , ,
20141128_1556_03, XTEAM, XTEAM Engine, participant_0, , ,
20141128_1556_03, XTEAM, XTEAM Engine, participant_0, , ,
20141128_1556_10, Notification, XTEAM Engine, participant_0, 15, Simulation execution completion, ,
20141128_1556_10, XTEAM, XTEAM Engine, participant_0, , ,
20141128_1556_10, XTEAM, XTEAM Engine, participant_0, , ,
20141128_1556_10, XTEAM, XTEAM Engine, participant_0, , ,
20141128_1556_20, Notification, XTEAM Engine, participant_0, 16, Simulation execution completion, ,
20141128_1556_20, XTEAM, XTEAM Engine, participant_0, , ,
20141128_1556_20, XTEAM, XTEAM Engine, participant_0, , ,
20141128_1556_20, XTEAM, XTEAM Engine, participant_0, , ,
20141128_1556_24, Notification, XTEAM Engine, participant_0, 17, Simulation execution completion, ,
20141128_1556_24, XTEAM, XTEAM Engine, participant_0, , ,
20141128_1556_24, XTEAM, XTEAM Engine, participant_0, , ,
20141128_1556_24, XTEAM, XTEAM Engine, participant_0, , ,
20141128_1558_49, Design, FLAME Client, participant_0, 18, X`3a60805b.3a524f70.a064acd1.88108a11`ATTR`generate`Task`MON::Model [Task]`Aspect=xADLBehaviorAspect&Position=301.259`fd961ab4.712348fe.91a8653d.18529735`Process`MON::Model [Process]`executionTime=7.5&memoryUsage=11000&taskInstruction=nextTask = new Task;|nextTask->getTaskState().value() = 0;|nextTask->getTaskID().value() = taskIDCounter->getNextTaskID().value()++;````````````, ,
20141128_1558_50, Notification, XTEAM Engine, participant_0, 18, Simulation execution beginning, ,
20141128_1558_53, Design, FLAME Client, participant_0, 19, X`3a60805b.3a524f70.a064acd1.88108a11`ATTR`generate`Task`MON::Model [Task]`Aspect=xADLBehaviorAspect&Position=301.259`fd961ab4.712348fe.91a8653d.18529735`Process`MON::Model [Process]`executionTime=7.5&memoryUsage=5500&taskInstruction=nextTask = new Task;|nextTask->getTaskState().value() = 0;|nextTask->getTaskID().value() = taskIDCounter->getNextTaskID().value()++;````````````, ,
20141128_1558_54, Notification, XTEAM Engine, participant_0, 19, Simulation execution beginning, ,
20141128_1558_55, Design, FLAME Client, participant_1, 14, X`cdc6010e.7cf74d31.85daf3c3.1e9a4be8`ATTR`Host_Client`Host`MON::Set [Host]`Aspect=xADLCoreAspect&Position=28.560`bb42af9e.ee894de6.a8870ee2.566cbbfe`Architecture`MON::Model [Architecture]`receiveEnergyCost=150.010000&receiveEnergyOverhead=101.860000&transmitEnergyCost=105.110000&transmitEnergyOverhead=341.000000````````````, ,
20141128_1558_56, Notification, XTEAM Engine, participant_1, 14, Simulation execution beginning, ,
20141128_1559_01, Design, FLAME Client, participant_0, 20, X`3f426f4b.6d164164.816fe575.67a4324f`ATTR`generate`Task`MON::Model [Task]`Aspect=xADLBehaviorAspect&Position=301.259`37598ce1.81784bb5.996843e8.1d554a61`Process`MON::Model [Process]`executionTime=7.5&memoryUsage=11000&taskInstruction=nextTask = new Task;|nextTask->getTaskState().value() = 0;|nextTask->getTaskID().value() = taskIDCounter->getNextTaskID().value()++;````````````, ,
20141128_1559_02, Notification, XTEAM Engine, participant_0, 20, Simulation execution beginning, ,
20141128_1559_04, Design, FLAME Client, participant_1, 15, X`cdc6010e.7cf74d31.85daf3c3.1e9a4be8`ATTR`Host_Client`Host`MON::Set [Host]`Aspect=xADLCoreAspect&Position=28.560`bb42af9e.ee894de6.a8870ee2.566cbbfe`Architecture`MON::Model [Architecture]`receiveEnergyCost=150.010000&receiveEnergyOverhead=101.860000&transmitEnergyCost=105.110000&transmitEnergyOverhead=129.870000````````````, ,
20141128_1559_04, Design, FLAME Client, participant_0, 21, X`3f426f4b.6d164164.816fe575.67a4324f`ATTR`generate`Task`MON::Model [Task]`Aspect=xADLBehaviorAspect&Position=301.259`37598ce1.81784bb5.996843e8.1d554a61`Process`MON::Model [Process]`executionTime=7.5&memoryUsage=5500&taskInstruction=nextTask = new Task;|nextTask->getTaskState().value() = 0;|nextTask->getTaskID().value() = taskIDCounter->getNextTaskID().value()++;````````````, ,
20141128_1559_05, Notification, XTEAM Engine, participant_1, 15, Simulation execution beginning, ,
20141128_1559_06, Notification, XTEAM Engine, participant_0, 21, Simulation execution beginning, ,
20141128_1559_20, Design, FLAME Client, participant_0, 22, X`176369f9.b385435c.b2d59a0f.66ba660c`ATTR`Host_SubsetSum`Host`MON::Set [Host]`Aspect=xADLCoreAspect&Position=1610.385`bb42af9e.ee894de6.a8870ee2.566cbbfe`Architecture`MON::Model [Architecture]`receiveEnergyCost=101.280000&receiveEnergyOverhead=64.990000&transmitEnergyCost=182.000000&transmitEnergyOverhead=429.000000````````````, ,
20141128_1559_22, Notification, XTEAM Engine, participant_0, 22, Simulation execution beginning, ,
20141128_1559_27, Design, FLAME Client, participant_1, 16, X`64e3f498.f1114939.ba695f73.d07188e3`ATTR`perform`Task`MON::Model [Task]`Aspect=xADLBehaviorAspect&Position=308.301`d640f4b9.22e14264.b459176e.af6b895e`Process`MON::Model [Process]`executionTime=500&memoryUsage=39&taskInstruction=nextResult[thread_id] = new Result;|nextResult[thread_id]->getResultState().value() = 0;|nextResult[thread_id]->getResultID().value() = nextTask[thread_id]->getTaskID().value();|nextResult[thread_id]->getResultValue().value() = 1;````````````, ,
20141128_1559_29, Notification, XTEAM Engine, participant_1, 16, Simulation execution beginning, ,
20141128_1559_29, Design, FLAME Client, participant_0, 23, X`176369f9.b385435c.b2d59a0f.66ba660c`ATTR`Host_SubsetSum`Host`MON::Set [Host]`Aspect=xADLCoreAspect&Position=1610.385`bb42af9e.ee894de6.a8870ee2.566cbbfe`Architecture`MON::Model [Architecture]`receiveEnergyCost=101.280000&receiveEnergyOverhead=64.990000&transmitEnergyCost=182.000000&transmitEnergyOverhead=217.000000````````````, ,
20141128_1559_30, Notification, XTEAM Engine, participant_0, 23, Simulation execution beginning, ,
20141128_1559_31, Design, FLAME Client, participant_1, 17, X`64e3f498.f1114939.ba695f73.d07188e3`ATTR`perform`Task`MON::Model [Task]`Aspect=xADLBehaviorAspect&Position=308.301`d640f4b9.22e14264.b459176e.af6b895e`Process`MON::Model [Process]`executionTime=500&memoryUsage=27&taskInstruction=nextResult[thread_id] = new Result;|nextResult[thread_id]->getResultState().value() = 0;|nextResult[thread_id]->getResultID().value() = nextTask[thread_id]->getTaskID().value();|nextResult[thread_id]->getResultValue().value() = 1;````````````, ,
20141128_1559_32, Notification, XTEAM Engine, participant_1, 17, Simulation execution beginning, ,
20141128_1559_33, Notification, XTEAM Engine, participant_0, 18, Simulation execution completion, ,
20141128_1559_34, XTEAM, XTEAM Engine, participant_0, , ,
20141128_1559_34, XTEAM, XTEAM Engine, participant_0, , ,
20141128_1559_34, XTEAM, XTEAM Engine, participant_0, , ,
20141128_1559_35, Design, FLAME Client, participant_1, 18, X`4c379791.2eea468a.a8abbb1d.e5fba9bb`ATTR`perform`Task`MON::Model [Task]`Aspect=xADLBehaviorAspect&Position=336.217`c270ab26.2fff4b88.bf50a288.2d000ee5`Process`MON::Model [Process]`executionTime=500&memoryUsage=39&taskInstruction=nextResult[thread_id] = new Result;|nextResult[thread_id]->getResultState().value() = 0;|nextResult[thread_id]->getResultID().value() = nextTask[thread_id]->getTaskID().value();|nextResult[thread_id]->getResultValue().value() = 1;````````````, ,
20141128_1559_37, Notification, XTEAM Engine, participant_1, 18, Simulation execution beginning, ,
20141128_1559_39, Design, FLAME Client, participant_1, 19, X`4c379791.2eea468a.a8abbb1d.e5fba9bb`ATTR`perform`Task`MON::Model [Task]`Aspect=xADLBehaviorAspect&Position=336.217`c270ab26.2fff4b88.bf50a288.2d000ee5`Process`MON::Model [Process]`executionTime=500&memoryUsage=27&taskInstruction=nextResult[thread_id] = new Result;|nextResult[thread_id]->getResultState().value() = 0;|nextResult[thread_id]->getResultID().value() = nextTask[thread_id]->getTaskID().value();|nextResult[thread_id]->getResultValue().value() = 1;````````````, ,
20141128_1559_39, Notification, XTEAM Engine, participant_0, 19, Simulation execution completion, ,
20141128_1559_39, XTEAM, XTEAM Engine, participant_0, , ,
20141128_1559_39, XTEAM, XTEAM Engine, participant_0, , ,
20141128_1559_39, Notification, XTEAM Engine, participant_1, 14, Simulation execution completion, ,
20141128_1559_39, XTEAM, XTEAM Engine, participant_1, , ,
20141128_1559_39, XTEAM, XTEAM Engine, participant_0, , ,
20141128_1559_39, XTEAM, XTEAM Engine, participant_1, , ,
20141128_1559_39, XTEAM, XTEAM Engine, participant_1, , ,
20141128_1559_40, Design, FLAME Client, participant_0, 24, X`de311a94.5ac54159.8e7ae434.321ec71e`ATTR`HostSAT`Host`MON::Set [Host]`Aspect=xADLCoreAspect&Position=1610.497`bb42af9e.ee894de6.a8870ee2.566cbbfe`Architecture`MON::Model [Architecture]`receiveEnergyCost=101.280000&receiveEnergyOverhead=64.990000&transmitEnergyCost=182.000000&transmitEnergyOverhead=429.000000````````````, ,
20141128_1559_40, Notification, XTEAM Engine, participant_1, 19, Simulation execution beginning, ,
20141128_1559_40, Notification, XTEAM Engine, participant_0, 24, Simulation execution beginning, ,
20141128_1559_44, Design, FLAME Client, participant_0, 25, X`de311a94.5ac54159.8e7ae434.321ec71e`ATTR`HostSAT`Host`MON::Set [Host]`Aspect=xADLCoreAspect&Position=1610.497`bb42af9e.ee894de6.a8870ee2.566cbbfe`Architecture`MON::Model [Architecture]`receiveEnergyCost=101.280000&receiveEnergyOverhead=64.990000&transmitEnergyCost=182.000000&transmitEnergyOverhead=217.000000````````````, ,
20141128_1559_45, Notification, XTEAM Engine, participant_0, 20, Simulation execution completion, ,
20141128_1559_45, XTEAM, XTEAM Engine, participant_0, , ,
20141128_1559_45, XTEAM, XTEAM Engine, participant_0, , ,
20141128_1559_45, XTEAM, XTEAM Engine, participant_0, , ,
20141128_1559_45, Notification, XTEAM Engine, participant_0, 25, Simulation execution beginning, ,
20141128_1559_47, Notification, XTEAM Engine, participant_0, 21, Simulation execution completion, ,
20141128_1559_47, XTEAM, XTEAM Engine, participant_0, , ,
20141128_1559_47, XTEAM, XTEAM Engine, participant_0, , ,
20141128_1559_47, XTEAM, XTEAM Engine, participant_0, , ,
20141128_1559_48, Notification, XTEAM Engine, participant_1, 15, Simulation execution completion, ,
20141128_1559_48, XTEAM, XTEAM Engine, participant_1, , ,
20141128_1559_48, XTEAM, XTEAM Engine, participant_1, , ,
20141128_1559_48, XTEAM, XTEAM Engine, participant_1, , ,
20141128_1600_03, Notification, XTEAM Engine, participant_1, 16, Simulation execution completion, ,
20141128_1600_03, XTEAM, XTEAM Engine, participant_1, , ,
20141128_1600_03, XTEAM, XTEAM Engine, participant_1, , ,
20141128_1600_03, XTEAM, XTEAM Engine, participant_1, , ,
20141128_1600_06, Notification, XTEAM Engine, participant_1, 17, Simulation execution completion, ,
20141128_1600_06, XTEAM, XTEAM Engine, participant_1, , ,
20141128_1600_06, XTEAM, XTEAM Engine, participant_1, , ,
20141128_1600_06, XTEAM, XTEAM Engine, participant_1, , ,
20141128_1600_06, Notification, XTEAM Engine, participant_0, 22, Simulation execution completion, ,
20141128_1600_06, XTEAM, XTEAM Engine, participant_0, , ,
20141128_1600_06, XTEAM, XTEAM Engine, participant_0, , ,
20141128_1600_06, XTEAM, XTEAM Engine, participant_0, , ,
20141128_1600_12, Notification, XTEAM Engine, participant_0, 23, Simulation execution completion, ,
20141128_1600_12, XTEAM, XTEAM Engine, participant_0, , ,
20141128_1600_12, XTEAM, XTEAM Engine, participant_0, , ,
20141128_1600_12, XTEAM, XTEAM Engine, participant_0, , ,
20141128_1600_14, Notification, XTEAM Engine, participant_1, 18, Simulation execution completion, ,
20141128_1600_14, XTEAM, XTEAM Engine, participant_1, , ,
20141128_1600_14, XTEAM, XTEAM Engine, participant_1, , ,
20141128_1600_14, XTEAM, XTEAM Engine, participant_1, , ,
20141128_1600_15, Notification, XTEAM Engine, participant_0, 24, Simulation execution completion, ,
20141128_1600_15, XTEAM, XTEAM Engine, participant_0, , ,
20141128_1600_15, XTEAM, XTEAM Engine, participant_0, , ,
20141128_1600_15, XTEAM, XTEAM Engine, participant_0, , ,
20141128_1600_21, Notification, XTEAM Engine, participant_0, 25, Simulation execution completion, ,
20141128_1600_21, XTEAM, XTEAM Engine, participant_0, , ,
20141128_1600_21, XTEAM, XTEAM Engine, participant_0, , ,
20141128_1600_21, XTEAM, XTEAM Engine, participant_0, , ,
20141128_1600_22, Notification, XTEAM Engine, participant_1, 19, Simulation execution completion, ,
20141128_1600_22, XTEAM, XTEAM Engine, participant_1, , ,
20141128_1600_22, XTEAM, XTEAM Engine, participant_1, , ,
20141128_1600_22, XTEAM, XTEAM Engine, participant_1, , ,
20141128_1606_56, Design, FLAME Client, participant_1, 20, X`cdc6010e.7cf74d31.85daf3c3.1e9a4be8`ATTR`Host_Client`Host`MON::Set [Host]`Aspect=xADLCoreAspect&Position=28.560`bb42af9e.ee894de6.a8870ee2.566cbbfe`Architecture`MON::Model [Architecture]`receiveEnergyCost=150.010000&receiveEnergyOverhead=101.860000&transmitEnergyCost=312.000000&transmitEnergyOverhead=129.870000````````````, ,
20141128_1606_57, Notification, XTEAM Engine, participant_1, 20, Simulation execution beginning, ,
20141128_1607_00, Design, FLAME Client, participant_1, 21, X`cdc6010e.7cf74d31.85daf3c3.1e9a4be8`ATTR`Host_Client`Host`MON::Set [Host]`Aspect=xADLCoreAspect&Position=28.560`bb42af9e.ee894de6.a8870ee2.566cbbfe`Architecture`MON::Model [Architecture]`receiveEnergyCost=150.010000&receiveEnergyOverhead=101.860000&transmitEnergyCost=312.000000&transmitEnergyOverhead=341.000000````````````, ,
20141128_1607_02, Notification, XTEAM Engine, participant_1, 21, Simulation execution beginning, ,
20141128_1607_06, Design, FLAME Client, participant_1, 22, X`25fea250.79aa4baf.b62be506.e9d1819a`ATTR`Host_GCE`Host`MON::Set [Host]`Aspect=xADLCoreAspect&Position=168.560`bb42af9e.ee894de6.a8870ee2.566cbbfe`Architecture`MON::Model [Architecture]`receiveEnergyCost=150.010000&receiveEnergyOverhead=101.860000&transmitEnergyCost=312.000000&transmitEnergyOverhead=129.870000````````````, ,
20141128_1607_07, Notification, XTEAM Engine, participant_1, 22, Simulation execution beginning, ,
20141128_1607_10, Design, FLAME Client, participant_1, 23, X`25fea250.79aa4baf.b62be506.e9d1819a`ATTR`Host_GCE`Host`MON::Set [Host]`Aspect=xADLCoreAspect&Position=168.560`bb42af9e.ee894de6.a8870ee2.566cbbfe`Architecture`MON::Model [Architecture]`receiveEnergyCost=150.010000&receiveEnergyOverhead=101.860000&transmitEnergyCost=312.000000&transmitEnergyOverhead=341.000000````````````, ,
20141128_1607_12, Notification, XTEAM Engine, participant_1, 23, Simulation execution beginning, ,
20141128_1607_17, Design, FLAME Client, participant_1, 24, X`4c379791.2eea468a.a8abbb1d.e5fba9bb`ATTR`perform`Task`MON::Model [Task]`Aspect=xADLBehaviorAspect&Position=336.217`c270ab26.2fff4b88.bf50a288.2d000ee5`Process`MON::Model [Process]`executionTime=350&memoryUsage=27&taskInstruction=nextResult[thread_id] = new Result;|nextResult[thread_id]->getResultState().value() = 0;|nextResult[thread_id]->getResultID().value() = nextTask[thread_id]->getTaskID().value();|nextResult[thread_id]->getResultValue().value() = 1;````````````, ,
20141128_1607_18, Notification, XTEAM Engine, participant_1, 24, Simulation execution beginning, ,
20141128_1607_21, Design, FLAME Client, participant_1, 25, X`4c379791.2eea468a.a8abbb1d.e5fba9bb`ATTR`perform`Task`MON::Model [Task]`Aspect=xADLBehaviorAspect&Position=336.217`c270ab26.2fff4b88.bf50a288.2d000ee5`Process`MON::Model [Process]`executionTime=350&memoryUsage=39&taskInstruction=nextResult[thread_id] = new Result;|nextResult[thread_id]->getResultState().value() = 0;|nextResult[thread_id]->getResultID().value() = nextTask[thread_id]->getTaskID().value();|nextResult[thread_id]->getResultValue().value() = 1;````````````, ,
20141128_1607_22, Notification, XTEAM Engine, participant_1, 25, Simulation execution beginning, ,
20141128_1607_26, Design, FLAME Client, participant_1, 26, X`64e3f498.f1114939.ba695f73.d07188e3`ATTR`perform`Task`MON::Model [Task]`Aspect=xADLBehaviorAspect&Position=308.301`d640f4b9.22e14264.b459176e.af6b895e`Process`MON::Model [Process]`executionTime=350&memoryUsage=27&taskInstruction=nextResult[thread_id] = new Result;|nextResult[thread_id]->getResultState().value() = 0;|nextResult[thread_id]->getResultID().value() = nextTask[thread_id]->getTaskID().value();|nextResult[thread_id]->getResultValue().value() = 1;````````````, ,
20141128_1607_29, Notification, XTEAM Engine, participant_1, 26, Simulation execution beginning, ,
20141128_1607_31, Design, FLAME Client, participant_1, 27, X`64e3f498.f1114939.ba695f73.d07188e3`ATTR`perform`Task`MON::Model [Task]`Aspect=xADLBehaviorAspect&Position=308.301`d640f4b9.22e14264.b459176e.af6b895e`Process`MON::Model [Process]`executionTime=350&memoryUsage=39&taskInstruction=nextResult[thread_id] = new Result;|nextResult[thread_id]->getResultState().value() = 0;|nextResult[thread_id]->getResultID().value() = nextTask[thread_id]->getTaskID().value();|nextResult[thread_id]->getResultValue().value() = 1;````````````, ,
20141128_1607_32, Notification, XTEAM Engine, participant_1, 27, Simulation execution beginning, ,
20141128_1607_36, Notification, XTEAM Engine, participant_1, 20, Simulation execution completion, ,
20141128_1607_36, XTEAM, XTEAM Engine, participant_1, , ,
20141128_1607_36, XTEAM, XTEAM Engine, participant_1, , ,
20141128_1607_36, XTEAM, XTEAM Engine, participant_1, , ,
20141128_1607_41, Snapshot, FLAME Client, participant_0, 26, ,
20141128_1607_41, Notification, XTEAM Engine, participant_1, 21, Simulation execution completion, ,
20141128_1607_41, XTEAM, XTEAM Engine, participant_1, , ,
20141128_1607_41, XTEAM, XTEAM Engine, participant_1, , ,
20141128_1607_41, XTEAM, XTEAM Engine, participant_1, , ,
20141128_1607_46, Notification, XTEAM Engine, participant_1, 28, Simulation execution beginning, ,
20141128_1607_48, Notification, XTEAM Engine, participant_1, 22, Simulation execution completion, ,
20141128_1607_48, XTEAM, XTEAM Engine, participant_1, , ,
20141128_1607_48, XTEAM, XTEAM Engine, participant_1, , ,
20141128_1607_48, XTEAM, XTEAM Engine, participant_1, , ,
20141128_1607_51, Notification, XTEAM Engine, participant_1, 23, Simulation execution completion, ,
20141128_1607_51, XTEAM, XTEAM Engine, participant_1, , ,
20141128_1607_51, XTEAM, XTEAM Engine, participant_1, , ,
20141128_1607_51, XTEAM, XTEAM Engine, participant_1, , ,
20141128_1608_05, Update, FLAME Client, participant_1, 28, ,
20141128_1608_12, Notification, XTEAM Engine, participant_1, 24, Simulation execution completion, ,
20141128_1608_12, XTEAM, XTEAM Engine, participant_1, , ,
20141128_1608_12, XTEAM, XTEAM Engine, participant_1, , ,
20141128_1608_12, XTEAM, XTEAM Engine, participant_1, , ,
20141128_1608_16, Notification, XTEAM Engine, participant_1, 25, Simulation execution completion, ,
20141128_1608_16, XTEAM, XTEAM Engine, participant_1, , ,
20141128_1608_16, XTEAM, XTEAM Engine, participant_1, , ,
20141128_1608_16, XTEAM, XTEAM Engine, participant_1, , ,
20141128_1608_21, Notification, XTEAM Engine, participant_1, 26, Simulation execution completion, ,
20141128_1608_21, XTEAM, XTEAM Engine, participant_1, , ,
20141128_1608_21, XTEAM, XTEAM Engine, participant_1, , ,
20141128_1608_21, XTEAM, XTEAM Engine, participant_1, , ,
20141128_1608_24, Notification, XTEAM Engine, participant_1, 27, Simulation execution completion, ,
20141128_1608_24, XTEAM, XTEAM Engine, participant_1, , ,
20141128_1608_24, XTEAM, XTEAM Engine, participant_1, , ,
20141128_1608_24, XTEAM, XTEAM Engine, participant_1, , ,
20141128_1608_40, Notification, XTEAM Engine, participant_1, 28, Simulation execution completion, ,
20141128_1608_40, XTEAM, XTEAM Engine, participant_1, , ,
20141128_1608_40, XTEAM, XTEAM Engine, participant_1, , ,
20141128_1608_40, XTEAM, XTEAM Engine, participant_1, , ,
20141128_1608_45, Snapshot, FLAME Client, participant_1, 29, ,
20141128_1608_49, Notification, XTEAM Engine, participant_0, 26, Simulation execution beginning, ,
20141128_1609_19, Notification, XTEAM Engine, participant_0, 26, Simulation execution completion, ,
20141128_1609_19, XTEAM, XTEAM Engine, participant_0, , ,
20141128_1609_19, XTEAM, XTEAM Engine, participant_0, , ,
20141128_1609_19, XTEAM, XTEAM Engine, participant_0, , ,
20141128_1609_24, Design, FLAME Client, participant_1, 30, X`64e3f498.f1114939.ba695f73.d07188e3`ATTR`perform`Task`MON::Model [Task]`Aspect=xADLBehaviorAspect&Position=308.301`d640f4b9.22e14264.b459176e.af6b895e`Process`MON::Model [Process]`executionTime=200&memoryUsage=39&taskInstruction=nextResult[thread_id] = new Result;|nextResult[thread_id]->getResultState().value() = 0;|nextResult[thread_id]->getResultID().value() = nextTask[thread_id]->getTaskID().value();|nextResult[thread_id]->getResultValue().value() = 1;````````````, ,
20141128_1609_26, Notification, XTEAM Engine, participant_1, 29, Simulation execution beginning, ,
20141128_1609_29, Design, FLAME Client, participant_1, 31, X`64e3f498.f1114939.ba695f73.d07188e3`ATTR`perform`Task`MON::Model [Task]`Aspect=xADLBehaviorAspect&Position=308.301`d640f4b9.22e14264.b459176e.af6b895e`Process`MON::Model [Process]`executionTime=200&memoryUsage=92&taskInstruction=nextResult[thread_id] = new Result;|nextResult[thread_id]->getResultState().value() = 0;|nextResult[thread_id]->getResultID().value() = nextTask[thread_id]->getTaskID().value();|nextResult[thread_id]->getResultValue().value() = 1;````````````, ,
20141128_1609_30, Notification, XTEAM Engine, participant_1, 30, Simulation execution beginning, ,
20141128_1609_40, Design, FLAME Client, participant_1, 32, X`25fea250.79aa4baf.b62be506.e9d1819a`ATTR`Host_GCE`Host`MON::Set [Host]`Aspect=xADLCoreAspect&Position=168.560`bb42af9e.ee894de6.a8870ee2.566cbbfe`Architecture`MON::Model [Architecture]`receiveEnergyCost=150.010000&receiveEnergyOverhead=101.860000&transmitEnergyCost=514.000000&transmitEnergyOverhead=341.000000````````````, ,
20141128_1609_42, Notification, XTEAM Engine, participant_1, 31, Simulation execution beginning, ,
20141128_1609_45, Design, FLAME Client, participant_1, 33, X`25fea250.79aa4baf.b62be506.e9d1819a`ATTR`Host_GCE`Host`MON::Set [Host]`Aspect=xADLCoreAspect&Position=168.560`bb42af9e.ee894de6.a8870ee2.566cbbfe`Architecture`MON::Model [Architecture]`receiveEnergyCost=150.010000&receiveEnergyOverhead=101.860000&transmitEnergyCost=514.000000&transmitEnergyOverhead=755.000000````````````, ,
20141128_1609_46, Notification, XTEAM Engine, participant_1, 32, Simulation execution beginning, ,
20141128_1610_03, Notification, XTEAM Engine, participant_1, 29, Simulation execution completion, ,
20141128_1610_03, XTEAM, XTEAM Engine, participant_1, , ,
20141128_1610_03, XTEAM, XTEAM Engine, participant_1, , ,
20141128_1610_03, XTEAM, XTEAM Engine, participant_1, , ,
20141128_1610_07, Notification, XTEAM Engine, participant_1, 30, Simulation execution completion, ,
20141128_1610_07, XTEAM, XTEAM Engine, participant_1, , ,
20141128_1610_07, XTEAM, XTEAM Engine, participant_1, , ,
20141128_1610_07, XTEAM, XTEAM Engine, participant_1, , ,
20141128_1610_15, Notification, XTEAM Engine, participant_1, 31, Simulation execution completion, ,
20141128_1610_15, XTEAM, XTEAM Engine, participant_1, , ,
20141128_1610_15, XTEAM, XTEAM Engine, participant_1, , ,
20141128_1610_15, XTEAM, XTEAM Engine, participant_1, , ,
20141128_1610_19, Notification, XTEAM Engine, participant_1, 32, Simulation execution completion, ,
20141128_1610_19, XTEAM, XTEAM Engine, participant_1, , ,
20141128_1610_19, XTEAM, XTEAM Engine, participant_1, , ,
20141128_1610_19, XTEAM, XTEAM Engine, participant_1, , ,
20141128_1610_29, Design, FLAME Client, participant_0, 27, X`3a60805b.3a524f70.a064acd1.88108a11`ATTR`generate`Task`MON::Model [Task]`Aspect=xADLBehaviorAspect&Position=301.259`fd961ab4.712348fe.91a8653d.18529735`Process`MON::Model [Process]`executionTime=7.0&memoryUsage=5500&taskInstruction=nextTask = new Task;|nextTask->getTaskState().value() = 0;|nextTask->getTaskID().value() = taskIDCounter->getNextTaskID().value()++;````````````, ,
20141128_1610_31, Notification, XTEAM Engine, participant_0, 27, Simulation execution beginning, ,
20141128_1610_35, Design, FLAME Client, participant_0, 28, X`3a60805b.3a524f70.a064acd1.88108a11`ATTR`generate`Task`MON::Model [Task]`Aspect=xADLBehaviorAspect&Position=301.259`fd961ab4.712348fe.91a8653d.18529735`Process`MON::Model [Process]`executionTime=7.0&memoryUsage=11000&taskInstruction=nextTask = new Task;|nextTask->getTaskState().value() = 0;|nextTask->getTaskID().value() = taskIDCounter->getNextTaskID().value()++;````````````, ,
20141128_1610_36, Notification, XTEAM Engine, participant_0, 28, Simulation execution beginning, ,
20141128_1610_44, Design, FLAME Client, participant_0, 29, X`de311a94.5ac54159.8e7ae434.321ec71e`ATTR`HostSAT`Host`MON::Set [Host]`Aspect=xADLCoreAspect&Position=1610.497`bb42af9e.ee894de6.a8870ee2.566cbbfe`Architecture`MON::Model [Architecture]`receiveEnergyCost=101.280000&receiveEnergyOverhead=64.990000&transmitEnergyCost=330.000000&transmitEnergyOverhead=217.000000````````````, ,
20141128_1610_45, Notification, XTEAM Engine, participant_0, 29, Simulation execution beginning, ,
20141128_1610_49, Design, FLAME Client, participant_0, 30, X`de311a94.5ac54159.8e7ae434.321ec71e`ATTR`HostSAT`Host`MON::Set [Host]`Aspect=xADLCoreAspect&Position=1610.497`bb42af9e.ee894de6.a8870ee2.566cbbfe`Architecture`MON::Model [Architecture]`receiveEnergyCost=101.280000&receiveEnergyOverhead=64.990000&transmitEnergyCost=330.000000&transmitEnergyOverhead=429.000000````````````, ,
20141128_1610_51, Notification, XTEAM Engine, participant_0, 30, Simulation execution beginning, ,
20141128_1611_09, Notification, XTEAM Engine, participant_0, 27, Simulation execution completion, ,
20141128_1611_09, XTEAM, XTEAM Engine, participant_0, , ,
20141128_1611_09, XTEAM, XTEAM Engine, participant_0, , ,
20141128_1611_09, XTEAM, XTEAM Engine, participant_0, , ,
20141128_1611_14, Notification, XTEAM Engine, participant_0, 28, Simulation execution completion, ,
20141128_1611_14, XTEAM, XTEAM Engine, participant_0, , ,
20141128_1611_14, XTEAM, XTEAM Engine, participant_0, , ,
20141128_1611_14, XTEAM, XTEAM Engine, participant_0, , ,
20141128_1611_20, Notification, XTEAM Engine, participant_0, 29, Simulation execution completion, ,
20141128_1611_20, XTEAM, XTEAM Engine, participant_0, , ,
20141128_1611_20, XTEAM, XTEAM Engine, participant_0, , ,
20141128_1611_20, XTEAM, XTEAM Engine, participant_0, , ,
20141128_1611_24, Notification, XTEAM Engine, participant_0, 30, Simulation execution completion, ,
20141128_1611_24, XTEAM, XTEAM Engine, participant_0, , ,
20141128_1611_24, XTEAM, XTEAM Engine, participant_0, , ,
20141128_1611_24, XTEAM, XTEAM Engine, participant_0, , ,
