TIME, Event name, OriginComponent, SenderUsername, EventID, Value, ,
20140401_1616_41, Login, XTEAM Engine, MRSV, , ,
20140401_1617_15, Login, CoWare XTEAM Client, participant_0, , ,
20140401_1617_24, Login, CoWare XTEAM Client, participant_1, , ,
20140401_1619_46, Design, CoWare XTEAM Client, participant_0, 1, X`26cde46c.9c5842b6.86a460a7.9af47b0b`ATTR`generate`Task`MON::Model [Task]`Aspect=xADLBehaviorAspect&Position=231.196`8bf46823.a38b47d7.afbbc04e.7988ae39`Process`MON::Model [Process]`executionTime=4&memoryUsage=3&taskInstruction=nextRequest = new Request;|nextRequest->getRequestKind().value() = "Salinity";````````````, ,
20140401_1619_47, Notification, XTEAM Engine, MRSV, 1, Simulation execution beginning, ,
20140401_1619_52, Design, CoWare XTEAM Client, participant_0, 2, X`26cde46c.9c5842b6.86a460a7.9af47b0b`ATTR`generate`Task`MON::Model [Task]`Aspect=xADLBehaviorAspect&Position=231.196`8bf46823.a38b47d7.afbbc04e.7988ae39`Process`MON::Model [Process]`executionTime=4&memoryUsage=250&taskInstruction=nextRequest = new Request;|nextRequest->getRequestKind().value() = "Salinity";````````````, ,
20140401_1619_56, Notification, XTEAM Engine, MRSV, 2, Simulation execution beginning, ,
20140401_1620_07, Design, CoWare XTEAM Client, participant_0, 3, X`6e9c8fd6.f1e64dd2.b80f329b.5eaf84d5`ATTR`generate`Task`MON::Model [Task]`Aspect=xADLBehaviorAspect&Position=231.196`949ce290.11ad4a14.a3b729fe.76f3e91a`Process`MON::Model [Process]`executionTime=4&memoryUsage=3&taskInstruction=nextRequest = new Request;|nextRequest->getRequestKind().value() = "Salinity";````````````, ,
20140401_1620_08, Notification, XTEAM Engine, MRSV, 3, Simulation execution beginning, ,
20140401_1620_17, Design, CoWare XTEAM Client, participant_0, 4, X`6e9c8fd6.f1e64dd2.b80f329b.5eaf84d5`ATTR`generate`Task`MON::Model [Task]`Aspect=xADLBehaviorAspect&Position=231.196`949ce290.11ad4a14.a3b729fe.76f3e91a`Process`MON::Model [Process]`executionTime=4&memoryUsage=250&taskInstruction=nextRequest = new Request;|nextRequest->getRequestKind().value() = "Salinity";````````````, ,
20140401_1620_18, Notification, XTEAM Engine, MRSV, 4, Simulation execution beginning, ,
20140401_1620_19, Notification, XTEAM Engine, MRSV, 2, Simulation execution completion, ,
20140401_1620_20, XTEAM, XTEAM Engine, MRSV, , ,
20140401_1620_20, XTEAM, XTEAM Engine, MRSV, , ,
20140401_1620_20, XTEAM, XTEAM Engine, MRSV, , ,
20140401_1620_21, Notification, XTEAM Engine, MRSV, 1, Simulation execution completion, ,
20140401_1620_21, XTEAM, XTEAM Engine, MRSV, , ,
20140401_1620_21, XTEAM, XTEAM Engine, MRSV, , ,
20140401_1620_21, XTEAM, XTEAM Engine, MRSV, , ,
20140401_1620_29, Design, CoWare XTEAM Client, participant_0, 5, X`422c11c0.c89a428f.838be7f4.7ffbcbd6`ATTR`generate`Task`MON::Model [Task]`Aspect=xADLBehaviorAspect&Position=231.196`f5e3fc53.9152438c.8adc2b0b.e095f1c6`Process`MON::Model [Process]`executionTime=4&memoryUsage=3&taskInstruction=nextRequest = new Request;|nextRequest->getRequestKind().value() = "Salinity";````````````, ,
20140401_1620_32, Notification, XTEAM Engine, MRSV, 5, Simulation execution beginning, ,
20140401_1620_34, Design, CoWare XTEAM Client, participant_0, 6, X`422c11c0.c89a428f.838be7f4.7ffbcbd6`ATTR`generate`Task`MON::Model [Task]`Aspect=xADLBehaviorAspect&Position=231.196`f5e3fc53.9152438c.8adc2b0b.e095f1c6`Process`MON::Model [Process]`executionTime=4&memoryUsage=250&taskInstruction=nextRequest = new Request;|nextRequest->getRequestKind().value() = "Salinity";````````````, ,
20140401_1620_36, Notification, XTEAM Engine, MRSV, 6, Simulation execution beginning, ,
20140401_1620_47, Design, CoWare XTEAM Client, participant_0, 7, X`3709314b.7a93486e.8dc9b26c.f4772d70`ATTR`Host_1`Host`MON::Set [Host]`Aspect=xADLCoreAspect&Position=42.49`53c8e4c.6bec48b1.8f5efd8e.55e34f54`Architecture`MON::Model [Architecture]`receiveEnergyCost=18.000000&receiveEnergyOverhead=48.000000&transmitEnergyCost=50.000000&transmitEnergyOverhead=45.000000````````````, ,
20140401_1620_48, Notification, XTEAM Engine, MRSV, 3, Simulation execution completion, ,
20140401_1620_48, XTEAM, XTEAM Engine, MRSV, , ,
20140401_1620_48, XTEAM, XTEAM Engine, MRSV, , ,
20140401_1620_48, XTEAM, XTEAM Engine, MRSV, , ,
20140401_1620_49, Notification, XTEAM Engine, MRSV, 7, Simulation execution beginning, ,
20140401_1620_52, Design, CoWare XTEAM Client, participant_0, 8, X`3709314b.7a93486e.8dc9b26c.f4772d70`ATTR`Host_1`Host`MON::Set [Host]`Aspect=xADLCoreAspect&Position=42.49`53c8e4c.6bec48b1.8f5efd8e.55e34f54`Architecture`MON::Model [Architecture]`receiveEnergyCost=18.000000&receiveEnergyOverhead=48.000000&transmitEnergyCost=50.000000&transmitEnergyOverhead=200.000000````````````, ,
20140401_1620_53, Notification, XTEAM Engine, MRSV, 4, Simulation execution completion, ,
20140401_1620_53, XTEAM, XTEAM Engine, MRSV, , ,
20140401_1620_53, XTEAM, XTEAM Engine, MRSV, , ,
20140401_1620_53, XTEAM, XTEAM Engine, MRSV, , ,
20140401_1620_54, Notification, XTEAM Engine, MRSV, 8, Simulation execution beginning, ,
20140401_1620_58, Design, CoWare XTEAM Client, participant_0, 9, X`3709314b.7a93486e.8dc9b26c.f4772d70`ATTR`Host_1`Host`MON::Set [Host]`Aspect=xADLCoreAspect&Position=42.49`53c8e4c.6bec48b1.8f5efd8e.55e34f54`Architecture`MON::Model [Architecture]`receiveEnergyCost=65.000000&receiveEnergyOverhead=48.000000&transmitEnergyCost=50.000000&transmitEnergyOverhead=200.000000````````````, ,
20140401_1620_59, Notification, XTEAM Engine, MRSV, 9, Simulation execution beginning, ,
20140401_1621_03, Notification, XTEAM Engine, MRSV, 5, Simulation execution completion, ,
20140401_1621_03, XTEAM, XTEAM Engine, MRSV, , ,
20140401_1621_03, XTEAM, XTEAM Engine, MRSV, , ,
20140401_1621_03, XTEAM, XTEAM Engine, MRSV, , ,
20140401_1621_08, Design, CoWare XTEAM Client, participant_0, 10, X`3709314b.7a93486e.8dc9b26c.f4772d70`ATTR`Host_1`Host`MON::Set [Host]`Aspect=xADLCoreAspect&Position=42.49`53c8e4c.6bec48b1.8f5efd8e.55e34f54`Architecture`MON::Model [Architecture]`receiveEnergyCost=65.000000&receiveEnergyOverhead=240.000000&transmitEnergyCost=50.000000&transmitEnergyOverhead=200.000000````````````, ,
20140401_1621_09, Notification, XTEAM Engine, MRSV, 6, Simulation execution completion, ,
20140401_1621_09, XTEAM, XTEAM Engine, MRSV, , ,
20140401_1621_09, XTEAM, XTEAM Engine, MRSV, , ,
20140401_1621_09, XTEAM, XTEAM Engine, MRSV, , ,
20140401_1621_09, Notification, XTEAM Engine, MRSV, 10, Simulation execution beginning, ,
20140401_1621_20, Design, CoWare XTEAM Client, participant_0, 11, X`1d380676.204a4521.b3bb7c52.2bae3451`ATTR`Host_2`Host`MON::Set [Host]`Aspect=xADLCoreAspect&Position=42.350`53c8e4c.6bec48b1.8f5efd8e.55e34f54`Architecture`MON::Model [Architecture]`receiveEnergyCost=18.000000&receiveEnergyOverhead=48.000000&transmitEnergyCost=50.000000&transmitEnergyOverhead=45.000000````````````, ,
20140401_1621_21, Notification, XTEAM Engine, MRSV, 11, Simulation execution beginning, ,
20140401_1621_24, Design, CoWare XTEAM Client, participant_0, 12, X`1d380676.204a4521.b3bb7c52.2bae3451`ATTR`Host_2`Host`MON::Set [Host]`Aspect=xADLCoreAspect&Position=42.350`53c8e4c.6bec48b1.8f5efd8e.55e34f54`Architecture`MON::Model [Architecture]`receiveEnergyCost=18.000000&receiveEnergyOverhead=48.000000&transmitEnergyCost=50.000000&transmitEnergyOverhead=200.000000````````````, ,
20140401_1621_25, Notification, XTEAM Engine, MRSV, 7, Simulation execution completion, ,
20140401_1621_25, XTEAM, XTEAM Engine, MRSV, , ,
20140401_1621_25, XTEAM, XTEAM Engine, MRSV, , ,
20140401_1621_25, XTEAM, XTEAM Engine, MRSV, , ,
20140401_1621_26, Notification, XTEAM Engine, MRSV, 12, Simulation execution beginning, ,
20140401_1621_29, Design, CoWare XTEAM Client, participant_0, 13, X`1d380676.204a4521.b3bb7c52.2bae3451`ATTR`Host_2`Host`MON::Set [Host]`Aspect=xADLCoreAspect&Position=42.350`53c8e4c.6bec48b1.8f5efd8e.55e34f54`Architecture`MON::Model [Architecture]`receiveEnergyCost=65.000000&receiveEnergyOverhead=48.000000&transmitEnergyCost=50.000000&transmitEnergyOverhead=200.000000````````````, ,
20140401_1621_31, Notification, XTEAM Engine, MRSV, 8, Simulation execution completion, ,
20140401_1621_31, XTEAM, XTEAM Engine, MRSV, , ,
20140401_1621_31, XTEAM, XTEAM Engine, MRSV, , ,
20140401_1621_31, XTEAM, XTEAM Engine, MRSV, , ,
20140401_1621_32, Notification, XTEAM Engine, MRSV, 13, Simulation execution beginning, ,
20140401_1621_34, Design, CoWare XTEAM Client, participant_0, 14, X`1d380676.204a4521.b3bb7c52.2bae3451`ATTR`Host_2`Host`MON::Set [Host]`Aspect=xADLCoreAspect&Position=42.350`53c8e4c.6bec48b1.8f5efd8e.55e34f54`Architecture`MON::Model [Architecture]`receiveEnergyCost=65.000000&receiveEnergyOverhead=240.000000&transmitEnergyCost=50.000000&transmitEnergyOverhead=200.000000````````````, ,
20140401_1621_41, Notification, XTEAM Engine, MRSV, 14, Simulation execution beginning, ,
20140401_1621_42, Design, CoWare XTEAM Client, participant_0, 15, X`6f385993.f08a4164.b815faa2.88dc52fb`ATTR`Host_3`Host`MON::Set [Host]`Aspect=xADLCoreAspect&Position=42.630`53c8e4c.6bec48b1.8f5efd8e.55e34f54`Architecture`MON::Model [Architecture]`receiveEnergyCost=18.000000&receiveEnergyOverhead=48.000000&transmitEnergyCost=50.000000&transmitEnergyOverhead=45.000000````````````, ,
20140401_1621_44, Notification, XTEAM Engine, MRSV, 15, Simulation execution beginning, ,
20140401_1621_46, Design, CoWare XTEAM Client, participant_0, 16, X`6f385993.f08a4164.b815faa2.88dc52fb`ATTR`Host_3`Host`MON::Set [Host]`Aspect=xADLCoreAspect&Position=42.630`53c8e4c.6bec48b1.8f5efd8e.55e34f54`Architecture`MON::Model [Architecture]`receiveEnergyCost=18.000000&receiveEnergyOverhead=48.000000&transmitEnergyCost=50.000000&transmitEnergyOverhead=200.000000````````````, ,
20140401_1621_47, Notification, XTEAM Engine, MRSV, 9, Simulation execution completion, ,
20140401_1621_47, Notification, XTEAM Engine, MRSV, 16, Simulation execution beginning, ,
20140401_1621_47, XTEAM, XTEAM Engine, MRSV, , ,
20140401_1621_47, XTEAM, XTEAM Engine, MRSV, , ,
20140401_1621_47, XTEAM, XTEAM Engine, MRSV, , ,
20140401_1621_50, Design, CoWare XTEAM Client, participant_0, 17, X`6f385993.f08a4164.b815faa2.88dc52fb`ATTR`Host_3`Host`MON::Set [Host]`Aspect=xADLCoreAspect&Position=42.630`53c8e4c.6bec48b1.8f5efd8e.55e34f54`Architecture`MON::Model [Architecture]`receiveEnergyCost=65.000000&receiveEnergyOverhead=48.000000&transmitEnergyCost=50.000000&transmitEnergyOverhead=200.000000````````````, ,
20140401_1621_51, Notification, XTEAM Engine, MRSV, 17, Simulation execution beginning, ,
20140401_1622_00, Notification, XTEAM Engine, MRSV, 12, Simulation execution completion, ,
20140401_1622_00, XTEAM, XTEAM Engine, MRSV, , ,
20140401_1622_00, XTEAM, XTEAM Engine, MRSV, , ,
20140401_1622_00, XTEAM, XTEAM Engine, MRSV, , ,
20140401_1622_01, Notification, XTEAM Engine, MRSV, 10, Simulation execution completion, ,
20140401_1622_01, XTEAM, XTEAM Engine, MRSV, , ,
20140401_1622_01, XTEAM, XTEAM Engine, MRSV, , ,
20140401_1622_01, XTEAM, XTEAM Engine, MRSV, , ,
20140401_1622_03, Notification, XTEAM Engine, MRSV, 11, Simulation execution completion, ,
20140401_1622_03, XTEAM, XTEAM Engine, MRSV, , ,
20140401_1622_03, XTEAM, XTEAM Engine, MRSV, , ,
20140401_1622_03, XTEAM, XTEAM Engine, MRSV, , ,
20140401_1622_03, Notification, XTEAM Engine, MRSV, 13, Simulation execution completion, ,
20140401_1622_03, XTEAM, XTEAM Engine, MRSV, , ,
20140401_1622_03, XTEAM, XTEAM Engine, MRSV, , ,
20140401_1622_03, XTEAM, XTEAM Engine, MRSV, , ,
20140401_1622_10, Design, CoWare XTEAM Client, participant_0, 18, X`6f385993.f08a4164.b815faa2.88dc52fb`ATTR`Host_3`Host`MON::Set [Host]`Aspect=xADLCoreAspect&Position=42.630`53c8e4c.6bec48b1.8f5efd8e.55e34f54`Architecture`MON::Model [Architecture]`receiveEnergyCost=65.000000&receiveEnergyOverhead=240.000000&transmitEnergyCost=50.000000&transmitEnergyOverhead=200.000000````````````, ,
20140401_1622_11, Notification, XTEAM Engine, MRSV, 18, Simulation execution beginning, ,
20140401_1622_22, Notification, XTEAM Engine, MRSV, 14, Simulation execution completion, ,
20140401_1622_22, XTEAM, XTEAM Engine, MRSV, , ,
20140401_1622_22, XTEAM, XTEAM Engine, MRSV, , ,
20140401_1622_22, XTEAM, XTEAM Engine, MRSV, , ,
20140401_1622_22, Design, CoWare XTEAM Client, participant_1, 1, X`823be07d.a4c04349.bb5bd637.1efca24`ATTR`forward`Task`MON::Model [Task]`Aspect=xADLBehaviorAspect&Position=280.196`64012bb1.f194748.9fe467dc.cb2e84f5`Process`MON::Model [Process]`executionTime=7&memoryUsage=1&taskInstruction=````````````, ,
20140401_1622_23, Notification, XTEAM Engine, MRSV, 19, Simulation execution beginning, ,
20140401_1622_28, Notification, XTEAM Engine, MRSV, 16, Simulation execution completion, ,
20140401_1622_28, XTEAM, XTEAM Engine, MRSV, , ,
20140401_1622_28, XTEAM, XTEAM Engine, MRSV, , ,
20140401_1622_28, XTEAM, XTEAM Engine, MRSV, , ,
20140401_1622_28, Notification, XTEAM Engine, MRSV, 15, Simulation execution completion, ,
20140401_1622_28, XTEAM, XTEAM Engine, MRSV, , ,
20140401_1622_28, XTEAM, XTEAM Engine, MRSV, , ,
20140401_1622_28, XTEAM, XTEAM Engine, MRSV, , ,
20140401_1622_31, Notification, XTEAM Engine, MRSV, 17, Simulation execution completion, ,
20140401_1622_31, XTEAM, XTEAM Engine, MRSV, , ,
20140401_1622_31, XTEAM, XTEAM Engine, MRSV, , ,
20140401_1622_31, XTEAM, XTEAM Engine, MRSV, , ,
20140401_1622_38, Design, CoWare XTEAM Client, participant_1, 2, X`823be07d.a4c04349.bb5bd637.1efca24`ATTR`forward`Task`MON::Model [Task]`Aspect=xADLBehaviorAspect&Position=280.196`64012bb1.f194748.9fe467dc.cb2e84f5`Process`MON::Model [Process]`executionTime=7&memoryUsage=15&taskInstruction=````````````, ,
20140401_1622_38, Notification, XTEAM Engine, MRSV, 18, Simulation execution completion, ,
20140401_1622_38, XTEAM, XTEAM Engine, MRSV, , ,
20140401_1622_38, XTEAM, XTEAM Engine, MRSV, , ,
20140401_1622_38, XTEAM, XTEAM Engine, MRSV, , ,
20140401_1622_39, Notification, XTEAM Engine, MRSV, 20, Simulation execution beginning, ,
20140401_1622_48, Notification, XTEAM Engine, MRSV, 19, Simulation execution completion, ,
20140401_1622_48, XTEAM, XTEAM Engine, MRSV, , ,
20140401_1622_48, XTEAM, XTEAM Engine, MRSV, , ,
20140401_1622_48, XTEAM, XTEAM Engine, MRSV, , ,
20140401_1623_04, Notification, XTEAM Engine, MRSV, 20, Simulation execution completion, ,
20140401_1623_04, XTEAM, XTEAM Engine, MRSV, , ,
20140401_1623_04, XTEAM, XTEAM Engine, MRSV, , ,
20140401_1623_04, XTEAM, XTEAM Engine, MRSV, , ,
20140401_1623_48, Design, CoWare XTEAM Client, participant_1, 3, X`94210f92.7f2948b5.85ae7022.b47edab9`ATTR`forward`Task`MON::Model [Task]`Aspect=xADLBehaviorAspect&Position=280.196`bae5c031.c23642cf.9833b82f.3b18d72d`Process`MON::Model [Process]`executionTime=7&memoryUsage=1&taskInstruction=````````````, ,
20140401_1623_50, Notification, XTEAM Engine, MRSV, 21, Simulation execution beginning, ,
20140401_1623_51, Design, CoWare XTEAM Client, participant_1, 4, X`94210f92.7f2948b5.85ae7022.b47edab9`ATTR`forward`Task`MON::Model [Task]`Aspect=xADLBehaviorAspect&Position=280.196`bae5c031.c23642cf.9833b82f.3b18d72d`Process`MON::Model [Process]`executionTime=7&memoryUsage=15&taskInstruction=````````````, ,
20140401_1623_52, Notification, XTEAM Engine, MRSV, 22, Simulation execution beginning, ,
20140401_1624_13, Notification, XTEAM Engine, MRSV, 21, Simulation execution completion, ,
20140401_1624_13, XTEAM, XTEAM Engine, MRSV, , ,
20140401_1624_13, XTEAM, XTEAM Engine, MRSV, , ,
20140401_1624_13, XTEAM, XTEAM Engine, MRSV, , ,
20140401_1624_15, Notification, XTEAM Engine, MRSV, 22, Simulation execution completion, ,
20140401_1624_15, XTEAM, XTEAM Engine, MRSV, , ,
20140401_1624_15, XTEAM, XTEAM Engine, MRSV, , ,
20140401_1624_15, XTEAM, XTEAM Engine, MRSV, , ,
20140401_1625_56, Design, CoWare XTEAM Client, participant_1, 5, X`f603f85b.e43844a4.b3627b58.f951dcdf`ATTR`Host_Temp`Host`MON::Set [Host]`Aspect=xADLCoreAspect&Position=1106.763`53c8e4c.6bec48b1.8f5efd8e.55e34f54`Architecture`MON::Model [Architecture]`receiveEnergyCost=13.000000&receiveEnergyOverhead=45.000000&transmitEnergyCost=12.000000&transmitEnergyOverhead=40.000000````````````, ,
20140401_1625_57, Notification, XTEAM Engine, MRSV, 23, Simulation execution beginning, ,
20140401_1626_00, Design, CoWare XTEAM Client, participant_1, 6, X`f603f85b.e43844a4.b3627b58.f951dcdf`ATTR`Host_Temp`Host`MON::Set [Host]`Aspect=xADLCoreAspect&Position=1106.763`53c8e4c.6bec48b1.8f5efd8e.55e34f54`Architecture`MON::Model [Architecture]`receiveEnergyCost=20.000000&receiveEnergyOverhead=45.000000&transmitEnergyCost=12.000000&transmitEnergyOverhead=40.000000````````````, ,
20140401_1626_01, Notification, XTEAM Engine, MRSV, 24, Simulation execution beginning, ,
20140401_1626_04, Design, CoWare XTEAM Client, participant_1, 7, X`f603f85b.e43844a4.b3627b58.f951dcdf`ATTR`Host_Temp`Host`MON::Set [Host]`Aspect=xADLCoreAspect&Position=1106.763`53c8e4c.6bec48b1.8f5efd8e.55e34f54`Architecture`MON::Model [Architecture]`receiveEnergyCost=20.000000&receiveEnergyOverhead=70.000000&transmitEnergyCost=12.000000&transmitEnergyOverhead=40.000000````````````, ,
20140401_1626_05, Notification, XTEAM Engine, MRSV, 25, Simulation execution beginning, ,
20140401_1626_15, Design, CoWare XTEAM Client, participant_1, 8, X`cc6f3a99.39734696.be3c4499.34632100`ATTR`Host_Salinity`Host`MON::Set [Host]`Aspect=xADLCoreAspect&Position=966.763`53c8e4c.6bec48b1.8f5efd8e.55e34f54`Architecture`MON::Model [Architecture]`receiveEnergyCost=13.000000&receiveEnergyOverhead=45.000000&transmitEnergyCost=12.000000&transmitEnergyOverhead=40.000000````````````, ,
20140401_1626_20, Design, CoWare XTEAM Client, participant_1, 9, X`cc6f3a99.39734696.be3c4499.34632100`ATTR`Host_Salinity`Host`MON::Set [Host]`Aspect=xADLCoreAspect&Position=966.763`53c8e4c.6bec48b1.8f5efd8e.55e34f54`Architecture`MON::Model [Architecture]`receiveEnergyCost=20.000000&receiveEnergyOverhead=45.000000&transmitEnergyCost=12.000000&transmitEnergyOverhead=40.000000````````````, ,
20140401_1626_21, Notification, XTEAM Engine, MRSV, 26, Simulation execution beginning, ,
20140401_1626_23, Notification, XTEAM Engine, MRSV, 27, Simulation execution beginning, ,
20140401_1626_24, Design, CoWare XTEAM Client, participant_1, 10, X`cc6f3a99.39734696.be3c4499.34632100`ATTR`Host_Salinity`Host`MON::Set [Host]`Aspect=xADLCoreAspect&Position=966.763`53c8e4c.6bec48b1.8f5efd8e.55e34f54`Architecture`MON::Model [Architecture]`receiveEnergyCost=20.000000&receiveEnergyOverhead=70.000000&transmitEnergyCost=12.000000&transmitEnergyOverhead=40.000000````````````, ,
20140401_1626_26, Notification, XTEAM Engine, MRSV, 28, Simulation execution beginning, ,
20140401_1626_34, Design, CoWare XTEAM Client, participant_1, 11, X`cc6f3a99.39734696.be3c4499.34632100`REGISTRY`Host_Salinity`Host`MON::Set [Host]`Aspect=xADLCoreAspect&Position=966.763`53c8e4c.6bec48b1.8f5efd8e.55e34f54`Architecture`MON::Model [Architecture]`receiveEnergyCost=20.000000&receiveEnergyOverhead=70.000000&transmitEnergyCost=12.000000&transmitEnergyOverhead=40.000000````````````, ,
20140401_1626_35, Notification, XTEAM Engine, MRSV, 29, Simulation execution beginning, ,
20140401_1626_39, Notification, XTEAM Engine, MRSV, 23, Simulation execution completion, ,
20140401_1626_39, XTEAM, XTEAM Engine, MRSV, , ,
20140401_1626_39, XTEAM, XTEAM Engine, MRSV, , ,
20140401_1626_39, XTEAM, XTEAM Engine, MRSV, , ,
20140401_1626_43, Notification, XTEAM Engine, MRSV, 25, Simulation execution completion, ,
20140401_1626_43, XTEAM, XTEAM Engine, MRSV, , ,
20140401_1626_43, XTEAM, XTEAM Engine, MRSV, , ,
20140401_1626_43, XTEAM, XTEAM Engine, MRSV, , ,
20140401_1626_44, Notification, XTEAM Engine, MRSV, 24, Simulation execution completion, ,
20140401_1626_44, XTEAM, XTEAM Engine, MRSV, , ,
20140401_1626_44, XTEAM, XTEAM Engine, MRSV, , ,
20140401_1626_44, XTEAM, XTEAM Engine, MRSV, , ,
20140401_1626_55, Notification, XTEAM Engine, MRSV, 26, Simulation execution completion, ,
20140401_1626_55, XTEAM, XTEAM Engine, MRSV, , ,
20140401_1626_55, XTEAM, XTEAM Engine, MRSV, , ,
20140401_1626_55, XTEAM, XTEAM Engine, MRSV, , ,
20140401_1627_01, Notification, XTEAM Engine, MRSV, 28, Simulation execution completion, ,
20140401_1627_01, XTEAM, XTEAM Engine, MRSV, , ,
20140401_1627_01, XTEAM, XTEAM Engine, MRSV, , ,
20140401_1627_01, XTEAM, XTEAM Engine, MRSV, , ,
20140401_1627_02, Notification, XTEAM Engine, MRSV, 27, Simulation execution completion, ,
20140401_1627_02, XTEAM, XTEAM Engine, MRSV, , ,
20140401_1627_02, XTEAM, XTEAM Engine, MRSV, , ,
20140401_1627_02, XTEAM, XTEAM Engine, MRSV, , ,
20140401_1627_08, Notification, XTEAM Engine, MRSV, 29, Simulation execution completion, ,
20140401_1627_08, XTEAM, XTEAM Engine, MRSV, , ,
20140401_1627_08, XTEAM, XTEAM Engine, MRSV, , ,
20140401_1627_08, XTEAM, XTEAM Engine, MRSV, , ,
20140401_1633_25, Design, CoWare XTEAM Client, participant_0, 19, X`8bf46823.a38b47d7.afbbc04e.7988ae39`REGISTRY`generateRequest`Process`MON::Model [Process]`Aspect=xADLBehaviorAspect&Position=98.126`aa0cfe94.d0224387.928a6ce9.daf29ef7`Component`MON::Model [Component]`initialProcess=true````````````, ,
20140401_1633_26, Notification, XTEAM Engine, MRSV, 30, Simulation execution beginning, ,
20140401_1633_33, Design, CoWare XTEAM Client, participant_0, 20, X`26cde46c.9c5842b6.86a460a7.9af47b0b`ATTR`generate`Task`MON::Model [Task]`Aspect=xADLBehaviorAspect&Position=231.196`8bf46823.a38b47d7.afbbc04e.7988ae39`Process`MON::Model [Process]`executionTime=7&memoryUsage=250&taskInstruction=nextRequest = new Request;|nextRequest->getRequestKind().value() = "Salinity";````````````, ,
20140401_1633_34, Notification, XTEAM Engine, MRSV, 31, Simulation execution beginning, ,
20140401_1633_42, Design, CoWare XTEAM Client, participant_0, 21, X`26cde46c.9c5842b6.86a460a7.9af47b0b`ATTR`generate`Task`MON::Model [Task]`Aspect=xADLBehaviorAspect&Position=231.196`8bf46823.a38b47d7.afbbc04e.7988ae39`Process`MON::Model [Process]`executionTime=7&memoryUsage=3&taskInstruction=nextRequest = new Request;|nextRequest->getRequestKind().value() = "Salinity";````````````, ,
20140401_1633_43, Notification, XTEAM Engine, MRSV, 32, Simulation execution beginning, ,
20140401_1633_50, Design, CoWare XTEAM Client, participant_0, 22, X`6e9c8fd6.f1e64dd2.b80f329b.5eaf84d5`ATTR`generate`Task`MON::Model [Task]`Aspect=xADLBehaviorAspect&Position=231.196`949ce290.11ad4a14.a3b729fe.76f3e91a`Process`MON::Model [Process]`executionTime=7&memoryUsage=250&taskInstruction=nextRequest = new Request;|nextRequest->getRequestKind().value() = "Salinity";````````````, ,
20140401_1633_52, Notification, XTEAM Engine, MRSV, 33, Simulation execution beginning, ,
20140401_1633_52, Notification, XTEAM Engine, MRSV, 30, Simulation execution completion, ,
20140401_1633_52, XTEAM, XTEAM Engine, MRSV, , ,
20140401_1633_52, XTEAM, XTEAM Engine, MRSV, , ,
20140401_1633_52, XTEAM, XTEAM Engine, MRSV, , ,
20140401_1633_56, Design, CoWare XTEAM Client, participant_0, 23, X`6e9c8fd6.f1e64dd2.b80f329b.5eaf84d5`ATTR`generate`Task`MON::Model [Task]`Aspect=xADLBehaviorAspect&Position=231.196`949ce290.11ad4a14.a3b729fe.76f3e91a`Process`MON::Model [Process]`executionTime=7&memoryUsage=3&taskInstruction=nextRequest = new Request;|nextRequest->getRequestKind().value() = "Salinity";````````````, ,
20140401_1633_57, Notification, XTEAM Engine, MRSV, 34, Simulation execution beginning, ,
20140401_1634_01, Notification, XTEAM Engine, MRSV, 31, Simulation execution completion, ,
20140401_1634_01, XTEAM, XTEAM Engine, MRSV, , ,
20140401_1634_01, XTEAM, XTEAM Engine, MRSV, , ,
20140401_1634_01, XTEAM, XTEAM Engine, MRSV, , ,
20140401_1634_05, Design, CoWare XTEAM Client, participant_0, 24, X`422c11c0.c89a428f.838be7f4.7ffbcbd6`ATTR`generate`Task`MON::Model [Task]`Aspect=xADLBehaviorAspect&Position=231.196`f5e3fc53.9152438c.8adc2b0b.e095f1c6`Process`MON::Model [Process]`executionTime=7&memoryUsage=250&taskInstruction=nextRequest = new Request;|nextRequest->getRequestKind().value() = "Salinity";````````````, ,
20140401_1634_06, Notification, XTEAM Engine, MRSV, 35, Simulation execution beginning, ,
20140401_1634_09, Design, CoWare XTEAM Client, participant_0, 25, X`422c11c0.c89a428f.838be7f4.7ffbcbd6`ATTR`generate`Task`MON::Model [Task]`Aspect=xADLBehaviorAspect&Position=231.196`f5e3fc53.9152438c.8adc2b0b.e095f1c6`Process`MON::Model [Process]`executionTime=7&memoryUsage=3&taskInstruction=nextRequest = new Request;|nextRequest->getRequestKind().value() = "Salinity";````````````, ,
20140401_1634_10, Notification, XTEAM Engine, MRSV, 36, Simulation execution beginning, ,
20140401_1634_14, Notification, XTEAM Engine, MRSV, 32, Simulation execution completion, ,
20140401_1634_14, XTEAM, XTEAM Engine, MRSV, , ,
20140401_1634_14, XTEAM, XTEAM Engine, MRSV, , ,
20140401_1634_14, XTEAM, XTEAM Engine, MRSV, , ,
20140401_1634_16, Notification, XTEAM Engine, MRSV, 33, Simulation execution completion, ,
20140401_1634_16, XTEAM, XTEAM Engine, MRSV, , ,
20140401_1634_16, XTEAM, XTEAM Engine, MRSV, , ,
20140401_1634_16, XTEAM, XTEAM Engine, MRSV, , ,
20140401_1634_25, Notification, XTEAM Engine, MRSV, 34, Simulation execution completion, ,
20140401_1634_25, XTEAM, XTEAM Engine, MRSV, , ,
20140401_1634_25, XTEAM, XTEAM Engine, MRSV, , ,
20140401_1634_25, XTEAM, XTEAM Engine, MRSV, , ,
20140401_1634_30, Notification, XTEAM Engine, MRSV, 35, Simulation execution completion, ,
20140401_1634_30, XTEAM, XTEAM Engine, MRSV, , ,
20140401_1634_30, XTEAM, XTEAM Engine, MRSV, , ,
20140401_1634_30, XTEAM, XTEAM Engine, MRSV, , ,
20140401_1634_41, Notification, XTEAM Engine, MRSV, 36, Simulation execution completion, ,
20140401_1634_41, XTEAM, XTEAM Engine, MRSV, , ,
20140401_1634_41, XTEAM, XTEAM Engine, MRSV, , ,
20140401_1634_41, XTEAM, XTEAM Engine, MRSV, , ,
20140401_1637_01, Snapshot, CoWare XTEAM Client, participant_1, 12, ,
20140401_1644_37, Design, CoWare XTEAM Client, participant_0, 26, X`26cde46c.9c5842b6.86a460a7.9af47b0b`ATTR`generate`Task`MON::Model [Task]`Aspect=xADLBehaviorAspect&Position=231.196`8bf46823.a38b47d7.afbbc04e.7988ae39`Process`MON::Model [Process]`executionTime=4&memoryUsage=3&taskInstruction=nextRequest = new Request;|nextRequest->getRequestKind().value() = "Salinity";````````````, ,
20140401_1644_38, Notification, XTEAM Engine, MRSV, 37, Simulation execution beginning, ,
20140401_1644_41, Design, CoWare XTEAM Client, participant_0, 27, X`26cde46c.9c5842b6.86a460a7.9af47b0b`ATTR`generate`Task`MON::Model [Task]`Aspect=xADLBehaviorAspect&Position=231.196`8bf46823.a38b47d7.afbbc04e.7988ae39`Process`MON::Model [Process]`executionTime=4&memoryUsage=250&taskInstruction=nextRequest = new Request;|nextRequest->getRequestKind().value() = "Salinity";````````````, ,
20140401_1644_42, Notification, XTEAM Engine, MRSV, 38, Simulation execution beginning, ,
20140401_1644_51, Design, CoWare XTEAM Client, participant_0, 28, X`6e9c8fd6.f1e64dd2.b80f329b.5eaf84d5`ATTR`generate`Task`MON::Model [Task]`Aspect=xADLBehaviorAspect&Position=231.196`949ce290.11ad4a14.a3b729fe.76f3e91a`Process`MON::Model [Process]`executionTime=4&memoryUsage=3&taskInstruction=nextRequest = new Request;|nextRequest->getRequestKind().value() = "Salinity";````````````, ,
20140401_1644_53, Notification, XTEAM Engine, MRSV, 39, Simulation execution beginning, ,
20140401_1644_55, Design, CoWare XTEAM Client, participant_0, 29, X`6e9c8fd6.f1e64dd2.b80f329b.5eaf84d5`ATTR`generate`Task`MON::Model [Task]`Aspect=xADLBehaviorAspect&Position=231.196`949ce290.11ad4a14.a3b729fe.76f3e91a`Process`MON::Model [Process]`executionTime=4&memoryUsage=250&taskInstruction=nextRequest = new Request;|nextRequest->getRequestKind().value() = "Salinity";````````````, ,
20140401_1644_57, Notification, XTEAM Engine, MRSV, 40, Simulation execution beginning, ,
20140401_1645_04, Design, CoWare XTEAM Client, participant_0, 30, X`422c11c0.c89a428f.838be7f4.7ffbcbd6`ATTR`generate`Task`MON::Model [Task]`Aspect=xADLBehaviorAspect&Position=231.196`f5e3fc53.9152438c.8adc2b0b.e095f1c6`Process`MON::Model [Process]`executionTime=4&memoryUsage=3&taskInstruction=nextRequest = new Request;|nextRequest->getRequestKind().value() = "Salinity";````````````, ,
20140401_1645_05, Notification, XTEAM Engine, MRSV, 41, Simulation execution beginning, ,
20140401_1645_08, Design, CoWare XTEAM Client, participant_0, 31, X`422c11c0.c89a428f.838be7f4.7ffbcbd6`ATTR`generate`Task`MON::Model [Task]`Aspect=xADLBehaviorAspect&Position=231.196`f5e3fc53.9152438c.8adc2b0b.e095f1c6`Process`MON::Model [Process]`executionTime=4&memoryUsage=250&taskInstruction=nextRequest = new Request;|nextRequest->getRequestKind().value() = "Salinity";````````````, ,
20140401_1645_08, Snapshot, CoWare XTEAM Client, participant_0, 32, ,
20140401_1645_09, Notification, XTEAM Engine, MRSV, 37, Simulation execution completion, ,
20140401_1645_09, XTEAM, XTEAM Engine, MRSV, , ,
20140401_1645_09, XTEAM, XTEAM Engine, MRSV, , ,
20140401_1645_09, XTEAM, XTEAM Engine, MRSV, , ,
20140401_1645_09, XTEAM, XTEAM Engine, MRSV, , ,
20140401_1645_09, XTEAM, XTEAM Engine, MRSV, , ,
20140401_1645_09, XTEAM, XTEAM Engine, MRSV, , ,
20140401_1645_09, Notification, XTEAM Engine, MRSV, 38, Simulation execution completion, ,
20140401_1645_10, Notification, XTEAM Engine, MRSV, 42, Simulation execution beginning, ,
20140401_1645_23, Notification, XTEAM Engine, MRSV, 39, Simulation execution completion, ,
20140401_1645_23, XTEAM, XTEAM Engine, MRSV, , ,
20140401_1645_23, XTEAM, XTEAM Engine, MRSV, , ,
20140401_1645_23, XTEAM, XTEAM Engine, MRSV, , ,
20140401_1645_27, Notification, XTEAM Engine, MRSV, 40, Simulation execution completion, ,
20140401_1645_27, XTEAM, XTEAM Engine, MRSV, , ,
20140401_1645_27, XTEAM, XTEAM Engine, MRSV, , ,
20140401_1645_27, XTEAM, XTEAM Engine, MRSV, , ,
20140401_1645_33, Notification, XTEAM Engine, MRSV, 41, Simulation execution completion, ,
20140401_1645_33, XTEAM, XTEAM Engine, MRSV, , ,
20140401_1645_33, XTEAM, XTEAM Engine, MRSV, , ,
20140401_1645_33, XTEAM, XTEAM Engine, MRSV, , ,
20140401_1645_40, Notification, XTEAM Engine, MRSV, 42, Simulation execution completion, ,
20140401_1645_40, XTEAM, XTEAM Engine, MRSV, , ,
20140401_1645_40, XTEAM, XTEAM Engine, MRSV, , ,
20140401_1645_40, XTEAM, XTEAM Engine, MRSV, , ,
