TIME, Event name, OriginComponent, SenderUsername, EventID, Value, ,
20141120_0929_23, Login, FLAME Client, participant_0, , ,
20141120_0929_26, Login, XTEAM Engine, participant_0, , ,
20141120_0934_26, Login, FLAME Client, participant_1, , ,
20141120_0934_28, Login, XTEAM Engine, participant_1, , ,
20141120_0936_10, Design, FLAME Client, participant_1, 1, X`4c379791.2eea468a.a8abbb1d.e5fba9bb`ATTR`perform`Task`MON::Model [Task]`Aspect=xADLBehaviorAspect&Position=336.217`c270ab26.2fff4b88.bf50a288.2d000ee5`Process`MON::Model [Process]`executionTime=200&memoryUsage=27&taskInstruction=nextResult[thread_id] = new Result;|nextResult[thread_id]->getResultState().value() = 0;|nextResult[thread_id]->getResultID().value() = nextTask[thread_id]->getTaskID().value();|nextResult[thread_id]->getResultValue().value() = 1;````````````, ,
20141120_0936_12, Notification, XTEAM Engine, participant_1, 1, Simulation execution beginning, ,
20141120_0936_45, Notification, XTEAM Engine, participant_1, 1, Simulation execution completion, ,
20141120_0936_45, XTEAM, XTEAM Engine, participant_1, , ,
20141120_0936_45, XTEAM, XTEAM Engine, participant_1, , ,
20141120_0936_45, XTEAM, XTEAM Engine, participant_1, , ,
20141120_0936_46, Design, FLAME Client, participant_1, 2, X`4c379791.2eea468a.a8abbb1d.e5fba9bb`ATTR`perform`Task`MON::Model [Task]`Aspect=xADLBehaviorAspect&Position=336.217`c270ab26.2fff4b88.bf50a288.2d000ee5`Process`MON::Model [Process]`executionTime=200&memoryUsage=92&taskInstruction=nextResult[thread_id] = new Result;|nextResult[thread_id]->getResultState().value() = 0;|nextResult[thread_id]->getResultID().value() = nextTask[thread_id]->getTaskID().value();|nextResult[thread_id]->getResultValue().value() = 1;````````````, ,
20141120_0936_48, Notification, XTEAM Engine, participant_1, 2, Simulation execution beginning, ,
20141120_0937_18, Notification, XTEAM Engine, participant_1, 2, Simulation execution completion, ,
20141120_0937_18, XTEAM, XTEAM Engine, participant_1, , ,
20141120_0937_18, XTEAM, XTEAM Engine, participant_1, , ,
20141120_0937_18, XTEAM, XTEAM Engine, participant_1, , ,
20141120_0939_12, Design, FLAME Client, participant_1, 3, X`cdc6010e.7cf74d31.85daf3c3.1e9a4be8`ATTR`Host_Client`Host`MON::Set [Host]`Aspect=xADLCoreAspect&Position=28.560`bb42af9e.ee894de6.a8870ee2.566cbbfe`Architecture`MON::Model [Architecture]`receiveEnergyCost=150.010000&receiveEnergyOverhead=101.860000&transmitEnergyCost=514.000000&transmitEnergyOverhead=129.870000````````````, ,
20141120_0939_13, Notification, XTEAM Engine, participant_1, 3, Simulation execution beginning, ,
20141120_0939_23, Design, FLAME Client, participant_1, 4, X`cdc6010e.7cf74d31.85daf3c3.1e9a4be8`ATTR`Host_Client`Host`MON::Set [Host]`Aspect=xADLCoreAspect&Position=28.560`bb42af9e.ee894de6.a8870ee2.566cbbfe`Architecture`MON::Model [Architecture]`receiveEnergyCost=150.010000&receiveEnergyOverhead=101.860000&transmitEnergyCost=514.000000&transmitEnergyOverhead=755.000000````````````, ,
20141120_0939_24, Notification, XTEAM Engine, participant_1, 4, Simulation execution beginning, ,
20141120_0939_28, Design, FLAME Client, participant_1, 5, X`cdc6010e.7cf74d31.85daf3c3.1e9a4be8`ATTR`Host_Client`Host`MON::Set [Host]`Aspect=xADLCoreAspect&Position=28.560`bb42af9e.ee894de6.a8870ee2.566cbbfe`Architecture`MON::Model [Architecture]`receiveEnergyCost=150.000000&receiveEnergyOverhead=101.860000&transmitEnergyCost=514.000000&transmitEnergyOverhead=755.000000````````````, ,
20141120_0939_29, Notification, XTEAM Engine, participant_1, 5, Simulation execution beginning, ,
20141120_0939_40, Design, FLAME Client, participant_1, 6, X`cdc6010e.7cf74d31.85daf3c3.1e9a4be8`ATTR`Host_Client`Host`MON::Set [Host]`Aspect=xADLCoreAspect&Position=28.560`bb42af9e.ee894de6.a8870ee2.566cbbfe`Architecture`MON::Model [Architecture]`receiveEnergyCost=150.000000&receiveEnergyOverhead=101.860000&transmitEnergyCost=514.000000&transmitEnergyOverhead=755.000000````````````, ,
20141120_0939_41, Notification, XTEAM Engine, participant_1, 6, Simulation execution beginning, ,
20141120_0939_45, Design, FLAME Client, participant_1, 7, X`cdc6010e.7cf74d31.85daf3c3.1e9a4be8`ATTR`Host_Client`Host`MON::Set [Host]`Aspect=xADLCoreAspect&Position=28.560`bb42af9e.ee894de6.a8870ee2.566cbbfe`Architecture`MON::Model [Architecture]`receiveEnergyCost=150.010000&receiveEnergyOverhead=101.860000&transmitEnergyCost=514.000000&transmitEnergyOverhead=755.000000````````````, ,
20141120_0939_46, Notification, XTEAM Engine, participant_1, 7, Simulation execution beginning, ,
20141120_0939_49, Design, FLAME Client, participant_1, 8, X`cdc6010e.7cf74d31.85daf3c3.1e9a4be8`ATTR`Host_Client`Host`MON::Set [Host]`Aspect=xADLCoreAspect&Position=28.560`bb42af9e.ee894de6.a8870ee2.566cbbfe`Architecture`MON::Model [Architecture]`receiveEnergyCost=150.010000&receiveEnergyOverhead=101.860000&transmitEnergyCost=514.000000&transmitEnergyOverhead=755.000000````````````, ,
20141120_0939_49, Notification, XTEAM Engine, participant_1, 3, Simulation execution completion, ,
20141120_0939_49, XTEAM, XTEAM Engine, participant_1, , ,
20141120_0939_49, XTEAM, XTEAM Engine, participant_1, , ,
20141120_0939_49, XTEAM, XTEAM Engine, participant_1, , ,
20141120_0939_50, Notification, XTEAM Engine, participant_1, 8, Simulation execution beginning, ,
20141120_0940_00, Notification, XTEAM Engine, participant_1, 4, Simulation execution completion, ,
20141120_0940_00, XTEAM, XTEAM Engine, participant_1, , ,
20141120_0940_00, XTEAM, XTEAM Engine, participant_1, , ,
20141120_0940_00, XTEAM, XTEAM Engine, participant_1, , ,
20141120_0940_04, Notification, XTEAM Engine, participant_1, 5, Simulation execution completion, ,
20141120_0940_04, XTEAM, XTEAM Engine, participant_1, , ,
20141120_0940_04, XTEAM, XTEAM Engine, participant_1, , ,
20141120_0940_04, XTEAM, XTEAM Engine, participant_1, , ,
20141120_0940_07, Design, FLAME Client, participant_0, 1, X`3f426f4b.6d164164.816fe575.67a4324f`ATTR`generate`Task`MON::Model [Task]`Aspect=xADLBehaviorAspect&Position=301.259`37598ce1.81784bb5.996843e8.1d554a61`Process`MON::Model [Process]`executionTime=7.5&memoryUsage=3&taskInstruction=nextTask = new Task;|nextTask->getTaskState().value() = 0;|nextTask->getTaskID().value() = taskIDCounter->getNextTaskID().value()++;````````````, ,
20141120_0940_08, Notification, XTEAM Engine, participant_0, 1, Simulation execution beginning, ,
20141120_0940_14, Design, FLAME Client, participant_0, 2, X`3f426f4b.6d164164.816fe575.67a4324f`ATTR`generate`Task`MON::Model [Task]`Aspect=xADLBehaviorAspect&Position=301.259`37598ce1.81784bb5.996843e8.1d554a61`Process`MON::Model [Process]`executionTime=7.5&memoryUsage=5500&taskInstruction=nextTask = new Task;|nextTask->getTaskState().value() = 0;|nextTask->getTaskID().value() = taskIDCounter->getNextTaskID().value()++;````````````, ,
20141120_0940_15, Notification, XTEAM Engine, participant_0, 2, Simulation execution beginning, ,
20141120_0940_17, Notification, XTEAM Engine, participant_1, 6, Simulation execution completion, ,
20141120_0940_17, XTEAM, XTEAM Engine, participant_1, , ,
20141120_0940_17, XTEAM, XTEAM Engine, participant_1, , ,
20141120_0940_17, XTEAM, XTEAM Engine, participant_1, , ,
20141120_0940_21, Notification, XTEAM Engine, participant_1, 7, Simulation execution completion, ,
20141120_0940_21, XTEAM, XTEAM Engine, participant_1, , ,
20141120_0940_21, XTEAM, XTEAM Engine, participant_1, , ,
20141120_0940_21, XTEAM, XTEAM Engine, participant_1, , ,
20141120_0940_29, Notification, XTEAM Engine, participant_1, 8, Simulation execution completion, ,
20141120_0940_29, XTEAM, XTEAM Engine, participant_1, , ,
20141120_0940_29, XTEAM, XTEAM Engine, participant_1, , ,
20141120_0940_29, XTEAM, XTEAM Engine, participant_1, , ,
20141120_0940_37, Design, FLAME Client, participant_0, 3, X`176369f9.b385435c.b2d59a0f.66ba660c`ATTR`Host_SubsetSum`Host`MON::Set [Host]`Aspect=xADLCoreAspect&Position=1610.385`bb42af9e.ee894de6.a8870ee2.566cbbfe`Architecture`MON::Model [Architecture]`receiveEnergyCost=101.280000&receiveEnergyOverhead=64.990000&transmitEnergyCost=182.000000&transmitEnergyOverhead=82.450000````````````, ,
20141120_0940_38, Notification, XTEAM Engine, participant_0, 3, Simulation execution beginning, ,
20141120_0940_39, Notification, XTEAM Engine, participant_0, 1, Simulation execution completion, ,
20141120_0940_39, XTEAM, XTEAM Engine, participant_0, , ,
20141120_0940_39, XTEAM, XTEAM Engine, participant_0, , ,
20141120_0940_39, XTEAM, XTEAM Engine, participant_0, , ,
20141120_0940_40, Design, FLAME Client, participant_0, 4, X`176369f9.b385435c.b2d59a0f.66ba660c`ATTR`Host_SubsetSum`Host`MON::Set [Host]`Aspect=xADLCoreAspect&Position=1610.385`bb42af9e.ee894de6.a8870ee2.566cbbfe`Architecture`MON::Model [Architecture]`receiveEnergyCost=101.280000&receiveEnergyOverhead=64.990000&transmitEnergyCost=182.000000&transmitEnergyOverhead=217.000000````````````, ,
20141120_0940_41, Notification, XTEAM Engine, participant_0, 4, Simulation execution beginning, ,
20141120_0940_46, Notification, XTEAM Engine, participant_0, 2, Simulation execution completion, ,
20141120_0940_46, XTEAM, XTEAM Engine, participant_0, , ,
20141120_0940_46, XTEAM, XTEAM Engine, participant_0, , ,
20141120_0940_46, XTEAM, XTEAM Engine, participant_0, , ,
20141120_0940_55, Design, FLAME Client, participant_1, 9, X`cdc6010e.7cf74d31.85daf3c3.1e9a4be8`ATTR`Host_Client`Host`MON::Set [Host]`Aspect=xADLCoreAspect&Position=28.560`bb42af9e.ee894de6.a8870ee2.566cbbfe`Architecture`MON::Model [Architecture]`receiveEnergyCost=150.010000&receiveEnergyOverhead=101.860000&transmitEnergyCost=514.000000&transmitEnergyOverhead=755.000000````````````, ,
20141120_0940_56, Notification, XTEAM Engine, participant_1, 9, Simulation execution beginning, ,
20141120_0941_10, Notification, XTEAM Engine, participant_0, 3, Simulation execution completion, ,
20141120_0941_10, XTEAM, XTEAM Engine, participant_0, , ,
20141120_0941_10, XTEAM, XTEAM Engine, participant_0, , ,
20141120_0941_10, XTEAM, XTEAM Engine, participant_0, , ,
20141120_0941_11, Design, FLAME Client, participant_0, 5, X`3a60805b.3a524f70.a064acd1.88108a11`ATTR`generate`Task`MON::Model [Task]`Aspect=xADLBehaviorAspect&Position=301.259`fd961ab4.712348fe.91a8653d.18529735`Process`MON::Model [Process]`executionTime=7.5&memoryUsage=3&taskInstruction=nextTask = new Task;|nextTask->getTaskState().value() = 0;|nextTask->getTaskID().value() = taskIDCounter->getNextTaskID().value()++;````````````, ,
20141120_0941_12, Notification, XTEAM Engine, participant_0, 5, Simulation execution beginning, ,
20141120_0941_14, Design, FLAME Client, participant_0, 6, X`3a60805b.3a524f70.a064acd1.88108a11`ATTR`generate`Task`MON::Model [Task]`Aspect=xADLBehaviorAspect&Position=301.259`fd961ab4.712348fe.91a8653d.18529735`Process`MON::Model [Process]`executionTime=7.5&memoryUsage=5500&taskInstruction=nextTask = new Task;|nextTask->getTaskState().value() = 0;|nextTask->getTaskID().value() = taskIDCounter->getNextTaskID().value()++;````````````, ,
20141120_0941_14, Notification, XTEAM Engine, participant_0, 4, Simulation execution completion, ,
20141120_0941_14, XTEAM, XTEAM Engine, participant_0, , ,
20141120_0941_14, XTEAM, XTEAM Engine, participant_0, , ,
20141120_0941_14, XTEAM, XTEAM Engine, participant_0, , ,
20141120_0941_15, Notification, XTEAM Engine, participant_0, 6, Simulation execution beginning, ,
20141120_0941_26, Design, FLAME Client, participant_0, 7, X`de311a94.5ac54159.8e7ae434.321ec71e`ATTR`HostSAT`Host`MON::Set [Host]`Aspect=xADLCoreAspect&Position=1610.497`bb42af9e.ee894de6.a8870ee2.566cbbfe`Architecture`MON::Model [Architecture]`receiveEnergyCost=101.280000&receiveEnergyOverhead=64.990000&transmitEnergyCost=182.000000&transmitEnergyOverhead=82.450000````````````, ,
20141120_0941_27, Notification, XTEAM Engine, participant_1, 9, Simulation execution completion, ,
20141120_0941_27, XTEAM, XTEAM Engine, participant_1, , ,
20141120_0941_27, XTEAM, XTEAM Engine, participant_1, , ,
20141120_0941_27, XTEAM, XTEAM Engine, participant_1, , ,
20141120_0941_28, Notification, XTEAM Engine, participant_0, 7, Simulation execution beginning, ,
20141120_0941_30, Design, FLAME Client, participant_0, 8, X`de311a94.5ac54159.8e7ae434.321ec71e`ATTR`HostSAT`Host`MON::Set [Host]`Aspect=xADLCoreAspect&Position=1610.497`bb42af9e.ee894de6.a8870ee2.566cbbfe`Architecture`MON::Model [Architecture]`receiveEnergyCost=101.280000&receiveEnergyOverhead=64.990000&transmitEnergyCost=182.000000&transmitEnergyOverhead=217.000000````````````, ,
20141120_0941_32, Notification, XTEAM Engine, participant_0, 8, Simulation execution beginning, ,
20141120_0941_48, Notification, XTEAM Engine, participant_0, 5, Simulation execution completion, ,
20141120_0941_48, XTEAM, XTEAM Engine, participant_0, , ,
20141120_0941_48, XTEAM, XTEAM Engine, participant_0, , ,
20141120_0941_48, XTEAM, XTEAM Engine, participant_0, , ,
20141120_0941_48, Notification, XTEAM Engine, participant_0, 6, Simulation execution completion, ,
20141120_0941_48, XTEAM, XTEAM Engine, participant_0, , ,
20141120_0941_49, XTEAM, XTEAM Engine, participant_0, , ,
20141120_0941_49, XTEAM, XTEAM Engine, participant_0, , ,
20141120_0942_00, Notification, XTEAM Engine, participant_0, 7, Simulation execution completion, ,
20141120_0942_00, XTEAM, XTEAM Engine, participant_0, , ,
20141120_0942_00, XTEAM, XTEAM Engine, participant_0, , ,
20141120_0942_00, XTEAM, XTEAM Engine, participant_0, , ,
20141120_0942_00, Design, FLAME Client, participant_1, 10, X`cdc6010e.7cf74d31.85daf3c3.1e9a4be8`ATTR`Host_Client`Host`MON::Set [Host]`Aspect=xADLCoreAspect&Position=28.560`bb42af9e.ee894de6.a8870ee2.566cbbfe`Architecture`MON::Model [Architecture]`receiveEnergyCost=150.010000&receiveEnergyOverhead=101.860000&transmitEnergyCost=514.000000&transmitEnergyOverhead=755.000000````````````, ,
20141120_0942_01, Notification, XTEAM Engine, participant_1, 10, Simulation execution beginning, ,
20141120_0942_02, Notification, XTEAM Engine, participant_0, 8, Simulation execution completion, ,
20141120_0942_02, XTEAM, XTEAM Engine, participant_0, , ,
20141120_0942_02, XTEAM, XTEAM Engine, participant_0, , ,
20141120_0942_02, XTEAM, XTEAM Engine, participant_0, , ,
20141120_0942_31, Notification, XTEAM Engine, participant_1, 10, Simulation execution completion, ,
20141120_0942_31, XTEAM, XTEAM Engine, participant_1, , ,
20141120_0942_31, XTEAM, XTEAM Engine, participant_1, , ,
20141120_0942_31, XTEAM, XTEAM Engine, participant_1, , ,
20141120_0945_34, Snapshot, FLAME Client, participant_0, 9, ,
20141120_0945_36, Notification, XTEAM Engine, participant_1, 11, Simulation execution beginning, ,
20141120_0946_08, Notification, XTEAM Engine, participant_1, 11, Simulation execution completion, ,
20141120_0946_08, XTEAM, XTEAM Engine, participant_1, , ,
20141120_0946_08, XTEAM, XTEAM Engine, participant_1, , ,
20141120_0946_08, XTEAM, XTEAM Engine, participant_1, , ,
20141120_0946_24, Design, FLAME Client, participant_1, 11, X`56c0109d.8cd8436e.a4ee0eb1.96457ac8`REGISTRY`GoogleComputeEngine`Component`MON::Model [Component]`Aspect=xADLCoreAspect&Position=21.287`bb42af9e.ee894de6.a8870ee2.566cbbfe`Architecture`MON::Model [Architecture]`description=````````````, ,
20141120_0946_25, Notification, XTEAM Engine, participant_1, 12, Simulation execution beginning, ,
20141120_0946_56, Notification, XTEAM Engine, participant_1, 12, Simulation execution completion, ,
20141120_0946_56, XTEAM, XTEAM Engine, participant_1, , ,
20141120_0946_56, XTEAM, XTEAM Engine, participant_1, , ,
20141120_0946_56, XTEAM, XTEAM Engine, participant_1, , ,
20141120_0947_30, Design, FLAME Client, participant_1, 12, X`64e3f498.f1114939.ba695f73.d07188e3`ATTR`perform`Task`MON::Model [Task]`Aspect=xADLBehaviorAspect&Position=308.301`d640f4b9.22e14264.b459176e.af6b895e`Process`MON::Model [Process]`executionTime=350&memoryUsage=27&taskInstruction=nextResult[thread_id] = new Result;|nextResult[thread_id]->getResultState().value() = 0;|nextResult[thread_id]->getResultID().value() = nextTask[thread_id]->getTaskID().value();|nextResult[thread_id]->getResultValue().value() = 1;````````````, ,
20141120_0947_31, Notification, XTEAM Engine, participant_1, 13, Simulation execution beginning, ,
20141120_0947_39, Design, FLAME Client, participant_1, 13, X`64e3f498.f1114939.ba695f73.d07188e3`ATTR`perform`Task`MON::Model [Task]`Aspect=xADLBehaviorAspect&Position=308.301`d640f4b9.22e14264.b459176e.af6b895e`Process`MON::Model [Process]`executionTime=350&memoryUsage=39&taskInstruction=nextResult[thread_id] = new Result;|nextResult[thread_id]->getResultState().value() = 0;|nextResult[thread_id]->getResultID().value() = nextTask[thread_id]->getTaskID().value();|nextResult[thread_id]->getResultValue().value() = 1;````````````, ,
20141120_0947_40, Notification, XTEAM Engine, participant_1, 14, Simulation execution beginning, ,
20141120_0947_41, Design, FLAME Client, participant_0, 10, X`3f426f4b.6d164164.816fe575.67a4324f`ATTR`generate`Task`MON::Model [Task]`Aspect=xADLBehaviorAspect&Position=301.259`37598ce1.81784bb5.996843e8.1d554a61`Process`MON::Model [Process]`executionTime=7&memoryUsage=5500&taskInstruction=nextTask = new Task;|nextTask->getTaskState().value() = 0;|nextTask->getTaskID().value() = taskIDCounter->getNextTaskID().value()++;````````````, ,
20141120_0947_42, Notification, XTEAM Engine, participant_0, 9, Simulation execution beginning, ,
20141120_0947_46, Design, FLAME Client, participant_0, 11, X`3f426f4b.6d164164.816fe575.67a4324f`ATTR`generate`Task`MON::Model [Task]`Aspect=xADLBehaviorAspect&Position=301.259`37598ce1.81784bb5.996843e8.1d554a61`Process`MON::Model [Process]`executionTime=7&memoryUsage=1100&taskInstruction=nextTask = new Task;|nextTask->getTaskState().value() = 0;|nextTask->getTaskID().value() = taskIDCounter->getNextTaskID().value()++;````````````, ,
20141120_0947_47, Notification, XTEAM Engine, participant_0, 10, Simulation execution beginning, ,
20141120_0948_04, Design, FLAME Client, participant_0, 12, X`3f426f4b.6d164164.816fe575.67a4324f`ATTR`generate`Task`MON::Model [Task]`Aspect=xADLBehaviorAspect&Position=301.259`37598ce1.81784bb5.996843e8.1d554a61`Process`MON::Model [Process]`executionTime=7&memoryUsage=11000&taskInstruction=nextTask = new Task;|nextTask->getTaskState().value() = 0;|nextTask->getTaskID().value() = taskIDCounter->getNextTaskID().value()++;````````````, ,
20141120_0948_05, Notification, XTEAM Engine, participant_0, 11, Simulation execution beginning, ,
20141120_0948_08, Notification, XTEAM Engine, participant_1, 13, Simulation execution completion, ,
20141120_0948_08, XTEAM, XTEAM Engine, participant_1, , ,
20141120_0948_08, XTEAM, XTEAM Engine, participant_1, , ,
20141120_0948_08, XTEAM, XTEAM Engine, participant_1, , ,
20141120_0948_14, Design, FLAME Client, participant_1, 14, X`25fea250.79aa4baf.b62be506.e9d1819a`ATTR`Host_GCE`Host`MON::Set [Host]`Aspect=xADLCoreAspect&Position=161.560`bb42af9e.ee894de6.a8870ee2.566cbbfe`Architecture`MON::Model [Architecture]`receiveEnergyCost=150.010000&receiveEnergyOverhead=101.860000&transmitEnergyCost=312.000000&transmitEnergyOverhead=129.870000````````````, ,
20141120_0948_15, Notification, XTEAM Engine, participant_1, 15, Simulation execution beginning, ,
20141120_0948_16, Notification, XTEAM Engine, participant_1, 14, Simulation execution completion, ,
20141120_0948_16, XTEAM, XTEAM Engine, participant_1, , ,
20141120_0948_16, XTEAM, XTEAM Engine, participant_1, , ,
20141120_0948_16, XTEAM, XTEAM Engine, participant_1, , ,
20141120_0948_18, Notification, XTEAM Engine, participant_0, 9, Simulation execution completion, ,
20141120_0948_18, XTEAM, XTEAM Engine, participant_0, , ,
20141120_0948_18, XTEAM, XTEAM Engine, participant_0, , ,
20141120_0948_18, XTEAM, XTEAM Engine, participant_0, , ,
20141120_0948_22, Design, FLAME Client, participant_1, 15, X`25fea250.79aa4baf.b62be506.e9d1819a`ATTR`Host_GCE`Host`MON::Set [Host]`Aspect=xADLCoreAspect&Position=161.560`bb42af9e.ee894de6.a8870ee2.566cbbfe`Architecture`MON::Model [Architecture]`receiveEnergyCost=150.010000&receiveEnergyOverhead=101.860000&transmitEnergyCost=312.000000&transmitEnergyOverhead=341.000000````````````, ,
20141120_0948_23, Notification, XTEAM Engine, participant_0, 10, Simulation execution completion, ,
20141120_0948_23, XTEAM, XTEAM Engine, participant_0, , ,
20141120_0948_23, XTEAM, XTEAM Engine, participant_0, , ,
20141120_0948_23, XTEAM, XTEAM Engine, participant_0, , ,
20141120_0948_23, Notification, XTEAM Engine, participant_1, 16, Simulation execution beginning, ,
20141120_0948_37, Notification, XTEAM Engine, participant_0, 11, Simulation execution completion, ,
20141120_0948_37, XTEAM, XTEAM Engine, participant_0, , ,
20141120_0948_37, XTEAM, XTEAM Engine, participant_0, , ,
20141120_0948_37, XTEAM, XTEAM Engine, participant_0, , ,
20141120_0948_37, Design, FLAME Client, participant_1, 16, X`25fea250.79aa4baf.b62be506.e9d1819a`ATTR`Host_GCE`Host`MON::Set [Host]`Aspect=xADLCoreAspect&Position=161.560`bb42af9e.ee894de6.a8870ee2.566cbbfe`Architecture`MON::Model [Architecture]`receiveEnergyCost=150.010000&receiveEnergyOverhead=101.860000&transmitEnergyCost=312.000000&transmitEnergyOverhead=341.000000````````````, ,
20141120_0948_38, Notification, XTEAM Engine, participant_1, 17, Simulation execution beginning, ,
20141120_0948_46, Design, FLAME Client, participant_0, 13, X`176369f9.b385435c.b2d59a0f.66ba660c`ATTR`Host_SubsetSum`Host`MON::Set [Host]`Aspect=xADLCoreAspect&Position=1610.385`bb42af9e.ee894de6.a8870ee2.566cbbfe`Architecture`MON::Model [Architecture]`receiveEnergyCost=101.280000&receiveEnergyOverhead=64.990000&transmitEnergyCost=330.000000&transmitEnergyOverhead=217.000000````````````, ,
20141120_0948_47, Notification, XTEAM Engine, participant_0, 12, Simulation execution beginning, ,
20141120_0948_48, Notification, XTEAM Engine, participant_1, 15, Simulation execution completion, ,
20141120_0948_48, XTEAM, XTEAM Engine, participant_1, , ,
20141120_0948_48, XTEAM, XTEAM Engine, participant_1, , ,
20141120_0948_48, XTEAM, XTEAM Engine, participant_1, , ,
20141120_0948_50, Design, FLAME Client, participant_0, 14, X`176369f9.b385435c.b2d59a0f.66ba660c`ATTR`Host_SubsetSum`Host`MON::Set [Host]`Aspect=xADLCoreAspect&Position=1610.385`bb42af9e.ee894de6.a8870ee2.566cbbfe`Architecture`MON::Model [Architecture]`receiveEnergyCost=101.280000&receiveEnergyOverhead=64.990000&transmitEnergyCost=330.000000&transmitEnergyOverhead=429.000000````````````, ,
20141120_0948_52, Notification, XTEAM Engine, participant_0, 13, Simulation execution beginning, ,
20141120_0948_56, Notification, XTEAM Engine, participant_1, 16, Simulation execution completion, ,
20141120_0948_56, XTEAM, XTEAM Engine, participant_1, , ,
20141120_0948_56, XTEAM, XTEAM Engine, participant_1, , ,
20141120_0948_56, XTEAM, XTEAM Engine, participant_1, , ,
20141120_0949_11, Notification, XTEAM Engine, participant_1, 17, Simulation execution completion, ,
20141120_0949_11, XTEAM, XTEAM Engine, participant_1, , ,
20141120_0949_11, XTEAM, XTEAM Engine, participant_1, , ,
20141120_0949_11, XTEAM, XTEAM Engine, participant_1, , ,
20141120_0949_18, Notification, XTEAM Engine, participant_0, 12, Simulation execution completion, ,
20141120_0949_18, XTEAM, XTEAM Engine, participant_0, , ,
20141120_0949_18, XTEAM, XTEAM Engine, participant_0, , ,
20141120_0949_18, XTEAM, XTEAM Engine, participant_0, , ,
20141120_0949_22, Notification, XTEAM Engine, participant_0, 13, Simulation execution completion, ,
20141120_0949_22, XTEAM, XTEAM Engine, participant_0, , ,
20141120_0949_22, XTEAM, XTEAM Engine, participant_0, , ,
20141120_0949_22, XTEAM, XTEAM Engine, participant_0, , ,
20141120_0954_38, Design, FLAME Client, participant_0, 15, X`3a60805b.3a524f70.a064acd1.88108a11`ATTR`generate`Task`MON::Model [Task]`Aspect=xADLBehaviorAspect&Position=301.259`fd961ab4.712348fe.91a8653d.18529735`Process`MON::Model [Process]`executionTime=8&memoryUsage=5500&taskInstruction=nextTask = new Task;|nextTask->getTaskState().value() = 0;|nextTask->getTaskID().value() = taskIDCounter->getNextTaskID().value()++;````````````, ,
20141120_0954_39, Notification, XTEAM Engine, participant_0, 14, Simulation execution beginning, ,
20141120_0954_41, Design, FLAME Client, participant_0, 16, X`3a60805b.3a524f70.a064acd1.88108a11`ATTR`generate`Task`MON::Model [Task]`Aspect=xADLBehaviorAspect&Position=301.259`fd961ab4.712348fe.91a8653d.18529735`Process`MON::Model [Process]`executionTime=8&memoryUsage=11000&taskInstruction=nextTask = new Task;|nextTask->getTaskState().value() = 0;|nextTask->getTaskID().value() = taskIDCounter->getNextTaskID().value()++;````````````, ,
20141120_0954_42, Notification, XTEAM Engine, participant_0, 15, Simulation execution beginning, ,
20141120_0954_46, Design, FLAME Client, participant_0, 17, X`3a60805b.3a524f70.a064acd1.88108a11`ATTR`generate`Task`MON::Model [Task]`Aspect=xADLBehaviorAspect&Position=301.259`fd961ab4.712348fe.91a8653d.18529735`Process`MON::Model [Process]`executionTime=7&memoryUsage=11000&taskInstruction=nextTask = new Task;|nextTask->getTaskState().value() = 0;|nextTask->getTaskID().value() = taskIDCounter->getNextTaskID().value()++;````````````, ,
20141120_0954_47, Notification, XTEAM Engine, participant_0, 16, Simulation execution beginning, ,
20141120_0954_59, Design, FLAME Client, participant_0, 18, X`de311a94.5ac54159.8e7ae434.321ec71e`ATTR`HostSAT`Host`MON::Set [Host]`Aspect=xADLCoreAspect&Position=1610.497`bb42af9e.ee894de6.a8870ee2.566cbbfe`Architecture`MON::Model [Architecture]`receiveEnergyCost=101.280000&receiveEnergyOverhead=64.990000&transmitEnergyCost=330.000000&transmitEnergyOverhead=217.000000````````````, ,
20141120_0955_00, Notification, XTEAM Engine, participant_0, 17, Simulation execution beginning, ,
20141120_0955_03, Design, FLAME Client, participant_0, 19, X`de311a94.5ac54159.8e7ae434.321ec71e`ATTR`HostSAT`Host`MON::Set [Host]`Aspect=xADLCoreAspect&Position=1610.497`bb42af9e.ee894de6.a8870ee2.566cbbfe`Architecture`MON::Model [Architecture]`receiveEnergyCost=101.280000&receiveEnergyOverhead=64.990000&transmitEnergyCost=330.000000&transmitEnergyOverhead=429.000000````````````, ,
20141120_0955_04, Notification, XTEAM Engine, participant_0, 18, Simulation execution beginning, ,
20141120_0955_16, Notification, XTEAM Engine, participant_0, 14, Simulation execution completion, ,
20141120_0955_16, XTEAM, XTEAM Engine, participant_0, , ,
20141120_0955_16, XTEAM, XTEAM Engine, participant_0, , ,
20141120_0955_16, XTEAM, XTEAM Engine, participant_0, , ,
20141120_0955_19, Notification, XTEAM Engine, participant_0, 15, Simulation execution completion, ,
20141120_0955_19, XTEAM, XTEAM Engine, participant_0, , ,
20141120_0955_19, XTEAM, XTEAM Engine, participant_0, , ,
20141120_0955_19, XTEAM, XTEAM Engine, participant_0, , ,
20141120_0955_22, Notification, XTEAM Engine, participant_0, 16, Simulation execution completion, ,
20141120_0955_22, XTEAM, XTEAM Engine, participant_0, , ,
20141120_0955_22, XTEAM, XTEAM Engine, participant_0, , ,
20141120_0955_22, XTEAM, XTEAM Engine, participant_0, , ,
20141120_0955_32, Notification, XTEAM Engine, participant_0, 17, Simulation execution completion, ,
20141120_0955_32, XTEAM, XTEAM Engine, participant_0, , ,
20141120_0955_32, XTEAM, XTEAM Engine, participant_0, , ,
20141120_0955_32, XTEAM, XTEAM Engine, participant_0, , ,
20141120_0955_43, Notification, XTEAM Engine, participant_0, 18, Simulation execution completion, ,
20141120_0955_43, XTEAM, XTEAM Engine, participant_0, , ,
20141120_0955_43, XTEAM, XTEAM Engine, participant_0, , ,
20141120_0955_43, XTEAM, XTEAM Engine, participant_0, , ,
20141120_0958_03, Snapshot, FLAME Client, participant_0, 20, ,
20141120_0958_05, Notification, XTEAM Engine, participant_1, 18, Simulation execution beginning, ,
20141120_0958_36, Notification, XTEAM Engine, participant_1, 18, Simulation execution completion, ,
20141120_0958_36, XTEAM, XTEAM Engine, participant_1, , ,
20141120_0958_36, XTEAM, XTEAM Engine, participant_1, , ,
20141120_0958_36, XTEAM, XTEAM Engine, participant_1, , ,
20141120_0959_39, Update, FLAME Client, participant_1, 17, ,
20141120_0959_47, Snapshot, FLAME Client, participant_1, 18, ,
20141120_0959_50, Notification, XTEAM Engine, participant_0, 19, Simulation execution beginning, ,
20141120_1000_23, Notification, XTEAM Engine, participant_0, 19, Simulation execution completion, ,
20141120_1000_23, XTEAM, XTEAM Engine, participant_0, , ,
20141120_1000_23, XTEAM, XTEAM Engine, participant_0, , ,
20141120_1000_23, XTEAM, XTEAM Engine, participant_0, , ,
20141120_1001_32, Update, FLAME Client, participant_0, 21, ,
20141120_1002_29, Design, FLAME Client, participant_0, 22, X`de345e4d.320242a6.87707e7a.7fed3550`REGISTRY`Clients`Component`MON::Model [Component]`Aspect=xADLCoreAspect&Position=28.168`bb42af9e.ee894de6.a8870ee2.566cbbfe`Architecture`MON::Model [Architecture]`description=````````````, ,
20141120_1002_30, Notification, XTEAM Engine, participant_0, 20, Simulation execution beginning, ,
20141120_1003_02, Notification, XTEAM Engine, participant_0, 20, Simulation execution completion, ,
20141120_1003_02, XTEAM, XTEAM Engine, participant_0, , ,
20141120_1003_02, XTEAM, XTEAM Engine, participant_0, , ,
20141120_1003_02, XTEAM, XTEAM Engine, participant_0, , ,
