TIME, Event name, OriginComponent, SenderUsername, EventID, Value, ,
20141130_1330_36, Login, FLAME Client, participant_0, , ,
20141130_1330_38, Login, XTEAM Engine, participant_0, , ,
20141130_1331_05, Login, FLAME Client, participant_1, , ,
20141130_1331_07, Login, XTEAM Engine, participant_1, , ,
20141130_1337_26, Design, FLAME Client, participant_1, 1, X`4c379791.2eea468a.a8abbb1d.e5fba9bb`ATTR`perform`Task`MON::Model [Task]`Aspect=xADLBehaviorAspect&Position=336.217`c270ab26.2fff4b88.bf50a288.2d000ee5`Process`MON::Model [Process]`executionTime=350&memoryUsage=27&taskInstruction=nextResult[thread_id] = new Result;|nextResult[thread_id]->getResultState().value() = 0;|nextResult[thread_id]->getResultID().value() = nextTask[thread_id]->getTaskID().value();|nextResult[thread_id]->getResultValue().value() = 1;````````````, ,
20141130_1337_27, Notification, XTEAM Engine, participant_1, 1, Simulation execution beginning, ,
20141130_1337_30, Design, FLAME Client, participant_1, 2, X`4c379791.2eea468a.a8abbb1d.e5fba9bb`ATTR`perform`Task`MON::Model [Task]`Aspect=xADLBehaviorAspect&Position=336.217`c270ab26.2fff4b88.bf50a288.2d000ee5`Process`MON::Model [Process]`executionTime=350&memoryUsage=39&taskInstruction=nextResult[thread_id] = new Result;|nextResult[thread_id]->getResultState().value() = 0;|nextResult[thread_id]->getResultID().value() = nextTask[thread_id]->getTaskID().value();|nextResult[thread_id]->getResultValue().value() = 1;````````````, ,
20141130_1337_31, Notification, XTEAM Engine, participant_1, 2, Simulation execution beginning, ,
20141130_1338_01, Notification, XTEAM Engine, participant_1, 1, Simulation execution completion, ,
20141130_1338_01, XTEAM, XTEAM Engine, participant_1, , ,
20141130_1338_01, XTEAM, XTEAM Engine, participant_1, , ,
20141130_1338_01, XTEAM, XTEAM Engine, participant_1, , ,
20141130_1338_02, Notification, XTEAM Engine, participant_1, 2, Simulation execution completion, ,
20141130_1338_02, XTEAM, XTEAM Engine, participant_1, , ,
20141130_1338_02, XTEAM, XTEAM Engine, participant_1, , ,
20141130_1338_02, XTEAM, XTEAM Engine, participant_1, , ,
20141130_1338_26, Design, FLAME Client, participant_1, 3, X`64e3f498.f1114939.ba695f73.d07188e3`ATTR`perform`Task`MON::Model [Task]`Aspect=xADLBehaviorAspect&Position=308.301`d640f4b9.22e14264.b459176e.af6b895e`Process`MON::Model [Process]`executionTime=350&memoryUsage=27&taskInstruction=nextResult[thread_id] = new Result;|nextResult[thread_id]->getResultState().value() = 0;|nextResult[thread_id]->getResultID().value() = nextTask[thread_id]->getTaskID().value();|nextResult[thread_id]->getResultValue().value() = 1;````````````, ,
20141130_1338_27, Notification, XTEAM Engine, participant_1, 3, Simulation execution beginning, ,
20141130_1338_33, Design, FLAME Client, participant_1, 4, X`64e3f498.f1114939.ba695f73.d07188e3`ATTR`perform`Task`MON::Model [Task]`Aspect=xADLBehaviorAspect&Position=308.301`d640f4b9.22e14264.b459176e.af6b895e`Process`MON::Model [Process]`executionTime=350&memoryUsage=39&taskInstruction=nextResult[thread_id] = new Result;|nextResult[thread_id]->getResultState().value() = 0;|nextResult[thread_id]->getResultID().value() = nextTask[thread_id]->getTaskID().value();|nextResult[thread_id]->getResultValue().value() = 1;````````````, ,
20141130_1338_34, Notification, XTEAM Engine, participant_1, 4, Simulation execution beginning, ,
20141130_1338_39, Snapshot, FLAME Client, participant_1, 5, ,
20141130_1338_41, Notification, XTEAM Engine, participant_0, 1, Simulation execution beginning, ,
20141130_1339_01, Notification, XTEAM Engine, participant_1, 3, Simulation execution completion, ,
20141130_1339_01, XTEAM, XTEAM Engine, participant_1, , ,
20141130_1339_01, XTEAM, XTEAM Engine, participant_1, , ,
20141130_1339_01, XTEAM, XTEAM Engine, participant_1, , ,
20141130_1339_07, Notification, XTEAM Engine, participant_1, 4, Simulation execution completion, ,
20141130_1339_07, XTEAM, XTEAM Engine, participant_1, , ,
20141130_1339_07, XTEAM, XTEAM Engine, participant_1, , ,
20141130_1339_07, XTEAM, XTEAM Engine, participant_1, , ,
20141130_1339_14, Notification, XTEAM Engine, participant_0, 1, Simulation execution completion, ,
20141130_1339_14, XTEAM, XTEAM Engine, participant_0, , ,
20141130_1339_14, XTEAM, XTEAM Engine, participant_0, , ,
20141130_1339_14, XTEAM, XTEAM Engine, participant_0, , ,
20141130_1341_05, Update, FLAME Client, participant_0, 1, ,
20141130_1341_34, Design, FLAME Client, participant_0, 2, X`3f426f4b.6d164164.816fe575.67a4324f`ATTR`generate`Task`MON::Model [Task]`Aspect=xADLBehaviorAspect&Position=301.259`37598ce1.81784bb5.996843e8.1d554a61`Process`MON::Model [Process]`executionTime=&memoryUsage=3&taskInstruction=nextTask = new Task;|nextTask->getTaskState().value() = 0;|nextTask->getTaskID().value() = taskIDCounter->getNextTaskID().value()++;````````````, ,
20141130_1341_35, XTEAM, XTEAM Engine, participant_0, , ,
20141130_1341_42, Design, FLAME Client, participant_0, 3, X`3f426f4b.6d164164.816fe575.67a4324f`ATTR`generate`Task`MON::Model [Task]`Aspect=xADLBehaviorAspect&Position=301.259`37598ce1.81784bb5.996843e8.1d554a61`Process`MON::Model [Process]`executionTime=7.5&memoryUsage=3&taskInstruction=nextTask = new Task;|nextTask->getTaskState().value() = 0;|nextTask->getTaskID().value() = taskIDCounter->getNextTaskID().value()++;````````````, ,
20141130_1341_43, Notification, XTEAM Engine, participant_0, 2, Simulation execution beginning, ,
20141130_1341_51, Design, FLAME Client, participant_0, 4, X`3f426f4b.6d164164.816fe575.67a4324f`ATTR`generate`Task`MON::Model [Task]`Aspect=xADLBehaviorAspect&Position=301.259`37598ce1.81784bb5.996843e8.1d554a61`Process`MON::Model [Process]`executionTime=7.5&memoryUsage=5500&taskInstruction=nextTask = new Task;|nextTask->getTaskState().value() = 0;|nextTask->getTaskID().value() = taskIDCounter->getNextTaskID().value()++;````````````, ,
20141130_1341_52, Notification, XTEAM Engine, participant_0, 3, Simulation execution beginning, ,
20141130_1342_15, Notification, XTEAM Engine, participant_0, 2, Simulation execution completion, ,
20141130_1342_15, XTEAM, XTEAM Engine, participant_0, , ,
20141130_1342_15, XTEAM, XTEAM Engine, participant_0, , ,
20141130_1342_15, XTEAM, XTEAM Engine, participant_0, , ,
20141130_1342_16, Design, FLAME Client, participant_0, 5, X`176369f9.b385435c.b2d59a0f.66ba660c`ATTR`Host_SubsetSum`Host`MON::Set [Host]`Aspect=xADLCoreAspect&Position=1610.385`bb42af9e.ee894de6.a8870ee2.566cbbfe`Architecture`MON::Model [Architecture]`receiveEnergyCost=101.280000&receiveEnergyOverhead=64.990000&transmitEnergyCost=182.000000&transmitEnergyOverhead=82.450000````````````, ,
20141130_1342_16, Notification, XTEAM Engine, participant_0, 4, Simulation execution beginning, ,
20141130_1342_23, Notification, XTEAM Engine, participant_0, 3, Simulation execution completion, ,
20141130_1342_23, XTEAM, XTEAM Engine, participant_0, , ,
20141130_1342_23, XTEAM, XTEAM Engine, participant_0, , ,
20141130_1342_23, XTEAM, XTEAM Engine, participant_0, , ,
20141130_1342_27, Design, FLAME Client, participant_0, 6, X`176369f9.b385435c.b2d59a0f.66ba660c`ATTR`Host_SubsetSum`Host`MON::Set [Host]`Aspect=xADLCoreAspect&Position=1610.385`bb42af9e.ee894de6.a8870ee2.566cbbfe`Architecture`MON::Model [Architecture]`receiveEnergyCost=101.280000&receiveEnergyOverhead=64.990000&transmitEnergyCost=182.000000&transmitEnergyOverhead=217.000000````````````, ,
20141130_1342_28, Notification, XTEAM Engine, participant_0, 5, Simulation execution beginning, ,
20141130_1342_49, Notification, XTEAM Engine, participant_0, 4, Simulation execution completion, ,
20141130_1342_49, XTEAM, XTEAM Engine, participant_0, , ,
20141130_1342_49, XTEAM, XTEAM Engine, participant_0, , ,
20141130_1342_49, XTEAM, XTEAM Engine, participant_0, , ,
20141130_1342_51, Snapshot, FLAME Client, participant_0, 7, ,
20141130_1342_53, Notification, XTEAM Engine, participant_1, 5, Simulation execution beginning, ,
20141130_1342_59, Notification, XTEAM Engine, participant_0, 5, Simulation execution completion, ,
20141130_1342_59, XTEAM, XTEAM Engine, participant_0, , ,
20141130_1343_00, XTEAM, XTEAM Engine, participant_0, , ,
20141130_1343_00, XTEAM, XTEAM Engine, participant_0, , ,
20141130_1343_23, Notification, XTEAM Engine, participant_1, 5, Simulation execution completion, ,
20141130_1343_23, XTEAM, XTEAM Engine, participant_1, , ,
20141130_1343_23, XTEAM, XTEAM Engine, participant_1, , ,
20141130_1343_23, XTEAM, XTEAM Engine, participant_1, , ,
20141130_1343_31, Update, FLAME Client, participant_1, 6, ,
20141130_1352_16, Design, FLAME Client, participant_1, 7, X`4c379791.2eea468a.a8abbb1d.e5fba9bb`ATTR`perform`Task`MON::Model [Task]`Aspect=xADLBehaviorAspect&Position=336.217`c270ab26.2fff4b88.bf50a288.2d000ee5`Process`MON::Model [Process]`executionTime=200&memoryUsage=39&taskInstruction=nextResult[thread_id] = new Result;|nextResult[thread_id]->getResultState().value() = 0;|nextResult[thread_id]->getResultID().value() = nextTask[thread_id]->getTaskID().value();|nextResult[thread_id]->getResultValue().value() = 1;````````````, ,
20141130_1352_17, Notification, XTEAM Engine, participant_1, 6, Simulation execution beginning, ,
20141130_1352_22, Design, FLAME Client, participant_1, 8, X`4c379791.2eea468a.a8abbb1d.e5fba9bb`ATTR`perform`Task`MON::Model [Task]`Aspect=xADLBehaviorAspect&Position=336.217`c270ab26.2fff4b88.bf50a288.2d000ee5`Process`MON::Model [Process]`executionTime=200&memoryUsage=92&taskInstruction=nextResult[thread_id] = new Result;|nextResult[thread_id]->getResultState().value() = 0;|nextResult[thread_id]->getResultID().value() = nextTask[thread_id]->getTaskID().value();|nextResult[thread_id]->getResultValue().value() = 1;````````````, ,
20141130_1352_23, Notification, XTEAM Engine, participant_1, 7, Simulation execution beginning, ,
20141130_1352_51, Design, FLAME Client, participant_1, 9, X`64e3f498.f1114939.ba695f73.d07188e3`ATTR`perform`Task`MON::Model [Task]`Aspect=xADLBehaviorAspect&Position=308.301`d640f4b9.22e14264.b459176e.af6b895e`Process`MON::Model [Process]`executionTime=200&memoryUsage=39&taskInstruction=nextResult[thread_id] = new Result;|nextResult[thread_id]->getResultState().value() = 0;|nextResult[thread_id]->getResultID().value() = nextTask[thread_id]->getTaskID().value();|nextResult[thread_id]->getResultValue().value() = 1;````````````, ,
20141130_1352_52, Notification, XTEAM Engine, participant_1, 6, Simulation execution completion, ,
20141130_1352_52, XTEAM, XTEAM Engine, participant_1, , ,
20141130_1352_52, XTEAM, XTEAM Engine, participant_1, , ,
20141130_1352_52, XTEAM, XTEAM Engine, participant_1, , ,
20141130_1352_52, Notification, XTEAM Engine, participant_1, 8, Simulation execution beginning, ,
20141130_1352_55, Design, FLAME Client, participant_1, 10, X`64e3f498.f1114939.ba695f73.d07188e3`ATTR`perform`Task`MON::Model [Task]`Aspect=xADLBehaviorAspect&Position=308.301`d640f4b9.22e14264.b459176e.af6b895e`Process`MON::Model [Process]`executionTime=200&memoryUsage=92&taskInstruction=nextResult[thread_id] = new Result;|nextResult[thread_id]->getResultState().value() = 0;|nextResult[thread_id]->getResultID().value() = nextTask[thread_id]->getTaskID().value();|nextResult[thread_id]->getResultValue().value() = 1;````````````, ,
20141130_1352_56, Notification, XTEAM Engine, participant_1, 7, Simulation execution completion, ,
20141130_1352_56, XTEAM, XTEAM Engine, participant_1, , ,
20141130_1352_56, XTEAM, XTEAM Engine, participant_1, , ,
20141130_1352_56, XTEAM, XTEAM Engine, participant_1, , ,
20141130_1352_57, Notification, XTEAM Engine, participant_1, 9, Simulation execution beginning, ,
20141130_1352_57, Snapshot, FLAME Client, participant_1, 11, ,
20141130_1352_59, Notification, XTEAM Engine, participant_0, 6, Simulation execution beginning, ,
20141130_1353_00, Update, FLAME Client, participant_0, 8, ,
20141130_1353_27, Notification, XTEAM Engine, participant_1, 8, Simulation execution completion, ,
20141130_1353_27, XTEAM, XTEAM Engine, participant_1, , ,
20141130_1353_27, XTEAM, XTEAM Engine, participant_1, , ,
20141130_1353_27, XTEAM, XTEAM Engine, participant_1, , ,
20141130_1353_31, Notification, XTEAM Engine, participant_0, 6, Simulation execution completion, ,
20141130_1353_31, XTEAM, XTEAM Engine, participant_0, , ,
20141130_1353_31, XTEAM, XTEAM Engine, participant_0, , ,
20141130_1353_31, XTEAM, XTEAM Engine, participant_0, , ,
20141130_1353_31, Notification, XTEAM Engine, participant_1, 9, Simulation execution completion, ,
20141130_1353_31, XTEAM, XTEAM Engine, participant_1, , ,
20141130_1353_31, XTEAM, XTEAM Engine, participant_1, , ,
20141130_1353_31, XTEAM, XTEAM Engine, participant_1, , ,
20141130_1353_35, Design, FLAME Client, participant_0, 9, X`176369f9.b385435c.b2d59a0f.66ba660c`ATTR`Host_SubsetSum`Host`MON::Set [Host]`Aspect=xADLCoreAspect&Position=1610.385`bb42af9e.ee894de6.a8870ee2.566cbbfe`Architecture`MON::Model [Architecture]`receiveEnergyCost=101.280000&receiveEnergyOverhead=64.990000&transmitEnergyCost=330.000000&transmitEnergyOverhead=217.000000````````````, ,
20141130_1353_36, Notification, XTEAM Engine, participant_0, 7, Simulation execution beginning, ,
20141130_1353_39, Design, FLAME Client, participant_0, 10, X`176369f9.b385435c.b2d59a0f.66ba660c`ATTR`Host_SubsetSum`Host`MON::Set [Host]`Aspect=xADLCoreAspect&Position=1610.385`bb42af9e.ee894de6.a8870ee2.566cbbfe`Architecture`MON::Model [Architecture]`receiveEnergyCost=101.280000&receiveEnergyOverhead=64.990000&transmitEnergyCost=330.000000&transmitEnergyOverhead=0.000000````````````, ,
20141130_1353_40, Notification, XTEAM Engine, participant_0, 8, Simulation execution beginning, ,
20141130_1353_47, Design, FLAME Client, participant_0, 11, X`176369f9.b385435c.b2d59a0f.66ba660c`ATTR`Host_SubsetSum`Host`MON::Set [Host]`Aspect=xADLCoreAspect&Position=1610.385`bb42af9e.ee894de6.a8870ee2.566cbbfe`Architecture`MON::Model [Architecture]`receiveEnergyCost=101.280000&receiveEnergyOverhead=64.990000&transmitEnergyCost=330.000000&transmitEnergyOverhead=429.000000````````````, ,
20141130_1353_48, Notification, XTEAM Engine, participant_0, 9, Simulation execution beginning, ,
20141130_1354_10, Design, FLAME Client, participant_0, 12, X`3f426f4b.6d164164.816fe575.67a4324f`ATTR`generate`Task`MON::Model [Task]`Aspect=xADLBehaviorAspect&Position=301.259`37598ce1.81784bb5.996843e8.1d554a61`Process`MON::Model [Process]`executionTime=7&memoryUsage=5500&taskInstruction=nextTask = new Task;|nextTask->getTaskState().value() = 0;|nextTask->getTaskID().value() = taskIDCounter->getNextTaskID().value()++;````````````, ,
20141130_1354_11, Notification, XTEAM Engine, participant_0, 10, Simulation execution beginning, ,
20141130_1354_12, Notification, XTEAM Engine, participant_0, 7, Simulation execution completion, ,
20141130_1354_12, XTEAM, XTEAM Engine, participant_0, , ,
20141130_1354_12, XTEAM, XTEAM Engine, participant_0, , ,
20141130_1354_12, XTEAM, XTEAM Engine, participant_0, , ,
20141130_1354_15, Design, FLAME Client, participant_0, 13, X`3f426f4b.6d164164.816fe575.67a4324f`ATTR`generate`Task`MON::Model [Task]`Aspect=xADLBehaviorAspect&Position=301.259`37598ce1.81784bb5.996843e8.1d554a61`Process`MON::Model [Process]`executionTime=7&memoryUsage=11000&taskInstruction=nextTask = new Task;|nextTask->getTaskState().value() = 0;|nextTask->getTaskID().value() = taskIDCounter->getNextTaskID().value()++;````````````, ,
20141130_1354_15, Notification, XTEAM Engine, participant_0, 8, Simulation execution completion, ,
20141130_1354_15, XTEAM, XTEAM Engine, participant_0, , ,
20141130_1354_15, XTEAM, XTEAM Engine, participant_0, , ,
20141130_1354_15, XTEAM, XTEAM Engine, participant_0, , ,
20141130_1354_16, Notification, XTEAM Engine, participant_0, 11, Simulation execution beginning, ,
20141130_1354_23, Notification, XTEAM Engine, participant_0, 9, Simulation execution completion, ,
20141130_1354_23, XTEAM, XTEAM Engine, participant_0, , ,
20141130_1354_23, XTEAM, XTEAM Engine, participant_0, , ,
20141130_1354_23, XTEAM, XTEAM Engine, participant_0, , ,
20141130_1354_35, Snapshot, FLAME Client, participant_0, 14, ,
20141130_1354_37, Notification, XTEAM Engine, participant_1, 10, Simulation execution beginning, ,
20141130_1354_43, Update, FLAME Client, participant_1, 12, ,
20141130_1354_44, Notification, XTEAM Engine, participant_0, 10, Simulation execution completion, ,
20141130_1354_44, XTEAM, XTEAM Engine, participant_0, , ,
20141130_1354_44, XTEAM, XTEAM Engine, participant_0, , ,
20141130_1354_44, XTEAM, XTEAM Engine, participant_0, , ,
20141130_1354_51, Notification, XTEAM Engine, participant_0, 11, Simulation execution completion, ,
20141130_1354_51, XTEAM, XTEAM Engine, participant_0, , ,
20141130_1354_51, XTEAM, XTEAM Engine, participant_0, , ,
20141130_1354_51, XTEAM, XTEAM Engine, participant_0, , ,
20141130_1355_06, Notification, XTEAM Engine, participant_1, 10, Simulation execution completion, ,
20141130_1355_06, XTEAM, XTEAM Engine, participant_1, , ,
20141130_1355_06, XTEAM, XTEAM Engine, participant_1, , ,
20141130_1355_06, XTEAM, XTEAM Engine, participant_1, , ,
20141130_1355_47, Design, FLAME Client, participant_1, 13, X`4c379791.2eea468a.a8abbb1d.e5fba9bb`ATTR`perform`Task`MON::Model [Task]`Aspect=xADLBehaviorAspect&Position=336.217`c270ab26.2fff4b88.bf50a288.2d000ee5`Process`MON::Model [Process]`executionTime=350&memoryUsage=92&taskInstruction=nextResult[thread_id] = new Result;|nextResult[thread_id]->getResultState().value() = 0;|nextResult[thread_id]->getResultID().value() = nextTask[thread_id]->getTaskID().value();|nextResult[thread_id]->getResultValue().value() = 1;````````````, ,
20141130_1355_47, Notification, XTEAM Engine, participant_1, 11, Simulation execution beginning, ,
20141130_1355_57, Design, FLAME Client, participant_1, 14, X`64e3f498.f1114939.ba695f73.d07188e3`ATTR`perform`Task`MON::Model [Task]`Aspect=xADLBehaviorAspect&Position=308.301`d640f4b9.22e14264.b459176e.af6b895e`Process`MON::Model [Process]`executionTime=350&memoryUsage=92&taskInstruction=nextResult[thread_id] = new Result;|nextResult[thread_id]->getResultState().value() = 0;|nextResult[thread_id]->getResultID().value() = nextTask[thread_id]->getTaskID().value();|nextResult[thread_id]->getResultValue().value() = 1;````````````, ,
20141130_1355_59, Notification, XTEAM Engine, participant_1, 12, Simulation execution beginning, ,
20141130_1355_59, Snapshot, FLAME Client, participant_1, 15, ,
20141130_1356_00, Notification, XTEAM Engine, participant_0, 12, Simulation execution beginning, ,
20141130_1356_22, Notification, XTEAM Engine, participant_1, 11, Simulation execution completion, ,
20141130_1356_22, XTEAM, XTEAM Engine, participant_1, , ,
20141130_1356_23, XTEAM, XTEAM Engine, participant_1, , ,
20141130_1356_23, XTEAM, XTEAM Engine, participant_1, , ,
20141130_1356_32, Notification, XTEAM Engine, participant_1, 12, Simulation execution completion, ,
20141130_1356_32, XTEAM, XTEAM Engine, participant_1, , ,
20141130_1356_32, XTEAM, XTEAM Engine, participant_1, , ,
20141130_1356_32, XTEAM, XTEAM Engine, participant_1, , ,
20141130_1356_33, Notification, XTEAM Engine, participant_0, 12, Simulation execution completion, ,
20141130_1356_33, XTEAM, XTEAM Engine, participant_0, , ,
20141130_1356_33, XTEAM, XTEAM Engine, participant_0, , ,
20141130_1356_33, XTEAM, XTEAM Engine, participant_0, , ,
20141130_1358_39, Update, FLAME Client, participant_0, 15, ,
20141130_1400_22, Design, FLAME Client, participant_0, 16, X`3a60805b.3a524f70.a064acd1.88108a11`ATTR`generate`Task`MON::Model [Task]`Aspect=xADLBehaviorAspect&Position=301.259`fd961ab4.712348fe.91a8653d.18529735`Process`MON::Model [Process]`executionTime=7.5&memoryUsage=3&taskInstruction=nextTask = new Task;|nextTask->getTaskState().value() = 0;|nextTask->getTaskID().value() = taskIDCounter->getNextTaskID().value()++;````````````, ,
20141130_1400_23, Notification, XTEAM Engine, participant_0, 13, Simulation execution beginning, ,
20141130_1400_31, Design, FLAME Client, participant_0, 17, X`3a60805b.3a524f70.a064acd1.88108a11`ATTR`generate`Task`MON::Model [Task]`Aspect=xADLBehaviorAspect&Position=301.259`fd961ab4.712348fe.91a8653d.18529735`Process`MON::Model [Process]`executionTime=7.5&memoryUsage=5500&taskInstruction=nextTask = new Task;|nextTask->getTaskState().value() = 0;|nextTask->getTaskID().value() = taskIDCounter->getNextTaskID().value()++;````````````, ,
20141130_1400_32, Notification, XTEAM Engine, participant_0, 14, Simulation execution beginning, ,
20141130_1400_45, Design, FLAME Client, participant_0, 18, X`de311a94.5ac54159.8e7ae434.321ec71e`ATTR`HostSAT`Host`MON::Set [Host]`Aspect=xADLCoreAspect&Position=1610.497`bb42af9e.ee894de6.a8870ee2.566cbbfe`Architecture`MON::Model [Architecture]`receiveEnergyCost=101.280000&receiveEnergyOverhead=64.990000&transmitEnergyCost=182.000000&transmitEnergyOverhead=82.450000````````````, ,
20141130_1400_46, Notification, XTEAM Engine, participant_0, 15, Simulation execution beginning, ,
20141130_1400_50, Design, FLAME Client, participant_0, 19, X`de311a94.5ac54159.8e7ae434.321ec71e`ATTR`HostSAT`Host`MON::Set [Host]`Aspect=xADLCoreAspect&Position=1610.497`bb42af9e.ee894de6.a8870ee2.566cbbfe`Architecture`MON::Model [Architecture]`receiveEnergyCost=101.280000&receiveEnergyOverhead=64.990000&transmitEnergyCost=182.000000&transmitEnergyOverhead=217.000000````````````, ,
20141130_1400_51, Notification, XTEAM Engine, participant_0, 16, Simulation execution beginning, ,
20141130_1401_00, Notification, XTEAM Engine, participant_0, 13, Simulation execution completion, ,
20141130_1401_00, XTEAM, XTEAM Engine, participant_0, , ,
20141130_1401_00, XTEAM, XTEAM Engine, participant_0, , ,
20141130_1401_00, XTEAM, XTEAM Engine, participant_0, , ,
20141130_1401_09, Notification, XTEAM Engine, participant_0, 14, Simulation execution completion, ,
20141130_1401_09, XTEAM, XTEAM Engine, participant_0, , ,
20141130_1401_09, XTEAM, XTEAM Engine, participant_0, , ,
20141130_1401_09, XTEAM, XTEAM Engine, participant_0, , ,
20141130_1401_17, Notification, XTEAM Engine, participant_0, 15, Simulation execution completion, ,
20141130_1401_17, XTEAM, XTEAM Engine, participant_0, , ,
20141130_1401_17, XTEAM, XTEAM Engine, participant_0, , ,
20141130_1401_17, XTEAM, XTEAM Engine, participant_0, , ,
20141130_1401_22, Notification, XTEAM Engine, participant_0, 16, Simulation execution completion, ,
20141130_1401_22, XTEAM, XTEAM Engine, participant_0, , ,
20141130_1401_22, XTEAM, XTEAM Engine, participant_0, , ,
20141130_1401_22, XTEAM, XTEAM Engine, participant_0, , ,
