TIME, Event name, OriginComponent, SenderUsername, EventID, ,
20140325_1433_59, Snapshot, CoWare XTEAM Client, participant_1, 12, ,
20140325_1434_00, Snapshot, CoWare XTEAM Client, participant_1, 13, ,
20140325_1437_29, Snapshot, CoWare XTEAM Client, participant_1, 14, ,
20140325_1449_54, Snapshot, CoWare XTEAM Client, participant_1, 19, ,
20140325_1452_20, Snapshot, CoWare XTEAM Client, participant_1, 25, ,
20140325_1456_22, Snapshot, CoWare XTEAM Client, participant_1, 26, ,
20140325_1456_41, Snapshot, CoWare XTEAM Client, participant_0, 47, ,
20140325_1456_53, Snapshot, CoWare XTEAM Client, participant_1, 27, ,
