TIME, Event name, OriginComponent, SenderUsername, EventID, ,
20140325_1958_34, Snapshot, CoWare XTEAM Client, participant_0, 8, ,
20140325_2002_45, Snapshot, CoWare XTEAM Client, participant_1, 9, ,
20140325_2002_54, Snapshot, CoWare XTEAM Client, participant_1, 10, ,
20140325_2003_56, Snapshot, CoWare XTEAM Client, participant_0, 19, ,
20140325_2006_45, Snapshot, CoWare XTEAM Client, participant_0, 37, ,
20140325_2006_48, Snapshot, CoWare XTEAM Client, participant_0, 38, ,
20140325_2009_05, Snapshot, CoWare XTEAM Client, participant_0, 39, ,
20140325_2011_59, Snapshot, CoWare XTEAM Client, participant_0, 47, ,
20140325_2012_04, Snapshot, CoWare XTEAM Client, participant_0, 48, ,
20140325_2014_14, Snapshot, CoWare XTEAM Client, participant_0, 67, ,
