TIME, Event name, OriginComponent, SenderUsername, EventID, Value, ,
20140325_1952_22, Login, XTEAM Engine, MRSV, , ,
20140325_1952_54, Login, CoWare XTEAM Client, participant_0, , ,
20140325_1953_42, Login, CoWare XTEAM Client, participant_1, , ,
20140325_1954_45, Design, CoWare XTEAM Client, participant_0, 1, X`e55df4ad.b7b04257.9e120182.ced0a272`ATTR`generate`Task`MON::Model [Task]`Aspect=xADLBehaviorAspect&Position=189.196`6de1d551.703f4069.85034d03.9388b013`Process`MON::Model [Process]`executionTime=&memoryUsage=3&taskInstruction=nextRequest = new Request;|nextRequest->getRequestKind().value() = "Temperature";````````````, ,
20140325_1954_46, XTEAM, XTEAM Engine, MRSV, , ,
20140325_1954_58, Design, CoWare XTEAM Client, participant_0, 2, X`e55df4ad.b7b04257.9e120182.ced0a272`ATTR`generate`Task`MON::Model [Task]`Aspect=xADLBehaviorAspect&Position=189.196`6de1d551.703f4069.85034d03.9388b013`Process`MON::Model [Process]`executionTime=5&memoryUsage=3&taskInstruction=nextRequest = new Request;|nextRequest->getRequestKind().value() = "Temperature";````````````, ,
20140325_1954_59, Notification, XTEAM Engine, MRSV, 1, Simulation execution beginning, ,
20140325_1955_10, Design, CoWare XTEAM Client, participant_0, 3, X`e55df4ad.b7b04257.9e120182.ced0a272`ATTR`generate`Task`MON::Model [Task]`Aspect=xADLBehaviorAspect&Position=189.196`6de1d551.703f4069.85034d03.9388b013`Process`MON::Model [Process]`executionTime=5&memoryUsage=250&taskInstruction=nextRequest = new Request;|nextRequest->getRequestKind().value() = "Temperature";````````````, ,
20140325_1955_12, Notification, XTEAM Engine, MRSV, 2, Simulation execution beginning, ,
20140325_1955_19, Notification, XTEAM Engine, MRSV, 1, Simulation execution completion, ,
20140325_1955_19, XTEAM, XTEAM Engine, MRSV, , ,
20140325_1955_19, XTEAM, XTEAM Engine, MRSV, , ,
20140325_1955_19, XTEAM, XTEAM Engine, MRSV, , ,
20140325_1955_36, Design, CoWare XTEAM Client, participant_0, 4, X`3709314b.7a93486e.8dc9b26c.f4772d70`ATTR`Host_1`Host`MON::Set [Host]`Aspect=xADLCoreAspect&Position=42.49`53c8e4c.6bec48b1.8f5efd8e.55e34f54`Architecture`MON::Model [Architecture]`receiveEnergyCost=18.000000&receiveEnergyOverhead=48.000000&transmitEnergyCost=50.000000&transmitEnergyOverhead=45.000000````````````, ,
20140325_1955_38, Notification, XTEAM Engine, MRSV, 2, Simulation execution completion, ,
20140325_1955_38, XTEAM, XTEAM Engine, MRSV, , ,
20140325_1955_38, XTEAM, XTEAM Engine, MRSV, , ,
20140325_1955_38, XTEAM, XTEAM Engine, MRSV, , ,
20140325_1955_38, Notification, XTEAM Engine, MRSV, 3, Simulation execution beginning, ,
20140325_1955_38, Design, CoWare XTEAM Client, participant_0, 5, X`3709314b.7a93486e.8dc9b26c.f4772d70`ATTR`Host_1`Host`MON::Set [Host]`Aspect=xADLCoreAspect&Position=42.49`53c8e4c.6bec48b1.8f5efd8e.55e34f54`Architecture`MON::Model [Architecture]`receiveEnergyCost=18.000000&receiveEnergyOverhead=48.000000&transmitEnergyCost=50.000000&transmitEnergyOverhead=200.000000````````````, ,
20140325_1955_40, Notification, XTEAM Engine, MRSV, 4, Simulation execution beginning, ,
20140325_1955_41, Design, CoWare XTEAM Client, participant_0, 6, X`3709314b.7a93486e.8dc9b26c.f4772d70`ATTR`Host_1`Host`MON::Set [Host]`Aspect=xADLCoreAspect&Position=42.49`53c8e4c.6bec48b1.8f5efd8e.55e34f54`Architecture`MON::Model [Architecture]`receiveEnergyCost=65.000000&receiveEnergyOverhead=48.000000&transmitEnergyCost=50.000000&transmitEnergyOverhead=200.000000````````````, ,
20140325_1955_42, Notification, XTEAM Engine, MRSV, 5, Simulation execution beginning, ,
20140325_1955_43, Design, CoWare XTEAM Client, participant_0, 7, X`3709314b.7a93486e.8dc9b26c.f4772d70`ATTR`Host_1`Host`MON::Set [Host]`Aspect=xADLCoreAspect&Position=42.49`53c8e4c.6bec48b1.8f5efd8e.55e34f54`Architecture`MON::Model [Architecture]`receiveEnergyCost=65.000000&receiveEnergyOverhead=240.000000&transmitEnergyCost=50.000000&transmitEnergyOverhead=200.000000````````````, ,
20140325_1955_45, Notification, XTEAM Engine, MRSV, 6, Simulation execution beginning, ,
20140325_1956_18, Notification, XTEAM Engine, MRSV, 5, Simulation execution completion, ,
20140325_1956_18, XTEAM, XTEAM Engine, MRSV, , ,
20140325_1956_18, XTEAM, XTEAM Engine, MRSV, , ,
20140325_1956_18, XTEAM, XTEAM Engine, MRSV, , ,
20140325_1956_19, Notification, XTEAM Engine, MRSV, 4, Simulation execution completion, ,
20140325_1956_19, XTEAM, XTEAM Engine, MRSV, , ,
20140325_1956_19, XTEAM, XTEAM Engine, MRSV, , ,
20140325_1956_19, XTEAM, XTEAM Engine, MRSV, , ,
20140325_1956_27, Notification, XTEAM Engine, MRSV, 3, Simulation execution completion, ,
20140325_1956_27, XTEAM, XTEAM Engine, MRSV, , ,
20140325_1956_27, XTEAM, XTEAM Engine, MRSV, , ,
20140325_1956_27, XTEAM, XTEAM Engine, MRSV, , ,
20140325_1956_27, Notification, XTEAM Engine, MRSV, 6, Simulation execution completion, ,
20140325_1956_27, XTEAM, XTEAM Engine, MRSV, , ,
20140325_1956_27, XTEAM, XTEAM Engine, MRSV, , ,
20140325_1956_27, XTEAM, XTEAM Engine, MRSV, , ,
20140325_1958_34, Snapshot, CoWare XTEAM Client, participant_0, 8, ,
20140325_1959_51, Design, CoWare XTEAM Client, participant_1, 1, X`d74a2c65.e78b436f.bb8c4d69.c6c262cf`ATTR`forward`Task`MON::Model [Task]`Aspect=xADLBehaviorAspect&Position=280.196`b0656a82.f464e5e.80ba3243.d6b28879`Process`MON::Model [Process]`executionTime=8&memoryUsage=1&taskInstruction=````````````, ,
20140325_1959_53, Notification, XTEAM Engine, MRSV, 7, Simulation execution beginning, ,
20140325_1959_57, Design, CoWare XTEAM Client, participant_1, 2, X`d74a2c65.e78b436f.bb8c4d69.c6c262cf`ATTR`forward`Task`MON::Model [Task]`Aspect=xADLBehaviorAspect&Position=280.196`b0656a82.f464e5e.80ba3243.d6b28879`Process`MON::Model [Process]`executionTime=8&memoryUsage=10&taskInstruction=````````````, ,
20140325_1959_58, Notification, XTEAM Engine, MRSV, 8, Simulation execution beginning, ,
20140325_2000_29, Notification, XTEAM Engine, MRSV, 7, Simulation execution completion, ,
20140325_2000_29, XTEAM, XTEAM Engine, MRSV, , ,
20140325_2000_29, XTEAM, XTEAM Engine, MRSV, , ,
20140325_2000_29, XTEAM, XTEAM Engine, MRSV, , ,
20140325_2000_34, Notification, XTEAM Engine, MRSV, 8, Simulation execution completion, ,
20140325_2000_34, XTEAM, XTEAM Engine, MRSV, , ,
20140325_2000_34, XTEAM, XTEAM Engine, MRSV, , ,
20140325_2000_34, XTEAM, XTEAM Engine, MRSV, , ,
20140325_2001_47, Design, CoWare XTEAM Client, participant_1, 3, X`cc6f3a99.39734696.be3c4499.34632100`ATTR`Host_Salinity`Host`MON::Set [Host]`Aspect=xADLCoreAspect&Position=966.763`53c8e4c.6bec48b1.8f5efd8e.55e34f54`Architecture`MON::Model [Architecture]`receiveEnergyCost=13.000000&receiveEnergyOverhead=45.000000&transmitEnergyCost=12.000000&transmitEnergyOverhead=40.000000````````````, ,
20140325_2001_48, Notification, XTEAM Engine, MRSV, 9, Simulation execution beginning, ,
20140325_2001_53, Design, CoWare XTEAM Client, participant_1, 4, X`cc6f3a99.39734696.be3c4499.34632100`ATTR`Host_Salinity`Host`MON::Set [Host]`Aspect=xADLCoreAspect&Position=966.763`53c8e4c.6bec48b1.8f5efd8e.55e34f54`Architecture`MON::Model [Architecture]`receiveEnergyCost=20.000000&receiveEnergyOverhead=45.000000&transmitEnergyCost=12.000000&transmitEnergyOverhead=40.000000````````````, ,
20140325_2001_54, Notification, XTEAM Engine, MRSV, 10, Simulation execution beginning, ,
20140325_2001_58, Design, CoWare XTEAM Client, participant_1, 5, X`cc6f3a99.39734696.be3c4499.34632100`ATTR`Host_Salinity`Host`MON::Set [Host]`Aspect=xADLCoreAspect&Position=966.763`53c8e4c.6bec48b1.8f5efd8e.55e34f54`Architecture`MON::Model [Architecture]`receiveEnergyCost=20.000000&receiveEnergyOverhead=70.000000&transmitEnergyCost=12.000000&transmitEnergyOverhead=40.000000````````````, ,
20140325_2002_00, Notification, XTEAM Engine, MRSV, 11, Simulation execution beginning, ,
20140325_2002_14, Notification, XTEAM Engine, MRSV, 9, Simulation execution completion, ,
20140325_2002_14, XTEAM, XTEAM Engine, MRSV, , ,
20140325_2002_14, XTEAM, XTEAM Engine, MRSV, , ,
20140325_2002_14, XTEAM, XTEAM Engine, MRSV, , ,
20140325_2002_15, Notification, XTEAM Engine, MRSV, 10, Simulation execution completion, ,
20140325_2002_15, XTEAM, XTEAM Engine, MRSV, , ,
20140325_2002_15, XTEAM, XTEAM Engine, MRSV, , ,
20140325_2002_15, XTEAM, XTEAM Engine, MRSV, , ,
20140325_2002_20, Design, CoWare XTEAM Client, participant_1, 6, X`f603f85b.e43844a4.b3627b58.f951dcdf`ATTR`Host_Temp`Host`MON::Set [Host]`Aspect=xADLCoreAspect&Position=1106.763`53c8e4c.6bec48b1.8f5efd8e.55e34f54`Architecture`MON::Model [Architecture]`receiveEnergyCost=13.000000&receiveEnergyOverhead=45.000000&transmitEnergyCost=12.000000&transmitEnergyOverhead=40.000000````````````, ,
20140325_2002_21, Notification, XTEAM Engine, MRSV, 12, Simulation execution beginning, ,
20140325_2002_22, Notification, XTEAM Engine, MRSV, 11, Simulation execution completion, ,
20140325_2002_22, XTEAM, XTEAM Engine, MRSV, , ,
20140325_2002_22, XTEAM, XTEAM Engine, MRSV, , ,
20140325_2002_22, XTEAM, XTEAM Engine, MRSV, , ,
20140325_2002_23, Design, CoWare XTEAM Client, participant_1, 7, X`f603f85b.e43844a4.b3627b58.f951dcdf`ATTR`Host_Temp`Host`MON::Set [Host]`Aspect=xADLCoreAspect&Position=1106.763`53c8e4c.6bec48b1.8f5efd8e.55e34f54`Architecture`MON::Model [Architecture]`receiveEnergyCost=20.000000&receiveEnergyOverhead=45.000000&transmitEnergyCost=12.000000&transmitEnergyOverhead=40.000000````````````, ,
20140325_2002_25, Notification, XTEAM Engine, MRSV, 13, Simulation execution beginning, ,
20140325_2002_28, Design, CoWare XTEAM Client, participant_0, 9, X`e55df4ad.b7b04257.9e120182.ced0a272`ATTR`generate`Task`MON::Model [Task]`Aspect=xADLBehaviorAspect&Position=189.196`6de1d551.703f4069.85034d03.9388b013`Process`MON::Model [Process]`executionTime=7&memoryUsage=250&taskInstruction=nextRequest = new Request;|nextRequest->getRequestKind().value() = "Temperature";````````````, ,
20140325_2002_29, Notification, XTEAM Engine, MRSV, 14, Simulation execution beginning, ,
20140325_2002_29, Design, CoWare XTEAM Client, participant_1, 8, X`f603f85b.e43844a4.b3627b58.f951dcdf`ATTR`Host_Temp`Host`MON::Set [Host]`Aspect=xADLCoreAspect&Position=1106.763`53c8e4c.6bec48b1.8f5efd8e.55e34f54`Architecture`MON::Model [Architecture]`receiveEnergyCost=20.000000&receiveEnergyOverhead=70.000000&transmitEnergyCost=12.000000&transmitEnergyOverhead=40.000000````````````, ,
20140325_2002_30, Notification, XTEAM Engine, MRSV, 15, Simulation execution beginning, ,
20140325_2002_39, Design, CoWare XTEAM Client, participant_0, 10, X`3709314b.7a93486e.8dc9b26c.f4772d70`ATTR`Host_1`Host`MON::Set [Host]`Aspect=xADLCoreAspect&Position=42.49`53c8e4c.6bec48b1.8f5efd8e.55e34f54`Architecture`MON::Model [Architecture]`receiveEnergyCost=65.000000&receiveEnergyOverhead=240.000000&transmitEnergyCost=12.000000&transmitEnergyOverhead=200.000000````````````, ,
20140325_2002_41, Notification, XTEAM Engine, MRSV, 16, Simulation execution beginning, ,
20140325_2002_41, Design, CoWare XTEAM Client, participant_0, 11, X`3709314b.7a93486e.8dc9b26c.f4772d70`ATTR`Host_1`Host`MON::Set [Host]`Aspect=xADLCoreAspect&Position=42.49`53c8e4c.6bec48b1.8f5efd8e.55e34f54`Architecture`MON::Model [Architecture]`receiveEnergyCost=65.000000&receiveEnergyOverhead=240.000000&transmitEnergyCost=12.000000&transmitEnergyOverhead=45.000000````````````, ,
20140325_2002_44, Notification, XTEAM Engine, MRSV, 17, Simulation execution beginning, ,
20140325_2002_45, Snapshot, CoWare XTEAM Client, participant_1, 9, ,
20140325_2002_50, Notification, XTEAM Engine, MRSV, 12, Simulation execution completion, ,
20140325_2002_50, XTEAM, XTEAM Engine, MRSV, , ,
20140325_2002_50, XTEAM, XTEAM Engine, MRSV, , ,
20140325_2002_50, XTEAM, XTEAM Engine, MRSV, , ,
20140325_2002_52, Notification, XTEAM Engine, MRSV, 13, Simulation execution completion, ,
20140325_2002_54, Snapshot, CoWare XTEAM Client, participant_1, 10, ,
20140325_2002_53, XTEAM, XTEAM Engine, MRSV, , ,
20140325_2002_53, XTEAM, XTEAM Engine, MRSV, , ,
20140325_2002_52, XTEAM, XTEAM Engine, MRSV, , ,
20140325_2002_57, Design, CoWare XTEAM Client, participant_0, 12, X`3709314b.7a93486e.8dc9b26c.f4772d70`ATTR`Host_1`Host`MON::Set [Host]`Aspect=xADLCoreAspect&Position=42.49`53c8e4c.6bec48b1.8f5efd8e.55e34f54`Architecture`MON::Model [Architecture]`receiveEnergyCost=18.000000&receiveEnergyOverhead=240.000000&transmitEnergyCost=12.000000&transmitEnergyOverhead=45.000000````````````, ,
20140325_2002_58, Notification, XTEAM Engine, MRSV, 18, Simulation execution beginning, ,
20140325_2003_03, Design, CoWare XTEAM Client, participant_0, 13, X`3709314b.7a93486e.8dc9b26c.f4772d70`ATTR`Host_1`Host`MON::Set [Host]`Aspect=xADLCoreAspect&Position=42.49`53c8e4c.6bec48b1.8f5efd8e.55e34f54`Architecture`MON::Model [Architecture]`receiveEnergyCost=18.000000&receiveEnergyOverhead=48.000000&transmitEnergyCost=12.000000&transmitEnergyOverhead=45.000000````````````, ,
20140325_2003_04, Notification, XTEAM Engine, MRSV, 19, Simulation execution beginning, ,
20140325_2003_11, Notification, XTEAM Engine, MRSV, 14, Simulation execution completion, ,
20140325_2003_11, XTEAM, XTEAM Engine, MRSV, , ,
20140325_2003_11, XTEAM, XTEAM Engine, MRSV, , ,
20140325_2003_11, XTEAM, XTEAM Engine, MRSV, , ,
20140325_2003_12, Design, CoWare XTEAM Client, participant_0, 14, X`472c8a8d.22544542.a7edd0b1.3bf470d3`REGISTRY`TempReqGen`Component`MON::Model [Component]`Aspect=xADLCoreAspect&Position=168.161`53c8e4c.6bec48b1.8f5efd8e.55e34f54`Architecture`MON::Model [Architecture]`description=````````````, ,
20140325_2003_13, Notification, XTEAM Engine, MRSV, 15, Simulation execution completion, ,
20140325_2003_13, XTEAM, XTEAM Engine, MRSV, , ,
20140325_2003_13, XTEAM, XTEAM Engine, MRSV, , ,
20140325_2003_13, XTEAM, XTEAM Engine, MRSV, , ,
20140325_2003_13, Notification, XTEAM Engine, MRSV, 20, Simulation execution beginning, ,
20140325_2003_20, Notification, XTEAM Engine, MRSV, 17, Simulation execution completion, ,
20140325_2003_20, XTEAM, XTEAM Engine, MRSV, , ,
20140325_2003_20, XTEAM, XTEAM Engine, MRSV, , ,
20140325_2003_20, XTEAM, XTEAM Engine, MRSV, , ,
20140325_2003_22, Notification, XTEAM Engine, MRSV, 16, Simulation execution completion, ,
20140325_2003_22, XTEAM, XTEAM Engine, MRSV, , ,
20140325_2003_22, XTEAM, XTEAM Engine, MRSV, , ,
20140325_2003_22, XTEAM, XTEAM Engine, MRSV, , ,
20140325_2003_25, Notification, XTEAM Engine, MRSV, 18, Simulation execution completion, ,
20140325_2003_25, XTEAM, XTEAM Engine, MRSV, , ,
20140325_2003_25, XTEAM, XTEAM Engine, MRSV, , ,
20140325_2003_25, XTEAM, XTEAM Engine, MRSV, , ,
20140325_2003_28, Design, CoWare XTEAM Client, participant_0, 15, X`38aa871.eb549bc.aabb5f5f.9a0c5f7d`ATTR`generate`Task`MON::Model [Task]`Aspect=xADLBehaviorAspect&Position=189.196`9f0c917a.d5e346fb.857fc403.69d41261`Process`MON::Model [Process]`executionTime=7&memoryUsage=3&taskInstruction=nextRequest = new Request;|nextRequest->getRequestKind().value() = "Temperature";````````````, ,
20140325_2003_29, Notification, XTEAM Engine, MRSV, 21, Simulation execution beginning, ,
20140325_2003_31, Notification, XTEAM Engine, MRSV, 19, Simulation execution completion, ,
20140325_2003_31, XTEAM, XTEAM Engine, MRSV, , ,
20140325_2003_31, XTEAM, XTEAM Engine, MRSV, , ,
20140325_2003_31, XTEAM, XTEAM Engine, MRSV, , ,
20140325_2003_35, Design, CoWare XTEAM Client, participant_0, 16, X`38aa871.eb549bc.aabb5f5f.9a0c5f7d`ATTR`generate`Task`MON::Model [Task]`Aspect=xADLBehaviorAspect&Position=189.196`9f0c917a.d5e346fb.857fc403.69d41261`Process`MON::Model [Process]`executionTime=7&memoryUsage=250&taskInstruction=nextRequest = new Request;|nextRequest->getRequestKind().value() = "Temperature";````````````, ,
20140325_2003_36, Notification, XTEAM Engine, MRSV, 22, Simulation execution beginning, ,
20140325_2003_40, Notification, XTEAM Engine, MRSV, 20, Simulation execution completion, ,
20140325_2003_40, XTEAM, XTEAM Engine, MRSV, , ,
20140325_2003_40, XTEAM, XTEAM Engine, MRSV, , ,
20140325_2003_40, XTEAM, XTEAM Engine, MRSV, , ,
20140325_2003_52, Design, CoWare XTEAM Client, participant_0, 17, X`2442e05e.7e534432.a652495a.4a8032a9`ATTR`generate`Task`MON::Model [Task]`Aspect=xADLBehaviorAspect&Position=189.196`ee842d2c.6fbd409b.b93189f8.bce88a2b`Process`MON::Model [Process]`executionTime=7&memoryUsage=3&taskInstruction=nextRequest = new Request;|nextRequest->getRequestKind().value() = "Temperature";````````````, ,
20140325_2003_53, Notification, XTEAM Engine, MRSV, 23, Simulation execution beginning, ,
20140325_2003_55, Design, CoWare XTEAM Client, participant_0, 18, X`2442e05e.7e534432.a652495a.4a8032a9`ATTR`generate`Task`MON::Model [Task]`Aspect=xADLBehaviorAspect&Position=189.196`ee842d2c.6fbd409b.b93189f8.bce88a2b`Process`MON::Model [Process]`executionTime=7&memoryUsage=250&taskInstruction=nextRequest = new Request;|nextRequest->getRequestKind().value() = "Temperature";````````````, ,
20140325_2003_56, Snapshot, CoWare XTEAM Client, participant_0, 19, ,
20140325_2003_58, Notification, XTEAM Engine, MRSV, 24, Simulation execution beginning, ,
20140325_2004_00, Notification, XTEAM Engine, MRSV, 22, Simulation execution completion, ,
20140325_2004_00, XTEAM, XTEAM Engine, MRSV, , ,
20140325_2004_00, XTEAM, XTEAM Engine, MRSV, , ,
20140325_2004_00, XTEAM, XTEAM Engine, MRSV, , ,
20140325_2004_03, Notification, XTEAM Engine, MRSV, 21, Simulation execution completion, ,
20140325_2004_03, XTEAM, XTEAM Engine, MRSV, , ,
20140325_2004_03, XTEAM, XTEAM Engine, MRSV, , ,
20140325_2004_03, XTEAM, XTEAM Engine, MRSV, , ,
20140325_2004_16, Notification, XTEAM Engine, MRSV, 23, Simulation execution completion, ,
20140325_2004_16, XTEAM, XTEAM Engine, MRSV, , ,
20140325_2004_16, XTEAM, XTEAM Engine, MRSV, , ,
20140325_2004_16, XTEAM, XTEAM Engine, MRSV, , ,
20140325_2004_30, Notification, XTEAM Engine, MRSV, 24, Simulation execution completion, ,
20140325_2004_30, XTEAM, XTEAM Engine, MRSV, , ,
20140325_2004_30, XTEAM, XTEAM Engine, MRSV, , ,
20140325_2004_30, XTEAM, XTEAM Engine, MRSV, , ,
20140325_2005_16, Design, CoWare XTEAM Client, participant_0, 20, X`3709314b.7a93486e.8dc9b26c.f4772d70`ATTR`Host_1`Host`MON::Set [Host]`Aspect=xADLCoreAspect&Position=42.49`53c8e4c.6bec48b1.8f5efd8e.55e34f54`Architecture`MON::Model [Architecture]`receiveEnergyCost=18.000000&receiveEnergyOverhead=48.000000&transmitEnergyCost=50.000000&transmitEnergyOverhead=45.000000````````````, ,
20140325_2005_17, Notification, XTEAM Engine, MRSV, 25, Simulation execution beginning, ,
20140325_2005_18, Design, CoWare XTEAM Client, participant_0, 21, X`3709314b.7a93486e.8dc9b26c.f4772d70`ATTR`Host_1`Host`MON::Set [Host]`Aspect=xADLCoreAspect&Position=42.49`53c8e4c.6bec48b1.8f5efd8e.55e34f54`Architecture`MON::Model [Architecture]`receiveEnergyCost=18.000000&receiveEnergyOverhead=48.000000&transmitEnergyCost=50.000000&transmitEnergyOverhead=200.000000````````````, ,
20140325_2005_19, Notification, XTEAM Engine, MRSV, 26, Simulation execution beginning, ,
20140325_2005_20, Design, CoWare XTEAM Client, participant_0, 22, X`3709314b.7a93486e.8dc9b26c.f4772d70`ATTR`Host_1`Host`MON::Set [Host]`Aspect=xADLCoreAspect&Position=42.49`53c8e4c.6bec48b1.8f5efd8e.55e34f54`Architecture`MON::Model [Architecture]`receiveEnergyCost=65.000000&receiveEnergyOverhead=48.000000&transmitEnergyCost=50.000000&transmitEnergyOverhead=200.000000````````````, ,
20140325_2005_21, Notification, XTEAM Engine, MRSV, 27, Simulation execution beginning, ,
20140325_2005_24, Design, CoWare XTEAM Client, participant_0, 23, X`3709314b.7a93486e.8dc9b26c.f4772d70`ATTR`Host_1`Host`MON::Set [Host]`Aspect=xADLCoreAspect&Position=42.49`53c8e4c.6bec48b1.8f5efd8e.55e34f54`Architecture`MON::Model [Architecture]`receiveEnergyCost=65.000000&receiveEnergyOverhead=240.000000&transmitEnergyCost=50.000000&transmitEnergyOverhead=200.000000````````````, ,
20140325_2005_26, Notification, XTEAM Engine, MRSV, 28, Simulation execution beginning, ,
20140325_2005_27, Design, CoWare XTEAM Client, participant_0, 24, X`1d380676.204a4521.b3bb7c52.2bae3451`ATTR`Host_2`Host`MON::Set [Host]`Aspect=xADLCoreAspect&Position=42.350`53c8e4c.6bec48b1.8f5efd8e.55e34f54`Architecture`MON::Model [Architecture]`receiveEnergyCost=18.000000&receiveEnergyOverhead=48.000000&transmitEnergyCost=50.000000&transmitEnergyOverhead=45.000000````````````, ,
20140325_2005_28, Design, CoWare XTEAM Client, participant_0, 25, X`1d380676.204a4521.b3bb7c52.2bae3451`ATTR`Host_2`Host`MON::Set [Host]`Aspect=xADLCoreAspect&Position=42.350`53c8e4c.6bec48b1.8f5efd8e.55e34f54`Architecture`MON::Model [Architecture]`receiveEnergyCost=18.000000&receiveEnergyOverhead=48.000000&transmitEnergyCost=50.000000&transmitEnergyOverhead=200.000000````````````, ,
20140325_2005_30, Notification, XTEAM Engine, MRSV, 29, Simulation execution beginning, ,
20140325_2005_31, Design, CoWare XTEAM Client, participant_0, 27, X`1d380676.204a4521.b3bb7c52.2bae3451`ATTR`Host_2`Host`MON::Set [Host]`Aspect=xADLCoreAspect&Position=42.350`53c8e4c.6bec48b1.8f5efd8e.55e34f54`Architecture`MON::Model [Architecture]`receiveEnergyCost=1865.000000&receiveEnergyOverhead=4.000000&transmitEnergyCost=50.000000&transmitEnergyOverhead=200.000000````````````, ,
20140325_2005_31, Notification, XTEAM Engine, MRSV, 30, Simulation execution beginning, ,
20140325_2005_30, Design, CoWare XTEAM Client, participant_0, 26, X`1d380676.204a4521.b3bb7c52.2bae3451`ATTR`Host_2`Host`MON::Set [Host]`Aspect=xADLCoreAspect&Position=42.350`53c8e4c.6bec48b1.8f5efd8e.55e34f54`Architecture`MON::Model [Architecture]`receiveEnergyCost=1865.000000&receiveEnergyOverhead=48.000000&transmitEnergyCost=50.000000&transmitEnergyOverhead=200.000000````````````, ,
20140325_2005_33, Design, CoWare XTEAM Client, participant_0, 28, X`1d380676.204a4521.b3bb7c52.2bae3451`ATTR`Host_2`Host`MON::Set [Host]`Aspect=xADLCoreAspect&Position=42.350`53c8e4c.6bec48b1.8f5efd8e.55e34f54`Architecture`MON::Model [Architecture]`receiveEnergyCost=65.000000&receiveEnergyOverhead=4.000000&transmitEnergyCost=50.000000&transmitEnergyOverhead=200.000000````````````, ,
20140325_2005_36, Notification, XTEAM Engine, MRSV, 31, Simulation execution beginning, ,
20140325_2005_37, Notification, XTEAM Engine, MRSV, 32, Simulation execution beginning, ,
20140325_2005_38, Design, CoWare XTEAM Client, participant_0, 29, X`1d380676.204a4521.b3bb7c52.2bae3451`ATTR`Host_2`Host`MON::Set [Host]`Aspect=xADLCoreAspect&Position=42.350`53c8e4c.6bec48b1.8f5efd8e.55e34f54`Architecture`MON::Model [Architecture]`receiveEnergyCost=65.000000&receiveEnergyOverhead=240.000000&transmitEnergyCost=50.000000&transmitEnergyOverhead=200.000000````````````, ,
20140325_2005_41, Notification, XTEAM Engine, MRSV, 33, Simulation execution beginning, ,
20140325_2005_42, Design, CoWare XTEAM Client, participant_0, 30, X`6f385993.f08a4164.b815faa2.88dc52fb`ATTR`Host_3`Host`MON::Set [Host]`Aspect=xADLCoreAspect&Position=42.630`53c8e4c.6bec48b1.8f5efd8e.55e34f54`Architecture`MON::Model [Architecture]`receiveEnergyCost=18.000000&receiveEnergyOverhead=48.000000&transmitEnergyCost=50.000000&transmitEnergyOverhead=45.000000````````````, ,
20140325_2005_44, Design, CoWare XTEAM Client, participant_0, 31, X`6f385993.f08a4164.b815faa2.88dc52fb`ATTR`Host_3`Host`MON::Set [Host]`Aspect=xADLCoreAspect&Position=42.630`53c8e4c.6bec48b1.8f5efd8e.55e34f54`Architecture`MON::Model [Architecture]`receiveEnergyCost=18.000000&receiveEnergyOverhead=48.000000&transmitEnergyCost=50.000000&transmitEnergyOverhead=200.000000````````````, ,
20140325_2005_45, Design, CoWare XTEAM Client, participant_0, 32, X`6f385993.f08a4164.b815faa2.88dc52fb`ATTR`Host_3`Host`MON::Set [Host]`Aspect=xADLCoreAspect&Position=42.630`53c8e4c.6bec48b1.8f5efd8e.55e34f54`Architecture`MON::Model [Architecture]`receiveEnergyCost=65.000000&receiveEnergyOverhead=48.000000&transmitEnergyCost=50.000000&transmitEnergyOverhead=200.000000````````````, ,
20140325_2005_50, Design, CoWare XTEAM Client, participant_0, 33, X`6f385993.f08a4164.b815faa2.88dc52fb`ATTR`Host_3`Host`MON::Set [Host]`Aspect=xADLCoreAspect&Position=42.630`53c8e4c.6bec48b1.8f5efd8e.55e34f54`Architecture`MON::Model [Architecture]`receiveEnergyCost=65.000000&receiveEnergyOverhead=240.000000&transmitEnergyCost=50.000000&transmitEnergyOverhead=200.000000````````````, ,
20140325_2005_51, Notification, XTEAM Engine, MRSV, 34, Simulation execution beginning, ,
20140325_2005_53, Notification, XTEAM Engine, MRSV, 35, Simulation execution beginning, ,
20140325_2006_09, Notification, XTEAM Engine, MRSV, 26, Simulation execution completion, ,
20140325_2006_09, XTEAM, XTEAM Engine, MRSV, , ,
20140325_2006_09, XTEAM, XTEAM Engine, MRSV, , ,
20140325_2006_09, XTEAM, XTEAM Engine, MRSV, , ,
20140325_2006_10, Notification, XTEAM Engine, MRSV, 36, Simulation execution beginning, ,
20140325_2006_13, Notification, XTEAM Engine, MRSV, 25, Simulation execution completion, ,
20140325_2006_13, XTEAM, XTEAM Engine, MRSV, , ,
20140325_2006_13, XTEAM, XTEAM Engine, MRSV, , ,
20140325_2006_13, XTEAM, XTEAM Engine, MRSV, , ,
20140325_2006_18, Notification, XTEAM Engine, MRSV, 28, Simulation execution completion, ,
20140325_2006_18, XTEAM, XTEAM Engine, MRSV, , ,
20140325_2006_18, XTEAM, XTEAM Engine, MRSV, , ,
20140325_2006_18, XTEAM, XTEAM Engine, MRSV, , ,
20140325_2006_19, Notification, XTEAM Engine, MRSV, 27, Simulation execution completion, ,
20140325_2006_19, XTEAM, XTEAM Engine, MRSV, , ,
20140325_2006_19, XTEAM, XTEAM Engine, MRSV, , ,
20140325_2006_19, XTEAM, XTEAM Engine, MRSV, , ,
20140325_2006_23, Design, CoWare XTEAM Client, participant_0, 34, X`e55df4ad.b7b04257.9e120182.ced0a272`ATTR`generate`Task`MON::Model [Task]`Aspect=xADLBehaviorAspect&Position=189.196`6de1d551.703f4069.85034d03.9388b013`Process`MON::Model [Process]`executionTime=5&memoryUsage=250&taskInstruction=nextRequest = new Request;|nextRequest->getRequestKind().value() = "Temperature";````````````, ,
20140325_2006_25, Notification, XTEAM Engine, MRSV, 31, Simulation execution completion, ,
20140325_2006_25, XTEAM, XTEAM Engine, MRSV, , ,
20140325_2006_25, XTEAM, XTEAM Engine, MRSV, , ,
20140325_2006_25, XTEAM, XTEAM Engine, MRSV, , ,
20140325_2006_25, Notification, XTEAM Engine, MRSV, 32, Simulation execution completion, ,
20140325_2006_25, XTEAM, XTEAM Engine, MRSV, , ,
20140325_2006_25, XTEAM, XTEAM Engine, MRSV, , ,
20140325_2006_25, XTEAM, XTEAM Engine, MRSV, , ,
20140325_2006_29, Notification, XTEAM Engine, MRSV, 37, Simulation execution beginning, ,
20140325_2006_31, Design, CoWare XTEAM Client, participant_0, 35, X`38aa871.eb549bc.aabb5f5f.9a0c5f7d`ATTR`generate`Task`MON::Model [Task]`Aspect=xADLBehaviorAspect&Position=189.196`9f0c917a.d5e346fb.857fc403.69d41261`Process`MON::Model [Process]`executionTime=5&memoryUsage=250&taskInstruction=nextRequest = new Request;|nextRequest->getRequestKind().value() = "Temperature";````````````, ,
20140325_2006_33, Notification, XTEAM Engine, MRSV, 29, Simulation execution completion, ,
20140325_2006_33, XTEAM, XTEAM Engine, MRSV, , ,
20140325_2006_33, XTEAM, XTEAM Engine, MRSV, , ,
20140325_2006_33, XTEAM, XTEAM Engine, MRSV, , ,
20140325_2006_33, Notification, XTEAM Engine, MRSV, 33, Simulation execution completion, ,
20140325_2006_33, XTEAM, XTEAM Engine, MRSV, , ,
20140325_2006_33, XTEAM, XTEAM Engine, MRSV, , ,
20140325_2006_33, XTEAM, XTEAM Engine, MRSV, , ,
20140325_2006_33, Notification, XTEAM Engine, MRSV, 38, Simulation execution beginning, ,
20140325_2006_41, Notification, XTEAM Engine, MRSV, 30, Simulation execution completion, ,
20140325_2006_41, XTEAM, XTEAM Engine, MRSV, , ,
20140325_2006_41, XTEAM, XTEAM Engine, MRSV, , ,
20140325_2006_41, XTEAM, XTEAM Engine, MRSV, , ,
20140325_2006_44, Notification, XTEAM Engine, MRSV, 34, Simulation execution completion, ,
20140325_2006_44, XTEAM, XTEAM Engine, MRSV, , ,
20140325_2006_44, XTEAM, XTEAM Engine, MRSV, , ,
20140325_2006_44, XTEAM, XTEAM Engine, MRSV, , ,
20140325_2006_45, Design, CoWare XTEAM Client, participant_0, 36, X`2442e05e.7e534432.a652495a.4a8032a9`ATTR`generate`Task`MON::Model [Task]`Aspect=xADLBehaviorAspect&Position=189.196`ee842d2c.6fbd409b.b93189f8.bce88a2b`Process`MON::Model [Process]`executionTime=5&memoryUsage=250&taskInstruction=nextRequest = new Request;|nextRequest->getRequestKind().value() = "Temperature";````````````, ,
20140325_2006_45, Snapshot, CoWare XTEAM Client, participant_0, 37, ,
20140325_2006_48, Snapshot, CoWare XTEAM Client, participant_0, 38, ,
20140325_2006_48, Notification, XTEAM Engine, MRSV, 39, Simulation execution beginning, ,
20140325_2007_06, Notification, XTEAM Engine, MRSV, 36, Simulation execution completion, ,
20140325_2007_06, XTEAM, XTEAM Engine, MRSV, , ,
20140325_2007_06, XTEAM, XTEAM Engine, MRSV, , ,
20140325_2007_06, XTEAM, XTEAM Engine, MRSV, , ,
20140325_2007_10, Notification, XTEAM Engine, MRSV, 35, Simulation execution completion, ,
20140325_2007_10, XTEAM, XTEAM Engine, MRSV, , ,
20140325_2007_10, XTEAM, XTEAM Engine, MRSV, , ,
20140325_2007_10, XTEAM, XTEAM Engine, MRSV, , ,
20140325_2007_11, Notification, XTEAM Engine, MRSV, 37, Simulation execution completion, ,
20140325_2007_11, XTEAM, XTEAM Engine, MRSV, , ,
20140325_2007_11, XTEAM, XTEAM Engine, MRSV, , ,
20140325_2007_11, XTEAM, XTEAM Engine, MRSV, , ,
20140325_2007_14, Notification, XTEAM Engine, MRSV, 38, Simulation execution completion, ,
20140325_2007_14, XTEAM, XTEAM Engine, MRSV, , ,
20140325_2007_14, XTEAM, XTEAM Engine, MRSV, , ,
20140325_2007_15, XTEAM, XTEAM Engine, MRSV, , ,
20140325_2007_27, Notification, XTEAM Engine, MRSV, 39, Simulation execution completion, ,
20140325_2007_27, XTEAM, XTEAM Engine, MRSV, , ,
20140325_2007_27, XTEAM, XTEAM Engine, MRSV, , ,
20140325_2007_27, XTEAM, XTEAM Engine, MRSV, , ,
20140325_2009_05, Snapshot, CoWare XTEAM Client, participant_0, 39, ,
20140325_2011_31, Design, CoWare XTEAM Client, participant_0, 40, X`e55df4ad.b7b04257.9e120182.ced0a272`REGISTRY`generate`Task`MON::Model [Task]`Aspect=xADLBehaviorAspect&Position=203.196`6de1d551.703f4069.85034d03.9388b013`Process`MON::Model [Process]`executionTime=5&memoryUsage=250&taskInstruction=nextRequest = new Request;|nextRequest->getRequestKind().value() = "Temperature";````````````, ,
20140325_2011_33, Notification, XTEAM Engine, MRSV, 40, Simulation execution beginning, ,
20140325_2011_36, Design, CoWare XTEAM Client, participant_0, 41, X`e55df4ad.b7b04257.9e120182.ced0a272`ATTR`generate`Task`MON::Model [Task]`Aspect=xADLBehaviorAspect&Position=203.196`6de1d551.703f4069.85034d03.9388b013`Process`MON::Model [Process]`executionTime=8&memoryUsage=250&taskInstruction=nextRequest = new Request;|nextRequest->getRequestKind().value() = "Temperature";````````````, ,
20140325_2011_38, Notification, XTEAM Engine, MRSV, 41, Simulation execution beginning, ,
20140325_2011_39, Design, CoWare XTEAM Client, participant_0, 42, X`e55df4ad.b7b04257.9e120182.ced0a272`ATTR`generate`Task`MON::Model [Task]`Aspect=xADLBehaviorAspect&Position=203.196`6de1d551.703f4069.85034d03.9388b013`Process`MON::Model [Process]`executionTime=8&memoryUsage=3&taskInstruction=nextRequest = new Request;|nextRequest->getRequestKind().value() = "Temperature";````````````, ,
20140325_2011_40, Notification, XTEAM Engine, MRSV, 42, Simulation execution beginning, ,
20140325_2011_47, Design, CoWare XTEAM Client, participant_0, 43, X`38aa871.eb549bc.aabb5f5f.9a0c5f7d`ATTR`generate`Task`MON::Model [Task]`Aspect=xADLBehaviorAspect&Position=189.196`9f0c917a.d5e346fb.857fc403.69d41261`Process`MON::Model [Process]`executionTime=8&memoryUsage=250&taskInstruction=nextRequest = new Request;|nextRequest->getRequestKind().value() = "Temperature";````````````, ,
20140325_2011_48, Notification, XTEAM Engine, MRSV, 43, Simulation execution beginning, ,
20140325_2011_50, Design, CoWare XTEAM Client, participant_0, 44, X`38aa871.eb549bc.aabb5f5f.9a0c5f7d`ATTR`generate`Task`MON::Model [Task]`Aspect=xADLBehaviorAspect&Position=189.196`9f0c917a.d5e346fb.857fc403.69d41261`Process`MON::Model [Process]`executionTime=8&memoryUsage=3&taskInstruction=nextRequest = new Request;|nextRequest->getRequestKind().value() = "Temperature";````````````, ,
20140325_2011_51, Notification, XTEAM Engine, MRSV, 44, Simulation execution beginning, ,
20140325_2011_57, Design, CoWare XTEAM Client, participant_0, 45, X`2442e05e.7e534432.a652495a.4a8032a9`ATTR`generate`Task`MON::Model [Task]`Aspect=xADLBehaviorAspect&Position=189.196`ee842d2c.6fbd409b.b93189f8.bce88a2b`Process`MON::Model [Process]`executionTime=8&memoryUsage=250&taskInstruction=nextRequest = new Request;|nextRequest->getRequestKind().value() = "Temperature";````````````, ,
20140325_2011_58, Notification, XTEAM Engine, MRSV, 45, Simulation execution beginning, ,
20140325_2011_59, Notification, XTEAM Engine, MRSV, 40, Simulation execution completion, ,
20140325_2011_59, XTEAM, XTEAM Engine, MRSV, , ,
20140325_2011_59, XTEAM, XTEAM Engine, MRSV, , ,
20140325_2011_59, XTEAM, XTEAM Engine, MRSV, , ,
20140325_2011_59, Design, CoWare XTEAM Client, participant_0, 46, X`2442e05e.7e534432.a652495a.4a8032a9`ATTR`generate`Task`MON::Model [Task]`Aspect=xADLBehaviorAspect&Position=189.196`ee842d2c.6fbd409b.b93189f8.bce88a2b`Process`MON::Model [Process]`executionTime=8&memoryUsage=3&taskInstruction=nextRequest = new Request;|nextRequest->getRequestKind().value() = "Temperature";````````````, ,
20140325_2011_59, Snapshot, CoWare XTEAM Client, participant_0, 47, ,
20140325_2012_00, Notification, XTEAM Engine, MRSV, 46, Simulation execution beginning, ,
20140325_2012_04, Notification, XTEAM Engine, MRSV, 41, Simulation execution completion, ,
20140325_2012_04, XTEAM, XTEAM Engine, MRSV, , ,
20140325_2012_04, XTEAM, XTEAM Engine, MRSV, , ,
20140325_2012_04, XTEAM, XTEAM Engine, MRSV, , ,
20140325_2012_04, Snapshot, CoWare XTEAM Client, participant_0, 48, ,
20140325_2012_06, Notification, XTEAM Engine, MRSV, 42, Simulation execution completion, ,
20140325_2012_06, XTEAM, XTEAM Engine, MRSV, , ,
20140325_2012_06, XTEAM, XTEAM Engine, MRSV, , ,
20140325_2012_06, XTEAM, XTEAM Engine, MRSV, , ,
20140325_2012_19, Notification, XTEAM Engine, MRSV, 43, Simulation execution completion, ,
20140325_2012_19, XTEAM, XTEAM Engine, MRSV, , ,
20140325_2012_19, XTEAM, XTEAM Engine, MRSV, , ,
20140325_2012_19, XTEAM, XTEAM Engine, MRSV, , ,
20140325_2012_20, Notification, XTEAM Engine, MRSV, 44, Simulation execution completion, ,
20140325_2012_20, XTEAM, XTEAM Engine, MRSV, , ,
20140325_2012_20, XTEAM, XTEAM Engine, MRSV, , ,
20140325_2012_20, XTEAM, XTEAM Engine, MRSV, , ,
20140325_2012_25, Notification, XTEAM Engine, MRSV, 45, Simulation execution completion, ,
20140325_2012_25, XTEAM, XTEAM Engine, MRSV, , ,
20140325_2012_25, XTEAM, XTEAM Engine, MRSV, , ,
20140325_2012_25, XTEAM, XTEAM Engine, MRSV, , ,
20140325_2012_32, Notification, XTEAM Engine, MRSV, 46, Simulation execution completion, ,
20140325_2012_32, XTEAM, XTEAM Engine, MRSV, , ,
20140325_2012_32, XTEAM, XTEAM Engine, MRSV, , ,
20140325_2012_32, XTEAM, XTEAM Engine, MRSV, , ,
20140325_2013_08, Design, CoWare XTEAM Client, participant_0, 49, X`3709314b.7a93486e.8dc9b26c.f4772d70`ATTR`Host_1`Host`MON::Set [Host]`Aspect=xADLCoreAspect&Position=42.49`53c8e4c.6bec48b1.8f5efd8e.55e34f54`Architecture`MON::Model [Architecture]`receiveEnergyCost=65.000000&receiveEnergyOverhead=240.000000&transmitEnergyCost=12.000000&transmitEnergyOverhead=200.000000````````````, ,
20140325_2013_10, Notification, XTEAM Engine, MRSV, 47, Simulation execution beginning, ,
20140325_2013_10, Design, CoWare XTEAM Client, participant_0, 50, X`3709314b.7a93486e.8dc9b26c.f4772d70`ATTR`Host_1`Host`MON::Set [Host]`Aspect=xADLCoreAspect&Position=42.49`53c8e4c.6bec48b1.8f5efd8e.55e34f54`Architecture`MON::Model [Architecture]`receiveEnergyCost=65.000000&receiveEnergyOverhead=240.000000&transmitEnergyCost=12.000000&transmitEnergyOverhead=45.000000````````````, ,
20140325_2013_11, Notification, XTEAM Engine, MRSV, 48, Simulation execution beginning, ,
20140325_2013_13, Design, CoWare XTEAM Client, participant_0, 51, X`3709314b.7a93486e.8dc9b26c.f4772d70`ATTR`Host_1`Host`MON::Set [Host]`Aspect=xADLCoreAspect&Position=42.49`53c8e4c.6bec48b1.8f5efd8e.55e34f54`Architecture`MON::Model [Architecture]`receiveEnergyCost=18.000000&receiveEnergyOverhead=240.000000&transmitEnergyCost=12.000000&transmitEnergyOverhead=45.000000````````````, ,
20140325_2013_15, Notification, XTEAM Engine, MRSV, 49, Simulation execution beginning, ,
20140325_2013_16, Design, CoWare XTEAM Client, participant_0, 52, X`3709314b.7a93486e.8dc9b26c.f4772d70`ATTR`Host_1`Host`MON::Set [Host]`Aspect=xADLCoreAspect&Position=42.49`53c8e4c.6bec48b1.8f5efd8e.55e34f54`Architecture`MON::Model [Architecture]`receiveEnergyCost=18.000000&receiveEnergyOverhead=48.000000&transmitEnergyCost=12.000000&transmitEnergyOverhead=45.000000````````````, ,
20140325_2013_18, Design, CoWare XTEAM Client, participant_0, 53, X`1d380676.204a4521.b3bb7c52.2bae3451`ATTR`Host_2`Host`MON::Set [Host]`Aspect=xADLCoreAspect&Position=42.350`53c8e4c.6bec48b1.8f5efd8e.55e34f54`Architecture`MON::Model [Architecture]`receiveEnergyCost=65.000000&receiveEnergyOverhead=240.000000&transmitEnergyCost=12.000000&transmitEnergyOverhead=200.000000````````````, ,
20140325_2013_19, Notification, XTEAM Engine, MRSV, 50, Simulation execution beginning, ,
20140325_2013_20, Notification, XTEAM Engine, MRSV, 51, Simulation execution beginning, ,
20140325_2013_20, Design, CoWare XTEAM Client, participant_0, 54, X`1d380676.204a4521.b3bb7c52.2bae3451`ATTR`Host_2`Host`MON::Set [Host]`Aspect=xADLCoreAspect&Position=42.350`53c8e4c.6bec48b1.8f5efd8e.55e34f54`Architecture`MON::Model [Architecture]`receiveEnergyCost=65.000000&receiveEnergyOverhead=240.000000&transmitEnergyCost=12.000000&transmitEnergyOverhead=45.000000````````````, ,
20140325_2013_22, Design, CoWare XTEAM Client, participant_0, 55, X`1d380676.204a4521.b3bb7c52.2bae3451`ATTR`Host_2`Host`MON::Set [Host]`Aspect=xADLCoreAspect&Position=42.350`53c8e4c.6bec48b1.8f5efd8e.55e34f54`Architecture`MON::Model [Architecture]`receiveEnergyCost=18.000000&receiveEnergyOverhead=240.000000&transmitEnergyCost=12.000000&transmitEnergyOverhead=45.000000````````````, ,
20140325_2013_23, Notification, XTEAM Engine, MRSV, 52, Simulation execution beginning, ,
20140325_2013_24, Notification, XTEAM Engine, MRSV, 53, Simulation execution beginning, ,
20140325_2013_24, Design, CoWare XTEAM Client, participant_0, 56, X`1d380676.204a4521.b3bb7c52.2bae3451`ATTR`Host_2`Host`MON::Set [Host]`Aspect=xADLCoreAspect&Position=42.350`53c8e4c.6bec48b1.8f5efd8e.55e34f54`Architecture`MON::Model [Architecture]`receiveEnergyCost=18.000000&receiveEnergyOverhead=48.000000&transmitEnergyCost=12.000000&transmitEnergyOverhead=45.000000````````````, ,
20140325_2013_26, Notification, XTEAM Engine, MRSV, 54, Simulation execution beginning, ,
20140325_2013_27, Design, CoWare XTEAM Client, participant_0, 57, X`6f385993.f08a4164.b815faa2.88dc52fb`ATTR`Host_3`Host`MON::Set [Host]`Aspect=xADLCoreAspect&Position=42.630`53c8e4c.6bec48b1.8f5efd8e.55e34f54`Architecture`MON::Model [Architecture]`receiveEnergyCost=65.000000&receiveEnergyOverhead=240.000000&transmitEnergyCost=12.000000&transmitEnergyOverhead=200.000000````````````, ,
20140325_2013_28, Design, CoWare XTEAM Client, participant_0, 58, X`6f385993.f08a4164.b815faa2.88dc52fb`ATTR`Host_3`Host`MON::Set [Host]`Aspect=xADLCoreAspect&Position=42.630`53c8e4c.6bec48b1.8f5efd8e.55e34f54`Architecture`MON::Model [Architecture]`receiveEnergyCost=65.000000&receiveEnergyOverhead=240.000000&transmitEnergyCost=12.000000&transmitEnergyOverhead=45.000000````````````, ,
20140325_2013_30, Design, CoWare XTEAM Client, participant_0, 59, X`6f385993.f08a4164.b815faa2.88dc52fb`ATTR`Host_3`Host`MON::Set [Host]`Aspect=xADLCoreAspect&Position=42.630`53c8e4c.6bec48b1.8f5efd8e.55e34f54`Architecture`MON::Model [Architecture]`receiveEnergyCost=18.000000&receiveEnergyOverhead=240.000000&transmitEnergyCost=12.000000&transmitEnergyOverhead=45.000000````````````, ,
20140325_2013_32, Notification, XTEAM Engine, MRSV, 55, Simulation execution beginning, ,
20140325_2013_34, Notification, XTEAM Engine, MRSV, 56, Simulation execution beginning, ,
20140325_2013_34, Design, CoWare XTEAM Client, participant_0, 60, X`6f385993.f08a4164.b815faa2.88dc52fb`ATTR`Host_3`Host`MON::Set [Host]`Aspect=xADLCoreAspect&Position=42.630`53c8e4c.6bec48b1.8f5efd8e.55e34f54`Architecture`MON::Model [Architecture]`receiveEnergyCost=18.000000&receiveEnergyOverhead=48.000000&transmitEnergyCost=12.000000&transmitEnergyOverhead=45.000000````````````, ,
20140325_2013_37, Notification, XTEAM Engine, MRSV, 57, Simulation execution beginning, ,
20140325_2013_39, Notification, XTEAM Engine, MRSV, 58, Simulation execution beginning, ,
20140325_2013_40, Design, CoWare XTEAM Client, participant_0, 61, X`e55df4ad.b7b04257.9e120182.ced0a272`ATTR`generate`Task`MON::Model [Task]`Aspect=xADLBehaviorAspect&Position=203.196`6de1d551.703f4069.85034d03.9388b013`Process`MON::Model [Process]`executionTime=7&memoryUsage=3&taskInstruction=nextRequest = new Request;|nextRequest->getRequestKind().value() = "Temperature";````````````, ,
20140325_2013_43, Notification, XTEAM Engine, MRSV, 47, Simulation execution completion, ,
20140325_2013_43, XTEAM, XTEAM Engine, MRSV, , ,
20140325_2013_43, XTEAM, XTEAM Engine, MRSV, , ,
20140325_2013_43, XTEAM, XTEAM Engine, MRSV, , ,
20140325_2013_43, Notification, XTEAM Engine, MRSV, 48, Simulation execution completion, ,
20140325_2013_43, XTEAM, XTEAM Engine, MRSV, , ,
20140325_2013_43, XTEAM, XTEAM Engine, MRSV, , ,
20140325_2013_43, XTEAM, XTEAM Engine, MRSV, , ,
20140325_2013_44, Notification, XTEAM Engine, MRSV, 59, Simulation execution beginning, ,
20140325_2013_47, Notification, XTEAM Engine, MRSV, 49, Simulation execution completion, ,
20140325_2013_50, Notification, XTEAM Engine, MRSV, 51, Simulation execution completion, ,
20140325_2013_55, XTEAM, XTEAM Engine, MRSV, , ,
20140325_2013_55, XTEAM, XTEAM Engine, MRSV, , ,
20140325_2013_47, XTEAM, XTEAM Engine, MRSV, , ,
20140325_2013_55, Design, CoWare XTEAM Client, participant_0, 63, X`38aa871.eb549bc.aabb5f5f.9a0c5f7d`ATTR`generate`Task`MON::Model [Task]`Aspect=xADLBehaviorAspect&Position=189.196`9f0c917a.d5e346fb.857fc403.69d41261`Process`MON::Model [Process]`executionTime=7&memoryUsage=3&taskInstruction=nextRequest = new Request;|nextRequest->getRequestKind().value() = "Temperature";````````````, ,
20140325_2013_47, XTEAM, XTEAM Engine, MRSV, , ,
20140325_2013_47, XTEAM, XTEAM Engine, MRSV, , ,
20140325_2013_47, Notification, XTEAM Engine, MRSV, 50, Simulation execution completion, ,
20140325_2013_47, Design, CoWare XTEAM Client, participant_0, 62, X`e55df4ad.b7b04257.9e120182.ced0a272`ATTR`generate`Task`MON::Model [Task]`Aspect=xADLBehaviorAspect&Position=203.196`6de1d551.703f4069.85034d03.9388b013`Process`MON::Model [Process]`executionTime=7&memoryUsage=250&taskInstruction=nextRequest = new Request;|nextRequest->getRequestKind().value() = "Temperature";````````````, ,
20140325_2013_47, XTEAM, XTEAM Engine, MRSV, , ,
20140325_2013_47, XTEAM, XTEAM Engine, MRSV, , ,
20140325_2013_47, XTEAM, XTEAM Engine, MRSV, , ,
20140325_2013_55, XTEAM, XTEAM Engine, MRSV, , ,
20140325_2013_56, Design, CoWare XTEAM Client, participant_0, 64, X`38aa871.eb549bc.aabb5f5f.9a0c5f7d`ATTR`generate`Task`MON::Model [Task]`Aspect=xADLBehaviorAspect&Position=189.196`9f0c917a.d5e346fb.857fc403.69d41261`Process`MON::Model [Process]`executionTime=7&memoryUsage=250&taskInstruction=nextRequest = new Request;|nextRequest->getRequestKind().value() = "Temperature";````````````, ,
20140325_2013_57, Notification, XTEAM Engine, MRSV, 52, Simulation execution completion, ,
20140325_2013_57, XTEAM, XTEAM Engine, MRSV, , ,
20140325_2013_57, XTEAM, XTEAM Engine, MRSV, , ,
20140325_2013_57, XTEAM, XTEAM Engine, MRSV, , ,
20140325_2013_57, Notification, XTEAM Engine, MRSV, 60, Simulation execution beginning, ,
20140325_2013_59, Notification, XTEAM Engine, MRSV, 61, Simulation execution beginning, ,
20140325_2014_00, Notification, XTEAM Engine, MRSV, 53, Simulation execution completion, ,
20140325_2014_00, XTEAM, XTEAM Engine, MRSV, , ,
20140325_2014_00, XTEAM, XTEAM Engine, MRSV, , ,
20140325_2014_00, XTEAM, XTEAM Engine, MRSV, , ,
20140325_2014_06, Notification, XTEAM Engine, MRSV, 54, Simulation execution completion, ,
20140325_2014_06, XTEAM, XTEAM Engine, MRSV, , ,
20140325_2014_06, XTEAM, XTEAM Engine, MRSV, , ,
20140325_2014_06, XTEAM, XTEAM Engine, MRSV, , ,
20140325_2014_07, Design, CoWare XTEAM Client, participant_0, 65, X`2442e05e.7e534432.a652495a.4a8032a9`ATTR`generate`Task`MON::Model [Task]`Aspect=xADLBehaviorAspect&Position=189.196`ee842d2c.6fbd409b.b93189f8.bce88a2b`Process`MON::Model [Process]`executionTime=7&memoryUsage=3&taskInstruction=nextRequest = new Request;|nextRequest->getRequestKind().value() = "Temperature";````````````, ,
20140325_2014_12, Notification, XTEAM Engine, MRSV, 62, Simulation execution beginning, ,
20140325_2014_13, Design, CoWare XTEAM Client, participant_0, 66, X`2442e05e.7e534432.a652495a.4a8032a9`ATTR`generate`Task`MON::Model [Task]`Aspect=xADLBehaviorAspect&Position=189.196`ee842d2c.6fbd409b.b93189f8.bce88a2b`Process`MON::Model [Process]`executionTime=7&memoryUsage=250&taskInstruction=nextRequest = new Request;|nextRequest->getRequestKind().value() = "Temperature";````````````, ,
20140325_2014_14, Snapshot, CoWare XTEAM Client, participant_0, 67, ,
20140325_2014_15, Notification, XTEAM Engine, MRSV, 63, Simulation execution beginning, ,
20140325_2014_35, Notification, XTEAM Engine, MRSV, 56, Simulation execution completion, ,
20140325_2014_35, XTEAM, XTEAM Engine, MRSV, , ,
20140325_2014_35, XTEAM, XTEAM Engine, MRSV, , ,
20140325_2014_35, XTEAM, XTEAM Engine, MRSV, , ,
20140325_2014_35, Notification, XTEAM Engine, MRSV, 58, Simulation execution completion, ,
20140325_2014_35, XTEAM, XTEAM Engine, MRSV, , ,
20140325_2014_35, XTEAM, XTEAM Engine, MRSV, , ,
20140325_2014_35, XTEAM, XTEAM Engine, MRSV, , ,
20140325_2014_35, XTEAM, XTEAM Engine, MRSV, , ,
20140325_2014_35, XTEAM, XTEAM Engine, MRSV, , ,
20140325_2014_35, XTEAM, XTEAM Engine, MRSV, , ,
20140325_2014_35, Notification, XTEAM Engine, MRSV, 59, Simulation execution completion, ,
20140325_2014_35, Notification, XTEAM Engine, MRSV, 55, Simulation execution completion, ,
20140325_2014_35, XTEAM, XTEAM Engine, MRSV, , ,
20140325_2014_35, XTEAM, XTEAM Engine, MRSV, , ,
20140325_2014_35, XTEAM, XTEAM Engine, MRSV, , ,
20140325_2014_38, Notification, XTEAM Engine, MRSV, 57, Simulation execution completion, ,
20140325_2014_38, XTEAM, XTEAM Engine, MRSV, , ,
20140325_2014_38, XTEAM, XTEAM Engine, MRSV, , ,
20140325_2014_38, XTEAM, XTEAM Engine, MRSV, , ,
20140325_2014_52, Notification, XTEAM Engine, MRSV, 61, Simulation execution completion, ,
20140325_2014_52, XTEAM, XTEAM Engine, MRSV, , ,
20140325_2014_52, XTEAM, XTEAM Engine, MRSV, , ,
20140325_2014_52, XTEAM, XTEAM Engine, MRSV, , ,
20140325_2014_56, Notification, XTEAM Engine, MRSV, 60, Simulation execution completion, ,
20140325_2014_56, XTEAM, XTEAM Engine, MRSV, , ,
20140325_2014_56, XTEAM, XTEAM Engine, MRSV, , ,
20140325_2014_56, XTEAM, XTEAM Engine, MRSV, , ,
20140325_2015_00, Notification, XTEAM Engine, MRSV, 62, Simulation execution completion, ,
20140325_2015_00, XTEAM, XTEAM Engine, MRSV, , ,
20140325_2015_00, XTEAM, XTEAM Engine, MRSV, , ,
20140325_2015_00, XTEAM, XTEAM Engine, MRSV, , ,
20140325_2015_09, Notification, XTEAM Engine, MRSV, 63, Simulation execution completion, ,
20140325_2015_09, XTEAM, XTEAM Engine, MRSV, , ,
20140325_2015_09, XTEAM, XTEAM Engine, MRSV, , ,
20140325_2015_09, XTEAM, XTEAM Engine, MRSV, , ,
