TIME, Event name, OriginComponent, SenderUsername, EventID, Value, ,
20141128_1006_13, Login, FLAME Client, participant_0, , ,
20141128_1006_16, Login, XTEAM Engine, participant_0, , ,
20141128_1006_31, Login, FLAME Client, participant_1, , ,
20141128_1006_33, Login, XTEAM Engine, participant_1, , ,
20141128_1007_43, Design, FLAME Client, participant_1, 1, X`3f426f4b.6d164164.816fe575.67a4324f`ATTR`generate`Task`MON::Model [Task]`Aspect=xADLBehaviorAspect&Position=301.259`37598ce1.81784bb5.996843e8.1d554a61`Process`MON::Model [Process]`executionTime=7&memoryUsage=3&taskInstruction=nextTask = new Task;|nextTask->getTaskState().value() = 0;|nextTask->getTaskID().value() = taskIDCounter->getNextTaskID().value()++;````````````, ,
20141128_1007_45, Notification, XTEAM Engine, participant_1, 1, Simulation execution beginning, ,
20141128_1007_55, Design, FLAME Client, participant_1, 2, X`3f426f4b.6d164164.816fe575.67a4324f`ATTR`generate`Task`MON::Model [Task]`Aspect=xADLBehaviorAspect&Position=301.259`37598ce1.81784bb5.996843e8.1d554a61`Process`MON::Model [Process]`executionTime=7&memoryUsage=5500&taskInstruction=nextTask = new Task;|nextTask->getTaskState().value() = 0;|nextTask->getTaskID().value() = taskIDCounter->getNextTaskID().value()++;````````````, ,
20141128_1007_56, Notification, XTEAM Engine, participant_1, 2, Simulation execution beginning, ,
20141128_1008_22, Notification, XTEAM Engine, participant_1, 1, Simulation execution completion, ,
20141128_1008_22, XTEAM, XTEAM Engine, participant_1, , ,
20141128_1008_22, XTEAM, XTEAM Engine, participant_1, , ,
20141128_1008_22, XTEAM, XTEAM Engine, participant_1, , ,
20141128_1008_31, Notification, XTEAM Engine, participant_1, 2, Simulation execution completion, ,
20141128_1008_31, XTEAM, XTEAM Engine, participant_1, , ,
20141128_1008_31, XTEAM, XTEAM Engine, participant_1, , ,
20141128_1008_31, XTEAM, XTEAM Engine, participant_1, , ,
20141128_1008_51, Design, FLAME Client, participant_1, 3, X`3f426f4b.6d164164.816fe575.67a4324f`ATTR`generate`Task`MON::Model [Task]`Aspect=xADLBehaviorAspect&Position=301.259`37598ce1.81784bb5.996843e8.1d554a61`Process`MON::Model [Process]`executionTime=6&memoryUsage=5500&taskInstruction=nextTask = new Task;|nextTask->getTaskState().value() = 0;|nextTask->getTaskID().value() = taskIDCounter->getNextTaskID().value()++;````````````, ,
20141128_1008_53, Notification, XTEAM Engine, participant_1, 3, Simulation execution beginning, ,
20141128_1008_53, Design, FLAME Client, participant_0, 1, X`25fea250.79aa4baf.b62be506.e9d1819a`ATTR`Host_GCE`Host`MON::Set [Host]`Aspect=xADLCoreAspect&Position=161.560`bb42af9e.ee894de6.a8870ee2.566cbbfe`Architecture`MON::Model [Architecture]`receiveEnergyCost=150.010000&receiveEnergyOverhead=101.860000&transmitEnergyCost=312.000000&transmitEnergyOverhead=129.870000````````````, ,
20141128_1008_54, Notification, XTEAM Engine, participant_0, 1, Simulation execution beginning, ,
20141128_1008_57, Design, FLAME Client, participant_1, 4, X`3f426f4b.6d164164.816fe575.67a4324f`ATTR`generate`Task`MON::Model [Task]`Aspect=xADLBehaviorAspect&Position=301.259`37598ce1.81784bb5.996843e8.1d554a61`Process`MON::Model [Process]`executionTime=6&memoryUsage=11000&taskInstruction=nextTask = new Task;|nextTask->getTaskState().value() = 0;|nextTask->getTaskID().value() = taskIDCounter->getNextTaskID().value()++;````````````, ,
20141128_1008_58, Notification, XTEAM Engine, participant_1, 4, Simulation execution beginning, ,
20141128_1009_01, Design, FLAME Client, participant_0, 2, X`25fea250.79aa4baf.b62be506.e9d1819a`ATTR`Host_GCE`Host`MON::Set [Host]`Aspect=xADLCoreAspect&Position=161.560`bb42af9e.ee894de6.a8870ee2.566cbbfe`Architecture`MON::Model [Architecture]`receiveEnergyCost=150.010000&receiveEnergyOverhead=101.860000&transmitEnergyCost=312.000000&transmitEnergyOverhead=341.000000````````````, ,
20141128_1009_03, Notification, XTEAM Engine, participant_0, 2, Simulation execution beginning, ,
20141128_1009_27, Design, FLAME Client, participant_1, 5, X`176369f9.b385435c.b2d59a0f.66ba660c`ATTR`Host_SubsetSum`Host`MON::Set [Host]`Aspect=xADLCoreAspect&Position=1610.385`bb42af9e.ee894de6.a8870ee2.566cbbfe`Architecture`MON::Model [Architecture]`receiveEnergyCost=101.280000&receiveEnergyOverhead=64.990000&transmitEnergyCost=330.000000&transmitEnergyOverhead=82.450000````````````, ,
20141128_1009_28, Notification, XTEAM Engine, participant_1, 5, Simulation execution beginning, ,
20141128_1009_31, Design, FLAME Client, participant_1, 6, X`176369f9.b385435c.b2d59a0f.66ba660c`ATTR`Host_SubsetSum`Host`MON::Set [Host]`Aspect=xADLCoreAspect&Position=1610.385`bb42af9e.ee894de6.a8870ee2.566cbbfe`Architecture`MON::Model [Architecture]`receiveEnergyCost=101.280000&receiveEnergyOverhead=64.990000&transmitEnergyCost=330.000000&transmitEnergyOverhead=429.000000````````````, ,
20141128_1009_32, Notification, XTEAM Engine, participant_1, 6, Simulation execution beginning, ,
20141128_1009_35, Notification, XTEAM Engine, participant_1, 3, Simulation execution completion, ,
20141128_1009_35, XTEAM, XTEAM Engine, participant_1, , ,
20141128_1009_35, XTEAM, XTEAM Engine, participant_1, , ,
20141128_1009_35, XTEAM, XTEAM Engine, participant_1, , ,
20141128_1009_36, Design, FLAME Client, participant_0, 3, X`64e3f498.f1114939.ba695f73.d07188e3`ATTR`perform`Task`MON::Model [Task]`Aspect=xADLBehaviorAspect&Position=308.301`d640f4b9.22e14264.b459176e.af6b895e`Process`MON::Model [Process]`executionTime=350&memoryUsage=27&taskInstruction=nextResult[thread_id] = new Result;|nextResult[thread_id]->getResultState().value() = 0;|nextResult[thread_id]->getResultID().value() = nextTask[thread_id]->getTaskID().value();|nextResult[thread_id]->getResultValue().value() = 1;````````````, ,
20141128_1009_37, Notification, XTEAM Engine, participant_0, 1, Simulation execution completion, ,
20141128_1009_37, XTEAM, XTEAM Engine, participant_0, , ,
20141128_1009_37, XTEAM, XTEAM Engine, participant_0, , ,
20141128_1009_37, XTEAM, XTEAM Engine, participant_0, , ,
20141128_1009_39, Notification, XTEAM Engine, participant_0, 3, Simulation execution beginning, ,
20141128_1009_41, Notification, XTEAM Engine, participant_1, 4, Simulation execution completion, ,
20141128_1009_41, XTEAM, XTEAM Engine, participant_1, , ,
20141128_1009_41, XTEAM, XTEAM Engine, participant_1, , ,
20141128_1009_41, XTEAM, XTEAM Engine, participant_1, , ,
20141128_1009_42, Design, FLAME Client, participant_0, 4, X`64e3f498.f1114939.ba695f73.d07188e3`ATTR`perform`Task`MON::Model [Task]`Aspect=xADLBehaviorAspect&Position=308.301`d640f4b9.22e14264.b459176e.af6b895e`Process`MON::Model [Process]`executionTime=350&memoryUsage=39&taskInstruction=nextResult[thread_id] = new Result;|nextResult[thread_id]->getResultState().value() = 0;|nextResult[thread_id]->getResultID().value() = nextTask[thread_id]->getTaskID().value();|nextResult[thread_id]->getResultValue().value() = 1;````````````, ,
20141128_1009_43, Notification, XTEAM Engine, participant_0, 2, Simulation execution completion, ,
20141128_1009_43, XTEAM, XTEAM Engine, participant_0, , ,
20141128_1009_43, XTEAM, XTEAM Engine, participant_0, , ,
20141128_1009_43, XTEAM, XTEAM Engine, participant_0, , ,
20141128_1009_44, Notification, XTEAM Engine, participant_0, 4, Simulation execution beginning, ,
20141128_1009_47, Snapshot, FLAME Client, participant_0, 5, ,
20141128_1009_50, Notification, XTEAM Engine, participant_1, 7, Simulation execution beginning, ,
20141128_1010_02, Design, FLAME Client, participant_1, 7, X`3a60805b.3a524f70.a064acd1.88108a11`ATTR`generate`Task`MON::Model [Task]`Aspect=xADLBehaviorAspect&Position=301.259`fd961ab4.712348fe.91a8653d.18529735`Process`MON::Model [Process]`executionTime=7&memoryUsage=3&taskInstruction=nextTask = new Task;|nextTask->getTaskState().value() = 0;|nextTask->getTaskID().value() = taskIDCounter->getNextTaskID().value()++;````````````, ,
20141128_1010_03, Notification, XTEAM Engine, participant_1, 8, Simulation execution beginning, ,
20141128_1010_05, Design, FLAME Client, participant_1, 8, X`3a60805b.3a524f70.a064acd1.88108a11`ATTR`generate`Task`MON::Model [Task]`Aspect=xADLBehaviorAspect&Position=301.259`fd961ab4.712348fe.91a8653d.18529735`Process`MON::Model [Process]`executionTime=7&memoryUsage=5500&taskInstruction=nextTask = new Task;|nextTask->getTaskState().value() = 0;|nextTask->getTaskID().value() = taskIDCounter->getNextTaskID().value()++;````````````, ,
20141128_1010_06, Notification, XTEAM Engine, participant_1, 9, Simulation execution beginning, ,
20141128_1010_11, Notification, XTEAM Engine, participant_1, 5, Simulation execution completion, ,
20141128_1010_11, XTEAM, XTEAM Engine, participant_1, , ,
20141128_1010_11, XTEAM, XTEAM Engine, participant_1, , ,
20141128_1010_11, XTEAM, XTEAM Engine, participant_1, , ,
20141128_1010_16, Notification, XTEAM Engine, participant_1, 6, Simulation execution completion, ,
20141128_1010_16, XTEAM, XTEAM Engine, participant_1, , ,
20141128_1010_16, XTEAM, XTEAM Engine, participant_1, , ,
20141128_1010_16, XTEAM, XTEAM Engine, participant_1, , ,
20141128_1010_21, Design, FLAME Client, participant_1, 9, X`de311a94.5ac54159.8e7ae434.321ec71e`ATTR`HostSAT`Host`MON::Set [Host]`Aspect=xADLCoreAspect&Position=1610.497`bb42af9e.ee894de6.a8870ee2.566cbbfe`Architecture`MON::Model [Architecture]`receiveEnergyCost=101.280000&receiveEnergyOverhead=64.990000&transmitEnergyCost=182.000000&transmitEnergyOverhead=82.450000````````````, ,
20141128_1010_22, Notification, XTEAM Engine, participant_1, 10, Simulation execution beginning, ,
20141128_1010_22, Notification, XTEAM Engine, participant_0, 3, Simulation execution completion, ,
20141128_1010_22, XTEAM, XTEAM Engine, participant_0, , ,
20141128_1010_22, XTEAM, XTEAM Engine, participant_0, , ,
20141128_1010_22, XTEAM, XTEAM Engine, participant_0, , ,
20141128_1010_24, Design, FLAME Client, participant_1, 10, X`de311a94.5ac54159.8e7ae434.321ec71e`ATTR`HostSAT`Host`MON::Set [Host]`Aspect=xADLCoreAspect&Position=1610.497`bb42af9e.ee894de6.a8870ee2.566cbbfe`Architecture`MON::Model [Architecture]`receiveEnergyCost=101.280000&receiveEnergyOverhead=64.990000&transmitEnergyCost=182.000000&transmitEnergyOverhead=217.000000````````````, ,
20141128_1010_25, Notification, XTEAM Engine, participant_1, 11, Simulation execution beginning, ,
20141128_1010_27, Notification, XTEAM Engine, participant_0, 4, Simulation execution completion, ,
20141128_1010_27, XTEAM, XTEAM Engine, participant_0, , ,
20141128_1010_27, XTEAM, XTEAM Engine, participant_0, , ,
20141128_1010_27, XTEAM, XTEAM Engine, participant_0, , ,
20141128_1010_32, Notification, XTEAM Engine, participant_1, 7, Simulation execution completion, ,
20141128_1010_32, XTEAM, XTEAM Engine, participant_1, , ,
20141128_1010_32, XTEAM, XTEAM Engine, participant_1, , ,
20141128_1010_32, XTEAM, XTEAM Engine, participant_1, , ,
20141128_1010_42, Update, FLAME Client, participant_1, 11, ,
20141128_1010_43, Notification, XTEAM Engine, participant_1, 8, Simulation execution completion, ,
20141128_1010_43, XTEAM, XTEAM Engine, participant_1, , ,
20141128_1010_43, XTEAM, XTEAM Engine, participant_1, , ,
20141128_1010_43, XTEAM, XTEAM Engine, participant_1, , ,
20141128_1010_46, Notification, XTEAM Engine, participant_1, 9, Simulation execution completion, ,
20141128_1010_46, XTEAM, XTEAM Engine, participant_1, , ,
20141128_1010_46, XTEAM, XTEAM Engine, participant_1, , ,
20141128_1010_46, XTEAM, XTEAM Engine, participant_1, , ,
20141128_1010_59, Notification, XTEAM Engine, participant_1, 10, Simulation execution completion, ,
20141128_1010_59, XTEAM, XTEAM Engine, participant_1, , ,
20141128_1010_59, XTEAM, XTEAM Engine, participant_1, , ,
20141128_1010_59, XTEAM, XTEAM Engine, participant_1, , ,
20141128_1011_03, Notification, XTEAM Engine, participant_1, 11, Simulation execution completion, ,
20141128_1011_03, XTEAM, XTEAM Engine, participant_1, , ,
20141128_1011_03, XTEAM, XTEAM Engine, participant_1, , ,
20141128_1011_03, XTEAM, XTEAM Engine, participant_1, , ,
20141128_1011_17, Snapshot, FLAME Client, participant_1, 12, ,
20141128_1011_19, Notification, XTEAM Engine, participant_0, 5, Simulation execution beginning, ,
20141128_1011_51, Notification, XTEAM Engine, participant_0, 5, Simulation execution completion, ,
20141128_1011_51, XTEAM, XTEAM Engine, participant_0, , ,
20141128_1011_51, XTEAM, XTEAM Engine, participant_0, , ,
20141128_1011_51, XTEAM, XTEAM Engine, participant_0, , ,
20141128_1012_17, Update, FLAME Client, participant_0, 6, ,
20141128_1017_17, Design, FLAME Client, participant_1, 13, X`3f426f4b.6d164164.816fe575.67a4324f`ATTR`generate`Task`MON::Model [Task]`Aspect=xADLBehaviorAspect&Position=301.259`37598ce1.81784bb5.996843e8.1d554a61`Process`MON::Model [Process]`executionTime=7&memoryUsage=11000&taskInstruction=nextTask = new Task;|nextTask->getTaskState().value() = 0;|nextTask->getTaskID().value() = taskIDCounter->getNextTaskID().value()++;````````````, ,
20141128_1017_18, Notification, XTEAM Engine, participant_1, 12, Simulation execution beginning, ,
20141128_1017_21, Design, FLAME Client, participant_1, 14, X`3f426f4b.6d164164.816fe575.67a4324f`ATTR`generate`Task`MON::Model [Task]`Aspect=xADLBehaviorAspect&Position=301.259`37598ce1.81784bb5.996843e8.1d554a61`Process`MON::Model [Process]`executionTime=7&memoryUsage=5500&taskInstruction=nextTask = new Task;|nextTask->getTaskState().value() = 0;|nextTask->getTaskID().value() = taskIDCounter->getNextTaskID().value()++;````````````, ,
20141128_1017_22, Notification, XTEAM Engine, participant_1, 13, Simulation execution beginning, ,
20141128_1017_36, Design, FLAME Client, participant_1, 15, X`176369f9.b385435c.b2d59a0f.66ba660c`ATTR`Host_SubsetSum`Host`MON::Set [Host]`Aspect=xADLCoreAspect&Position=1610.385`bb42af9e.ee894de6.a8870ee2.566cbbfe`Architecture`MON::Model [Architecture]`receiveEnergyCost=101.280000&receiveEnergyOverhead=64.990000&transmitEnergyCost=182.000000&transmitEnergyOverhead=429.000000````````````, ,
20141128_1017_38, Notification, XTEAM Engine, participant_1, 14, Simulation execution beginning, ,
20141128_1017_40, Design, FLAME Client, participant_1, 16, X`176369f9.b385435c.b2d59a0f.66ba660c`ATTR`Host_SubsetSum`Host`MON::Set [Host]`Aspect=xADLCoreAspect&Position=1610.385`bb42af9e.ee894de6.a8870ee2.566cbbfe`Architecture`MON::Model [Architecture]`receiveEnergyCost=101.280000&receiveEnergyOverhead=64.990000&transmitEnergyCost=182.000000&transmitEnergyOverhead=217.000000````````````, ,
20141128_1017_42, Notification, XTEAM Engine, participant_1, 15, Simulation execution beginning, ,
20141128_1017_45, Snapshot, FLAME Client, participant_1, 17, ,
20141128_1017_47, Notification, XTEAM Engine, participant_0, 6, Simulation execution beginning, ,
20141128_1017_55, Notification, XTEAM Engine, participant_1, 12, Simulation execution completion, ,
20141128_1017_55, XTEAM, XTEAM Engine, participant_1, , ,
20141128_1017_55, XTEAM, XTEAM Engine, participant_1, , ,
20141128_1017_55, XTEAM, XTEAM Engine, participant_1, , ,
20141128_1017_59, Notification, XTEAM Engine, participant_1, 13, Simulation execution completion, ,
20141128_1017_59, XTEAM, XTEAM Engine, participant_1, , ,
20141128_1017_59, XTEAM, XTEAM Engine, participant_1, , ,
20141128_1017_59, XTEAM, XTEAM Engine, participant_1, , ,
20141128_1018_13, Notification, XTEAM Engine, participant_1, 14, Simulation execution completion, ,
20141128_1018_13, XTEAM, XTEAM Engine, participant_1, , ,
20141128_1018_13, XTEAM, XTEAM Engine, participant_1, , ,
20141128_1018_13, XTEAM, XTEAM Engine, participant_1, , ,
20141128_1018_17, Notification, XTEAM Engine, participant_1, 15, Simulation execution completion, ,
20141128_1018_17, XTEAM, XTEAM Engine, participant_1, , ,
20141128_1018_17, XTEAM, XTEAM Engine, participant_1, , ,
20141128_1018_17, XTEAM, XTEAM Engine, participant_1, , ,
20141128_1018_19, Update, FLAME Client, participant_0, 7, ,
20141128_1018_20, Notification, XTEAM Engine, participant_0, 6, Simulation execution completion, ,
20141128_1018_20, XTEAM, XTEAM Engine, participant_0, , ,
20141128_1018_20, XTEAM, XTEAM Engine, participant_0, , ,
20141128_1018_20, XTEAM, XTEAM Engine, participant_0, , ,
20141128_1021_43, Design, FLAME Client, participant_0, 8, X`cdc6010e.7cf74d31.85daf3c3.1e9a4be8`ATTR`Host_Client`Host`MON::Set [Host]`Aspect=xADLCoreAspect&Position=28.560`bb42af9e.ee894de6.a8870ee2.566cbbfe`Architecture`MON::Model [Architecture]`receiveEnergyCost=150.010000&receiveEnergyOverhead=101.860000&transmitEnergyCost=312.000000&transmitEnergyOverhead=129.870000````````````, ,
20141128_1021_43, Notification, XTEAM Engine, participant_0, 7, Simulation execution beginning, ,
20141128_1021_48, Design, FLAME Client, participant_0, 9, X`cdc6010e.7cf74d31.85daf3c3.1e9a4be8`ATTR`Host_Client`Host`MON::Set [Host]`Aspect=xADLCoreAspect&Position=28.560`bb42af9e.ee894de6.a8870ee2.566cbbfe`Architecture`MON::Model [Architecture]`receiveEnergyCost=150.010000&receiveEnergyOverhead=101.860000&transmitEnergyCost=312.000000&transmitEnergyOverhead=341.000000````````````, ,
20141128_1021_49, Notification, XTEAM Engine, participant_0, 8, Simulation execution beginning, ,
20141128_1022_06, Design, FLAME Client, participant_0, 10, X`4c379791.2eea468a.a8abbb1d.e5fba9bb`ATTR`perform`Task`MON::Model [Task]`Aspect=xADLBehaviorAspect&Position=336.217`c270ab26.2fff4b88.bf50a288.2d000ee5`Process`MON::Model [Process]`executionTime=350&memoryUsage=27&taskInstruction=nextResult[thread_id] = new Result;|nextResult[thread_id]->getResultState().value() = 0;|nextResult[thread_id]->getResultID().value() = nextTask[thread_id]->getTaskID().value();|nextResult[thread_id]->getResultValue().value() = 1;````````````, ,
20141128_1022_07, Notification, XTEAM Engine, participant_0, 9, Simulation execution beginning, ,
20141128_1022_10, Design, FLAME Client, participant_0, 11, X`4c379791.2eea468a.a8abbb1d.e5fba9bb`ATTR`perform`Task`MON::Model [Task]`Aspect=xADLBehaviorAspect&Position=336.217`c270ab26.2fff4b88.bf50a288.2d000ee5`Process`MON::Model [Process]`executionTime=350&memoryUsage=39&taskInstruction=nextResult[thread_id] = new Result;|nextResult[thread_id]->getResultState().value() = 0;|nextResult[thread_id]->getResultID().value() = nextTask[thread_id]->getTaskID().value();|nextResult[thread_id]->getResultValue().value() = 1;````````````, ,
20141128_1022_11, Notification, XTEAM Engine, participant_0, 10, Simulation execution beginning, ,
20141128_1022_17, Notification, XTEAM Engine, participant_0, 7, Simulation execution completion, ,
20141128_1022_17, XTEAM, XTEAM Engine, participant_0, , ,
20141128_1022_17, XTEAM, XTEAM Engine, participant_0, , ,
20141128_1022_17, XTEAM, XTEAM Engine, participant_0, , ,
20141128_1022_23, Notification, XTEAM Engine, participant_0, 8, Simulation execution completion, ,
20141128_1022_23, XTEAM, XTEAM Engine, participant_0, , ,
20141128_1022_23, XTEAM, XTEAM Engine, participant_0, , ,
20141128_1022_23, XTEAM, XTEAM Engine, participant_0, , ,
20141128_1022_25, Design, FLAME Client, participant_1, 18, X`3a60805b.3a524f70.a064acd1.88108a11`ATTR`generate`Task`MON::Model [Task]`Aspect=xADLBehaviorAspect&Position=301.259`fd961ab4.712348fe.91a8653d.18529735`Process`MON::Model [Process]`executionTime=6&memoryUsage=5500&taskInstruction=nextTask = new Task;|nextTask->getTaskState().value() = 0;|nextTask->getTaskID().value() = taskIDCounter->getNextTaskID().value()++;````````````, ,
20141128_1022_26, Notification, XTEAM Engine, participant_1, 16, Simulation execution beginning, ,
20141128_1022_29, Design, FLAME Client, participant_1, 19, X`3a60805b.3a524f70.a064acd1.88108a11`ATTR`generate`Task`MON::Model [Task]`Aspect=xADLBehaviorAspect&Position=301.259`fd961ab4.712348fe.91a8653d.18529735`Process`MON::Model [Process]`executionTime=6&memoryUsage=11000&taskInstruction=nextTask = new Task;|nextTask->getTaskState().value() = 0;|nextTask->getTaskID().value() = taskIDCounter->getNextTaskID().value()++;````````````, ,
20141128_1022_31, Notification, XTEAM Engine, participant_1, 17, Simulation execution beginning, ,
20141128_1022_42, Notification, XTEAM Engine, participant_0, 9, Simulation execution completion, ,
20141128_1022_42, XTEAM, XTEAM Engine, participant_0, , ,
20141128_1022_42, XTEAM, XTEAM Engine, participant_0, , ,
20141128_1022_42, XTEAM, XTEAM Engine, participant_0, , ,
20141128_1022_46, Notification, XTEAM Engine, participant_0, 10, Simulation execution completion, ,
20141128_1022_46, XTEAM, XTEAM Engine, participant_0, , ,
20141128_1022_46, XTEAM, XTEAM Engine, participant_0, , ,
20141128_1022_46, XTEAM, XTEAM Engine, participant_0, , ,
20141128_1022_48, Design, FLAME Client, participant_1, 20, X`de311a94.5ac54159.8e7ae434.321ec71e`ATTR`HostSAT`Host`MON::Set [Host]`Aspect=xADLCoreAspect&Position=1610.497`bb42af9e.ee894de6.a8870ee2.566cbbfe`Architecture`MON::Model [Architecture]`receiveEnergyCost=101.280000&receiveEnergyOverhead=64.990000&transmitEnergyCost=330.000000&transmitEnergyOverhead=217.000000````````````, ,
20141128_1022_50, Notification, XTEAM Engine, participant_1, 18, Simulation execution beginning, ,
20141128_1022_55, Design, FLAME Client, participant_1, 21, X`de311a94.5ac54159.8e7ae434.321ec71e`ATTR`HostSAT`Host`MON::Set [Host]`Aspect=xADLCoreAspect&Position=1610.497`bb42af9e.ee894de6.a8870ee2.566cbbfe`Architecture`MON::Model [Architecture]`receiveEnergyCost=101.280000&receiveEnergyOverhead=64.990000&transmitEnergyCost=330.000000&transmitEnergyOverhead=429.000000````````````, ,
20141128_1022_56, Notification, XTEAM Engine, participant_1, 19, Simulation execution beginning, ,
20141128_1023_00, Snapshot, FLAME Client, participant_1, 22, ,
20141128_1023_01, Notification, XTEAM Engine, participant_1, 16, Simulation execution completion, ,
20141128_1023_01, XTEAM, XTEAM Engine, participant_1, , ,
20141128_1023_01, XTEAM, XTEAM Engine, participant_1, , ,
20141128_1023_01, XTEAM, XTEAM Engine, participant_1, , ,
20141128_1023_02, Notification, XTEAM Engine, participant_0, 11, Simulation execution beginning, ,
20141128_1023_06, Notification, XTEAM Engine, participant_1, 17, Simulation execution completion, ,
20141128_1023_06, XTEAM, XTEAM Engine, participant_1, , ,
20141128_1023_06, XTEAM, XTEAM Engine, participant_1, , ,
20141128_1023_06, XTEAM, XTEAM Engine, participant_1, , ,
20141128_1023_26, Notification, XTEAM Engine, participant_1, 18, Simulation execution completion, ,
20141128_1023_26, XTEAM, XTEAM Engine, participant_1, , ,
20141128_1023_26, XTEAM, XTEAM Engine, participant_1, , ,
20141128_1023_26, XTEAM, XTEAM Engine, participant_1, , ,
20141128_1023_31, Notification, XTEAM Engine, participant_1, 19, Simulation execution completion, ,
20141128_1023_31, XTEAM, XTEAM Engine, participant_1, , ,
20141128_1023_31, XTEAM, XTEAM Engine, participant_1, , ,
20141128_1023_31, XTEAM, XTEAM Engine, participant_1, , ,
20141128_1023_35, Notification, XTEAM Engine, participant_0, 11, Simulation execution completion, ,
20141128_1023_35, XTEAM, XTEAM Engine, participant_0, , ,
20141128_1023_35, XTEAM, XTEAM Engine, participant_0, , ,
20141128_1023_35, XTEAM, XTEAM Engine, participant_0, , ,
20141128_1024_13, Update, FLAME Client, participant_0, 12, ,
20141128_1027_06, Snapshot, FLAME Client, participant_0, 13, ,
20141128_1027_07, Notification, XTEAM Engine, participant_1, 20, Simulation execution beginning, ,
20141128_1027_38, Notification, XTEAM Engine, participant_1, 20, Simulation execution completion, ,
20141128_1027_38, XTEAM, XTEAM Engine, participant_1, , ,
20141128_1027_38, XTEAM, XTEAM Engine, participant_1, , ,
20141128_1027_38, XTEAM, XTEAM Engine, participant_1, , ,
20141128_1028_18, Update, FLAME Client, participant_1, 23, ,
