TIME, Event name, OriginComponent, SenderUsername, EventID, Value, ,
20140330_2053_25, Login, XTEAM Engine, MRSV, , ,
20140330_2054_48, Login, CoWare XTEAM Client, participant_0, , ,
20140330_2056_05, Login, CoWare XTEAM Client, participant_1, , ,
20140330_2058_10, Design, CoWare XTEAM Client, participant_0, 1, X`d74a2c65.e78b436f.bb8c4d69.c6c262cf`ATTR`forward`Task`MON::Model [Task]`Aspect=xADLBehaviorAspect&Position=280.196`b0656a82.f464e5e.80ba3243.d6b28879`Process`MON::Model [Process]`executionTime=8&memoryUsage=1&taskInstruction=````````````, ,
20140330_2058_12, Notification, XTEAM Engine, MRSV, 1, Simulation execution beginning, ,
20140330_2058_17, Design, CoWare XTEAM Client, participant_0, 2, X`d74a2c65.e78b436f.bb8c4d69.c6c262cf`ATTR`forward`Task`MON::Model [Task]`Aspect=xADLBehaviorAspect&Position=280.196`b0656a82.f464e5e.80ba3243.d6b28879`Process`MON::Model [Process]`executionTime=8&memoryUsage=10&taskInstruction=````````````, ,
20140330_2058_18, Notification, XTEAM Engine, MRSV, 2, Simulation execution beginning, ,
20140330_2058_32, Notification, XTEAM Engine, MRSV, 1, Simulation execution completion, ,
20140330_2058_32, XTEAM, XTEAM Engine, MRSV, , ,
20140330_2058_32, XTEAM, XTEAM Engine, MRSV, , ,
20140330_2058_32, XTEAM, XTEAM Engine, MRSV, , ,
20140330_2058_38, Notification, XTEAM Engine, MRSV, 2, Simulation execution completion, ,
20140330_2058_38, XTEAM, XTEAM Engine, MRSV, , ,
20140330_2058_38, XTEAM, XTEAM Engine, MRSV, , ,
20140330_2058_38, XTEAM, XTEAM Engine, MRSV, , ,
20140330_2100_52, Design, CoWare XTEAM Client, participant_0, 3, X`cc6f3a99.39734696.be3c4499.34632100`ATTR`Host_Salinity`Host`MON::Set [Host]`Aspect=xADLCoreAspect&Position=966.763`53c8e4c.6bec48b1.8f5efd8e.55e34f54`Architecture`MON::Model [Architecture]`receiveEnergyCost=13.000000&receiveEnergyOverhead=45.000000&transmitEnergyCost=12.000000&transmitEnergyOverhead=40.000000````````````, ,
20140330_2100_54, Notification, XTEAM Engine, MRSV, 3, Simulation execution beginning, ,
20140330_2100_57, Design, CoWare XTEAM Client, participant_0, 4, X`cc6f3a99.39734696.be3c4499.34632100`ATTR`Host_Salinity`Host`MON::Set [Host]`Aspect=xADLCoreAspect&Position=966.763`53c8e4c.6bec48b1.8f5efd8e.55e34f54`Architecture`MON::Model [Architecture]`receiveEnergyCost=20.000000&receiveEnergyOverhead=45.000000&transmitEnergyCost=12.000000&transmitEnergyOverhead=40.000000````````````, ,
20140330_2100_58, Notification, XTEAM Engine, MRSV, 4, Simulation execution beginning, ,
20140330_2101_02, Design, CoWare XTEAM Client, participant_0, 5, X`cc6f3a99.39734696.be3c4499.34632100`ATTR`Host_Salinity`Host`MON::Set [Host]`Aspect=xADLCoreAspect&Position=966.763`53c8e4c.6bec48b1.8f5efd8e.55e34f54`Architecture`MON::Model [Architecture]`receiveEnergyCost=20.000000&receiveEnergyOverhead=70.000000&transmitEnergyCost=12.000000&transmitEnergyOverhead=40.000000````````````, ,
20140330_2101_02, Design, CoWare XTEAM Client, participant_1, 1, X`e55df4ad.b7b04257.9e120182.ced0a272`ATTR`generate`Task`MON::Model [Task]`Aspect=xADLBehaviorAspect&Position=189.196`6de1d551.703f4069.85034d03.9388b013`Process`MON::Model [Process]`executionTime=5&memoryUsage=3&taskInstruction=nextRequest = new Request;|nextRequest->getRequestKind().value() = "Temperature";````````````, ,
20140330_2101_02, Snapshot, CoWare XTEAM Client, participant_0, 6, ,
20140330_2101_03, Snapshot, CoWare XTEAM Client, participant_0, 7, ,
20140330_2101_03, Notification, XTEAM Engine, MRSV, 5, Simulation execution beginning, ,
20140330_2101_04, Snapshot, CoWare XTEAM Client, participant_0, 8, ,
20140330_2101_05, Notification, XTEAM Engine, MRSV, 6, Simulation execution beginning, ,
20140330_2101_07, Snapshot, CoWare XTEAM Client, participant_0, 9, ,
20140330_2101_08, Design, CoWare XTEAM Client, participant_1, 2, X`e55df4ad.b7b04257.9e120182.ced0a272`ATTR`generate`Task`MON::Model [Task]`Aspect=xADLBehaviorAspect&Position=189.196`6de1d551.703f4069.85034d03.9388b013`Process`MON::Model [Process]`executionTime=5&memoryUsage=250&taskInstruction=nextRequest = new Request;|nextRequest->getRequestKind().value() = "Temperature";````````````, ,
20140330_2101_09, Notification, XTEAM Engine, MRSV, 7, Simulation execution beginning, ,
20140330_2101_14, Notification, XTEAM Engine, MRSV, 3, Simulation execution completion, ,
20140330_2101_14, XTEAM, XTEAM Engine, MRSV, , ,
20140330_2101_14, XTEAM, XTEAM Engine, MRSV, , ,
20140330_2101_14, XTEAM, XTEAM Engine, MRSV, , ,
20140330_2101_18, Notification, XTEAM Engine, MRSV, 4, Simulation execution completion, ,
20140330_2101_18, XTEAM, XTEAM Engine, MRSV, , ,
20140330_2101_18, XTEAM, XTEAM Engine, MRSV, , ,
20140330_2101_18, XTEAM, XTEAM Engine, MRSV, , ,
20140330_2101_20, Design, CoWare XTEAM Client, participant_1, 3, X`3709314b.7a93486e.8dc9b26c.f4772d70`ATTR`Host_1`Host`MON::Set [Host]`Aspect=xADLCoreAspect&Position=42.49`53c8e4c.6bec48b1.8f5efd8e.55e34f54`Architecture`MON::Model [Architecture]`receiveEnergyCost=18.000000&receiveEnergyOverhead=48.000000&transmitEnergyCost=50.000000&transmitEnergyOverhead=45.000000````````````, ,
20140330_2101_22, Notification, XTEAM Engine, MRSV, 8, Simulation execution beginning, ,
20140330_2101_23, Design, CoWare XTEAM Client, participant_1, 4, X`3709314b.7a93486e.8dc9b26c.f4772d70`ATTR`Host_1`Host`MON::Set [Host]`Aspect=xADLCoreAspect&Position=42.49`53c8e4c.6bec48b1.8f5efd8e.55e34f54`Architecture`MON::Model [Architecture]`receiveEnergyCost=18.000000&receiveEnergyOverhead=48.000000&transmitEnergyCost=50.000000&transmitEnergyOverhead=200.000000````````````, ,
20140330_2101_24, Notification, XTEAM Engine, MRSV, 9, Simulation execution beginning, ,
20140330_2101_33, Design, CoWare XTEAM Client, participant_1, 5, X`3709314b.7a93486e.8dc9b26c.f4772d70`ATTR`Host_1`Host`MON::Set [Host]`Aspect=xADLCoreAspect&Position=42.49`53c8e4c.6bec48b1.8f5efd8e.55e34f54`Architecture`MON::Model [Architecture]`receiveEnergyCost=65.000000&receiveEnergyOverhead=48.000000&transmitEnergyCost=50.000000&transmitEnergyOverhead=200.000000````````````, ,
20140330_2101_33, Notification, XTEAM Engine, MRSV, 5, Simulation execution completion, ,
20140330_2101_33, XTEAM, XTEAM Engine, MRSV, , ,
20140330_2101_33, XTEAM, XTEAM Engine, MRSV, , ,
20140330_2101_33, XTEAM, XTEAM Engine, MRSV, , ,
20140330_2101_34, Notification, XTEAM Engine, MRSV, 10, Simulation execution beginning, ,
20140330_2101_39, Notification, XTEAM Engine, MRSV, 6, Simulation execution completion, ,
20140330_2101_39, XTEAM, XTEAM Engine, MRSV, , ,
20140330_2101_39, XTEAM, XTEAM Engine, MRSV, , ,
20140330_2101_39, XTEAM, XTEAM Engine, MRSV, , ,
20140330_2101_41, Design, CoWare XTEAM Client, participant_1, 6, X`3709314b.7a93486e.8dc9b26c.f4772d70`ATTR`Host_1`Host`MON::Set [Host]`Aspect=xADLCoreAspect&Position=42.49`53c8e4c.6bec48b1.8f5efd8e.55e34f54`Architecture`MON::Model [Architecture]`receiveEnergyCost=65.000000&receiveEnergyOverhead=240.000000&transmitEnergyCost=50.000000&transmitEnergyOverhead=200.000000````````````, ,
20140330_2101_42, Notification, XTEAM Engine, MRSV, 11, Simulation execution beginning, ,
20140330_2101_44, Notification, XTEAM Engine, MRSV, 7, Simulation execution completion, ,
20140330_2101_44, XTEAM, XTEAM Engine, MRSV, , ,
20140330_2101_44, XTEAM, XTEAM Engine, MRSV, , ,
20140330_2101_44, XTEAM, XTEAM Engine, MRSV, , ,
20140330_2101_50, Notification, XTEAM Engine, MRSV, 8, Simulation execution completion, ,
20140330_2101_50, XTEAM, XTEAM Engine, MRSV, , ,
20140330_2101_50, XTEAM, XTEAM Engine, MRSV, , ,
20140330_2101_50, XTEAM, XTEAM Engine, MRSV, , ,
20140330_2101_50, Notification, XTEAM Engine, MRSV, 9, Simulation execution completion, ,
20140330_2101_50, XTEAM, XTEAM Engine, MRSV, , ,
20140330_2101_50, XTEAM, XTEAM Engine, MRSV, , ,
20140330_2101_50, XTEAM, XTEAM Engine, MRSV, , ,
20140330_2101_58, Notification, XTEAM Engine, MRSV, 10, Simulation execution completion, ,
20140330_2101_58, XTEAM, XTEAM Engine, MRSV, , ,
20140330_2101_58, XTEAM, XTEAM Engine, MRSV, , ,
20140330_2101_58, XTEAM, XTEAM Engine, MRSV, , ,
20140330_2102_01, Notification, XTEAM Engine, MRSV, 11, Simulation execution completion, ,
20140330_2102_01, XTEAM, XTEAM Engine, MRSV, , ,
20140330_2102_01, XTEAM, XTEAM Engine, MRSV, , ,
20140330_2102_01, XTEAM, XTEAM Engine, MRSV, , ,
20140330_2102_23, Design, CoWare XTEAM Client, participant_1, 7, X`e55df4ad.b7b04257.9e120182.ced0a272`ATTR`generate`Task`MON::Model [Task]`Aspect=xADLBehaviorAspect&Position=189.196`6de1d551.703f4069.85034d03.9388b013`Process`MON::Model [Process]`executionTime=8&memoryUsage=250&taskInstruction=nextRequest = new Request;|nextRequest->getRequestKind().value() = "Temperature";````````````, ,
20140330_2102_24, Notification, XTEAM Engine, MRSV, 12, Simulation execution beginning, ,
20140330_2102_31, Design, CoWare XTEAM Client, participant_1, 8, X`e55df4ad.b7b04257.9e120182.ced0a272`ATTR`generate`Task`MON::Model [Task]`Aspect=xADLBehaviorAspect&Position=189.196`6de1d551.703f4069.85034d03.9388b013`Process`MON::Model [Process]`executionTime=8&memoryUsage=3&taskInstruction=nextRequest = new Request;|nextRequest->getRequestKind().value() = "Temperature";````````````, ,
20140330_2102_32, Notification, XTEAM Engine, MRSV, 13, Simulation execution beginning, ,
20140330_2102_48, Notification, XTEAM Engine, MRSV, 12, Simulation execution completion, ,
20140330_2102_48, XTEAM, XTEAM Engine, MRSV, , ,
20140330_2102_48, XTEAM, XTEAM Engine, MRSV, , ,
20140330_2102_48, XTEAM, XTEAM Engine, MRSV, , ,
20140330_2102_54, Design, CoWare XTEAM Client, participant_1, 9, X`38aa871.eb549bc.aabb5f5f.9a0c5f7d`ATTR`generate`Task`MON::Model [Task]`Aspect=xADLBehaviorAspect&Position=189.196`9f0c917a.d5e346fb.857fc403.69d41261`Process`MON::Model [Process]`executionTime=5&memoryUsage=3&taskInstruction=nextRequest = new Request;|nextRequest->getRequestKind().value() = "Temperature";````````````, ,
20140330_2102_55, Notification, XTEAM Engine, MRSV, 14, Simulation execution beginning, ,
20140330_2102_56, Notification, XTEAM Engine, MRSV, 13, Simulation execution completion, ,
20140330_2102_56, XTEAM, XTEAM Engine, MRSV, , ,
20140330_2102_56, XTEAM, XTEAM Engine, MRSV, , ,
20140330_2102_56, XTEAM, XTEAM Engine, MRSV, , ,
20140330_2102_59, Design, CoWare XTEAM Client, participant_1, 10, X`38aa871.eb549bc.aabb5f5f.9a0c5f7d`ATTR`generate`Task`MON::Model [Task]`Aspect=xADLBehaviorAspect&Position=189.196`9f0c917a.d5e346fb.857fc403.69d41261`Process`MON::Model [Process]`executionTime=5&memoryUsage=250&taskInstruction=nextRequest = new Request;|nextRequest->getRequestKind().value() = "Temperature";````````````, ,
20140330_2103_01, Notification, XTEAM Engine, MRSV, 15, Simulation execution beginning, ,
20140330_2103_09, Design, CoWare XTEAM Client, participant_1, 11, X`1d380676.204a4521.b3bb7c52.2bae3451`ATTR`Host_2`Host`MON::Set [Host]`Aspect=xADLCoreAspect&Position=42.350`53c8e4c.6bec48b1.8f5efd8e.55e34f54`Architecture`MON::Model [Architecture]`receiveEnergyCost=18.000000&receiveEnergyOverhead=48.000000&transmitEnergyCost=50.000000&transmitEnergyOverhead=45.000000````````````, ,
20140330_2103_10, Notification, XTEAM Engine, MRSV, 16, Simulation execution beginning, ,
20140330_2103_12, Design, CoWare XTEAM Client, participant_1, 12, X`1d380676.204a4521.b3bb7c52.2bae3451`ATTR`Host_2`Host`MON::Set [Host]`Aspect=xADLCoreAspect&Position=42.350`53c8e4c.6bec48b1.8f5efd8e.55e34f54`Architecture`MON::Model [Architecture]`receiveEnergyCost=18.000000&receiveEnergyOverhead=48.000000&transmitEnergyCost=50.000000&transmitEnergyOverhead=200.000000````````````, ,
20140330_2103_14, Notification, XTEAM Engine, MRSV, 17, Simulation execution beginning, ,
20140330_2103_15, Design, CoWare XTEAM Client, participant_1, 13, X`1d380676.204a4521.b3bb7c52.2bae3451`ATTR`Host_2`Host`MON::Set [Host]`Aspect=xADLCoreAspect&Position=42.350`53c8e4c.6bec48b1.8f5efd8e.55e34f54`Architecture`MON::Model [Architecture]`receiveEnergyCost=65.000000&receiveEnergyOverhead=48.000000&transmitEnergyCost=50.000000&transmitEnergyOverhead=200.000000````````````, ,
20140330_2103_16, Notification, XTEAM Engine, MRSV, 18, Simulation execution beginning, ,
20140330_2103_20, Design, CoWare XTEAM Client, participant_1, 14, X`1d380676.204a4521.b3bb7c52.2bae3451`ATTR`Host_2`Host`MON::Set [Host]`Aspect=xADLCoreAspect&Position=42.350`53c8e4c.6bec48b1.8f5efd8e.55e34f54`Architecture`MON::Model [Architecture]`receiveEnergyCost=65.000000&receiveEnergyOverhead=240.000000&transmitEnergyCost=50.000000&transmitEnergyOverhead=200.000000````````````, ,
20140330_2103_21, Notification, XTEAM Engine, MRSV, 19, Simulation execution beginning, ,
20140330_2103_25, Notification, XTEAM Engine, MRSV, 14, Simulation execution completion, ,
20140330_2103_25, XTEAM, XTEAM Engine, MRSV, , ,
20140330_2103_25, XTEAM, XTEAM Engine, MRSV, , ,
20140330_2103_25, XTEAM, XTEAM Engine, MRSV, , ,
20140330_2103_28, Notification, XTEAM Engine, MRSV, 15, Simulation execution completion, ,
20140330_2103_28, XTEAM, XTEAM Engine, MRSV, , ,
20140330_2103_28, XTEAM, XTEAM Engine, MRSV, , ,
20140330_2103_28, XTEAM, XTEAM Engine, MRSV, , ,
20140330_2103_34, Design, CoWare XTEAM Client, participant_1, 15, X`2442e05e.7e534432.a652495a.4a8032a9`ATTR`generate`Task`MON::Model [Task]`Aspect=xADLBehaviorAspect&Position=189.196`ee842d2c.6fbd409b.b93189f8.bce88a2b`Process`MON::Model [Process]`executionTime=5&memoryUsage=3&taskInstruction=nextRequest = new Request;|nextRequest->getRequestKind().value() = "Temperature";````````````, ,
20140330_2103_36, Notification, XTEAM Engine, MRSV, 20, Simulation execution beginning, ,
20140330_2103_36, Design, CoWare XTEAM Client, participant_1, 16, X`2442e05e.7e534432.a652495a.4a8032a9`ATTR`generate`Task`MON::Model [Task]`Aspect=xADLBehaviorAspect&Position=189.196`ee842d2c.6fbd409b.b93189f8.bce88a2b`Process`MON::Model [Process]`executionTime=5&memoryUsage=250&taskInstruction=nextRequest = new Request;|nextRequest->getRequestKind().value() = "Temperature";````````````, ,
20140330_2103_37, Notification, XTEAM Engine, MRSV, 21, Simulation execution beginning, ,
20140330_2103_44, Notification, XTEAM Engine, MRSV, 16, Simulation execution completion, ,
20140330_2103_44, XTEAM, XTEAM Engine, MRSV, , ,
20140330_2103_44, XTEAM, XTEAM Engine, MRSV, , ,
20140330_2103_44, XTEAM, XTEAM Engine, MRSV, , ,
20140330_2103_45, Design, CoWare XTEAM Client, participant_1, 17, X`6f385993.f08a4164.b815faa2.88dc52fb`ATTR`Host_3`Host`MON::Set [Host]`Aspect=xADLCoreAspect&Position=42.630`53c8e4c.6bec48b1.8f5efd8e.55e34f54`Architecture`MON::Model [Architecture]`receiveEnergyCost=18.000000&receiveEnergyOverhead=48.000000&transmitEnergyCost=50.000000&transmitEnergyOverhead=45.000000````````````, ,
20140330_2103_46, Notification, XTEAM Engine, MRSV, 17, Simulation execution completion, ,
20140330_2103_46, XTEAM, XTEAM Engine, MRSV, , ,
20140330_2103_46, XTEAM, XTEAM Engine, MRSV, , ,
20140330_2103_46, XTEAM, XTEAM Engine, MRSV, , ,
20140330_2103_46, Notification, XTEAM Engine, MRSV, 19, Simulation execution completion, ,
20140330_2103_46, XTEAM, XTEAM Engine, MRSV, , ,
20140330_2103_46, XTEAM, XTEAM Engine, MRSV, , ,
20140330_2103_46, XTEAM, XTEAM Engine, MRSV, , ,
20140330_2103_46, Notification, XTEAM Engine, MRSV, 22, Simulation execution beginning, ,
20140330_2103_47, Design, CoWare XTEAM Client, participant_1, 18, X`6f385993.f08a4164.b815faa2.88dc52fb`ATTR`Host_3`Host`MON::Set [Host]`Aspect=xADLCoreAspect&Position=42.630`53c8e4c.6bec48b1.8f5efd8e.55e34f54`Architecture`MON::Model [Architecture]`receiveEnergyCost=18.000000&receiveEnergyOverhead=48.000000&transmitEnergyCost=50.000000&transmitEnergyOverhead=200.000000````````````, ,
20140330_2103_49, Design, CoWare XTEAM Client, participant_1, 19, X`6f385993.f08a4164.b815faa2.88dc52fb`ATTR`Host_3`Host`MON::Set [Host]`Aspect=xADLCoreAspect&Position=42.630`53c8e4c.6bec48b1.8f5efd8e.55e34f54`Architecture`MON::Model [Architecture]`receiveEnergyCost=65.000000&receiveEnergyOverhead=48.000000&transmitEnergyCost=50.000000&transmitEnergyOverhead=200.000000````````````, ,
20140330_2103_49, Notification, XTEAM Engine, MRSV, 23, Simulation execution beginning, ,
20140330_2103_51, Notification, XTEAM Engine, MRSV, 18, Simulation execution completion, ,
20140330_2103_51, XTEAM, XTEAM Engine, MRSV, , ,
20140330_2103_51, XTEAM, XTEAM Engine, MRSV, , ,
20140330_2103_51, XTEAM, XTEAM Engine, MRSV, , ,
20140330_2103_51, Notification, XTEAM Engine, MRSV, 24, Simulation execution beginning, ,
20140330_2103_54, Design, CoWare XTEAM Client, participant_1, 20, X`6f385993.f08a4164.b815faa2.88dc52fb`ATTR`Host_3`Host`MON::Set [Host]`Aspect=xADLCoreAspect&Position=42.630`53c8e4c.6bec48b1.8f5efd8e.55e34f54`Architecture`MON::Model [Architecture]`receiveEnergyCost=65.000000&receiveEnergyOverhead=240.000000&transmitEnergyCost=50.000000&transmitEnergyOverhead=200.000000````````````, ,
20140330_2103_55, Notification, XTEAM Engine, MRSV, 25, Simulation execution beginning, ,
20140330_2104_07, Notification, XTEAM Engine, MRSV, 20, Simulation execution completion, ,
20140330_2104_07, XTEAM, XTEAM Engine, MRSV, , ,
20140330_2104_07, XTEAM, XTEAM Engine, MRSV, , ,
20140330_2104_07, XTEAM, XTEAM Engine, MRSV, , ,
20140330_2104_09, Notification, XTEAM Engine, MRSV, 21, Simulation execution completion, ,
20140330_2104_09, XTEAM, XTEAM Engine, MRSV, , ,
20140330_2104_09, XTEAM, XTEAM Engine, MRSV, , ,
20140330_2104_09, XTEAM, XTEAM Engine, MRSV, , ,
20140330_2104_25, Notification, XTEAM Engine, MRSV, 23, Simulation execution completion, ,
20140330_2104_25, XTEAM, XTEAM Engine, MRSV, , ,
20140330_2104_26, XTEAM, XTEAM Engine, MRSV, , ,
20140330_2104_26, XTEAM, XTEAM Engine, MRSV, , ,
20140330_2104_26, Snapshot, CoWare XTEAM Client, participant_0, 10, ,
20140330_2104_26, Snapshot, CoWare XTEAM Client, participant_0, 11, ,
20140330_2104_26, Snapshot, CoWare XTEAM Client, participant_0, 12, ,
20140330_2104_26, Notification, XTEAM Engine, MRSV, 22, Simulation execution completion, ,
20140330_2104_26, XTEAM, XTEAM Engine, MRSV, , ,
20140330_2104_26, XTEAM, XTEAM Engine, MRSV, , ,
20140330_2104_26, XTEAM, XTEAM Engine, MRSV, , ,
20140330_2104_26, Snapshot, CoWare XTEAM Client, participant_0, 13, ,
20140330_2104_32, XTEAM, XTEAM Engine, MRSV, , ,
20140330_2104_32, Notification, XTEAM Engine, MRSV, 24, Simulation execution completion, ,
20140330_2104_32, XTEAM, XTEAM Engine, MRSV, , ,
20140330_2104_32, XTEAM, XTEAM Engine, MRSV, , ,
20140330_2104_35, Notification, XTEAM Engine, MRSV, 25, Simulation execution completion, ,
20140330_2104_35, XTEAM, XTEAM Engine, MRSV, , ,
20140330_2104_35, XTEAM, XTEAM Engine, MRSV, , ,
20140330_2104_35, XTEAM, XTEAM Engine, MRSV, , ,
20140330_2106_07, Design, CoWare XTEAM Client, participant_0, 14, X`f603f85b.e43844a4.b3627b58.f951dcdf`ATTR`Host_Temp`Host`MON::Set [Host]`Aspect=xADLCoreAspect&Position=1106.763`53c8e4c.6bec48b1.8f5efd8e.55e34f54`Architecture`MON::Model [Architecture]`receiveEnergyCost=13.000000&receiveEnergyOverhead=45.000000&transmitEnergyCost=12.000000&transmitEnergyOverhead=40.000000````````````, ,
20140330_2106_08, Notification, XTEAM Engine, MRSV, 26, Simulation execution beginning, ,
20140330_2106_12, Design, CoWare XTEAM Client, participant_0, 15, X`f603f85b.e43844a4.b3627b58.f951dcdf`ATTR`Host_Temp`Host`MON::Set [Host]`Aspect=xADLCoreAspect&Position=1106.763`53c8e4c.6bec48b1.8f5efd8e.55e34f54`Architecture`MON::Model [Architecture]`receiveEnergyCost=20.000000&receiveEnergyOverhead=45.000000&transmitEnergyCost=12.000000&transmitEnergyOverhead=40.000000````````````, ,
20140330_2106_13, Notification, XTEAM Engine, MRSV, 27, Simulation execution beginning, ,
20140330_2106_21, Design, CoWare XTEAM Client, participant_0, 16, X`f603f85b.e43844a4.b3627b58.f951dcdf`ATTR`Host_Temp`Host`MON::Set [Host]`Aspect=xADLCoreAspect&Position=1106.763`53c8e4c.6bec48b1.8f5efd8e.55e34f54`Architecture`MON::Model [Architecture]`receiveEnergyCost=20.000000&receiveEnergyOverhead=70.000000&transmitEnergyCost=12.000000&transmitEnergyOverhead=40.000000````````````, ,
20140330_2106_23, Notification, XTEAM Engine, MRSV, 28, Simulation execution beginning, ,
20140330_2106_43, Notification, XTEAM Engine, MRSV, 26, Simulation execution completion, ,
20140330_2106_43, XTEAM, XTEAM Engine, MRSV, , ,
20140330_2106_43, XTEAM, XTEAM Engine, MRSV, , ,
20140330_2106_43, XTEAM, XTEAM Engine, MRSV, , ,
20140330_2106_48, Notification, XTEAM Engine, MRSV, 27, Simulation execution completion, ,
20140330_2106_48, XTEAM, XTEAM Engine, MRSV, , ,
20140330_2106_48, XTEAM, XTEAM Engine, MRSV, , ,
20140330_2106_48, XTEAM, XTEAM Engine, MRSV, , ,
20140330_2106_50, Notification, XTEAM Engine, MRSV, 28, Simulation execution completion, ,
20140330_2106_50, XTEAM, XTEAM Engine, MRSV, , ,
20140330_2106_50, XTEAM, XTEAM Engine, MRSV, , ,
20140330_2106_50, XTEAM, XTEAM Engine, MRSV, , ,
20140330_2107_27, Snapshot, CoWare XTEAM Client, participant_0, 17, ,
20140330_2107_28, Snapshot, CoWare XTEAM Client, participant_0, 18, ,
20140330_2107_29, Snapshot, CoWare XTEAM Client, participant_0, 19, ,
20140330_2107_30, Snapshot, CoWare XTEAM Client, participant_0, 20, ,
20140330_2109_52, Design, CoWare XTEAM Client, participant_0, 21, X`b0656a82.f464e5e.80ba3243.d6b28879`REGISTRY`forwardResponse`Process`MON::Model [Process]`Aspect=xADLBehaviorAspect&Position=168.364`c5f6c47.efc84151.945975e3.8c882328`Connector`MON::Model [Connector]`initialProcess=false````````````, ,
20140330_2109_54, Notification, XTEAM Engine, MRSV, 29, Simulation execution beginning, ,
20140330_2110_19, Design, CoWare XTEAM Client, participant_0, 22, X`ecf5e7fb.34344ab0.8682f5bd.53849453`ATTR`forward`Task`MON::Model [Task]`Aspect=xADLBehaviorAspect&Position=280.196`f45445ab.d6a34b1a.8c0dd95e.faa85ceb`Process`MON::Model [Process]`executionTime=8&memoryUsage=1&taskInstruction=````````````, ,
20140330_2110_20, Notification, XTEAM Engine, MRSV, 30, Simulation execution beginning, ,
20140330_2110_20, Notification, XTEAM Engine, MRSV, 29, Simulation execution completion, ,
20140330_2110_20, XTEAM, XTEAM Engine, MRSV, , ,
20140330_2110_20, XTEAM, XTEAM Engine, MRSV, , ,
20140330_2110_20, XTEAM, XTEAM Engine, MRSV, , ,
20140330_2110_23, Design, CoWare XTEAM Client, participant_0, 23, X`ecf5e7fb.34344ab0.8682f5bd.53849453`ATTR`forward`Task`MON::Model [Task]`Aspect=xADLBehaviorAspect&Position=280.196`f45445ab.d6a34b1a.8c0dd95e.faa85ceb`Process`MON::Model [Process]`executionTime=8&memoryUsage=10&taskInstruction=````````````, ,
20140330_2110_24, Notification, XTEAM Engine, MRSV, 31, Simulation execution beginning, ,
20140330_2110_47, Notification, XTEAM Engine, MRSV, 30, Simulation execution completion, ,
20140330_2110_47, XTEAM, XTEAM Engine, MRSV, , ,
20140330_2110_47, XTEAM, XTEAM Engine, MRSV, , ,
20140330_2110_47, XTEAM, XTEAM Engine, MRSV, , ,
20140330_2110_50, Notification, XTEAM Engine, MRSV, 31, Simulation execution completion, ,
20140330_2110_50, XTEAM, XTEAM Engine, MRSV, , ,
20140330_2110_50, XTEAM, XTEAM Engine, MRSV, , ,
20140330_2110_50, XTEAM, XTEAM Engine, MRSV, , ,
20140330_2114_37, Design, CoWare XTEAM Client, participant_1, 21, X`e55df4ad.b7b04257.9e120182.ced0a272`ATTR`generate`Task`MON::Model [Task]`Aspect=xADLBehaviorAspect&Position=189.196`6de1d551.703f4069.85034d03.9388b013`Process`MON::Model [Process]`executionTime=5&memoryUsage=3&taskInstruction=nextRequest = new Request;|nextRequest->getRequestKind().value() = "Temperature";````````````, ,
20140330_2114_37, Snapshot, CoWare XTEAM Client, participant_0, 24, ,
20140330_2114_38, Snapshot, CoWare XTEAM Client, participant_0, 25, ,
20140330_2114_38, Snapshot, CoWare XTEAM Client, participant_0, 26, ,
20140330_2114_38, Notification, XTEAM Engine, MRSV, 32, Simulation execution beginning, ,
20140330_2114_38, Snapshot, CoWare XTEAM Client, participant_0, 27, ,
20140330_2114_56, Design, CoWare XTEAM Client, participant_1, 22, X`e55df4ad.b7b04257.9e120182.ced0a272`ATTR`generate`Task`MON::Model [Task]`Aspect=xADLBehaviorAspect&Position=189.196`6de1d551.703f4069.85034d03.9388b013`Process`MON::Model [Process]`executionTime=5&memoryUsage=&taskInstruction=nextRequest = new Request;|nextRequest->getRequestKind().value() = "Temperature";````````````, ,
20140330_2114_57, Notification, XTEAM Engine, MRSV, 33, Simulation execution beginning, ,
20140330_2114_58, Design, CoWare XTEAM Client, participant_1, 23, X`e55df4ad.b7b04257.9e120182.ced0a272`ATTR`generate`Task`MON::Model [Task]`Aspect=xADLBehaviorAspect&Position=189.196`6de1d551.703f4069.85034d03.9388b013`Process`MON::Model [Process]`executionTime=8&memoryUsage=&taskInstruction=nextRequest = new Request;|nextRequest->getRequestKind().value() = "Temperature";````````````, ,
20140330_2114_59, Notification, XTEAM Engine, MRSV, 32, Simulation execution completion, ,
20140330_2114_59, XTEAM, XTEAM Engine, MRSV, , ,
20140330_2114_59, XTEAM, XTEAM Engine, MRSV, , ,
20140330_2114_59, XTEAM, XTEAM Engine, MRSV, , ,
20140330_2114_59, Notification, XTEAM Engine, MRSV, 34, Simulation execution beginning, ,
20140330_2115_17, Design, CoWare XTEAM Client, participant_1, 24, X`e55df4ad.b7b04257.9e120182.ced0a272`ATTR`generate`Task`MON::Model [Task]`Aspect=xADLBehaviorAspect&Position=189.196`6de1d551.703f4069.85034d03.9388b013`Process`MON::Model [Process]`executionTime=8&memoryUsage=3&taskInstruction=nextRequest = new Request;|nextRequest->getRequestKind().value() = "Temperature";````````````, ,
20140330_2115_18, Notification, XTEAM Engine, MRSV, 35, Simulation execution beginning, ,
20140330_2115_28, Notification, XTEAM Engine, MRSV, 33, Simulation execution completion, ,
20140330_2115_28, XTEAM, XTEAM Engine, MRSV, , ,
20140330_2115_28, XTEAM, XTEAM Engine, MRSV, , ,
20140330_2115_28, XTEAM, XTEAM Engine, MRSV, , ,
20140330_2115_29, Notification, XTEAM Engine, MRSV, 34, Simulation execution completion, ,
20140330_2115_29, XTEAM, XTEAM Engine, MRSV, , ,
20140330_2115_29, XTEAM, XTEAM Engine, MRSV, , ,
20140330_2115_29, XTEAM, XTEAM Engine, MRSV, , ,
20140330_2115_42, Notification, XTEAM Engine, MRSV, 35, Simulation execution completion, ,
20140330_2115_42, XTEAM, XTEAM Engine, MRSV, , ,
20140330_2115_42, XTEAM, XTEAM Engine, MRSV, , ,
20140330_2115_42, XTEAM, XTEAM Engine, MRSV, , ,
20140330_2115_44, Snapshot, CoWare XTEAM Client, participant_1, 25, ,
20140330_2116_23, Snapshot, CoWare XTEAM Client, participant_0, 28, ,
20140330_2116_30, Design, CoWare XTEAM Client, participant_1, 26, X`e55df4ad.b7b04257.9e120182.ced0a272`ATTR`generate`Task`MON::Model [Task]`Aspect=xADLBehaviorAspect&Position=189.196`6de1d551.703f4069.85034d03.9388b013`Process`MON::Model [Process]`executionTime=5&memoryUsage=3&taskInstruction=nextRequest = new Request;|nextRequest->getRequestKind().value() = "Temperature";````````````, ,
20140330_2116_31, Notification, XTEAM Engine, MRSV, 36, Simulation execution beginning, ,
20140330_2116_41, Design, CoWare XTEAM Client, participant_1, 27, X`e55df4ad.b7b04257.9e120182.ced0a272`ATTR`generate`Task`MON::Model [Task]`Aspect=xADLBehaviorAspect&Position=189.196`6de1d551.703f4069.85034d03.9388b013`Process`MON::Model [Process]`executionTime=5&memoryUsage=250&taskInstruction=nextRequest = new Request;|nextRequest->getRequestKind().value() = "Temperature";````````````, ,
20140330_2116_42, Notification, XTEAM Engine, MRSV, 37, Simulation execution beginning, ,
20140330_2116_56, Notification, XTEAM Engine, MRSV, 36, Simulation execution completion, ,
20140330_2116_56, XTEAM, XTEAM Engine, MRSV, , ,
20140330_2116_56, XTEAM, XTEAM Engine, MRSV, , ,
20140330_2116_56, XTEAM, XTEAM Engine, MRSV, , ,
20140330_2117_01, Snapshot, CoWare XTEAM Client, participant_0, 29, ,
20140330_2117_08, Notification, XTEAM Engine, MRSV, 37, Simulation execution completion, ,
20140330_2117_08, XTEAM, XTEAM Engine, MRSV, , ,
20140330_2117_08, XTEAM, XTEAM Engine, MRSV, , ,
20140330_2117_08, XTEAM, XTEAM Engine, MRSV, , ,
20140330_2126_16, Snapshot, CoWare XTEAM Client, participant_1, 28, ,
