TIME, Event name, OriginComponent, SenderUsername, EventID, ,
20140330_2101_02, Snapshot, CoWare XTEAM Client, participant_0, 6, ,
20140330_2101_03, Snapshot, CoWare XTEAM Client, participant_0, 7, ,
20140330_2101_04, Snapshot, CoWare XTEAM Client, participant_0, 8, ,
20140330_2101_07, Snapshot, CoWare XTEAM Client, participant_0, 9, ,
20140330_2104_26, Snapshot, CoWare XTEAM Client, participant_0, 10, ,
20140330_2104_26, Snapshot, CoWare XTEAM Client, participant_0, 11, ,
20140330_2104_26, Snapshot, CoWare XTEAM Client, participant_0, 12, ,
20140330_2104_26, Snapshot, CoWare XTEAM Client, participant_0, 13, ,
20140330_2107_27, Snapshot, CoWare XTEAM Client, participant_0, 17, ,
20140330_2107_28, Snapshot, CoWare XTEAM Client, participant_0, 18, ,
20140330_2107_29, Snapshot, CoWare XTEAM Client, participant_0, 19, ,
20140330_2107_30, Snapshot, CoWare XTEAM Client, participant_0, 20, ,
20140330_2114_37, Snapshot, CoWare XTEAM Client, participant_0, 24, ,
20140330_2114_38, Snapshot, CoWare XTEAM Client, participant_0, 25, ,
20140330_2114_38, Snapshot, CoWare XTEAM Client, participant_0, 26, ,
20140330_2114_38, Snapshot, CoWare XTEAM Client, participant_0, 27, ,
20140330_2115_44, Snapshot, CoWare XTEAM Client, participant_1, 25, ,
20140330_2116_23, Snapshot, CoWare XTEAM Client, participant_0, 28, ,
20140330_2117_01, Snapshot, CoWare XTEAM Client, participant_0, 29, ,
20140330_2126_16, Snapshot, CoWare XTEAM Client, participant_1, 28, ,
