TIME, Event name, OriginComponent, SenderUsername, EventID, Value, ,
20140325_1600_16, Login, XTEAM Engine, MRSV, , ,
20140325_1603_16, Login, CoWare XTEAM Client, participant_0, , ,
20140325_1603_31, Login, CoWare XTEAM Client, participant_1, , ,
20140325_1604_02, Design, CoWare XTEAM Client, participant_1, 1, X`e55df4ad.b7b04257.9e120182.ced0a272`ATTR`generate`Task`MON::Model [Task]`Aspect=xADLBehaviorAspect&Position=189.196`6de1d551.703f4069.85034d03.9388b013`Process`MON::Model [Process]`executionTime=5&memoryUsage=3&taskInstruction=nextRequest = new Request;|nextRequest->getRequestKind().value() = "Temperature";````````````, ,
20140325_1604_04, Notification, XTEAM Engine, MRSV, 1, Simulation execution beginning, ,
20140325_1604_06, Design, CoWare XTEAM Client, participant_1, 2, X`e55df4ad.b7b04257.9e120182.ced0a272`ATTR`generate`Task`MON::Model [Task]`Aspect=xADLBehaviorAspect&Position=189.196`6de1d551.703f4069.85034d03.9388b013`Process`MON::Model [Process]`executionTime=5&memoryUsage=250&taskInstruction=nextRequest = new Request;|nextRequest->getRequestKind().value() = "Temperature";````````````, ,
20140325_1604_07, Notification, XTEAM Engine, MRSV, 2, Simulation execution beginning, ,
20140325_1604_22, Design, CoWare XTEAM Client, participant_1, 3, X`38aa871.eb549bc.aabb5f5f.9a0c5f7d`ATTR`generate`Task`MON::Model [Task]`Aspect=xADLBehaviorAspect&Position=189.196`9f0c917a.d5e346fb.857fc403.69d41261`Process`MON::Model [Process]`executionTime=5&memoryUsage=3&taskInstruction=nextRequest = new Request;|nextRequest->getRequestKind().value() = "Temperature";````````````, ,
20140325_1604_23, Design, CoWare XTEAM Client, participant_1, 4, X`38aa871.eb549bc.aabb5f5f.9a0c5f7d`ATTR`generate`Task`MON::Model [Task]`Aspect=xADLBehaviorAspect&Position=189.196`9f0c917a.d5e346fb.857fc403.69d41261`Process`MON::Model [Process]`executionTime=5&memoryUsage=250&taskInstruction=nextRequest = new Request;|nextRequest->getRequestKind().value() = "Temperature";````````````, ,
20140325_1604_23, Notification, XTEAM Engine, MRSV, 3, Simulation execution beginning, ,
20140325_1604_25, Notification, XTEAM Engine, MRSV, 4, Simulation execution beginning, ,
20140325_1604_29, Notification, XTEAM Engine, MRSV, 1, Simulation execution completion, ,
20140325_1604_29, XTEAM, XTEAM Engine, MRSV, , ,
20140325_1604_29, XTEAM, XTEAM Engine, MRSV, , ,
20140325_1604_29, XTEAM, XTEAM Engine, MRSV, , ,
20140325_1604_34, Notification, XTEAM Engine, MRSV, 2, Simulation execution completion, ,
20140325_1604_34, XTEAM, XTEAM Engine, MRSV, , ,
20140325_1604_34, XTEAM, XTEAM Engine, MRSV, , ,
20140325_1604_34, XTEAM, XTEAM Engine, MRSV, , ,
20140325_1604_36, Design, CoWare XTEAM Client, participant_1, 5, X`2442e05e.7e534432.a652495a.4a8032a9`ATTR`generate`Task`MON::Model [Task]`Aspect=xADLBehaviorAspect&Position=189.196`ee842d2c.6fbd409b.b93189f8.bce88a2b`Process`MON::Model [Process]`executionTime=5&memoryUsage=3&taskInstruction=nextRequest = new Request;|nextRequest->getRequestKind().value() = "Temperature";````````````, ,
20140325_1604_38, Notification, XTEAM Engine, MRSV, 5, Simulation execution beginning, ,
20140325_1604_38, Design, CoWare XTEAM Client, participant_1, 6, X`2442e05e.7e534432.a652495a.4a8032a9`ATTR`generate`Task`MON::Model [Task]`Aspect=xADLBehaviorAspect&Position=189.196`ee842d2c.6fbd409b.b93189f8.bce88a2b`Process`MON::Model [Process]`executionTime=5&memoryUsage=250&taskInstruction=nextRequest = new Request;|nextRequest->getRequestKind().value() = "Temperature";````````````, ,
20140325_1604_42, Notification, XTEAM Engine, MRSV, 6, Simulation execution beginning, ,
20140325_1604_54, Design, CoWare XTEAM Client, participant_1, 7, X`6f385993.f08a4164.b815faa2.88dc52fb`ATTR`Host_3`Host`MON::Set [Host]`Aspect=xADLCoreAspect&Position=42.630`53c8e4c.6bec48b1.8f5efd8e.55e34f54`Architecture`MON::Model [Architecture]`receiveEnergyCost=18.000000&receiveEnergyOverhead=48.000000&transmitEnergyCost=50.000000&transmitEnergyOverhead=45.000000````````````, ,
20140325_1604_54, Notification, XTEAM Engine, MRSV, 3, Simulation execution completion, ,
20140325_1604_54, XTEAM, XTEAM Engine, MRSV, , ,
20140325_1604_54, XTEAM, XTEAM Engine, MRSV, , ,
20140325_1604_54, XTEAM, XTEAM Engine, MRSV, , ,
20140325_1604_55, Notification, XTEAM Engine, MRSV, 7, Simulation execution beginning, ,
20140325_1604_56, Design, CoWare XTEAM Client, participant_1, 8, X`6f385993.f08a4164.b815faa2.88dc52fb`ATTR`Host_3`Host`MON::Set [Host]`Aspect=xADLCoreAspect&Position=42.630`53c8e4c.6bec48b1.8f5efd8e.55e34f54`Architecture`MON::Model [Architecture]`receiveEnergyCost=18.000000&receiveEnergyOverhead=48.000000&transmitEnergyCost=50.000000&transmitEnergyOverhead=200.000000````````````, ,
20140325_1604_58, Notification, XTEAM Engine, MRSV, 8, Simulation execution beginning, ,
20140325_1604_58, Notification, XTEAM Engine, MRSV, 4, Simulation execution completion, ,
20140325_1604_58, XTEAM, XTEAM Engine, MRSV, , ,
20140325_1604_58, XTEAM, XTEAM Engine, MRSV, , ,
20140325_1604_58, XTEAM, XTEAM Engine, MRSV, , ,
20140325_1604_58, Design, CoWare XTEAM Client, participant_1, 9, X`6f385993.f08a4164.b815faa2.88dc52fb`ATTR`Host_3`Host`MON::Set [Host]`Aspect=xADLCoreAspect&Position=42.630`53c8e4c.6bec48b1.8f5efd8e.55e34f54`Architecture`MON::Model [Architecture]`receiveEnergyCost=65.000000&receiveEnergyOverhead=48.000000&transmitEnergyCost=50.000000&transmitEnergyOverhead=200.000000````````````, ,
20140325_1605_01, Design, CoWare XTEAM Client, participant_1, 10, X`6f385993.f08a4164.b815faa2.88dc52fb`ATTR`Host_3`Host`MON::Set [Host]`Aspect=xADLCoreAspect&Position=42.630`53c8e4c.6bec48b1.8f5efd8e.55e34f54`Architecture`MON::Model [Architecture]`receiveEnergyCost=65.000000&receiveEnergyOverhead=240.000000&transmitEnergyCost=50.000000&transmitEnergyOverhead=200.000000````````````, ,
20140325_1605_03, Notification, XTEAM Engine, MRSV, 9, Simulation execution beginning, ,
20140325_1605_04, Notification, XTEAM Engine, MRSV, 10, Simulation execution beginning, ,
20140325_1605_05, Design, CoWare XTEAM Client, participant_1, 11, X`1d380676.204a4521.b3bb7c52.2bae3451`ATTR`Host_2`Host`MON::Set [Host]`Aspect=xADLCoreAspect&Position=42.350`53c8e4c.6bec48b1.8f5efd8e.55e34f54`Architecture`MON::Model [Architecture]`receiveEnergyCost=18.000000&receiveEnergyOverhead=48.000000&transmitEnergyCost=50.000000&transmitEnergyOverhead=45.000000````````````, ,
20140325_1605_05, Notification, XTEAM Engine, MRSV, 5, Simulation execution completion, ,
20140325_1605_05, XTEAM, XTEAM Engine, MRSV, , ,
20140325_1605_05, XTEAM, XTEAM Engine, MRSV, , ,
20140325_1605_05, XTEAM, XTEAM Engine, MRSV, , ,
20140325_1605_06, Notification, XTEAM Engine, MRSV, 11, Simulation execution beginning, ,
20140325_1605_07, Design, CoWare XTEAM Client, participant_1, 12, X`1d380676.204a4521.b3bb7c52.2bae3451`ATTR`Host_2`Host`MON::Set [Host]`Aspect=xADLCoreAspect&Position=42.350`53c8e4c.6bec48b1.8f5efd8e.55e34f54`Architecture`MON::Model [Architecture]`receiveEnergyCost=18.000000&receiveEnergyOverhead=48.000000&transmitEnergyCost=50.000000&transmitEnergyOverhead=200.000000````````````, ,
20140325_1605_07, Notification, XTEAM Engine, MRSV, 6, Simulation execution completion, ,
20140325_1605_07, XTEAM, XTEAM Engine, MRSV, , ,
20140325_1605_07, XTEAM, XTEAM Engine, MRSV, , ,
20140325_1605_07, XTEAM, XTEAM Engine, MRSV, , ,
20140325_1605_08, Design, CoWare XTEAM Client, participant_1, 13, X`1d380676.204a4521.b3bb7c52.2bae3451`ATTR`Host_2`Host`MON::Set [Host]`Aspect=xADLCoreAspect&Position=42.350`53c8e4c.6bec48b1.8f5efd8e.55e34f54`Architecture`MON::Model [Architecture]`receiveEnergyCost=65.000000&receiveEnergyOverhead=48.000000&transmitEnergyCost=50.000000&transmitEnergyOverhead=200.000000````````````, ,
20140325_1605_12, Design, CoWare XTEAM Client, participant_1, 14, X`1d380676.204a4521.b3bb7c52.2bae3451`ATTR`Host_2`Host`MON::Set [Host]`Aspect=xADLCoreAspect&Position=42.350`53c8e4c.6bec48b1.8f5efd8e.55e34f54`Architecture`MON::Model [Architecture]`receiveEnergyCost=65.000000&receiveEnergyOverhead=240.000000&transmitEnergyCost=50.000000&transmitEnergyOverhead=200.000000````````````, ,
20140325_1605_13, Notification, XTEAM Engine, MRSV, 12, Simulation execution beginning, ,
20140325_1605_15, Notification, XTEAM Engine, MRSV, 13, Simulation execution beginning, ,
20140325_1605_19, Design, CoWare XTEAM Client, participant_1, 15, X`3709314b.7a93486e.8dc9b26c.f4772d70`ATTR`Host_1`Host`MON::Set [Host]`Aspect=xADLCoreAspect&Position=42.49`53c8e4c.6bec48b1.8f5efd8e.55e34f54`Architecture`MON::Model [Architecture]`receiveEnergyCost=18.000000&receiveEnergyOverhead=48.000000&transmitEnergyCost=50.000000&transmitEnergyOverhead=45.000000````````````, ,
20140325_1605_25, Design, CoWare XTEAM Client, participant_1, 18, X`3709314b.7a93486e.8dc9b26c.f4772d70`ATTR`Host_1`Host`MON::Set [Host]`Aspect=xADLCoreAspect&Position=42.49`53c8e4c.6bec48b1.8f5efd8e.55e34f54`Architecture`MON::Model [Architecture]`receiveEnergyCost=65.000000&receiveEnergyOverhead=240.000000&transmitEnergyCost=50.000000&transmitEnergyOverhead=200.000000````````````, ,
20140325_1605_23, Design, CoWare XTEAM Client, participant_1, 17, X`3709314b.7a93486e.8dc9b26c.f4772d70`ATTR`Host_1`Host`MON::Set [Host]`Aspect=xADLCoreAspect&Position=42.49`53c8e4c.6bec48b1.8f5efd8e.55e34f54`Architecture`MON::Model [Architecture]`receiveEnergyCost=65.000000&receiveEnergyOverhead=48.000000&transmitEnergyCost=50.000000&transmitEnergyOverhead=200.000000````````````, ,
20140325_1605_21, Design, CoWare XTEAM Client, participant_1, 16, X`3709314b.7a93486e.8dc9b26c.f4772d70`ATTR`Host_1`Host`MON::Set [Host]`Aspect=xADLCoreAspect&Position=42.49`53c8e4c.6bec48b1.8f5efd8e.55e34f54`Architecture`MON::Model [Architecture]`receiveEnergyCost=18.000000&receiveEnergyOverhead=48.000000&transmitEnergyCost=50.000000&transmitEnergyOverhead=200.000000````````````, ,
20140325_1605_26, Notification, XTEAM Engine, MRSV, 14, Simulation execution beginning, ,
20140325_1605_35, Notification, XTEAM Engine, MRSV, 15, Simulation execution beginning, ,
20140325_1605_35, Notification, XTEAM Engine, MRSV, 7, Simulation execution completion, ,
20140325_1605_35, XTEAM, XTEAM Engine, MRSV, , ,
20140325_1605_35, XTEAM, XTEAM Engine, MRSV, , ,
20140325_1605_35, XTEAM, XTEAM Engine, MRSV, , ,
20140325_1605_45, Notification, XTEAM Engine, MRSV, 8, Simulation execution completion, ,
20140325_1605_45, XTEAM, XTEAM Engine, MRSV, , ,
20140325_1605_45, XTEAM, XTEAM Engine, MRSV, , ,
20140325_1605_45, XTEAM, XTEAM Engine, MRSV, , ,
20140325_1605_52, Snapshot, CoWare XTEAM Client, participant_1, 19, ,
20140325_1605_58, Notification, XTEAM Engine, MRSV, 10, Simulation execution completion, ,
20140325_1605_58, XTEAM, XTEAM Engine, MRSV, , ,
20140325_1605_58, XTEAM, XTEAM Engine, MRSV, , ,
20140325_1605_58, XTEAM, XTEAM Engine, MRSV, , ,
20140325_1606_00, Notification, XTEAM Engine, MRSV, 9, Simulation execution completion, ,
20140325_1606_00, XTEAM, XTEAM Engine, MRSV, , ,
20140325_1606_00, XTEAM, XTEAM Engine, MRSV, , ,
20140325_1606_00, XTEAM, XTEAM Engine, MRSV, , ,
20140325_1606_01, Notification, XTEAM Engine, MRSV, 11, Simulation execution completion, ,
20140325_1606_01, XTEAM, XTEAM Engine, MRSV, , ,
20140325_1606_01, XTEAM, XTEAM Engine, MRSV, , ,
20140325_1606_01, XTEAM, XTEAM Engine, MRSV, , ,
20140325_1606_05, Notification, XTEAM Engine, MRSV, 13, Simulation execution completion, ,
20140325_1606_05, XTEAM, XTEAM Engine, MRSV, , ,
20140325_1606_05, XTEAM, XTEAM Engine, MRSV, , ,
20140325_1606_05, XTEAM, XTEAM Engine, MRSV, , ,
20140325_1606_06, Notification, XTEAM Engine, MRSV, 12, Simulation execution completion, ,
20140325_1606_06, XTEAM, XTEAM Engine, MRSV, , ,
20140325_1606_06, XTEAM, XTEAM Engine, MRSV, , ,
20140325_1606_06, XTEAM, XTEAM Engine, MRSV, , ,
20140325_1606_10, Notification, XTEAM Engine, MRSV, 14, Simulation execution completion, ,
20140325_1606_10, XTEAM, XTEAM Engine, MRSV, , ,
20140325_1606_10, XTEAM, XTEAM Engine, MRSV, , ,
20140325_1606_10, XTEAM, XTEAM Engine, MRSV, , ,
20140325_1606_10, Design, CoWare XTEAM Client, participant_0, 1, X`823be07d.a4c04349.bb5bd637.1efca24`ATTR`forward`Task`MON::Model [Task]`Aspect=xADLBehaviorAspect&Position=280.196`64012bb1.f194748.9fe467dc.cb2e84f5`Process`MON::Model [Process]`executionTime=8&memoryUsage=1&taskInstruction=````````````, ,
20140325_1606_11, Notification, XTEAM Engine, MRSV, 16, Simulation execution beginning, ,
20140325_1606_13, Design, CoWare XTEAM Client, participant_0, 2, X`823be07d.a4c04349.bb5bd637.1efca24`ATTR`forward`Task`MON::Model [Task]`Aspect=xADLBehaviorAspect&Position=280.196`64012bb1.f194748.9fe467dc.cb2e84f5`Process`MON::Model [Process]`executionTime=8&memoryUsage=10&taskInstruction=````````````, ,
20140325_1606_13, Notification, XTEAM Engine, MRSV, 15, Simulation execution completion, ,
20140325_1606_13, XTEAM, XTEAM Engine, MRSV, , ,
20140325_1606_13, XTEAM, XTEAM Engine, MRSV, , ,
20140325_1606_13, XTEAM, XTEAM Engine, MRSV, , ,
20140325_1606_15, Notification, XTEAM Engine, MRSV, 17, Simulation execution beginning, ,
20140325_1606_41, Notification, XTEAM Engine, MRSV, 16, Simulation execution completion, ,
20140325_1606_41, XTEAM, XTEAM Engine, MRSV, , ,
20140325_1606_41, XTEAM, XTEAM Engine, MRSV, , ,
20140325_1606_41, XTEAM, XTEAM Engine, MRSV, , ,
20140325_1606_44, Notification, XTEAM Engine, MRSV, 17, Simulation execution completion, ,
20140325_1606_44, XTEAM, XTEAM Engine, MRSV, , ,
20140325_1606_44, XTEAM, XTEAM Engine, MRSV, , ,
20140325_1606_44, XTEAM, XTEAM Engine, MRSV, , ,
20140325_1606_47, Design, CoWare XTEAM Client, participant_0, 3, X`823be07d.a4c04349.bb5bd637.1efca24`ATTR`forward`Task`MON::Model [Task]`Aspect=xADLBehaviorAspect&Position=280.196`64012bb1.f194748.9fe467dc.cb2e84f5`Process`MON::Model [Process]`executionTime=0&memoryUsage=10&taskInstruction=````````````, ,
20140325_1606_48, Notification, XTEAM Engine, MRSV, 18, Simulation execution beginning, ,
20140325_1606_50, Design, CoWare XTEAM Client, participant_0, 4, X`823be07d.a4c04349.bb5bd637.1efca24`ATTR`forward`Task`MON::Model [Task]`Aspect=xADLBehaviorAspect&Position=280.196`64012bb1.f194748.9fe467dc.cb2e84f5`Process`MON::Model [Process]`executionTime=0&memoryUsage=1&taskInstruction=````````````, ,
20140325_1606_51, Notification, XTEAM Engine, MRSV, 19, Simulation execution beginning, ,
20140325_1607_00, Design, CoWare XTEAM Client, participant_0, 5, X`d74a2c65.e78b436f.bb8c4d69.c6c262cf`ATTR`forward`Task`MON::Model [Task]`Aspect=xADLBehaviorAspect&Position=280.196`b0656a82.f464e5e.80ba3243.d6b28879`Process`MON::Model [Process]`executionTime=8&memoryUsage=1&taskInstruction=````````````, ,
20140325_1607_01, Notification, XTEAM Engine, MRSV, 20, Simulation execution beginning, ,
20140325_1607_02, Design, CoWare XTEAM Client, participant_0, 6, X`d74a2c65.e78b436f.bb8c4d69.c6c262cf`ATTR`forward`Task`MON::Model [Task]`Aspect=xADLBehaviorAspect&Position=280.196`b0656a82.f464e5e.80ba3243.d6b28879`Process`MON::Model [Process]`executionTime=8&memoryUsage=10&taskInstruction=````````````, ,
20140325_1607_03, Notification, XTEAM Engine, MRSV, 21, Simulation execution beginning, ,
20140325_1607_16, Notification, XTEAM Engine, MRSV, 19, Simulation execution completion, ,
20140325_1607_16, XTEAM, XTEAM Engine, MRSV, , ,
20140325_1607_16, XTEAM, XTEAM Engine, MRSV, , ,
20140325_1607_16, XTEAM, XTEAM Engine, MRSV, , ,
20140325_1607_17, Notification, XTEAM Engine, MRSV, 18, Simulation execution completion, ,
20140325_1607_17, XTEAM, XTEAM Engine, MRSV, , ,
20140325_1607_17, XTEAM, XTEAM Engine, MRSV, , ,
20140325_1607_17, XTEAM, XTEAM Engine, MRSV, , ,
20140325_1607_23, Notification, XTEAM Engine, MRSV, 20, Simulation execution completion, ,
20140325_1607_23, XTEAM, XTEAM Engine, MRSV, , ,
20140325_1607_23, XTEAM, XTEAM Engine, MRSV, , ,
20140325_1607_23, XTEAM, XTEAM Engine, MRSV, , ,
20140325_1607_28, Notification, XTEAM Engine, MRSV, 21, Simulation execution completion, ,
20140325_1607_28, XTEAM, XTEAM Engine, MRSV, , ,
20140325_1607_28, XTEAM, XTEAM Engine, MRSV, , ,
20140325_1607_28, XTEAM, XTEAM Engine, MRSV, , ,
20140325_1607_48, Snapshot, CoWare XTEAM Client, participant_1, 20, ,
20140325_1607_55, Design, CoWare XTEAM Client, participant_0, 7, X`cc6f3a99.39734696.be3c4499.34632100`ATTR`Host_Salinity`Host`MON::Set [Host]`Aspect=xADLCoreAspect&Position=966.763`53c8e4c.6bec48b1.8f5efd8e.55e34f54`Architecture`MON::Model [Architecture]`receiveEnergyCost=13.000000&receiveEnergyOverhead=45.000000&transmitEnergyCost=12.000000&transmitEnergyOverhead=40.000000````````````, ,
20140325_1607_56, Notification, XTEAM Engine, MRSV, 22, Simulation execution beginning, ,
20140325_1607_58, Design, CoWare XTEAM Client, participant_0, 8, X`cc6f3a99.39734696.be3c4499.34632100`ATTR`Host_Salinity`Host`MON::Set [Host]`Aspect=xADLCoreAspect&Position=966.763`53c8e4c.6bec48b1.8f5efd8e.55e34f54`Architecture`MON::Model [Architecture]`receiveEnergyCost=20.000000&receiveEnergyOverhead=45.000000&transmitEnergyCost=12.000000&transmitEnergyOverhead=40.000000````````````, ,
20140325_1607_59, Notification, XTEAM Engine, MRSV, 23, Simulation execution beginning, ,
20140325_1608_02, Design, CoWare XTEAM Client, participant_0, 9, X`cc6f3a99.39734696.be3c4499.34632100`ATTR`Host_Salinity`Host`MON::Set [Host]`Aspect=xADLCoreAspect&Position=966.763`53c8e4c.6bec48b1.8f5efd8e.55e34f54`Architecture`MON::Model [Architecture]`receiveEnergyCost=20.000000&receiveEnergyOverhead=70.000000&transmitEnergyCost=12.000000&transmitEnergyOverhead=40.000000````````````, ,
20140325_1608_03, Notification, XTEAM Engine, MRSV, 24, Simulation execution beginning, ,
20140325_1608_26, Notification, XTEAM Engine, MRSV, 23, Simulation execution completion, ,
20140325_1608_26, XTEAM, XTEAM Engine, MRSV, , ,
20140325_1608_26, XTEAM, XTEAM Engine, MRSV, , ,
20140325_1608_26, XTEAM, XTEAM Engine, MRSV, , ,
20140325_1608_31, Notification, XTEAM Engine, MRSV, 22, Simulation execution completion, ,
20140325_1608_32, XTEAM, XTEAM Engine, MRSV, , ,
20140325_1608_32, XTEAM, XTEAM Engine, MRSV, , ,
20140325_1608_32, XTEAM, XTEAM Engine, MRSV, , ,
20140325_1608_32, Notification, XTEAM Engine, MRSV, 24, Simulation execution completion, ,
20140325_1608_32, XTEAM, XTEAM Engine, MRSV, , ,
20140325_1608_32, XTEAM, XTEAM Engine, MRSV, , ,
20140325_1608_32, XTEAM, XTEAM Engine, MRSV, , ,
20140325_1609_01, Design, CoWare XTEAM Client, participant_0, 10, X`f603f85b.e43844a4.b3627b58.f951dcdf`ATTR`Host_Temp`Host`MON::Set [Host]`Aspect=xADLCoreAspect&Position=1106.763`53c8e4c.6bec48b1.8f5efd8e.55e34f54`Architecture`MON::Model [Architecture]`receiveEnergyCost=13.000000&receiveEnergyOverhead=45.000000&transmitEnergyCost=12.000000&transmitEnergyOverhead=40.000000````````````, ,
20140325_1609_02, Notification, XTEAM Engine, MRSV, 25, Simulation execution beginning, ,
20140325_1609_04, Design, CoWare XTEAM Client, participant_0, 11, X`f603f85b.e43844a4.b3627b58.f951dcdf`ATTR`Host_Temp`Host`MON::Set [Host]`Aspect=xADLCoreAspect&Position=1106.763`53c8e4c.6bec48b1.8f5efd8e.55e34f54`Architecture`MON::Model [Architecture]`receiveEnergyCost=20.000000&receiveEnergyOverhead=45.000000&transmitEnergyCost=12.000000&transmitEnergyOverhead=40.000000````````````, ,
20140325_1609_05, Notification, XTEAM Engine, MRSV, 26, Simulation execution beginning, ,
20140325_1609_13, Design, CoWare XTEAM Client, participant_0, 12, X`f603f85b.e43844a4.b3627b58.f951dcdf`ATTR`Host_Temp`Host`MON::Set [Host]`Aspect=xADLCoreAspect&Position=1106.763`53c8e4c.6bec48b1.8f5efd8e.55e34f54`Architecture`MON::Model [Architecture]`receiveEnergyCost=20.000000&receiveEnergyOverhead=70.000000&transmitEnergyCost=12.000000&transmitEnergyOverhead=40.000000````````````, ,
20140325_1609_18, Notification, XTEAM Engine, MRSV, 27, Simulation execution beginning, ,
20140325_1609_29, Snapshot, CoWare XTEAM Client, participant_0, 13, ,
20140325_1609_30, Snapshot, CoWare XTEAM Client, participant_0, 14, ,
20140325_1609_34, Notification, XTEAM Engine, MRSV, 25, Simulation execution completion, ,
20140325_1609_34, XTEAM, XTEAM Engine, MRSV, , ,
20140325_1609_34, XTEAM, XTEAM Engine, MRSV, , ,
20140325_1609_34, XTEAM, XTEAM Engine, MRSV, , ,
20140325_1609_39, Notification, XTEAM Engine, MRSV, 26, Simulation execution completion, ,
20140325_1609_39, XTEAM, XTEAM Engine, MRSV, , ,
20140325_1609_39, XTEAM, XTEAM Engine, MRSV, , ,
20140325_1609_39, XTEAM, XTEAM Engine, MRSV, , ,
20140325_1609_46, Notification, XTEAM Engine, MRSV, 27, Simulation execution completion, ,
20140325_1609_46, XTEAM, XTEAM Engine, MRSV, , ,
20140325_1609_46, XTEAM, XTEAM Engine, MRSV, , ,
20140325_1609_46, XTEAM, XTEAM Engine, MRSV, , ,
20140325_1610_00, Snapshot, CoWare XTEAM Client, participant_0, 15, ,
20140325_1610_01, Snapshot, CoWare XTEAM Client, participant_0, 16, ,
20140325_1611_19, Design, CoWare XTEAM Client, participant_0, 17, X`d74a2c65.e78b436f.bb8c4d69.c6c262cf`ATTR`forward`Task`MON::Model [Task]`Aspect=xADLBehaviorAspect&Position=280.196`b0656a82.f464e5e.80ba3243.d6b28879`Process`MON::Model [Process]`executionTime=0&memoryUsage=10&taskInstruction=````````````, ,
20140325_1611_20, Notification, XTEAM Engine, MRSV, 28, Simulation execution beginning, ,
20140325_1611_30, Design, CoWare XTEAM Client, participant_0, 18, X`cc6f3a99.39734696.be3c4499.34632100`ATTR`Host_Salinity`Host`MON::Set [Host]`Aspect=xADLCoreAspect&Position=966.763`53c8e4c.6bec48b1.8f5efd8e.55e34f54`Architecture`MON::Model [Architecture]`receiveEnergyCost=20.000000&receiveEnergyOverhead=70.000000&transmitEnergyCost=11.000000&transmitEnergyOverhead=40.000000````````````, ,
20140325_1611_31, Notification, XTEAM Engine, MRSV, 29, Simulation execution beginning, ,
20140325_1611_33, Design, CoWare XTEAM Client, participant_0, 19, X`cc6f3a99.39734696.be3c4499.34632100`ATTR`Host_Salinity`Host`MON::Set [Host]`Aspect=xADLCoreAspect&Position=966.763`53c8e4c.6bec48b1.8f5efd8e.55e34f54`Architecture`MON::Model [Architecture]`receiveEnergyCost=13.000000&receiveEnergyOverhead=70.000000&transmitEnergyCost=11.000000&transmitEnergyOverhead=40.000000````````````, ,
20140325_1611_34, Notification, XTEAM Engine, MRSV, 30, Simulation execution beginning, ,
20140325_1611_35, Design, CoWare XTEAM Client, participant_0, 20, X`cc6f3a99.39734696.be3c4499.34632100`ATTR`Host_Salinity`Host`MON::Set [Host]`Aspect=xADLCoreAspect&Position=966.763`53c8e4c.6bec48b1.8f5efd8e.55e34f54`Architecture`MON::Model [Architecture]`receiveEnergyCost=13.000000&receiveEnergyOverhead=45.000000&transmitEnergyCost=11.000000&transmitEnergyOverhead=40.000000````````````, ,
20140325_1611_36, Notification, XTEAM Engine, MRSV, 31, Simulation execution beginning, ,
20140325_1611_49, Notification, XTEAM Engine, MRSV, 28, Simulation execution completion, ,
20140325_1611_49, XTEAM, XTEAM Engine, MRSV, , ,
20140325_1611_49, XTEAM, XTEAM Engine, MRSV, , ,
20140325_1611_49, XTEAM, XTEAM Engine, MRSV, , ,
20140325_1611_52, Snapshot, CoWare XTEAM Client, participant_0, 21, ,
20140325_1611_53, Snapshot, CoWare XTEAM Client, participant_0, 22, ,
20140325_1611_53, Snapshot, CoWare XTEAM Client, participant_0, 23, ,
20140325_1611_58, Notification, XTEAM Engine, MRSV, 29, Simulation execution completion, ,
20140325_1611_58, XTEAM, XTEAM Engine, MRSV, , ,
20140325_1611_58, XTEAM, XTEAM Engine, MRSV, , ,
20140325_1611_58, XTEAM, XTEAM Engine, MRSV, , ,
20140325_1612_01, Notification, XTEAM Engine, MRSV, 31, Simulation execution completion, ,
20140325_1612_01, XTEAM, XTEAM Engine, MRSV, , ,
20140325_1612_01, XTEAM, XTEAM Engine, MRSV, , ,
20140325_1612_01, XTEAM, XTEAM Engine, MRSV, , ,
20140325_1612_04, Notification, XTEAM Engine, MRSV, 30, Simulation execution completion, ,
20140325_1612_04, XTEAM, XTEAM Engine, MRSV, , ,
20140325_1612_04, XTEAM, XTEAM Engine, MRSV, , ,
20140325_1612_04, XTEAM, XTEAM Engine, MRSV, , ,
20140325_1612_19, Snapshot, CoWare XTEAM Client, participant_0, 24, ,
20140325_1612_19, Snapshot, CoWare XTEAM Client, participant_0, 25, ,
20140325_1614_05, Design, CoWare XTEAM Client, participant_0, 26, X`ecf5e7fb.34344ab0.8682f5bd.53849453`ATTR`forward`Task`MON::Model [Task]`Aspect=xADLBehaviorAspect&Position=280.196`f45445ab.d6a34b1a.8c0dd95e.faa85ceb`Process`MON::Model [Process]`executionTime=8&memoryUsage=1&taskInstruction=````````````, ,
20140325_1614_06, Notification, XTEAM Engine, MRSV, 32, Simulation execution beginning, ,
20140325_1614_07, Design, CoWare XTEAM Client, participant_0, 27, X`ecf5e7fb.34344ab0.8682f5bd.53849453`ATTR`forward`Task`MON::Model [Task]`Aspect=xADLBehaviorAspect&Position=280.196`f45445ab.d6a34b1a.8c0dd95e.faa85ceb`Process`MON::Model [Process]`executionTime=8&memoryUsage=10&taskInstruction=````````````, ,
20140325_1614_08, Notification, XTEAM Engine, MRSV, 33, Simulation execution beginning, ,
20140325_1614_25, Snapshot, CoWare XTEAM Client, participant_0, 28, ,
20140325_1614_25, Snapshot, CoWare XTEAM Client, participant_0, 29, ,
20140325_1614_26, Snapshot, CoWare XTEAM Client, participant_0, 30, ,
20140325_1614_37, Notification, XTEAM Engine, MRSV, 33, Simulation execution completion, ,
20140325_1614_37, XTEAM, XTEAM Engine, MRSV, , ,
20140325_1614_37, XTEAM, XTEAM Engine, MRSV, , ,
20140325_1614_37, XTEAM, XTEAM Engine, MRSV, , ,
20140325_1614_38, Notification, XTEAM Engine, MRSV, 32, Simulation execution completion, ,
20140325_1614_38, XTEAM, XTEAM Engine, MRSV, , ,
20140325_1614_38, XTEAM, XTEAM Engine, MRSV, , ,
20140325_1614_38, XTEAM, XTEAM Engine, MRSV, , ,
20140325_1615_19, Snapshot, CoWare XTEAM Client, participant_0, 31, ,
20140325_1633_40, Design, CoWare XTEAM Client, participant_0, 32, X`d74a2c65.e78b436f.bb8c4d69.c6c262cf`ATTR`forward`Task`MON::Model [Task]`Aspect=xADLBehaviorAspect&Position=280.196`b0656a82.f464e5e.80ba3243.d6b28879`Process`MON::Model [Process]`executionTime=8&memoryUsage=10&taskInstruction=````````````, ,
20140325_1633_41, Notification, XTEAM Engine, MRSV, 34, Simulation execution beginning, ,
20140325_1634_02, Notification, XTEAM Engine, MRSV, 34, Simulation execution completion, ,
20140325_1634_02, XTEAM, XTEAM Engine, MRSV, , ,
20140325_1634_02, XTEAM, XTEAM Engine, MRSV, , ,
20140325_1634_02, XTEAM, XTEAM Engine, MRSV, , ,
