TIME, Event name, OriginComponent, SenderUsername, EventID, ,
20140329_1024_34, Snapshot, CoWare XTEAM Client, participant_1, 11, ,
20140329_1024_35, Snapshot, CoWare XTEAM Client, participant_1, 12, ,
20140329_1025_37, Snapshot, CoWare XTEAM Client, participant_0, 19, ,
20140329_1026_34, Snapshot, CoWare XTEAM Client, participant_1, 13, ,
20140329_1026_45, Snapshot, CoWare XTEAM Client, participant_1, 14, ,
20140329_1026_56, Snapshot, CoWare XTEAM Client, participant_1, 15, ,
20140329_1031_59, Snapshot, CoWare XTEAM Client, participant_1, 16, ,
20140329_1032_00, Snapshot, CoWare XTEAM Client, participant_1, 17, ,
20140329_1035_56, Snapshot, CoWare XTEAM Client, participant_0, 22, ,
20140329_1035_57, Snapshot, CoWare XTEAM Client, participant_0, 23, ,
20140329_1037_24, Snapshot, CoWare XTEAM Client, participant_1, 18, ,
20140329_1041_31, Snapshot, CoWare XTEAM Client, participant_0, 35, ,
20140329_1043_50, Snapshot, CoWare XTEAM Client, participant_0, 36, ,
20140329_1045_36, Snapshot, CoWare XTEAM Client, participant_1, 20, ,
20140329_1045_39, Snapshot, CoWare XTEAM Client, participant_1, 21, ,
