TIME, Event name, OriginComponent, SenderUsername, EventID, Value, ,
20140329_1014_41, Login, XTEAM Engine, MRSV, , ,
20140329_1015_15, Login, CoWare XTEAM Client, participant_0, , ,
20140329_1015_28, Login, CoWare XTEAM Client, participant_1, , ,
20140329_1016_18, Design, CoWare XTEAM Client, participant_0, 1, X`e55df4ad.b7b04257.9e120182.ced0a272`ATTR`generate`Task`MON::Model [Task]`Aspect=xADLBehaviorAspect&Position=189.196`6de1d551.703f4069.85034d03.9388b013`Process`MON::Model [Process]`executionTime=5&memoryUsage=3&taskInstruction=nextRequest = new Request;|nextRequest->getRequestKind().value() = "Temperature";````````````, ,
20140329_1016_19, Notification, XTEAM Engine, MRSV, 1, Simulation execution beginning, ,
20140329_1016_26, Design, CoWare XTEAM Client, participant_0, 2, X`e55df4ad.b7b04257.9e120182.ced0a272`ATTR`generate`Task`MON::Model [Task]`Aspect=xADLBehaviorAspect&Position=189.196`6de1d551.703f4069.85034d03.9388b013`Process`MON::Model [Process]`executionTime=5&memoryUsage=250&taskInstruction=nextRequest = new Request;|nextRequest->getRequestKind().value() = "Temperature";````````````, ,
20140329_1016_29, Notification, XTEAM Engine, MRSV, 2, Simulation execution beginning, ,
20140329_1016_33, Design, CoWare XTEAM Client, participant_1, 1, X`d74a2c65.e78b436f.bb8c4d69.c6c262cf`ATTR`forward`Task`MON::Model [Task]`Aspect=xADLBehaviorAspect&Position=280.196`b0656a82.f464e5e.80ba3243.d6b28879`Process`MON::Model [Process]`executionTime=8&memoryUsage=1&taskInstruction=````````````, ,
20140329_1016_34, Notification, XTEAM Engine, MRSV, 3, Simulation execution beginning, ,
20140329_1016_44, Design, CoWare XTEAM Client, participant_0, 3, X`38aa871.eb549bc.aabb5f5f.9a0c5f7d`ATTR`generate`Task`MON::Model [Task]`Aspect=xADLBehaviorAspect&Position=189.196`9f0c917a.d5e346fb.857fc403.69d41261`Process`MON::Model [Process]`executionTime=5&memoryUsage=3&taskInstruction=nextRequest = new Request;|nextRequest->getRequestKind().value() = "Temperature";````````````, ,
20140329_1016_46, Notification, XTEAM Engine, MRSV, 4, Simulation execution beginning, ,
20140329_1016_50, Design, CoWare XTEAM Client, participant_1, 2, X`d74a2c65.e78b436f.bb8c4d69.c6c262cf`ATTR`forward`Task`MON::Model [Task]`Aspect=xADLBehaviorAspect&Position=280.196`b0656a82.f464e5e.80ba3243.d6b28879`Process`MON::Model [Process]`executionTime=8&memoryUsage=10&taskInstruction=````````````, ,
20140329_1016_51, XTEAM, XTEAM Engine, MRSV, , ,
20140329_1016_51, XTEAM, XTEAM Engine, MRSV, , ,
20140329_1016_51, XTEAM, XTEAM Engine, MRSV, , ,
20140329_1016_51, Notification, XTEAM Engine, MRSV, 1, Simulation execution completion, ,
20140329_1016_51, Design, CoWare XTEAM Client, participant_0, 4, X`38aa871.eb549bc.aabb5f5f.9a0c5f7d`ATTR`generate`Task`MON::Model [Task]`Aspect=xADLBehaviorAspect&Position=189.196`9f0c917a.d5e346fb.857fc403.69d41261`Process`MON::Model [Process]`executionTime=5&memoryUsage=250&taskInstruction=nextRequest = new Request;|nextRequest->getRequestKind().value() = "Temperature";````````````, ,
20140329_1016_52, Notification, XTEAM Engine, MRSV, 5, Simulation execution beginning, ,
20140329_1016_56, Notification, XTEAM Engine, MRSV, 6, Simulation execution beginning, ,
20140329_1017_01, Notification, XTEAM Engine, MRSV, 2, Simulation execution completion, ,
20140329_1017_01, XTEAM, XTEAM Engine, MRSV, , ,
20140329_1017_01, XTEAM, XTEAM Engine, MRSV, , ,
20140329_1017_01, XTEAM, XTEAM Engine, MRSV, , ,
20140329_1017_05, Notification, XTEAM Engine, MRSV, 3, Simulation execution completion, ,
20140329_1017_05, XTEAM, XTEAM Engine, MRSV, , ,
20140329_1017_05, XTEAM, XTEAM Engine, MRSV, , ,
20140329_1017_05, XTEAM, XTEAM Engine, MRSV, , ,
20140329_1017_13, Notification, XTEAM Engine, MRSV, 4, Simulation execution completion, ,
20140329_1017_13, XTEAM, XTEAM Engine, MRSV, , ,
20140329_1017_13, XTEAM, XTEAM Engine, MRSV, , ,
20140329_1017_13, XTEAM, XTEAM Engine, MRSV, , ,
20140329_1017_14, Design, CoWare XTEAM Client, participant_0, 5, X`2442e05e.7e534432.a652495a.4a8032a9`ATTR`generate`Task`MON::Model [Task]`Aspect=xADLBehaviorAspect&Position=189.196`ee842d2c.6fbd409b.b93189f8.bce88a2b`Process`MON::Model [Process]`executionTime=5&memoryUsage=3&taskInstruction=nextRequest = new Request;|nextRequest->getRequestKind().value() = "Temperature";````````````, ,
20140329_1017_15, Notification, XTEAM Engine, MRSV, 7, Simulation execution beginning, ,
20140329_1017_17, Notification, XTEAM Engine, MRSV, 5, Simulation execution completion, ,
20140329_1017_17, XTEAM, XTEAM Engine, MRSV, , ,
20140329_1017_17, XTEAM, XTEAM Engine, MRSV, , ,
20140329_1017_17, XTEAM, XTEAM Engine, MRSV, , ,
20140329_1017_18, Notification, XTEAM Engine, MRSV, 6, Simulation execution completion, ,
20140329_1017_18, XTEAM, XTEAM Engine, MRSV, , ,
20140329_1017_18, XTEAM, XTEAM Engine, MRSV, , ,
20140329_1017_18, XTEAM, XTEAM Engine, MRSV, , ,
20140329_1017_19, Design, CoWare XTEAM Client, participant_0, 6, X`2442e05e.7e534432.a652495a.4a8032a9`ATTR`generate`Task`MON::Model [Task]`Aspect=xADLBehaviorAspect&Position=189.196`ee842d2c.6fbd409b.b93189f8.bce88a2b`Process`MON::Model [Process]`executionTime=5&memoryUsage=250&taskInstruction=nextRequest = new Request;|nextRequest->getRequestKind().value() = "Temperature";````````````, ,
20140329_1017_20, Notification, XTEAM Engine, MRSV, 8, Simulation execution beginning, ,
20140329_1017_39, Notification, XTEAM Engine, MRSV, 7, Simulation execution completion, ,
20140329_1017_39, XTEAM, XTEAM Engine, MRSV, , ,
20140329_1017_39, XTEAM, XTEAM Engine, MRSV, , ,
20140329_1017_39, XTEAM, XTEAM Engine, MRSV, , ,
20140329_1017_45, Design, CoWare XTEAM Client, participant_0, 7, X`3709314b.7a93486e.8dc9b26c.f4772d70`ATTR`Host_1`Host`MON::Set [Host]`Aspect=xADLCoreAspect&Position=42.49`53c8e4c.6bec48b1.8f5efd8e.55e34f54`Architecture`MON::Model [Architecture]`receiveEnergyCost=18.000000&receiveEnergyOverhead=48.000000&transmitEnergyCost=50.000000&transmitEnergyOverhead=45.000000````````````, ,
20140329_1017_49, Notification, XTEAM Engine, MRSV, 9, Simulation execution beginning, ,
20140329_1017_49, Notification, XTEAM Engine, MRSV, 8, Simulation execution completion, ,
20140329_1017_49, XTEAM, XTEAM Engine, MRSV, , ,
20140329_1017_49, XTEAM, XTEAM Engine, MRSV, , ,
20140329_1017_49, XTEAM, XTEAM Engine, MRSV, , ,
20140329_1017_50, Design, CoWare XTEAM Client, participant_0, 8, X`3709314b.7a93486e.8dc9b26c.f4772d70`ATTR`Host_1`Host`MON::Set [Host]`Aspect=xADLCoreAspect&Position=42.49`53c8e4c.6bec48b1.8f5efd8e.55e34f54`Architecture`MON::Model [Architecture]`receiveEnergyCost=18.000000&receiveEnergyOverhead=48.000000&transmitEnergyCost=50.000000&transmitEnergyOverhead=200.000000````````````, ,
20140329_1017_51, Notification, XTEAM Engine, MRSV, 10, Simulation execution beginning, ,
20140329_1017_57, Design, CoWare XTEAM Client, participant_0, 9, X`3709314b.7a93486e.8dc9b26c.f4772d70`ATTR`Host_1`Host`MON::Set [Host]`Aspect=xADLCoreAspect&Position=42.49`53c8e4c.6bec48b1.8f5efd8e.55e34f54`Architecture`MON::Model [Architecture]`receiveEnergyCost=65.000000&receiveEnergyOverhead=48.000000&transmitEnergyCost=50.000000&transmitEnergyOverhead=200.000000````````````, ,
20140329_1017_59, Notification, XTEAM Engine, MRSV, 11, Simulation execution beginning, ,
20140329_1018_07, Design, CoWare XTEAM Client, participant_0, 10, X`3709314b.7a93486e.8dc9b26c.f4772d70`ATTR`Host_1`Host`MON::Set [Host]`Aspect=xADLCoreAspect&Position=42.49`53c8e4c.6bec48b1.8f5efd8e.55e34f54`Architecture`MON::Model [Architecture]`receiveEnergyCost=65.000000&receiveEnergyOverhead=240.000000&transmitEnergyCost=50.000000&transmitEnergyOverhead=200.000000````````````, ,
20140329_1018_08, Notification, XTEAM Engine, MRSV, 12, Simulation execution beginning, ,
20140329_1018_12, Design, CoWare XTEAM Client, participant_0, 11, X`1d380676.204a4521.b3bb7c52.2bae3451`ATTR`Host_2`Host`MON::Set [Host]`Aspect=xADLCoreAspect&Position=42.350`53c8e4c.6bec48b1.8f5efd8e.55e34f54`Architecture`MON::Model [Architecture]`receiveEnergyCost=18.000000&receiveEnergyOverhead=48.000000&transmitEnergyCost=50.000000&transmitEnergyOverhead=45.000000````````````, ,
20140329_1018_13, Notification, XTEAM Engine, MRSV, 13, Simulation execution beginning, ,
20140329_1018_15, Design, CoWare XTEAM Client, participant_0, 12, X`1d380676.204a4521.b3bb7c52.2bae3451`ATTR`Host_2`Host`MON::Set [Host]`Aspect=xADLCoreAspect&Position=42.350`53c8e4c.6bec48b1.8f5efd8e.55e34f54`Architecture`MON::Model [Architecture]`receiveEnergyCost=18.000000&receiveEnergyOverhead=48.000000&transmitEnergyCost=50.000000&transmitEnergyOverhead=200.000000````````````, ,
20140329_1018_16, Notification, XTEAM Engine, MRSV, 14, Simulation execution beginning, ,
20140329_1018_16, Notification, XTEAM Engine, MRSV, 9, Simulation execution completion, ,
20140329_1018_16, XTEAM, XTEAM Engine, MRSV, , ,
20140329_1018_16, XTEAM, XTEAM Engine, MRSV, , ,
20140329_1018_16, XTEAM, XTEAM Engine, MRSV, , ,
20140329_1018_20, Design, CoWare XTEAM Client, participant_0, 13, X`1d380676.204a4521.b3bb7c52.2bae3451`ATTR`Host_2`Host`MON::Set [Host]`Aspect=xADLCoreAspect&Position=42.350`53c8e4c.6bec48b1.8f5efd8e.55e34f54`Architecture`MON::Model [Architecture]`receiveEnergyCost=65.000000&receiveEnergyOverhead=48.000000&transmitEnergyCost=50.000000&transmitEnergyOverhead=200.000000````````````, ,
20140329_1018_20, Notification, XTEAM Engine, MRSV, 10, Simulation execution completion, ,
20140329_1018_20, XTEAM, XTEAM Engine, MRSV, , ,
20140329_1018_20, XTEAM, XTEAM Engine, MRSV, , ,
20140329_1018_20, XTEAM, XTEAM Engine, MRSV, , ,
20140329_1018_22, Notification, XTEAM Engine, MRSV, 15, Simulation execution beginning, ,
20140329_1018_24, Design, CoWare XTEAM Client, participant_0, 14, X`1d380676.204a4521.b3bb7c52.2bae3451`ATTR`Host_2`Host`MON::Set [Host]`Aspect=xADLCoreAspect&Position=42.350`53c8e4c.6bec48b1.8f5efd8e.55e34f54`Architecture`MON::Model [Architecture]`receiveEnergyCost=65.000000&receiveEnergyOverhead=240.000000&transmitEnergyCost=50.000000&transmitEnergyOverhead=200.000000````````````, ,
20140329_1018_24, Notification, XTEAM Engine, MRSV, 11, Simulation execution completion, ,
20140329_1018_24, XTEAM, XTEAM Engine, MRSV, , ,
20140329_1018_24, XTEAM, XTEAM Engine, MRSV, , ,
20140329_1018_24, XTEAM, XTEAM Engine, MRSV, , ,
20140329_1018_26, Notification, XTEAM Engine, MRSV, 16, Simulation execution beginning, ,
20140329_1018_32, Design, CoWare XTEAM Client, participant_0, 15, X`6f385993.f08a4164.b815faa2.88dc52fb`ATTR`Host_3`Host`MON::Set [Host]`Aspect=xADLCoreAspect&Position=42.630`53c8e4c.6bec48b1.8f5efd8e.55e34f54`Architecture`MON::Model [Architecture]`receiveEnergyCost=18.000000&receiveEnergyOverhead=48.000000&transmitEnergyCost=50.000000&transmitEnergyOverhead=45.000000````````````, ,
20140329_1018_32, Notification, XTEAM Engine, MRSV, 12, Simulation execution completion, ,
20140329_1018_33, XTEAM, XTEAM Engine, MRSV, , ,
20140329_1018_33, XTEAM, XTEAM Engine, MRSV, , ,
20140329_1018_33, XTEAM, XTEAM Engine, MRSV, , ,
20140329_1018_33, Design, CoWare XTEAM Client, participant_0, 16, X`6f385993.f08a4164.b815faa2.88dc52fb`ATTR`Host_3`Host`MON::Set [Host]`Aspect=xADLCoreAspect&Position=42.630`53c8e4c.6bec48b1.8f5efd8e.55e34f54`Architecture`MON::Model [Architecture]`receiveEnergyCost=18.000000&receiveEnergyOverhead=48.000000&transmitEnergyCost=50.000000&transmitEnergyOverhead=200.000000````````````, ,
20140329_1018_33, Notification, XTEAM Engine, MRSV, 17, Simulation execution beginning, ,
20140329_1018_35, Notification, XTEAM Engine, MRSV, 18, Simulation execution beginning, ,
20140329_1018_35, Design, CoWare XTEAM Client, participant_0, 17, X`6f385993.f08a4164.b815faa2.88dc52fb`ATTR`Host_3`Host`MON::Set [Host]`Aspect=xADLCoreAspect&Position=42.630`53c8e4c.6bec48b1.8f5efd8e.55e34f54`Architecture`MON::Model [Architecture]`receiveEnergyCost=65.000000&receiveEnergyOverhead=48.000000&transmitEnergyCost=50.000000&transmitEnergyOverhead=200.000000````````````, ,
20140329_1018_40, Notification, XTEAM Engine, MRSV, 19, Simulation execution beginning, ,
20140329_1018_43, Design, CoWare XTEAM Client, participant_0, 18, X`6f385993.f08a4164.b815faa2.88dc52fb`ATTR`Host_3`Host`MON::Set [Host]`Aspect=xADLCoreAspect&Position=42.630`53c8e4c.6bec48b1.8f5efd8e.55e34f54`Architecture`MON::Model [Architecture]`receiveEnergyCost=65.000000&receiveEnergyOverhead=240.000000&transmitEnergyCost=50.000000&transmitEnergyOverhead=200.000000````````````, ,
20140329_1018_45, Notification, XTEAM Engine, MRSV, 20, Simulation execution beginning, ,
20140329_1018_45, Notification, XTEAM Engine, MRSV, 13, Simulation execution completion, ,
20140329_1018_45, XTEAM, XTEAM Engine, MRSV, , ,
20140329_1018_45, XTEAM, XTEAM Engine, MRSV, , ,
20140329_1018_45, XTEAM, XTEAM Engine, MRSV, , ,
20140329_1018_52, Notification, XTEAM Engine, MRSV, 15, Simulation execution completion, ,
20140329_1018_52, XTEAM, XTEAM Engine, MRSV, , ,
20140329_1018_52, XTEAM, XTEAM Engine, MRSV, , ,
20140329_1018_52, XTEAM, XTEAM Engine, MRSV, , ,
20140329_1018_54, Notification, XTEAM Engine, MRSV, 14, Simulation execution completion, ,
20140329_1018_54, XTEAM, XTEAM Engine, MRSV, , ,
20140329_1018_54, XTEAM, XTEAM Engine, MRSV, , ,
20140329_1018_54, XTEAM, XTEAM Engine, MRSV, , ,
20140329_1018_59, Notification, XTEAM Engine, MRSV, 17, Simulation execution completion, ,
20140329_1018_59, XTEAM, XTEAM Engine, MRSV, , ,
20140329_1018_59, XTEAM, XTEAM Engine, MRSV, , ,
20140329_1018_59, XTEAM, XTEAM Engine, MRSV, , ,
20140329_1018_59, Notification, XTEAM Engine, MRSV, 16, Simulation execution completion, ,
20140329_1018_59, XTEAM, XTEAM Engine, MRSV, , ,
20140329_1018_59, XTEAM, XTEAM Engine, MRSV, , ,
20140329_1018_59, XTEAM, XTEAM Engine, MRSV, , ,
20140329_1019_12, Notification, XTEAM Engine, MRSV, 18, Simulation execution completion, ,
20140329_1019_12, XTEAM, XTEAM Engine, MRSV, , ,
20140329_1019_12, XTEAM, XTEAM Engine, MRSV, , ,
20140329_1019_12, XTEAM, XTEAM Engine, MRSV, , ,
20140329_1019_20, Notification, XTEAM Engine, MRSV, 19, Simulation execution completion, ,
20140329_1019_20, XTEAM, XTEAM Engine, MRSV, , ,
20140329_1019_20, XTEAM, XTEAM Engine, MRSV, , ,
20140329_1019_20, XTEAM, XTEAM Engine, MRSV, , ,
20140329_1019_20, Notification, XTEAM Engine, MRSV, 20, Simulation execution completion, ,
20140329_1019_20, XTEAM, XTEAM Engine, MRSV, , ,
20140329_1019_20, XTEAM, XTEAM Engine, MRSV, , ,
20140329_1019_20, XTEAM, XTEAM Engine, MRSV, , ,
20140329_1019_24, Design, CoWare XTEAM Client, participant_1, 3, X`ecf5e7fb.34344ab0.8682f5bd.53849453`ATTR`forward`Task`MON::Model [Task]`Aspect=xADLBehaviorAspect&Position=280.196`f45445ab.d6a34b1a.8c0dd95e.faa85ceb`Process`MON::Model [Process]`executionTime=8&memoryUsage=1&taskInstruction=````````````, ,
20140329_1019_25, Notification, XTEAM Engine, MRSV, 21, Simulation execution beginning, ,
20140329_1019_25, Design, CoWare XTEAM Client, participant_1, 4, X`ecf5e7fb.34344ab0.8682f5bd.53849453`ATTR`forward`Task`MON::Model [Task]`Aspect=xADLBehaviorAspect&Position=280.196`f45445ab.d6a34b1a.8c0dd95e.faa85ceb`Process`MON::Model [Process]`executionTime=8&memoryUsage=10&taskInstruction=````````````, ,
20140329_1019_27, Notification, XTEAM Engine, MRSV, 22, Simulation execution beginning, ,
20140329_1019_49, Design, CoWare XTEAM Client, participant_1, 5, X`f603f85b.e43844a4.b3627b58.f951dcdf`ATTR`Host_Temp`Host`MON::Set [Host]`Aspect=xADLCoreAspect&Position=1106.763`53c8e4c.6bec48b1.8f5efd8e.55e34f54`Architecture`MON::Model [Architecture]`receiveEnergyCost=13.000000&receiveEnergyOverhead=45.000000&transmitEnergyCost=12.000000&transmitEnergyOverhead=40.000000````````````, ,
20140329_1019_50, Notification, XTEAM Engine, MRSV, 23, Simulation execution beginning, ,
20140329_1019_51, Design, CoWare XTEAM Client, participant_1, 6, X`f603f85b.e43844a4.b3627b58.f951dcdf`ATTR`Host_Temp`Host`MON::Set [Host]`Aspect=xADLCoreAspect&Position=1106.763`53c8e4c.6bec48b1.8f5efd8e.55e34f54`Architecture`MON::Model [Architecture]`receiveEnergyCost=20.000000&receiveEnergyOverhead=45.000000&transmitEnergyCost=12.000000&transmitEnergyOverhead=40.000000````````````, ,
20140329_1019_52, Notification, XTEAM Engine, MRSV, 24, Simulation execution beginning, ,
20140329_1019_52, Design, CoWare XTEAM Client, participant_1, 7, X`f603f85b.e43844a4.b3627b58.f951dcdf`ATTR`Host_Temp`Host`MON::Set [Host]`Aspect=xADLCoreAspect&Position=1106.763`53c8e4c.6bec48b1.8f5efd8e.55e34f54`Architecture`MON::Model [Architecture]`receiveEnergyCost=20.000000&receiveEnergyOverhead=70.000000&transmitEnergyCost=12.000000&transmitEnergyOverhead=40.000000````````````, ,
20140329_1019_53, Notification, XTEAM Engine, MRSV, 25, Simulation execution beginning, ,
20140329_1019_58, Design, CoWare XTEAM Client, participant_1, 8, X`cc6f3a99.39734696.be3c4499.34632100`ATTR`Host_Salinity`Host`MON::Set [Host]`Aspect=xADLCoreAspect&Position=966.763`53c8e4c.6bec48b1.8f5efd8e.55e34f54`Architecture`MON::Model [Architecture]`receiveEnergyCost=13.000000&receiveEnergyOverhead=45.000000&transmitEnergyCost=12.000000&transmitEnergyOverhead=40.000000````````````, ,
20140329_1020_00, Design, CoWare XTEAM Client, participant_1, 9, X`cc6f3a99.39734696.be3c4499.34632100`ATTR`Host_Salinity`Host`MON::Set [Host]`Aspect=xADLCoreAspect&Position=966.763`53c8e4c.6bec48b1.8f5efd8e.55e34f54`Architecture`MON::Model [Architecture]`receiveEnergyCost=20.000000&receiveEnergyOverhead=45.000000&transmitEnergyCost=12.000000&transmitEnergyOverhead=40.000000````````````, ,
20140329_1020_03, Design, CoWare XTEAM Client, participant_1, 10, X`cc6f3a99.39734696.be3c4499.34632100`ATTR`Host_Salinity`Host`MON::Set [Host]`Aspect=xADLCoreAspect&Position=966.763`53c8e4c.6bec48b1.8f5efd8e.55e34f54`Architecture`MON::Model [Architecture]`receiveEnergyCost=20.000000&receiveEnergyOverhead=70.000000&transmitEnergyCost=12.000000&transmitEnergyOverhead=40.000000````````````, ,
20140329_1020_06, Notification, XTEAM Engine, MRSV, 26, Simulation execution beginning, ,
20140329_1020_07, Notification, XTEAM Engine, MRSV, 21, Simulation execution completion, ,
20140329_1020_07, XTEAM, XTEAM Engine, MRSV, , ,
20140329_1020_07, XTEAM, XTEAM Engine, MRSV, , ,
20140329_1020_07, XTEAM, XTEAM Engine, MRSV, , ,
20140329_1020_11, Notification, XTEAM Engine, MRSV, 27, Simulation execution beginning, ,
20140329_1020_14, Notification, XTEAM Engine, MRSV, 22, Simulation execution completion, ,
20140329_1020_14, XTEAM, XTEAM Engine, MRSV, , ,
20140329_1020_14, XTEAM, XTEAM Engine, MRSV, , ,
20140329_1020_14, XTEAM, XTEAM Engine, MRSV, , ,
20140329_1020_14, Notification, XTEAM Engine, MRSV, 28, Simulation execution beginning, ,
20140329_1020_28, Notification, XTEAM Engine, MRSV, 23, Simulation execution completion, ,
20140329_1020_28, XTEAM, XTEAM Engine, MRSV, , ,
20140329_1020_28, XTEAM, XTEAM Engine, MRSV, , ,
20140329_1020_28, XTEAM, XTEAM Engine, MRSV, , ,
20140329_1020_30, Notification, XTEAM Engine, MRSV, 24, Simulation execution completion, ,
20140329_1020_30, XTEAM, XTEAM Engine, MRSV, , ,
20140329_1020_30, XTEAM, XTEAM Engine, MRSV, , ,
20140329_1020_30, XTEAM, XTEAM Engine, MRSV, , ,
20140329_1020_32, Notification, XTEAM Engine, MRSV, 25, Simulation execution completion, ,
20140329_1020_32, XTEAM, XTEAM Engine, MRSV, , ,
20140329_1020_32, XTEAM, XTEAM Engine, MRSV, , ,
20140329_1020_32, XTEAM, XTEAM Engine, MRSV, , ,
20140329_1020_34, Notification, XTEAM Engine, MRSV, 26, Simulation execution completion, ,
20140329_1020_34, XTEAM, XTEAM Engine, MRSV, , ,
20140329_1020_34, XTEAM, XTEAM Engine, MRSV, , ,
20140329_1020_34, XTEAM, XTEAM Engine, MRSV, , ,
20140329_1020_38, Notification, XTEAM Engine, MRSV, 27, Simulation execution completion, ,
20140329_1020_38, XTEAM, XTEAM Engine, MRSV, , ,
20140329_1020_38, XTEAM, XTEAM Engine, MRSV, , ,
20140329_1020_38, XTEAM, XTEAM Engine, MRSV, , ,
20140329_1020_38, Notification, XTEAM Engine, MRSV, 28, Simulation execution completion, ,
20140329_1020_38, XTEAM, XTEAM Engine, MRSV, , ,
20140329_1020_38, XTEAM, XTEAM Engine, MRSV, , ,
20140329_1020_38, XTEAM, XTEAM Engine, MRSV, , ,
20140329_1024_34, Snapshot, CoWare XTEAM Client, participant_1, 11, ,
20140329_1024_35, Snapshot, CoWare XTEAM Client, participant_1, 12, ,
20140329_1025_37, Snapshot, CoWare XTEAM Client, participant_0, 19, ,
20140329_1026_34, Snapshot, CoWare XTEAM Client, participant_1, 13, ,
20140329_1026_45, Snapshot, CoWare XTEAM Client, participant_1, 14, ,
20140329_1026_56, Snapshot, CoWare XTEAM Client, participant_1, 15, ,
20140329_1028_45, Login, CoWare XTEAM Client, participant_0, , ,
20140329_1031_31, Design, CoWare XTEAM Client, participant_0, 20, X`2442e05e.7e534432.a652495a.4a8032a9`ATTR`generate`Task`MON::Model [Task]`Aspect=xADLBehaviorAspect&Position=189.196`ee842d2c.6fbd409b.b93189f8.bce88a2b`Process`MON::Model [Process]`executionTime=8&memoryUsage=250&taskInstruction=nextRequest = new Request;|nextRequest->getRequestKind().value() = "Temperature";````````````, ,
20140329_1031_32, Notification, XTEAM Engine, MRSV, 29, Simulation execution beginning, ,
20140329_1031_36, Design, CoWare XTEAM Client, participant_0, 21, X`2442e05e.7e534432.a652495a.4a8032a9`ATTR`generate`Task`MON::Model [Task]`Aspect=xADLBehaviorAspect&Position=189.196`ee842d2c.6fbd409b.b93189f8.bce88a2b`Process`MON::Model [Process]`executionTime=8&memoryUsage=3&taskInstruction=nextRequest = new Request;|nextRequest->getRequestKind().value() = "Temperature";````````````, ,
20140329_1031_37, Notification, XTEAM Engine, MRSV, 30, Simulation execution beginning, ,
20140329_1031_59, Snapshot, CoWare XTEAM Client, participant_1, 16, ,
20140329_1032_00, Snapshot, CoWare XTEAM Client, participant_1, 17, ,
20140329_1032_02, Notification, XTEAM Engine, MRSV, 29, Simulation execution completion, ,
20140329_1032_02, XTEAM, XTEAM Engine, MRSV, , ,
20140329_1032_02, XTEAM, XTEAM Engine, MRSV, , ,
20140329_1032_02, XTEAM, XTEAM Engine, MRSV, , ,
20140329_1032_07, Notification, XTEAM Engine, MRSV, 30, Simulation execution completion, ,
20140329_1032_07, XTEAM, XTEAM Engine, MRSV, , ,
20140329_1032_07, XTEAM, XTEAM Engine, MRSV, , ,
20140329_1032_07, XTEAM, XTEAM Engine, MRSV, , ,
20140329_1035_56, Snapshot, CoWare XTEAM Client, participant_0, 22, ,
20140329_1035_57, Snapshot, CoWare XTEAM Client, participant_0, 23, ,
20140329_1037_04, Design, CoWare XTEAM Client, participant_0, 24, X`6f385993.f08a4164.b815faa2.88dc52fb`ATTR`Host_3`Host`MON::Set [Host]`Aspect=xADLCoreAspect&Position=42.630`53c8e4c.6bec48b1.8f5efd8e.55e34f54`Architecture`MON::Model [Architecture]`receiveEnergyCost=65.000000&receiveEnergyOverhead=240.000000&transmitEnergyCost=12.000000&transmitEnergyOverhead=200.000000````````````, ,
20140329_1037_05, Notification, XTEAM Engine, MRSV, 31, Simulation execution beginning, ,
20140329_1037_09, Design, CoWare XTEAM Client, participant_0, 25, X`6f385993.f08a4164.b815faa2.88dc52fb`ATTR`Host_3`Host`MON::Set [Host]`Aspect=xADLCoreAspect&Position=42.630`53c8e4c.6bec48b1.8f5efd8e.55e34f54`Architecture`MON::Model [Architecture]`receiveEnergyCost=65.000000&receiveEnergyOverhead=240.000000&transmitEnergyCost=12.000000&transmitEnergyOverhead=45.000000````````````, ,
20140329_1037_10, Notification, XTEAM Engine, MRSV, 32, Simulation execution beginning, ,
20140329_1037_13, Design, CoWare XTEAM Client, participant_0, 26, X`6f385993.f08a4164.b815faa2.88dc52fb`ATTR`Host_3`Host`MON::Set [Host]`Aspect=xADLCoreAspect&Position=42.630`53c8e4c.6bec48b1.8f5efd8e.55e34f54`Architecture`MON::Model [Architecture]`receiveEnergyCost=18.000000&receiveEnergyOverhead=240.000000&transmitEnergyCost=12.000000&transmitEnergyOverhead=45.000000````````````, ,
20140329_1037_15, Notification, XTEAM Engine, MRSV, 33, Simulation execution beginning, ,
20140329_1037_24, Snapshot, CoWare XTEAM Client, participant_1, 18, ,
20140329_1037_32, Design, CoWare XTEAM Client, participant_0, 27, X`6f385993.f08a4164.b815faa2.88dc52fb`ATTR`Host_3`Host`MON::Set [Host]`Aspect=xADLCoreAspect&Position=42.630`53c8e4c.6bec48b1.8f5efd8e.55e34f54`Architecture`MON::Model [Architecture]`receiveEnergyCost=18.000000&receiveEnergyOverhead=48.000000&transmitEnergyCost=12.000000&transmitEnergyOverhead=45.000000````````````, ,
20140329_1037_35, Notification, XTEAM Engine, MRSV, 34, Simulation execution beginning, ,
20140329_1037_41, Design, CoWare XTEAM Client, participant_0, 28, X`2442e05e.7e534432.a652495a.4a8032a9`ATTR`generate`Task`MON::Model [Task]`Aspect=xADLBehaviorAspect&Position=189.196`ee842d2c.6fbd409b.b93189f8.bce88a2b`Process`MON::Model [Process]`executionTime=8&memoryUsage=250&taskInstruction=nextRequest = new Request;|nextRequest->getRequestKind().value() = "Temperature";````````````, ,
20140329_1037_41, Notification, XTEAM Engine, MRSV, 31, Simulation execution completion, ,
20140329_1037_41, XTEAM, XTEAM Engine, MRSV, , ,
20140329_1037_41, XTEAM, XTEAM Engine, MRSV, , ,
20140329_1037_41, XTEAM, XTEAM Engine, MRSV, , ,
20140329_1037_46, Notification, XTEAM Engine, MRSV, 35, Simulation execution beginning, ,
20140329_1037_47, Notification, XTEAM Engine, MRSV, 32, Simulation execution completion, ,
20140329_1037_47, XTEAM, XTEAM Engine, MRSV, , ,
20140329_1037_47, XTEAM, XTEAM Engine, MRSV, , ,
20140329_1037_47, XTEAM, XTEAM Engine, MRSV, , ,
20140329_1037_47, Design, CoWare XTEAM Client, participant_0, 29, X`2442e05e.7e534432.a652495a.4a8032a9`ATTR`generate`Task`MON::Model [Task]`Aspect=xADLBehaviorAspect&Position=189.196`ee842d2c.6fbd409b.b93189f8.bce88a2b`Process`MON::Model [Process]`executionTime=7&memoryUsage=250&taskInstruction=nextRequest = new Request;|nextRequest->getRequestKind().value() = "Temperature";````````````, ,
20140329_1037_50, Notification, XTEAM Engine, MRSV, 36, Simulation execution beginning, ,
20140329_1037_52, Notification, XTEAM Engine, MRSV, 33, Simulation execution completion, ,
20140329_1037_52, XTEAM, XTEAM Engine, MRSV, , ,
20140329_1037_52, XTEAM, XTEAM Engine, MRSV, , ,
20140329_1037_52, XTEAM, XTEAM Engine, MRSV, , ,
20140329_1038_06, Notification, XTEAM Engine, MRSV, 34, Simulation execution completion, ,
20140329_1038_06, XTEAM, XTEAM Engine, MRSV, , ,
20140329_1038_06, XTEAM, XTEAM Engine, MRSV, , ,
20140329_1038_06, XTEAM, XTEAM Engine, MRSV, , ,
20140329_1038_14, Notification, XTEAM Engine, MRSV, 35, Simulation execution completion, ,
20140329_1038_14, XTEAM, XTEAM Engine, MRSV, , ,
20140329_1038_14, XTEAM, XTEAM Engine, MRSV, , ,
20140329_1038_14, XTEAM, XTEAM Engine, MRSV, , ,
20140329_1038_17, Notification, XTEAM Engine, MRSV, 36, Simulation execution completion, ,
20140329_1038_17, XTEAM, XTEAM Engine, MRSV, , ,
20140329_1038_17, XTEAM, XTEAM Engine, MRSV, , ,
20140329_1038_17, XTEAM, XTEAM Engine, MRSV, , ,
20140329_1040_51, Design, CoWare XTEAM Client, participant_0, 30, X`2442e05e.7e534432.a652495a.4a8032a9`ATTR`generate`Task`MON::Model [Task]`Aspect=xADLBehaviorAspect&Position=189.196`ee842d2c.6fbd409b.b93189f8.bce88a2b`Process`MON::Model [Process]`executionTime=5&memoryUsage=250&taskInstruction=nextRequest = new Request;|nextRequest->getRequestKind().value() = "Temperature";````````````, ,
20140329_1040_52, Notification, XTEAM Engine, MRSV, 37, Simulation execution beginning, ,
20140329_1040_56, Design, CoWare XTEAM Client, participant_0, 31, X`6f385993.f08a4164.b815faa2.88dc52fb`ATTR`Host_3`Host`MON::Set [Host]`Aspect=xADLCoreAspect&Position=42.630`53c8e4c.6bec48b1.8f5efd8e.55e34f54`Architecture`MON::Model [Architecture]`receiveEnergyCost=18.000000&receiveEnergyOverhead=48.000000&transmitEnergyCost=50.000000&transmitEnergyOverhead=45.000000````````````, ,
20140329_1040_58, Design, CoWare XTEAM Client, participant_0, 32, X`6f385993.f08a4164.b815faa2.88dc52fb`ATTR`Host_3`Host`MON::Set [Host]`Aspect=xADLCoreAspect&Position=42.630`53c8e4c.6bec48b1.8f5efd8e.55e34f54`Architecture`MON::Model [Architecture]`receiveEnergyCost=18.000000&receiveEnergyOverhead=48.000000&transmitEnergyCost=50.000000&transmitEnergyOverhead=200.000000````````````, ,
20140329_1041_01, Design, CoWare XTEAM Client, participant_0, 33, X`6f385993.f08a4164.b815faa2.88dc52fb`ATTR`Host_3`Host`MON::Set [Host]`Aspect=xADLCoreAspect&Position=42.630`53c8e4c.6bec48b1.8f5efd8e.55e34f54`Architecture`MON::Model [Architecture]`receiveEnergyCost=65.000000&receiveEnergyOverhead=48.000000&transmitEnergyCost=50.000000&transmitEnergyOverhead=200.000000````````````, ,
20140329_1041_02, Notification, XTEAM Engine, MRSV, 38, Simulation execution beginning, ,
20140329_1041_03, Notification, XTEAM Engine, MRSV, 39, Simulation execution beginning, ,
20140329_1041_05, Notification, XTEAM Engine, MRSV, 40, Simulation execution beginning, ,
20140329_1041_05, Design, CoWare XTEAM Client, participant_0, 34, X`6f385993.f08a4164.b815faa2.88dc52fb`ATTR`Host_3`Host`MON::Set [Host]`Aspect=xADLCoreAspect&Position=42.630`53c8e4c.6bec48b1.8f5efd8e.55e34f54`Architecture`MON::Model [Architecture]`receiveEnergyCost=65.000000&receiveEnergyOverhead=240.000000&transmitEnergyCost=50.000000&transmitEnergyOverhead=200.000000````````````, ,
20140329_1041_09, Notification, XTEAM Engine, MRSV, 41, Simulation execution beginning, ,
20140329_1041_27, Notification, XTEAM Engine, MRSV, 37, Simulation execution completion, ,
20140329_1041_27, XTEAM, XTEAM Engine, MRSV, , ,
20140329_1041_27, XTEAM, XTEAM Engine, MRSV, , ,
20140329_1041_27, XTEAM, XTEAM Engine, MRSV, , ,
20140329_1041_31, Snapshot, CoWare XTEAM Client, participant_0, 35, ,
20140329_1041_31, Notification, XTEAM Engine, MRSV, 38, Simulation execution completion, ,
20140329_1041_31, XTEAM, XTEAM Engine, MRSV, , ,
20140329_1041_31, XTEAM, XTEAM Engine, MRSV, , ,
20140329_1041_31, XTEAM, XTEAM Engine, MRSV, , ,
20140329_1041_31, Notification, XTEAM Engine, MRSV, 39, Simulation execution completion, ,
20140329_1041_31, XTEAM, XTEAM Engine, MRSV, , ,
20140329_1041_31, XTEAM, XTEAM Engine, MRSV, , ,
20140329_1041_31, XTEAM, XTEAM Engine, MRSV, , ,
20140329_1041_34, Notification, XTEAM Engine, MRSV, 40, Simulation execution completion, ,
20140329_1041_34, XTEAM, XTEAM Engine, MRSV, , ,
20140329_1041_34, XTEAM, XTEAM Engine, MRSV, , ,
20140329_1041_34, XTEAM, XTEAM Engine, MRSV, , ,
20140329_1041_39, Notification, XTEAM Engine, MRSV, 41, Simulation execution completion, ,
20140329_1041_39, XTEAM, XTEAM Engine, MRSV, , ,
20140329_1041_39, XTEAM, XTEAM Engine, MRSV, , ,
20140329_1041_39, XTEAM, XTEAM Engine, MRSV, , ,
20140329_1043_50, Snapshot, CoWare XTEAM Client, participant_0, 36, ,
20140329_1045_27, Design, CoWare XTEAM Client, participant_1, 19, X`f603f85b.e43844a4.b3627b58.f951dcdf`ATTR`Host_Temp`Host`MON::Set [Host]`Aspect=xADLCoreAspect&Position=1106.763`53c8e4c.6bec48b1.8f5efd8e.55e34f54`Architecture`MON::Model [Architecture]`receiveEnergyCost=20.000000&receiveEnergyOverhead=70.000000&transmitEnergyCost=12.000000&transmitEnergyOverhead=40.000000````````````, ,
20140329_1045_28, Notification, XTEAM Engine, MRSV, 42, Simulation execution beginning, ,
20140329_1045_36, Snapshot, CoWare XTEAM Client, participant_1, 20, ,
20140329_1045_39, Snapshot, CoWare XTEAM Client, participant_1, 21, ,
20140329_1045_56, Notification, XTEAM Engine, MRSV, 42, Simulation execution completion, ,
20140329_1045_56, XTEAM, XTEAM Engine, MRSV, , ,
20140329_1045_56, XTEAM, XTEAM Engine, MRSV, , ,
20140329_1045_56, XTEAM, XTEAM Engine, MRSV, , ,
