TIME, Event name, OriginComponent, SenderUsername, EventID, Value, ,
20141126_2000_51, Login, FLAME Client, participant_0, , ,
20141126_2000_53, Login, XTEAM Engine, participant_0, , ,
20141126_2000_56, Login, FLAME Client, participant_1, , ,
20141126_2000_59, Login, XTEAM Engine, participant_1, , ,
20141126_2001_29, Design, FLAME Client, participant_1, 1, X`4c379791.2eea468a.a8abbb1d.e5fba9bb`ATTR`perform`Task`MON::Model [Task]`Aspect=xADLBehaviorAspect&Position=336.217`c270ab26.2fff4b88.bf50a288.2d000ee5`Process`MON::Model [Process]`executionTime=350&memoryUsage=27&taskInstruction=nextResult[thread_id] = new Result;|nextResult[thread_id]->getResultState().value() = 0;|nextResult[thread_id]->getResultID().value() = nextTask[thread_id]->getTaskID().value();|nextResult[thread_id]->getResultValue().value() = 1;````````````, ,
20141126_2001_31, Notification, XTEAM Engine, participant_1, 1, Simulation execution beginning, ,
20141126_2001_46, Design, FLAME Client, participant_1, 2, X`4c379791.2eea468a.a8abbb1d.e5fba9bb`ATTR`perform`Task`MON::Model [Task]`Aspect=xADLBehaviorAspect&Position=336.217`c270ab26.2fff4b88.bf50a288.2d000ee5`Process`MON::Model [Process]`executionTime=350&memoryUsage=39&taskInstruction=nextResult[thread_id] = new Result;|nextResult[thread_id]->getResultState().value() = 0;|nextResult[thread_id]->getResultID().value() = nextTask[thread_id]->getTaskID().value();|nextResult[thread_id]->getResultValue().value() = 1;````````````, ,
20141126_2001_47, Notification, XTEAM Engine, participant_1, 2, Simulation execution beginning, ,
20141126_2002_04, Notification, XTEAM Engine, participant_1, 1, Simulation execution completion, ,
20141126_2002_04, XTEAM, XTEAM Engine, participant_1, , ,
20141126_2002_04, XTEAM, XTEAM Engine, participant_1, , ,
20141126_2002_04, XTEAM, XTEAM Engine, participant_1, , ,
20141126_2002_05, Design, FLAME Client, participant_0, 1, X`3f426f4b.6d164164.816fe575.67a4324f`ATTR`generate`Task`MON::Model [Task]`Aspect=xADLBehaviorAspect&Position=301.259`37598ce1.81784bb5.996843e8.1d554a61`Process`MON::Model [Process]`executionTime=7.5&memoryUsage=3&taskInstruction=nextTask = new Task;|nextTask->getTaskState().value() = 0;|nextTask->getTaskID().value() = taskIDCounter->getNextTaskID().value()++;````````````, ,
20141126_2002_07, Notification, XTEAM Engine, participant_0, 1, Simulation execution beginning, ,
20141126_2002_16, Design, FLAME Client, participant_1, 3, X`cdc6010e.7cf74d31.85daf3c3.1e9a4be8`ATTR`Host_Client`Host`MON::Set [Host]`Aspect=xADLCoreAspect&Position=28.560`bb42af9e.ee894de6.a8870ee2.566cbbfe`Architecture`MON::Model [Architecture]`receiveEnergyCost=150.010000&receiveEnergyOverhead=101.860000&transmitEnergyCost=312.000000&transmitEnergyOverhead=129.870000````````````, ,
20141126_2002_17, Notification, XTEAM Engine, participant_1, 2, Simulation execution completion, ,
20141126_2002_17, XTEAM, XTEAM Engine, participant_1, , ,
20141126_2002_17, XTEAM, XTEAM Engine, participant_1, , ,
20141126_2002_18, XTEAM, XTEAM Engine, participant_1, , ,
20141126_2002_18, Notification, XTEAM Engine, participant_1, 3, Simulation execution beginning, ,
20141126_2002_22, Design, FLAME Client, participant_0, 2, X`3a60805b.3a524f70.a064acd1.88108a11`ATTR`generate`Task`MON::Model [Task]`Aspect=xADLBehaviorAspect&Position=301.259`fd961ab4.712348fe.91a8653d.18529735`Process`MON::Model [Process]`executionTime=8&memoryUsage=3&taskInstruction=nextTask = new Task;|nextTask->getTaskState().value() = 0;|nextTask->getTaskID().value() = taskIDCounter->getNextTaskID().value()++;````````````, ,
20141126_2002_23, Notification, XTEAM Engine, participant_0, 2, Simulation execution beginning, ,
20141126_2002_27, Design, FLAME Client, participant_1, 4, X`cdc6010e.7cf74d31.85daf3c3.1e9a4be8`ATTR`Host_Client`Host`MON::Set [Host]`Aspect=xADLCoreAspect&Position=28.560`bb42af9e.ee894de6.a8870ee2.566cbbfe`Architecture`MON::Model [Architecture]`receiveEnergyCost=150.010000&receiveEnergyOverhead=101.860000&transmitEnergyCost=312.000000&transmitEnergyOverhead=341.000000````````````, ,
20141126_2002_28, Notification, XTEAM Engine, participant_1, 4, Simulation execution beginning, ,
20141126_2002_41, Notification, XTEAM Engine, participant_0, 1, Simulation execution completion, ,
20141126_2002_41, XTEAM, XTEAM Engine, participant_0, , ,
20141126_2002_41, XTEAM, XTEAM Engine, participant_0, , ,
20141126_2002_41, XTEAM, XTEAM Engine, participant_0, , ,
20141126_2002_48, Design, FLAME Client, participant_0, 3, X`3f426f4b.6d164164.816fe575.67a4324f`ATTR`generate`Task`MON::Model [Task]`Aspect=xADLBehaviorAspect&Position=301.259`37598ce1.81784bb5.996843e8.1d554a61`Process`MON::Model [Process]`executionTime=7.5&memoryUsage=5500&taskInstruction=nextTask = new Task;|nextTask->getTaskState().value() = 0;|nextTask->getTaskID().value() = taskIDCounter->getNextTaskID().value()++;````````````, ,
20141126_2002_50, Notification, XTEAM Engine, participant_0, 3, Simulation execution beginning, ,
20141126_2002_54, Notification, XTEAM Engine, participant_1, 3, Simulation execution completion, ,
20141126_2002_54, XTEAM, XTEAM Engine, participant_1, , ,
20141126_2002_54, XTEAM, XTEAM Engine, participant_1, , ,
20141126_2002_54, XTEAM, XTEAM Engine, participant_1, , ,
20141126_2002_59, Notification, XTEAM Engine, participant_0, 2, Simulation execution completion, ,
20141126_2002_59, XTEAM, XTEAM Engine, participant_0, , ,
20141126_2002_59, XTEAM, XTEAM Engine, participant_0, , ,
20141126_2002_59, XTEAM, XTEAM Engine, participant_0, , ,
20141126_2003_03, Notification, XTEAM Engine, participant_1, 4, Simulation execution completion, ,
20141126_2003_03, XTEAM, XTEAM Engine, participant_1, , ,
20141126_2003_04, XTEAM, XTEAM Engine, participant_1, , ,
20141126_2003_04, XTEAM, XTEAM Engine, participant_1, , ,
20141126_2003_20, Notification, XTEAM Engine, participant_0, 3, Simulation execution completion, ,
20141126_2003_20, XTEAM, XTEAM Engine, participant_0, , ,
20141126_2003_20, Design, FLAME Client, participant_0, 4, X`176369f9.b385435c.b2d59a0f.66ba660c`ATTR`Host_SubsetSum`Host`MON::Set [Host]`Aspect=xADLCoreAspect&Position=1610.385`bb42af9e.ee894de6.a8870ee2.566cbbfe`Architecture`MON::Model [Architecture]`receiveEnergyCost=101.280000&receiveEnergyOverhead=64.990000&transmitEnergyCost=182.000000&transmitEnergyOverhead=82.450000````````````, ,
20141126_2003_20, XTEAM, XTEAM Engine, participant_0, , ,
20141126_2003_20, XTEAM, XTEAM Engine, participant_0, , ,
20141126_2003_21, Notification, XTEAM Engine, participant_0, 4, Simulation execution beginning, ,
20141126_2003_31, Design, FLAME Client, participant_0, 5, X`176369f9.b385435c.b2d59a0f.66ba660c`ATTR`Host_SubsetSum`Host`MON::Set [Host]`Aspect=xADLCoreAspect&Position=1610.385`bb42af9e.ee894de6.a8870ee2.566cbbfe`Architecture`MON::Model [Architecture]`receiveEnergyCost=101.280000&receiveEnergyOverhead=64.990000&transmitEnergyCost=182.000000&transmitEnergyOverhead=217.000000````````````, ,
20141126_2003_32, Notification, XTEAM Engine, participant_0, 5, Simulation execution beginning, ,
20141126_2003_34, Design, FLAME Client, participant_1, 5, X`64e3f498.f1114939.ba695f73.d07188e3`ATTR`perform`Task`MON::Model [Task]`Aspect=xADLBehaviorAspect&Position=308.301`d640f4b9.22e14264.b459176e.af6b895e`Process`MON::Model [Process]`executionTime=350&memoryUsage=27&taskInstruction=nextResult[thread_id] = new Result;|nextResult[thread_id]->getResultState().value() = 0;|nextResult[thread_id]->getResultID().value() = nextTask[thread_id]->getTaskID().value();|nextResult[thread_id]->getResultValue().value() = 1;````````````, ,
20141126_2003_35, Notification, XTEAM Engine, participant_1, 5, Simulation execution beginning, ,
20141126_2003_38, Design, FLAME Client, participant_1, 6, X`64e3f498.f1114939.ba695f73.d07188e3`ATTR`perform`Task`MON::Model [Task]`Aspect=xADLBehaviorAspect&Position=308.301`d640f4b9.22e14264.b459176e.af6b895e`Process`MON::Model [Process]`executionTime=350&memoryUsage=39&taskInstruction=nextResult[thread_id] = new Result;|nextResult[thread_id]->getResultState().value() = 0;|nextResult[thread_id]->getResultID().value() = nextTask[thread_id]->getTaskID().value();|nextResult[thread_id]->getResultValue().value() = 1;````````````, ,
20141126_2003_40, Notification, XTEAM Engine, participant_1, 6, Simulation execution beginning, ,
20141126_2003_50, Design, FLAME Client, participant_0, 6, X`3a60805b.3a524f70.a064acd1.88108a11`ATTR`generate`Task`MON::Model [Task]`Aspect=xADLBehaviorAspect&Position=301.259`fd961ab4.712348fe.91a8653d.18529735`Process`MON::Model [Process]`executionTime=7.5&memoryUsage=3&taskInstruction=nextTask = new Task;|nextTask->getTaskState().value() = 0;|nextTask->getTaskID().value() = taskIDCounter->getNextTaskID().value()++;````````````, ,
20141126_2003_51, Notification, XTEAM Engine, participant_0, 6, Simulation execution beginning, ,
20141126_2003_57, Design, FLAME Client, participant_0, 7, X`3a60805b.3a524f70.a064acd1.88108a11`ATTR`generate`Task`MON::Model [Task]`Aspect=xADLBehaviorAspect&Position=301.259`fd961ab4.712348fe.91a8653d.18529735`Process`MON::Model [Process]`executionTime=7.5&memoryUsage=5500&taskInstruction=nextTask = new Task;|nextTask->getTaskState().value() = 0;|nextTask->getTaskID().value() = taskIDCounter->getNextTaskID().value()++;````````````, ,
20141126_2003_58, Notification, XTEAM Engine, participant_0, 7, Simulation execution beginning, ,
20141126_2004_01, Notification, XTEAM Engine, participant_0, 4, Simulation execution completion, ,
20141126_2004_01, XTEAM, XTEAM Engine, participant_0, , ,
20141126_2004_01, XTEAM, XTEAM Engine, participant_0, , ,
20141126_2004_01, XTEAM, XTEAM Engine, participant_0, , ,
20141126_2004_09, Design, FLAME Client, participant_0, 8, X`de311a94.5ac54159.8e7ae434.321ec71e`ATTR`HostSAT`Host`MON::Set [Host]`Aspect=xADLCoreAspect&Position=1610.497`bb42af9e.ee894de6.a8870ee2.566cbbfe`Architecture`MON::Model [Architecture]`receiveEnergyCost=101.280000&receiveEnergyOverhead=64.990000&transmitEnergyCost=182.000000&transmitEnergyOverhead=82.450000````````````, ,
20141126_2004_10, Notification, XTEAM Engine, participant_0, 8, Simulation execution beginning, ,
20141126_2004_13, Notification, XTEAM Engine, participant_0, 5, Simulation execution completion, ,
20141126_2004_13, XTEAM, XTEAM Engine, participant_0, , ,
20141126_2004_13, XTEAM, XTEAM Engine, participant_0, , ,
20141126_2004_13, XTEAM, XTEAM Engine, participant_0, , ,
20141126_2004_17, Notification, XTEAM Engine, participant_1, 5, Simulation execution completion, ,
20141126_2004_17, XTEAM, XTEAM Engine, participant_1, , ,
20141126_2004_17, XTEAM, XTEAM Engine, participant_1, , ,
20141126_2004_17, XTEAM, XTEAM Engine, participant_1, , ,
20141126_2004_18, Design, FLAME Client, participant_0, 9, X`de311a94.5ac54159.8e7ae434.321ec71e`ATTR`HostSAT`Host`MON::Set [Host]`Aspect=xADLCoreAspect&Position=1610.497`bb42af9e.ee894de6.a8870ee2.566cbbfe`Architecture`MON::Model [Architecture]`receiveEnergyCost=101.280000&receiveEnergyOverhead=64.990000&transmitEnergyCost=182.000000&transmitEnergyOverhead=217.000000````````````, ,
20141126_2004_19, Notification, XTEAM Engine, participant_0, 9, Simulation execution beginning, ,
20141126_2004_21, Notification, XTEAM Engine, participant_1, 6, Simulation execution completion, ,
20141126_2004_21, XTEAM, XTEAM Engine, participant_1, , ,
20141126_2004_21, XTEAM, XTEAM Engine, participant_1, , ,
20141126_2004_21, XTEAM, XTEAM Engine, participant_1, , ,
20141126_2004_24, Design, FLAME Client, participant_1, 7, X`25fea250.79aa4baf.b62be506.e9d1819a`ATTR`Host_GCE`Host`MON::Set [Host]`Aspect=xADLCoreAspect&Position=161.560`bb42af9e.ee894de6.a8870ee2.566cbbfe`Architecture`MON::Model [Architecture]`receiveEnergyCost=150.010000&receiveEnergyOverhead=101.860000&transmitEnergyCost=312.000000&transmitEnergyOverhead=129.870000````````````, ,
20141126_2004_26, Notification, XTEAM Engine, participant_1, 7, Simulation execution beginning, ,
20141126_2004_34, Notification, XTEAM Engine, participant_0, 6, Simulation execution completion, ,
20141126_2004_34, XTEAM, XTEAM Engine, participant_0, , ,
20141126_2004_34, XTEAM, XTEAM Engine, participant_0, , ,
20141126_2004_34, XTEAM, XTEAM Engine, participant_0, , ,
20141126_2004_35, Design, FLAME Client, participant_1, 8, X`25fea250.79aa4baf.b62be506.e9d1819a`ATTR`Host_GCE`Host`MON::Set [Host]`Aspect=xADLCoreAspect&Position=161.560`bb42af9e.ee894de6.a8870ee2.566cbbfe`Architecture`MON::Model [Architecture]`receiveEnergyCost=150.010000&receiveEnergyOverhead=101.860000&transmitEnergyCost=312.000000&transmitEnergyOverhead=341.000000````````````, ,
20141126_2004_38, Notification, XTEAM Engine, participant_1, 8, Simulation execution beginning, ,
20141126_2004_40, Notification, XTEAM Engine, participant_0, 7, Simulation execution completion, ,
20141126_2004_40, XTEAM, XTEAM Engine, participant_0, , ,
20141126_2004_40, XTEAM, XTEAM Engine, participant_0, , ,
20141126_2004_40, XTEAM, XTEAM Engine, participant_0, , ,
20141126_2004_50, Notification, XTEAM Engine, participant_0, 8, Simulation execution completion, ,
20141126_2004_50, XTEAM, XTEAM Engine, participant_0, , ,
20141126_2004_50, XTEAM, XTEAM Engine, participant_0, , ,
20141126_2004_50, XTEAM, XTEAM Engine, participant_0, , ,
20141126_2004_59, Notification, XTEAM Engine, participant_0, 9, Simulation execution completion, ,
20141126_2004_59, XTEAM, XTEAM Engine, participant_0, , ,
20141126_2004_59, XTEAM, XTEAM Engine, participant_0, , ,
20141126_2004_59, XTEAM, XTEAM Engine, participant_0, , ,
20141126_2005_02, Notification, XTEAM Engine, participant_1, 7, Simulation execution completion, ,
20141126_2005_02, XTEAM, XTEAM Engine, participant_1, , ,
20141126_2005_03, XTEAM, XTEAM Engine, participant_1, , ,
20141126_2005_02, XTEAM, XTEAM Engine, participant_1, , ,
20141126_2005_11, Notification, XTEAM Engine, participant_1, 8, Simulation execution completion, ,
20141126_2005_11, XTEAM, XTEAM Engine, participant_1, , ,
20141126_2005_11, XTEAM, XTEAM Engine, participant_1, , ,
20141126_2005_11, XTEAM, XTEAM Engine, participant_1, , ,
20141126_2011_11, Snapshot, FLAME Client, participant_1, 9, ,
20141126_2011_12, Notification, XTEAM Engine, participant_0, 10, Simulation execution beginning, ,
20141126_2011_44, Notification, XTEAM Engine, participant_0, 10, Simulation execution completion, ,
20141126_2011_44, XTEAM, XTEAM Engine, participant_0, , ,
20141126_2011_44, XTEAM, XTEAM Engine, participant_0, , ,
20141126_2011_44, XTEAM, XTEAM Engine, participant_0, , ,
20141126_2011_49, Update, FLAME Client, participant_0, 10, ,
20141126_2013_33, Design, FLAME Client, participant_1, 10, X`4c379791.2eea468a.a8abbb1d.e5fba9bb`ATTR`perform`Task`MON::Model [Task]`Aspect=xADLBehaviorAspect&Position=336.217`c270ab26.2fff4b88.bf50a288.2d000ee5`Process`MON::Model [Process]`executionTime=200&memoryUsage=39&taskInstruction=nextResult[thread_id] = new Result;|nextResult[thread_id]->getResultState().value() = 0;|nextResult[thread_id]->getResultID().value() = nextTask[thread_id]->getTaskID().value();|nextResult[thread_id]->getResultValue().value() = 1;````````````, ,
20141126_2013_34, Notification, XTEAM Engine, participant_1, 9, Simulation execution beginning, ,
20141126_2014_02, Notification, XTEAM Engine, participant_1, 9, Simulation execution completion, ,
20141126_2014_02, XTEAM, XTEAM Engine, participant_1, , ,
20141126_2014_02, XTEAM, XTEAM Engine, participant_1, , ,
20141126_2014_02, XTEAM, XTEAM Engine, participant_1, , ,
20141126_2014_44, Design, FLAME Client, participant_1, 11, X`4c379791.2eea468a.a8abbb1d.e5fba9bb`ATTR`perform`Task`MON::Model [Task]`Aspect=xADLBehaviorAspect&Position=336.217`c270ab26.2fff4b88.bf50a288.2d000ee5`Process`MON::Model [Process]`executionTime=200&memoryUsage=92&taskInstruction=nextResult[thread_id] = new Result;|nextResult[thread_id]->getResultState().value() = 0;|nextResult[thread_id]->getResultID().value() = nextTask[thread_id]->getTaskID().value();|nextResult[thread_id]->getResultValue().value() = 1;````````````, ,
20141126_2014_45, Notification, XTEAM Engine, participant_1, 10, Simulation execution beginning, ,
20141126_2014_51, Snapshot, FLAME Client, participant_0, 11, ,
20141126_2014_54, Notification, XTEAM Engine, participant_1, 11, Simulation execution beginning, ,
20141126_2015_03, Design, FLAME Client, participant_1, 12, X`cdc6010e.7cf74d31.85daf3c3.1e9a4be8`ATTR`Host_Client`Host`MON::Set [Host]`Aspect=xADLCoreAspect&Position=28.560`bb42af9e.ee894de6.a8870ee2.566cbbfe`Architecture`MON::Model [Architecture]`receiveEnergyCost=150.010000&receiveEnergyOverhead=101.860000&transmitEnergyCost=514.000000&transmitEnergyOverhead=341.000000````````````, ,
20141126_2015_04, Notification, XTEAM Engine, participant_1, 12, Simulation execution beginning, ,
20141126_2015_20, Notification, XTEAM Engine, participant_1, 10, Simulation execution completion, ,
20141126_2015_20, XTEAM, XTEAM Engine, participant_1, , ,
20141126_2015_20, XTEAM, XTEAM Engine, participant_1, , ,
20141126_2015_20, XTEAM, XTEAM Engine, participant_1, , ,
20141126_2015_27, Notification, XTEAM Engine, participant_1, 11, Simulation execution completion, ,
20141126_2015_27, XTEAM, XTEAM Engine, participant_1, , ,
20141126_2015_27, XTEAM, XTEAM Engine, participant_1, , ,
20141126_2015_27, XTEAM, XTEAM Engine, participant_1, , ,
20141126_2015_34, Design, FLAME Client, participant_1, 13, X`cdc6010e.7cf74d31.85daf3c3.1e9a4be8`ATTR`Host_Client`Host`MON::Set [Host]`Aspect=xADLCoreAspect&Position=28.560`bb42af9e.ee894de6.a8870ee2.566cbbfe`Architecture`MON::Model [Architecture]`receiveEnergyCost=150.010000&receiveEnergyOverhead=101.860000&transmitEnergyCost=514.000000&transmitEnergyOverhead=755.000000````````````, ,
20141126_2015_34, Update, FLAME Client, participant_1, 14, ,
20141126_2015_34, Notification, XTEAM Engine, participant_1, 12, Simulation execution completion, ,
20141126_2015_34, XTEAM, XTEAM Engine, participant_1, , ,
20141126_2015_34, XTEAM, XTEAM Engine, participant_1, , ,
20141126_2015_34, XTEAM, XTEAM Engine, participant_1, , ,
20141126_2015_35, Notification, XTEAM Engine, participant_1, 13, Simulation execution beginning, ,
20141126_2016_07, Notification, XTEAM Engine, participant_1, 13, Simulation execution completion, ,
20141126_2016_07, XTEAM, XTEAM Engine, participant_1, , ,
20141126_2016_07, XTEAM, XTEAM Engine, participant_1, , ,
20141126_2016_07, XTEAM, XTEAM Engine, participant_1, , ,
20141126_2018_52, Design, FLAME Client, participant_0, 12, X`3a60805b.3a524f70.a064acd1.88108a11`ATTR`generate`Task`MON::Model [Task]`Aspect=xADLBehaviorAspect&Position=301.259`fd961ab4.712348fe.91a8653d.18529735`Process`MON::Model [Process]`executionTime=7.0&memoryUsage=5500&taskInstruction=nextTask = new Task;|nextTask->getTaskState().value() = 0;|nextTask->getTaskID().value() = taskIDCounter->getNextTaskID().value()++;````````````, ,
20141126_2018_53, Notification, XTEAM Engine, participant_0, 11, Simulation execution beginning, ,
20141126_2019_01, Design, FLAME Client, participant_0, 13, X`3a60805b.3a524f70.a064acd1.88108a11`ATTR`generate`Task`MON::Model [Task]`Aspect=xADLBehaviorAspect&Position=301.259`fd961ab4.712348fe.91a8653d.18529735`Process`MON::Model [Process]`executionTime=7.0&memoryUsage=11000&taskInstruction=nextTask = new Task;|nextTask->getTaskState().value() = 0;|nextTask->getTaskID().value() = taskIDCounter->getNextTaskID().value()++;````````````, ,
20141126_2019_02, Notification, XTEAM Engine, participant_0, 12, Simulation execution beginning, ,
20141126_2019_19, Design, FLAME Client, participant_0, 14, X`3f426f4b.6d164164.816fe575.67a4324f`ATTR`generate`Task`MON::Model [Task]`Aspect=xADLBehaviorAspect&Position=301.259`37598ce1.81784bb5.996843e8.1d554a61`Process`MON::Model [Process]`executionTime=7.0&memoryUsage=5500&taskInstruction=nextTask = new Task;|nextTask->getTaskState().value() = 0;|nextTask->getTaskID().value() = taskIDCounter->getNextTaskID().value()++;````````````, ,
20141126_2019_20, Notification, XTEAM Engine, participant_0, 13, Simulation execution beginning, ,
20141126_2019_21, Design, FLAME Client, participant_0, 15, X`3f426f4b.6d164164.816fe575.67a4324f`ATTR`generate`Task`MON::Model [Task]`Aspect=xADLBehaviorAspect&Position=301.259`37598ce1.81784bb5.996843e8.1d554a61`Process`MON::Model [Process]`executionTime=7.0&memoryUsage=11000&taskInstruction=nextTask = new Task;|nextTask->getTaskState().value() = 0;|nextTask->getTaskID().value() = taskIDCounter->getNextTaskID().value()++;````````````, ,
20141126_2019_22, Notification, XTEAM Engine, participant_0, 14, Simulation execution beginning, ,
20141126_2019_27, Notification, XTEAM Engine, participant_0, 11, Simulation execution completion, ,
20141126_2019_27, XTEAM, XTEAM Engine, participant_0, , ,
20141126_2019_27, XTEAM, XTEAM Engine, participant_0, , ,
20141126_2019_27, XTEAM, XTEAM Engine, participant_0, , ,
20141126_2019_36, Notification, XTEAM Engine, participant_0, 12, Simulation execution completion, ,
20141126_2019_36, XTEAM, XTEAM Engine, participant_0, , ,
20141126_2019_36, XTEAM, XTEAM Engine, participant_0, , ,
20141126_2019_36, XTEAM, XTEAM Engine, participant_0, , ,
20141126_2019_36, Design, FLAME Client, participant_0, 16, X`176369f9.b385435c.b2d59a0f.66ba660c`ATTR`Host_SubsetSum`Host`MON::Set [Host]`Aspect=xADLCoreAspect&Position=1610.385`bb42af9e.ee894de6.a8870ee2.566cbbfe`Architecture`MON::Model [Architecture]`receiveEnergyCost=101.280000&receiveEnergyOverhead=64.990000&transmitEnergyCost=330.000000&transmitEnergyOverhead=217.000000````````````, ,
20141126_2019_38, Notification, XTEAM Engine, participant_0, 15, Simulation execution beginning, ,
20141126_2019_42, Design, FLAME Client, participant_0, 17, X`176369f9.b385435c.b2d59a0f.66ba660c`ATTR`Host_SubsetSum`Host`MON::Set [Host]`Aspect=xADLCoreAspect&Position=1610.385`bb42af9e.ee894de6.a8870ee2.566cbbfe`Architecture`MON::Model [Architecture]`receiveEnergyCost=101.280000&receiveEnergyOverhead=64.990000&transmitEnergyCost=330.000000&transmitEnergyOverhead=217.000000````````````, ,
20141126_2019_44, Notification, XTEAM Engine, participant_0, 16, Simulation execution beginning, ,
20141126_2019_52, Design, FLAME Client, participant_0, 18, X`176369f9.b385435c.b2d59a0f.66ba660c`ATTR`Host_SubsetSum`Host`MON::Set [Host]`Aspect=xADLCoreAspect&Position=1610.385`bb42af9e.ee894de6.a8870ee2.566cbbfe`Architecture`MON::Model [Architecture]`receiveEnergyCost=101.280000&receiveEnergyOverhead=64.990000&transmitEnergyCost=330.000000&transmitEnergyOverhead=429.000000````````````, ,
20141126_2019_53, Notification, XTEAM Engine, participant_0, 17, Simulation execution beginning, ,
20141126_2019_54, Notification, XTEAM Engine, participant_0, 13, Simulation execution completion, ,
20141126_2019_54, XTEAM, XTEAM Engine, participant_0, , ,
20141126_2019_54, XTEAM, XTEAM Engine, participant_0, , ,
20141126_2019_54, XTEAM, XTEAM Engine, participant_0, , ,
20141126_2019_57, Design, FLAME Client, participant_0, 19, X`de311a94.5ac54159.8e7ae434.321ec71e`ATTR`HostSAT`Host`MON::Set [Host]`Aspect=xADLCoreAspect&Position=1610.497`bb42af9e.ee894de6.a8870ee2.566cbbfe`Architecture`MON::Model [Architecture]`receiveEnergyCost=101.280000&receiveEnergyOverhead=64.990000&transmitEnergyCost=330.000000&transmitEnergyOverhead=217.000000````````````, ,
20141126_2019_59, Notification, XTEAM Engine, participant_0, 18, Simulation execution beginning, ,
20141126_2019_59, Notification, XTEAM Engine, participant_0, 14, Simulation execution completion, ,
20141126_2019_59, XTEAM, XTEAM Engine, participant_0, , ,
20141126_2019_59, XTEAM, XTEAM Engine, participant_0, , ,
20141126_2019_59, XTEAM, XTEAM Engine, participant_0, , ,
20141126_2020_00, Design, FLAME Client, participant_0, 20, X`de311a94.5ac54159.8e7ae434.321ec71e`ATTR`HostSAT`Host`MON::Set [Host]`Aspect=xADLCoreAspect&Position=1610.497`bb42af9e.ee894de6.a8870ee2.566cbbfe`Architecture`MON::Model [Architecture]`receiveEnergyCost=101.280000&receiveEnergyOverhead=64.990000&transmitEnergyCost=330.000000&transmitEnergyOverhead=429.000000````````````, ,
20141126_2020_02, Notification, XTEAM Engine, participant_0, 19, Simulation execution beginning, ,
20141126_2020_16, Notification, XTEAM Engine, participant_0, 15, Simulation execution completion, ,
20141126_2020_16, XTEAM, XTEAM Engine, participant_0, , ,
20141126_2020_16, XTEAM, XTEAM Engine, participant_0, , ,
20141126_2020_16, XTEAM, XTEAM Engine, participant_0, , ,
20141126_2020_22, Notification, XTEAM Engine, participant_0, 16, Simulation execution completion, ,
20141126_2020_22, XTEAM, XTEAM Engine, participant_0, , ,
20141126_2020_22, XTEAM, XTEAM Engine, participant_0, , ,
20141126_2020_22, XTEAM, XTEAM Engine, participant_0, , ,
20141126_2020_30, Notification, XTEAM Engine, participant_0, 17, Simulation execution completion, ,
20141126_2020_30, XTEAM, XTEAM Engine, participant_0, , ,
20141126_2020_30, XTEAM, XTEAM Engine, participant_0, , ,
20141126_2020_30, XTEAM, XTEAM Engine, participant_0, , ,
20141126_2020_34, Notification, XTEAM Engine, participant_0, 18, Simulation execution completion, ,
20141126_2020_34, XTEAM, XTEAM Engine, participant_0, , ,
20141126_2020_34, XTEAM, XTEAM Engine, participant_0, , ,
20141126_2020_34, XTEAM, XTEAM Engine, participant_0, , ,
20141126_2020_43, Notification, XTEAM Engine, participant_0, 19, Simulation execution completion, ,
20141126_2020_43, XTEAM, XTEAM Engine, participant_0, , ,
20141126_2020_43, XTEAM, XTEAM Engine, participant_0, , ,
20141126_2020_43, XTEAM, XTEAM Engine, participant_0, , ,
20141126_2022_19, Snapshot, FLAME Client, participant_1, 15, ,
20141126_2022_20, Notification, XTEAM Engine, participant_0, 20, Simulation execution beginning, ,
20141126_2022_50, Notification, XTEAM Engine, participant_0, 20, Simulation execution completion, ,
20141126_2022_50, XTEAM, XTEAM Engine, participant_0, , ,
20141126_2022_50, XTEAM, XTEAM Engine, participant_0, , ,
20141126_2022_50, XTEAM, XTEAM Engine, participant_0, , ,
20141126_2026_40, Update, FLAME Client, participant_0, 21, ,
20141126_2027_27, Design, FLAME Client, participant_1, 16, X`64e3f498.f1114939.ba695f73.d07188e3`ATTR`perform`Task`MON::Model [Task]`Aspect=xADLBehaviorAspect&Position=308.301`d640f4b9.22e14264.b459176e.af6b895e`Process`MON::Model [Process]`executionTime=200&memoryUsage=39&taskInstruction=nextResult[thread_id] = new Result;|nextResult[thread_id]->getResultState().value() = 0;|nextResult[thread_id]->getResultID().value() = nextTask[thread_id]->getTaskID().value();|nextResult[thread_id]->getResultValue().value() = 1;````````````, ,
20141126_2027_28, Notification, XTEAM Engine, participant_1, 14, Simulation execution beginning, ,
20141126_2027_31, Design, FLAME Client, participant_1, 17, X`64e3f498.f1114939.ba695f73.d07188e3`ATTR`perform`Task`MON::Model [Task]`Aspect=xADLBehaviorAspect&Position=308.301`d640f4b9.22e14264.b459176e.af6b895e`Process`MON::Model [Process]`executionTime=200&memoryUsage=92&taskInstruction=nextResult[thread_id] = new Result;|nextResult[thread_id]->getResultState().value() = 0;|nextResult[thread_id]->getResultID().value() = nextTask[thread_id]->getTaskID().value();|nextResult[thread_id]->getResultValue().value() = 1;````````````, ,
20141126_2027_33, Notification, XTEAM Engine, participant_1, 15, Simulation execution beginning, ,
20141126_2027_46, Design, FLAME Client, participant_1, 18, X`25fea250.79aa4baf.b62be506.e9d1819a`ATTR`Host_GCE`Host`MON::Set [Host]`Aspect=xADLCoreAspect&Position=161.560`bb42af9e.ee894de6.a8870ee2.566cbbfe`Architecture`MON::Model [Architecture]`receiveEnergyCost=150.010000&receiveEnergyOverhead=101.860000&transmitEnergyCost=514.000000&transmitEnergyOverhead=341.000000````````````, ,
20141126_2027_47, Notification, XTEAM Engine, participant_1, 16, Simulation execution beginning, ,
20141126_2027_53, Design, FLAME Client, participant_1, 19, X`25fea250.79aa4baf.b62be506.e9d1819a`ATTR`Host_GCE`Host`MON::Set [Host]`Aspect=xADLCoreAspect&Position=161.560`bb42af9e.ee894de6.a8870ee2.566cbbfe`Architecture`MON::Model [Architecture]`receiveEnergyCost=150.010000&receiveEnergyOverhead=101.860000&transmitEnergyCost=514.000000&transmitEnergyOverhead=755.000000````````````, ,
20141126_2027_54, Notification, XTEAM Engine, participant_1, 17, Simulation execution beginning, ,
20141126_2028_05, Notification, XTEAM Engine, participant_1, 14, Simulation execution completion, ,
20141126_2028_05, XTEAM, XTEAM Engine, participant_1, , ,
20141126_2028_05, XTEAM, XTEAM Engine, participant_1, , ,
20141126_2028_05, XTEAM, XTEAM Engine, participant_1, , ,
20141126_2028_08, Notification, XTEAM Engine, participant_1, 15, Simulation execution completion, ,
20141126_2028_09, XTEAM, XTEAM Engine, participant_1, , ,
20141126_2028_09, XTEAM, XTEAM Engine, participant_1, , ,
20141126_2028_09, XTEAM, XTEAM Engine, participant_1, , ,
20141126_2028_17, Design, FLAME Client, participant_0, 22, X`3a60805b.3a524f70.a064acd1.88108a11`ATTR`generate`Task`MON::Model [Task]`Aspect=xADLBehaviorAspect&Position=301.259`fd961ab4.712348fe.91a8653d.18529735`Process`MON::Model [Process]`executionTime=7.5&memoryUsage=11000&taskInstruction=nextTask = new Task;|nextTask->getTaskState().value() = 0;|nextTask->getTaskID().value() = taskIDCounter->getNextTaskID().value()++;````````````, ,
20141126_2028_18, Notification, XTEAM Engine, participant_0, 21, Simulation execution beginning, ,
20141126_2028_20, Design, FLAME Client, participant_0, 23, X`3a60805b.3a524f70.a064acd1.88108a11`ATTR`generate`Task`MON::Model [Task]`Aspect=xADLBehaviorAspect&Position=301.259`fd961ab4.712348fe.91a8653d.18529735`Process`MON::Model [Process]`executionTime=7.5&memoryUsage=5500&taskInstruction=nextTask = new Task;|nextTask->getTaskState().value() = 0;|nextTask->getTaskID().value() = taskIDCounter->getNextTaskID().value()++;````````````, ,
20141126_2028_21, Notification, XTEAM Engine, participant_0, 22, Simulation execution beginning, ,
20141126_2028_21, Notification, XTEAM Engine, participant_1, 16, Simulation execution completion, ,
20141126_2028_21, XTEAM, XTEAM Engine, participant_1, , ,
20141126_2028_21, XTEAM, XTEAM Engine, participant_1, , ,
20141126_2028_21, XTEAM, XTEAM Engine, participant_1, , ,
20141126_2028_26, Notification, XTEAM Engine, participant_1, 17, Simulation execution completion, ,
20141126_2028_26, XTEAM, XTEAM Engine, participant_1, , ,
20141126_2028_26, XTEAM, XTEAM Engine, participant_1, , ,
20141126_2028_26, XTEAM, XTEAM Engine, participant_1, , ,
20141126_2028_42, Design, FLAME Client, participant_0, 24, X`de311a94.5ac54159.8e7ae434.321ec71e`ATTR`HostSAT`Host`MON::Set [Host]`Aspect=xADLCoreAspect&Position=1610.497`bb42af9e.ee894de6.a8870ee2.566cbbfe`Architecture`MON::Model [Architecture]`receiveEnergyCost=101.280000&receiveEnergyOverhead=64.990000&transmitEnergyCost=182.000000&transmitEnergyOverhead=429.000000````````````, ,
20141126_2028_43, Notification, XTEAM Engine, participant_0, 23, Simulation execution beginning, ,
20141126_2028_44, Design, FLAME Client, participant_0, 25, X`de311a94.5ac54159.8e7ae434.321ec71e`ATTR`HostSAT`Host`MON::Set [Host]`Aspect=xADLCoreAspect&Position=1610.497`bb42af9e.ee894de6.a8870ee2.566cbbfe`Architecture`MON::Model [Architecture]`receiveEnergyCost=101.280000&receiveEnergyOverhead=64.990000&transmitEnergyCost=182.000000&transmitEnergyOverhead=429217.000000````````````, ,
20141126_2028_45, Notification, XTEAM Engine, participant_0, 24, Simulation execution beginning, ,
20141126_2028_47, Design, FLAME Client, participant_0, 26, X`de311a94.5ac54159.8e7ae434.321ec71e`ATTR`HostSAT`Host`MON::Set [Host]`Aspect=xADLCoreAspect&Position=1610.497`bb42af9e.ee894de6.a8870ee2.566cbbfe`Architecture`MON::Model [Architecture]`receiveEnergyCost=101.280000&receiveEnergyOverhead=64.990000&transmitEnergyCost=182.000000&transmitEnergyOverhead=217.000000````````````, ,
20141126_2028_48, Notification, XTEAM Engine, participant_0, 25, Simulation execution beginning, ,
20141126_2028_53, Notification, XTEAM Engine, participant_0, 21, Simulation execution completion, ,
20141126_2028_53, XTEAM, XTEAM Engine, participant_0, , ,
20141126_2028_53, XTEAM, XTEAM Engine, participant_0, , ,
20141126_2028_53, XTEAM, XTEAM Engine, participant_0, , ,
20141126_2028_56, Notification, XTEAM Engine, participant_0, 22, Simulation execution completion, ,
20141126_2028_56, XTEAM, XTEAM Engine, participant_0, , ,
20141126_2028_56, XTEAM, XTEAM Engine, participant_0, , ,
20141126_2028_56, XTEAM, XTEAM Engine, participant_0, , ,
20141126_2029_18, Notification, XTEAM Engine, participant_0, 23, Simulation execution completion, ,
20141126_2029_18, XTEAM, XTEAM Engine, participant_0, , ,
20141126_2029_18, XTEAM, XTEAM Engine, participant_0, , ,
20141126_2029_18, XTEAM, XTEAM Engine, participant_0, , ,
20141126_2029_21, Notification, XTEAM Engine, participant_0, 24, Simulation execution completion, ,
20141126_2029_21, XTEAM, XTEAM Engine, participant_0, , ,
20141126_2029_21, XTEAM, XTEAM Engine, participant_0, , ,
20141126_2029_21, XTEAM, XTEAM Engine, participant_0, , ,
20141126_2029_23, Notification, XTEAM Engine, participant_0, 25, Simulation execution completion, ,
20141126_2029_23, XTEAM, XTEAM Engine, participant_0, , ,
20141126_2029_23, XTEAM, XTEAM Engine, participant_0, , ,
20141126_2029_23, XTEAM, XTEAM Engine, participant_0, , ,
20141126_2029_58, Design, FLAME Client, participant_1, 20, X`25fea250.79aa4baf.b62be506.e9d1819a`ATTR`Host_GCE`Host`MON::Set [Host]`Aspect=xADLCoreAspect&Position=161.560`bb42af9e.ee894de6.a8870ee2.566cbbfe`Architecture`MON::Model [Architecture]`receiveEnergyCost=150.010000&receiveEnergyOverhead=101.860000&transmitEnergyCost=514.000000&transmitEnergyOverhead=755.000000````````````, ,
20141126_2029_59, Notification, XTEAM Engine, participant_1, 18, Simulation execution beginning, ,
20141126_2030_29, Notification, XTEAM Engine, participant_1, 18, Simulation execution completion, ,
20141126_2030_29, XTEAM, XTEAM Engine, participant_1, , ,
20141126_2030_29, XTEAM, XTEAM Engine, participant_1, , ,
20141126_2030_29, XTEAM, XTEAM Engine, participant_1, , ,
