TIME, Event name, OriginComponent, SenderUsername, EventID, Value, ,
20141121_1509_58, Login, FLAME Client, participant_0, , ,
20141121_1510_01, Login, XTEAM Engine, participant_0, , ,
20141121_1510_46, Login, FLAME Client, participant_1, , ,
20141121_1510_48, Login, XTEAM Engine, participant_1, , ,
20141121_1512_58, Design, FLAME Client, participant_0, 1, X`3f426f4b.6d164164.816fe575.67a4324f`ATTR`generate`Task`MON::Model [Task]`Aspect=xADLBehaviorAspect&Position=301.259`37598ce1.81784bb5.996843e8.1d554a61`Process`MON::Model [Process]`executionTime=7.5&memoryUsage=3&taskInstruction=nextTask = new Task;|nextTask->getTaskState().value() = 0;|nextTask->getTaskID().value() = taskIDCounter->getNextTaskID().value()++;````````````, ,
20141121_1512_59, Notification, XTEAM Engine, participant_0, 1, Simulation execution beginning, ,
20141121_1513_02, Design, FLAME Client, participant_0, 2, X`3f426f4b.6d164164.816fe575.67a4324f`ATTR`generate`Task`MON::Model [Task]`Aspect=xADLBehaviorAspect&Position=301.259`37598ce1.81784bb5.996843e8.1d554a61`Process`MON::Model [Process]`executionTime=7.5&memoryUsage=5500&taskInstruction=nextTask = new Task;|nextTask->getTaskState().value() = 0;|nextTask->getTaskID().value() = taskIDCounter->getNextTaskID().value()++;````````````, ,
20141121_1513_02, Design, FLAME Client, participant_1, 1, X`4c379791.2eea468a.a8abbb1d.e5fba9bb`ATTR`perform`Task`MON::Model [Task]`Aspect=xADLBehaviorAspect&Position=336.217`c270ab26.2fff4b88.bf50a288.2d000ee5`Process`MON::Model [Process]`executionTime=350&memoryUsage=27&taskInstruction=nextResult[thread_id] = new Result;|nextResult[thread_id]->getResultState().value() = 0;|nextResult[thread_id]->getResultID().value() = nextTask[thread_id]->getTaskID().value();|nextResult[thread_id]->getResultValue().value() = 1;````````````, ,
20141121_1513_03, Notification, XTEAM Engine, participant_0, 2, Simulation execution beginning, ,
20141121_1513_03, Notification, XTEAM Engine, participant_1, 1, Simulation execution beginning, ,
20141121_1513_07, Design, FLAME Client, participant_1, 2, X`4c379791.2eea468a.a8abbb1d.e5fba9bb`ATTR`perform`Task`MON::Model [Task]`Aspect=xADLBehaviorAspect&Position=336.217`c270ab26.2fff4b88.bf50a288.2d000ee5`Process`MON::Model [Process]`executionTime=350&memoryUsage=39&taskInstruction=nextResult[thread_id] = new Result;|nextResult[thread_id]->getResultState().value() = 0;|nextResult[thread_id]->getResultID().value() = nextTask[thread_id]->getTaskID().value();|nextResult[thread_id]->getResultValue().value() = 1;````````````, ,
20141121_1513_08, Notification, XTEAM Engine, participant_1, 2, Simulation execution beginning, ,
20141121_1513_23, Design, FLAME Client, participant_0, 3, X`176369f9.b385435c.b2d59a0f.66ba660c`ATTR`Host_SubsetSum`Host`MON::Set [Host]`Aspect=xADLCoreAspect&Position=1610.385`bb42af9e.ee894de6.a8870ee2.566cbbfe`Architecture`MON::Model [Architecture]`receiveEnergyCost=101.280000&receiveEnergyOverhead=64.990000&transmitEnergyCost=182.000000&transmitEnergyOverhead=82.450000````````````, ,
20141121_1513_24, Notification, XTEAM Engine, participant_0, 3, Simulation execution beginning, ,
20141121_1513_25, Design, FLAME Client, participant_1, 3, X`cdc6010e.7cf74d31.85daf3c3.1e9a4be8`ATTR`Host_Client`Host`MON::Set [Host]`Aspect=xADLCoreAspect&Position=28.560`bb42af9e.ee894de6.a8870ee2.566cbbfe`Architecture`MON::Model [Architecture]`receiveEnergyCost=150.010000&receiveEnergyOverhead=101.860000&transmitEnergyCost=312.000000&transmitEnergyOverhead=129.870000````````````, ,
20141121_1513_27, Design, FLAME Client, participant_0, 4, X`176369f9.b385435c.b2d59a0f.66ba660c`ATTR`Host_SubsetSum`Host`MON::Set [Host]`Aspect=xADLCoreAspect&Position=1610.385`bb42af9e.ee894de6.a8870ee2.566cbbfe`Architecture`MON::Model [Architecture]`receiveEnergyCost=101.280000&receiveEnergyOverhead=64.990000&transmitEnergyCost=182.000000&transmitEnergyOverhead=217.000000````````````, ,
20141121_1513_27, Notification, XTEAM Engine, participant_1, 3, Simulation execution beginning, ,
20141121_1513_28, Notification, XTEAM Engine, participant_0, 4, Simulation execution beginning, ,
20141121_1513_32, Design, FLAME Client, participant_1, 4, X`cdc6010e.7cf74d31.85daf3c3.1e9a4be8`ATTR`Host_Client`Host`MON::Set [Host]`Aspect=xADLCoreAspect&Position=28.560`bb42af9e.ee894de6.a8870ee2.566cbbfe`Architecture`MON::Model [Architecture]`receiveEnergyCost=150.010000&receiveEnergyOverhead=101.860000&transmitEnergyCost=312.000000&transmitEnergyOverhead=314.000000````````````, ,
20141121_1513_34, Notification, XTEAM Engine, participant_1, 4, Simulation execution beginning, ,
20141121_1513_42, Notification, XTEAM Engine, participant_0, 1, Simulation execution completion, ,
20141121_1513_42, XTEAM, XTEAM Engine, participant_0, , ,
20141121_1513_42, XTEAM, XTEAM Engine, participant_0, , ,
20141121_1513_42, XTEAM, XTEAM Engine, participant_0, , ,
20141121_1513_46, Notification, XTEAM Engine, participant_1, 1, Simulation execution completion, ,
20141121_1513_46, XTEAM, XTEAM Engine, participant_1, , ,
20141121_1513_46, XTEAM, XTEAM Engine, participant_1, , ,
20141121_1513_46, XTEAM, XTEAM Engine, participant_1, , ,
20141121_1513_47, Notification, XTEAM Engine, participant_0, 2, Simulation execution completion, ,
20141121_1513_47, XTEAM, XTEAM Engine, participant_0, , ,
20141121_1513_47, XTEAM, XTEAM Engine, participant_0, , ,
20141121_1513_47, XTEAM, XTEAM Engine, participant_0, , ,
20141121_1513_49, Notification, XTEAM Engine, participant_1, 2, Simulation execution completion, ,
20141121_1513_49, XTEAM, XTEAM Engine, participant_1, , ,
20141121_1513_49, XTEAM, XTEAM Engine, participant_1, , ,
20141121_1513_49, XTEAM, XTEAM Engine, participant_1, , ,
20141121_1514_01, Notification, XTEAM Engine, participant_1, 3, Simulation execution completion, ,
20141121_1514_01, XTEAM, XTEAM Engine, participant_1, , ,
20141121_1514_01, XTEAM, XTEAM Engine, participant_1, , ,
20141121_1514_01, XTEAM, XTEAM Engine, participant_1, , ,
20141121_1514_01, Notification, XTEAM Engine, participant_0, 3, Simulation execution completion, ,
20141121_1514_01, XTEAM, XTEAM Engine, participant_0, , ,
20141121_1514_01, XTEAM, XTEAM Engine, participant_0, , ,
20141121_1514_01, XTEAM, XTEAM Engine, participant_0, , ,
20141121_1514_02, Notification, XTEAM Engine, participant_0, 4, Simulation execution completion, ,
20141121_1514_02, XTEAM, XTEAM Engine, participant_0, , ,
20141121_1514_02, XTEAM, XTEAM Engine, participant_0, , ,
20141121_1514_02, XTEAM, XTEAM Engine, participant_0, , ,
20141121_1514_07, Notification, XTEAM Engine, participant_1, 4, Simulation execution completion, ,
20141121_1514_07, XTEAM, XTEAM Engine, participant_1, , ,
20141121_1514_07, XTEAM, XTEAM Engine, participant_1, , ,
20141121_1514_07, XTEAM, XTEAM Engine, participant_1, , ,
20141121_1517_44, Snapshot, FLAME Client, participant_0, 5, ,
20141121_1517_45, Notification, XTEAM Engine, participant_1, 5, Simulation execution beginning, ,
20141121_1518_12, Notification, XTEAM Engine, participant_1, 5, Simulation execution completion, ,
20141121_1518_12, XTEAM, XTEAM Engine, participant_1, , ,
20141121_1518_12, XTEAM, XTEAM Engine, participant_1, , ,
20141121_1518_12, XTEAM, XTEAM Engine, participant_1, , ,
20141121_1518_19, Update, FLAME Client, participant_1, 5, ,
20141121_1518_23, Snapshot, FLAME Client, participant_1, 6, ,
20141121_1518_24, Notification, XTEAM Engine, participant_0, 5, Simulation execution beginning, ,
20141121_1518_51, Notification, XTEAM Engine, participant_0, 5, Simulation execution completion, ,
20141121_1518_51, XTEAM, XTEAM Engine, participant_0, , ,
20141121_1518_51, XTEAM, XTEAM Engine, participant_0, , ,
20141121_1518_51, XTEAM, XTEAM Engine, participant_0, , ,
20141121_1518_52, Update, FLAME Client, participant_0, 6, ,
20141121_1520_42, Design, FLAME Client, participant_0, 7, X`3a60805b.3a524f70.a064acd1.88108a11`ATTR`generate`Task`MON::Model [Task]`Aspect=xADLBehaviorAspect&Position=301.259`fd961ab4.712348fe.91a8653d.18529735`Process`MON::Model [Process]`executionTime=7.5&memoryUsage=3&taskInstruction=nextTask = new Task;|nextTask->getTaskState().value() = 0;|nextTask->getTaskID().value() = taskIDCounter->getNextTaskID().value()++;````````````, ,
20141121_1520_43, Notification, XTEAM Engine, participant_0, 6, Simulation execution beginning, ,
20141121_1520_46, Design, FLAME Client, participant_0, 8, X`3a60805b.3a524f70.a064acd1.88108a11`ATTR`generate`Task`MON::Model [Task]`Aspect=xADLBehaviorAspect&Position=301.259`fd961ab4.712348fe.91a8653d.18529735`Process`MON::Model [Process]`executionTime=7.5&memoryUsage=5500&taskInstruction=nextTask = new Task;|nextTask->getTaskState().value() = 0;|nextTask->getTaskID().value() = taskIDCounter->getNextTaskID().value()++;````````````, ,
20141121_1520_47, Notification, XTEAM Engine, participant_0, 7, Simulation execution beginning, ,
20141121_1520_59, Design, FLAME Client, participant_0, 9, X`de311a94.5ac54159.8e7ae434.321ec71e`ATTR`HostSAT`Host`MON::Set [Host]`Aspect=xADLCoreAspect&Position=1610.497`bb42af9e.ee894de6.a8870ee2.566cbbfe`Architecture`MON::Model [Architecture]`receiveEnergyCost=101.280000&receiveEnergyOverhead=64.990000&transmitEnergyCost=182.000000&transmitEnergyOverhead=82.450000````````````, ,
20141121_1521_00, Notification, XTEAM Engine, participant_0, 8, Simulation execution beginning, ,
20141121_1521_04, Design, FLAME Client, participant_0, 10, X`de311a94.5ac54159.8e7ae434.321ec71e`ATTR`HostSAT`Host`MON::Set [Host]`Aspect=xADLCoreAspect&Position=1610.497`bb42af9e.ee894de6.a8870ee2.566cbbfe`Architecture`MON::Model [Architecture]`receiveEnergyCost=101.280000&receiveEnergyOverhead=64.990000&transmitEnergyCost=182.000000&transmitEnergyOverhead=217.000000````````````, ,
20141121_1521_05, Notification, XTEAM Engine, participant_0, 9, Simulation execution beginning, ,
20141121_1521_16, Notification, XTEAM Engine, participant_0, 6, Simulation execution completion, ,
20141121_1521_16, XTEAM, XTEAM Engine, participant_0, , ,
20141121_1521_16, XTEAM, XTEAM Engine, participant_0, , ,
20141121_1521_16, XTEAM, XTEAM Engine, participant_0, , ,
20141121_1521_20, Notification, XTEAM Engine, participant_0, 7, Simulation execution completion, ,
20141121_1521_20, XTEAM, XTEAM Engine, participant_0, , ,
20141121_1521_20, XTEAM, XTEAM Engine, participant_0, , ,
20141121_1521_20, XTEAM, XTEAM Engine, participant_0, , ,
20141121_1521_32, Notification, XTEAM Engine, participant_0, 8, Simulation execution completion, ,
20141121_1521_32, XTEAM, XTEAM Engine, participant_0, , ,
20141121_1521_32, XTEAM, XTEAM Engine, participant_0, , ,
20141121_1521_32, XTEAM, XTEAM Engine, participant_0, , ,
20141121_1521_36, Notification, XTEAM Engine, participant_0, 9, Simulation execution completion, ,
20141121_1521_36, XTEAM, XTEAM Engine, participant_0, , ,
20141121_1521_36, XTEAM, XTEAM Engine, participant_0, , ,
20141121_1521_36, XTEAM, XTEAM Engine, participant_0, , ,
20141121_1523_43, Snapshot, FLAME Client, participant_0, 11, ,
20141121_1523_44, Notification, XTEAM Engine, participant_1, 6, Simulation execution beginning, ,
20141121_1523_48, Design, FLAME Client, participant_1, 7, X`25fea250.79aa4baf.b62be506.e9d1819a`ATTR`Host_GCE`Host`MON::Set [Host]`Aspect=xADLCoreAspect&Position=161.560`bb42af9e.ee894de6.a8870ee2.566cbbfe`Architecture`MON::Model [Architecture]`receiveEnergyCost=150.010000&receiveEnergyOverhead=101.860000&transmitEnergyCost=514.000000&transmitEnergyOverhead=129.870000````````````, ,
20141121_1523_49, Notification, XTEAM Engine, participant_1, 7, Simulation execution beginning, ,
20141121_1523_52, Design, FLAME Client, participant_1, 8, X`25fea250.79aa4baf.b62be506.e9d1819a`ATTR`Host_GCE`Host`MON::Set [Host]`Aspect=xADLCoreAspect&Position=161.560`bb42af9e.ee894de6.a8870ee2.566cbbfe`Architecture`MON::Model [Architecture]`receiveEnergyCost=150.010000&receiveEnergyOverhead=101.860000&transmitEnergyCost=514.000000&transmitEnergyOverhead=755.000000````````````, ,
20141121_1523_53, Notification, XTEAM Engine, participant_1, 8, Simulation execution beginning, ,
20141121_1524_04, Design, FLAME Client, participant_1, 9, X`64e3f498.f1114939.ba695f73.d07188e3`ATTR`perform`Task`MON::Model [Task]`Aspect=xADLBehaviorAspect&Position=308.301`d640f4b9.22e14264.b459176e.af6b895e`Process`MON::Model [Process]`executionTime=200&memoryUsage=27&taskInstruction=nextResult[thread_id] = new Result;|nextResult[thread_id]->getResultState().value() = 0;|nextResult[thread_id]->getResultID().value() = nextTask[thread_id]->getTaskID().value();|nextResult[thread_id]->getResultValue().value() = 1;````````````, ,
20141121_1524_05, Notification, XTEAM Engine, participant_1, 9, Simulation execution beginning, ,
20141121_1524_09, Design, FLAME Client, participant_1, 10, X`64e3f498.f1114939.ba695f73.d07188e3`ATTR`perform`Task`MON::Model [Task]`Aspect=xADLBehaviorAspect&Position=308.301`d640f4b9.22e14264.b459176e.af6b895e`Process`MON::Model [Process]`executionTime=200&memoryUsage=92&taskInstruction=nextResult[thread_id] = new Result;|nextResult[thread_id]->getResultState().value() = 0;|nextResult[thread_id]->getResultID().value() = nextTask[thread_id]->getTaskID().value();|nextResult[thread_id]->getResultValue().value() = 1;````````````, ,
20141121_1524_10, Notification, XTEAM Engine, participant_1, 10, Simulation execution beginning, ,
20141121_1524_18, Notification, XTEAM Engine, participant_1, 6, Simulation execution completion, ,
20141121_1524_18, XTEAM, XTEAM Engine, participant_1, , ,
20141121_1524_18, XTEAM, XTEAM Engine, participant_1, , ,
20141121_1524_18, XTEAM, XTEAM Engine, participant_1, , ,
20141121_1524_25, Notification, XTEAM Engine, participant_1, 7, Simulation execution completion, ,
20141121_1524_25, XTEAM, XTEAM Engine, participant_1, , ,
20141121_1524_25, XTEAM, XTEAM Engine, participant_1, , ,
20141121_1524_25, XTEAM, XTEAM Engine, participant_1, , ,
20141121_1524_29, Notification, XTEAM Engine, participant_1, 8, Simulation execution completion, ,
20141121_1524_29, XTEAM, XTEAM Engine, participant_1, , ,
20141121_1524_29, XTEAM, XTEAM Engine, participant_1, , ,
20141121_1524_29, XTEAM, XTEAM Engine, participant_1, , ,
20141121_1524_38, Notification, XTEAM Engine, participant_1, 9, Simulation execution completion, ,
20141121_1524_38, XTEAM, XTEAM Engine, participant_1, , ,
20141121_1524_38, XTEAM, XTEAM Engine, participant_1, , ,
20141121_1524_38, XTEAM, XTEAM Engine, participant_1, , ,
20141121_1524_44, Notification, XTEAM Engine, participant_1, 10, Simulation execution completion, ,
20141121_1524_44, XTEAM, XTEAM Engine, participant_1, , ,
20141121_1524_44, XTEAM, XTEAM Engine, participant_1, , ,
20141121_1524_44, XTEAM, XTEAM Engine, participant_1, , ,
20141121_1524_51, Update, FLAME Client, participant_1, 11, ,
20141121_1526_53, Design, FLAME Client, participant_0, 12, X`3f426f4b.6d164164.816fe575.67a4324f`ATTR`generate`Task`MON::Model [Task]`Aspect=xADLBehaviorAspect&Position=301.259`37598ce1.81784bb5.996843e8.1d554a61`Process`MON::Model [Process]`executionTime=7.0&memoryUsage=5500&taskInstruction=nextTask = new Task;|nextTask->getTaskState().value() = 0;|nextTask->getTaskID().value() = taskIDCounter->getNextTaskID().value()++;````````````, ,
20141121_1526_54, Notification, XTEAM Engine, participant_0, 10, Simulation execution beginning, ,
20141121_1527_05, Design, FLAME Client, participant_0, 13, X`3f426f4b.6d164164.816fe575.67a4324f`ATTR`generate`Task`MON::Model [Task]`Aspect=xADLBehaviorAspect&Position=301.259`37598ce1.81784bb5.996843e8.1d554a61`Process`MON::Model [Process]`executionTime=7.0&memoryUsage=11000&taskInstruction=nextTask = new Task;|nextTask->getTaskState().value() = 0;|nextTask->getTaskID().value() = taskIDCounter->getNextTaskID().value()++;````````````, ,
20141121_1527_06, Notification, XTEAM Engine, participant_0, 11, Simulation execution beginning, ,
20141121_1527_23, Notification, XTEAM Engine, participant_0, 10, Simulation execution completion, ,
20141121_1527_23, XTEAM, XTEAM Engine, participant_0, , ,
20141121_1527_23, XTEAM, XTEAM Engine, participant_0, , ,
20141121_1527_23, XTEAM, XTEAM Engine, participant_0, , ,
20141121_1527_33, Design, FLAME Client, participant_0, 14, X`176369f9.b385435c.b2d59a0f.66ba660c`ATTR`Host_SubsetSum`Host`MON::Set [Host]`Aspect=xADLCoreAspect&Position=1610.385`bb42af9e.ee894de6.a8870ee2.566cbbfe`Architecture`MON::Model [Architecture]`receiveEnergyCost=101.280000&receiveEnergyOverhead=64.990000&transmitEnergyCost=330.000000&transmitEnergyOverhead=217.000000````````````, ,
20141121_1527_33, Notification, XTEAM Engine, participant_0, 11, Simulation execution completion, ,
20141121_1527_33, XTEAM, XTEAM Engine, participant_0, , ,
20141121_1527_33, XTEAM, XTEAM Engine, participant_0, , ,
20141121_1527_33, XTEAM, XTEAM Engine, participant_0, , ,
20141121_1527_34, Notification, XTEAM Engine, participant_0, 12, Simulation execution beginning, ,
20141121_1527_37, Design, FLAME Client, participant_0, 15, X`176369f9.b385435c.b2d59a0f.66ba660c`ATTR`Host_SubsetSum`Host`MON::Set [Host]`Aspect=xADLCoreAspect&Position=1610.385`bb42af9e.ee894de6.a8870ee2.566cbbfe`Architecture`MON::Model [Architecture]`receiveEnergyCost=101.280000&receiveEnergyOverhead=64.990000&transmitEnergyCost=330.000000&transmitEnergyOverhead=439.000000````````````, ,
20141121_1527_38, Notification, XTEAM Engine, participant_0, 13, Simulation execution beginning, ,
20141121_1527_55, Design, FLAME Client, participant_0, 16, X`176369f9.b385435c.b2d59a0f.66ba660c`ATTR`Host_SubsetSum`Host`MON::Set [Host]`Aspect=xADLCoreAspect&Position=1610.385`bb42af9e.ee894de6.a8870ee2.566cbbfe`Architecture`MON::Model [Architecture]`receiveEnergyCost=101.280000&receiveEnergyOverhead=64.990000&transmitEnergyCost=330.000000&transmitEnergyOverhead=429.000000````````````, ,
20141121_1527_57, Notification, XTEAM Engine, participant_0, 14, Simulation execution beginning, ,
20141121_1528_04, Notification, XTEAM Engine, participant_0, 12, Simulation execution completion, ,
20141121_1528_04, XTEAM, XTEAM Engine, participant_0, , ,
20141121_1528_04, XTEAM, XTEAM Engine, participant_0, , ,
20141121_1528_04, XTEAM, XTEAM Engine, participant_0, , ,
20141121_1528_08, Notification, XTEAM Engine, participant_0, 13, Simulation execution completion, ,
20141121_1528_08, XTEAM, XTEAM Engine, participant_0, , ,
20141121_1528_08, XTEAM, XTEAM Engine, participant_0, , ,
20141121_1528_09, XTEAM, XTEAM Engine, participant_0, , ,
20141121_1528_24, Notification, XTEAM Engine, participant_0, 14, Simulation execution completion, ,
20141121_1528_24, XTEAM, XTEAM Engine, participant_0, , ,
20141121_1528_24, XTEAM, XTEAM Engine, participant_0, , ,
20141121_1528_24, XTEAM, XTEAM Engine, participant_0, , ,
20141121_1528_32, Design, FLAME Client, participant_0, 17, X`3a60805b.3a524f70.a064acd1.88108a11`ATTR`generate`Task`MON::Model [Task]`Aspect=xADLBehaviorAspect&Position=301.259`fd961ab4.712348fe.91a8653d.18529735`Process`MON::Model [Process]`executionTime=7.0&memoryUsage=5500&taskInstruction=nextTask = new Task;|nextTask->getTaskState().value() = 0;|nextTask->getTaskID().value() = taskIDCounter->getNextTaskID().value()++;````````````, ,
20141121_1528_33, Notification, XTEAM Engine, participant_0, 15, Simulation execution beginning, ,
20141121_1528_37, Design, FLAME Client, participant_0, 18, X`3a60805b.3a524f70.a064acd1.88108a11`ATTR`generate`Task`MON::Model [Task]`Aspect=xADLBehaviorAspect&Position=301.259`fd961ab4.712348fe.91a8653d.18529735`Process`MON::Model [Process]`executionTime=7.0&memoryUsage=11000&taskInstruction=nextTask = new Task;|nextTask->getTaskState().value() = 0;|nextTask->getTaskID().value() = taskIDCounter->getNextTaskID().value()++;````````````, ,
20141121_1528_38, Notification, XTEAM Engine, participant_0, 16, Simulation execution beginning, ,
20141121_1528_46, Design, FLAME Client, participant_0, 19, X`de311a94.5ac54159.8e7ae434.321ec71e`ATTR`HostSAT`Host`MON::Set [Host]`Aspect=xADLCoreAspect&Position=1610.497`bb42af9e.ee894de6.a8870ee2.566cbbfe`Architecture`MON::Model [Architecture]`receiveEnergyCost=101.280000&receiveEnergyOverhead=64.990000&transmitEnergyCost=330.000000&transmitEnergyOverhead=217.000000````````````, ,
20141121_1528_48, Notification, XTEAM Engine, participant_0, 17, Simulation execution beginning, ,
20141121_1528_50, Design, FLAME Client, participant_0, 20, X`de311a94.5ac54159.8e7ae434.321ec71e`ATTR`HostSAT`Host`MON::Set [Host]`Aspect=xADLCoreAspect&Position=1610.497`bb42af9e.ee894de6.a8870ee2.566cbbfe`Architecture`MON::Model [Architecture]`receiveEnergyCost=101.280000&receiveEnergyOverhead=64.990000&transmitEnergyCost=330.000000&transmitEnergyOverhead=429.000000````````````, ,
20141121_1528_52, Notification, XTEAM Engine, participant_0, 18, Simulation execution beginning, ,
20141121_1529_06, XTEAM, XTEAM Engine, participant_0, , ,
20141121_1529_06, XTEAM, XTEAM Engine, participant_0, , ,
20141121_1529_06, XTEAM, XTEAM Engine, participant_0, , ,
20141121_1529_06, Notification, XTEAM Engine, participant_0, 15, Simulation execution completion, ,
20141121_1529_12, Notification, XTEAM Engine, participant_0, 16, Simulation execution completion, ,
20141121_1529_12, XTEAM, XTEAM Engine, participant_0, , ,
20141121_1529_12, XTEAM, XTEAM Engine, participant_0, , ,
20141121_1529_12, XTEAM, XTEAM Engine, participant_0, , ,
20141121_1529_20, Notification, XTEAM Engine, participant_0, 17, Simulation execution completion, ,
20141121_1529_20, XTEAM, XTEAM Engine, participant_0, , ,
20141121_1529_20, XTEAM, XTEAM Engine, participant_0, , ,
20141121_1529_20, XTEAM, XTEAM Engine, participant_0, , ,
20141121_1529_21, Design, FLAME Client, participant_0, 21, X`de311a94.5ac54159.8e7ae434.321ec71e`ATTR`HostSAT`Host`MON::Set [Host]`Aspect=xADLCoreAspect&Position=1610.497`bb42af9e.ee894de6.a8870ee2.566cbbfe`Architecture`MON::Model [Architecture]`receiveEnergyCost=101.280000&receiveEnergyOverhead=64.990000&transmitEnergyCost=330.000000&transmitEnergyOverhead=217.000000````````````, ,
20141121_1529_22, Notification, XTEAM Engine, participant_0, 19, Simulation execution beginning, ,
20141121_1529_23, Notification, XTEAM Engine, participant_0, 18, Simulation execution completion, ,
20141121_1529_23, XTEAM, XTEAM Engine, participant_0, , ,
20141121_1529_23, XTEAM, XTEAM Engine, participant_0, , ,
20141121_1529_23, XTEAM, XTEAM Engine, participant_0, , ,
20141121_1529_26, Snapshot, FLAME Client, participant_1, 12, ,
20141121_1529_27, Notification, XTEAM Engine, participant_0, 20, Simulation execution beginning, ,
20141121_1529_29, Design, FLAME Client, participant_0, 22, X`de311a94.5ac54159.8e7ae434.321ec71e`ATTR`HostSAT`Host`MON::Set [Host]`Aspect=xADLCoreAspect&Position=1610.497`bb42af9e.ee894de6.a8870ee2.566cbbfe`Architecture`MON::Model [Architecture]`receiveEnergyCost=101.280000&receiveEnergyOverhead=64.990000&transmitEnergyCost=182.000000&transmitEnergyOverhead=217.000000````````````, ,
20141121_1529_31, Notification, XTEAM Engine, participant_0, 21, Simulation execution beginning, ,
20141121_1529_37, Design, FLAME Client, participant_0, 23, X`3a60805b.3a524f70.a064acd1.88108a11`ATTR`generate`Task`MON::Model [Task]`Aspect=xADLBehaviorAspect&Position=301.259`fd961ab4.712348fe.91a8653d.18529735`Process`MON::Model [Process]`executionTime=7.5&memoryUsage=11000&taskInstruction=nextTask = new Task;|nextTask->getTaskState().value() = 0;|nextTask->getTaskID().value() = taskIDCounter->getNextTaskID().value()++;````````````, ,
20141121_1529_39, Notification, XTEAM Engine, participant_0, 22, Simulation execution beginning, ,
20141121_1529_43, Design, FLAME Client, participant_0, 24, X`3a60805b.3a524f70.a064acd1.88108a11`ATTR`generate`Task`MON::Model [Task]`Aspect=xADLBehaviorAspect&Position=301.259`fd961ab4.712348fe.91a8653d.18529735`Process`MON::Model [Process]`executionTime=7.5&memoryUsage=5500&taskInstruction=nextTask = new Task;|nextTask->getTaskState().value() = 0;|nextTask->getTaskID().value() = taskIDCounter->getNextTaskID().value()++;````````````, ,
20141121_1529_44, Notification, XTEAM Engine, participant_0, 23, Simulation execution beginning, ,
20141121_1529_59, Notification, XTEAM Engine, participant_0, 19, Simulation execution completion, ,
20141121_1529_59, XTEAM, XTEAM Engine, participant_0, , ,
20141121_1529_59, XTEAM, XTEAM Engine, participant_0, , ,
20141121_1529_59, XTEAM, XTEAM Engine, participant_0, , ,
20141121_1530_05, Notification, XTEAM Engine, participant_0, 20, Simulation execution completion, ,
20141121_1530_05, XTEAM, XTEAM Engine, participant_0, , ,
20141121_1530_05, XTEAM, XTEAM Engine, participant_0, , ,
20141121_1530_05, XTEAM, XTEAM Engine, participant_0, , ,
20141121_1530_07, Notification, XTEAM Engine, participant_0, 21, Simulation execution completion, ,
20141121_1530_07, XTEAM, XTEAM Engine, participant_0, , ,
20141121_1530_07, XTEAM, XTEAM Engine, participant_0, , ,
20141121_1530_07, XTEAM, XTEAM Engine, participant_0, , ,
20141121_1530_12, Notification, XTEAM Engine, participant_0, 22, Simulation execution completion, ,
20141121_1530_12, XTEAM, XTEAM Engine, participant_0, , ,
20141121_1530_12, XTEAM, XTEAM Engine, participant_0, , ,
20141121_1530_12, XTEAM, XTEAM Engine, participant_0, , ,
20141121_1530_26, Design, FLAME Client, participant_1, 13, X`cdc6010e.7cf74d31.85daf3c3.1e9a4be8`ATTR`Host_Client`Host`MON::Set [Host]`Aspect=xADLCoreAspect&Position=28.560`bb42af9e.ee894de6.a8870ee2.566cbbfe`Architecture`MON::Model [Architecture]`receiveEnergyCost=150.010000&receiveEnergyOverhead=101.860000&transmitEnergyCost=105.000000&transmitEnergyOverhead=314.000000````````````, ,
20141121_1530_26, Notification, XTEAM Engine, participant_0, 23, Simulation execution completion, ,
20141121_1530_26, XTEAM, XTEAM Engine, participant_0, , ,
20141121_1530_26, XTEAM, XTEAM Engine, participant_0, , ,
20141121_1530_26, XTEAM, XTEAM Engine, participant_0, , ,
20141121_1530_27, Notification, XTEAM Engine, participant_1, 11, Simulation execution beginning, ,
20141121_1530_42, Design, FLAME Client, participant_1, 14, X`cdc6010e.7cf74d31.85daf3c3.1e9a4be8`ATTR`Host_Client`Host`MON::Set [Host]`Aspect=xADLCoreAspect&Position=28.560`bb42af9e.ee894de6.a8870ee2.566cbbfe`Architecture`MON::Model [Architecture]`receiveEnergyCost=150.010000&receiveEnergyOverhead=101.860000&transmitEnergyCost=105.000000&transmitEnergyOverhead=129.870000````````````, ,
20141121_1530_43, Notification, XTEAM Engine, participant_1, 12, Simulation execution beginning, ,
20141121_1530_55, Notification, XTEAM Engine, participant_1, 11, Simulation execution completion, ,
20141121_1530_55, XTEAM, XTEAM Engine, participant_1, , ,
20141121_1530_55, XTEAM, XTEAM Engine, participant_1, , ,
20141121_1530_55, XTEAM, XTEAM Engine, participant_1, , ,
20141121_1530_59, Design, FLAME Client, participant_1, 15, X`4c379791.2eea468a.a8abbb1d.e5fba9bb`ATTR`perform`Task`MON::Model [Task]`Aspect=xADLBehaviorAspect&Position=336.217`c270ab26.2fff4b88.bf50a288.2d000ee5`Process`MON::Model [Process]`executionTime=500&memoryUsage=39&taskInstruction=nextResult[thread_id] = new Result;|nextResult[thread_id]->getResultState().value() = 0;|nextResult[thread_id]->getResultID().value() = nextTask[thread_id]->getTaskID().value();|nextResult[thread_id]->getResultValue().value() = 1;````````````, ,
20141121_1531_00, Notification, XTEAM Engine, participant_1, 13, Simulation execution beginning, ,
20141121_1531_03, Design, FLAME Client, participant_1, 16, X`4c379791.2eea468a.a8abbb1d.e5fba9bb`ATTR`perform`Task`MON::Model [Task]`Aspect=xADLBehaviorAspect&Position=336.217`c270ab26.2fff4b88.bf50a288.2d000ee5`Process`MON::Model [Process]`executionTime=500&memoryUsage=27&taskInstruction=nextResult[thread_id] = new Result;|nextResult[thread_id]->getResultState().value() = 0;|nextResult[thread_id]->getResultID().value() = nextTask[thread_id]->getTaskID().value();|nextResult[thread_id]->getResultValue().value() = 1;````````````, ,
20141121_1531_04, Notification, XTEAM Engine, participant_1, 14, Simulation execution beginning, ,
20141121_1531_12, Notification, XTEAM Engine, participant_1, 12, Simulation execution completion, ,
20141121_1531_12, XTEAM, XTEAM Engine, participant_1, , ,
20141121_1531_12, XTEAM, XTEAM Engine, participant_1, , ,
20141121_1531_12, XTEAM, XTEAM Engine, participant_1, , ,
20141121_1531_29, Notification, XTEAM Engine, participant_1, 13, Simulation execution completion, ,
20141121_1531_29, XTEAM, XTEAM Engine, participant_1, , ,
20141121_1531_29, XTEAM, XTEAM Engine, participant_1, , ,
20141121_1531_29, XTEAM, XTEAM Engine, participant_1, , ,
20141121_1531_32, Notification, XTEAM Engine, participant_1, 14, Simulation execution completion, ,
20141121_1531_32, XTEAM, XTEAM Engine, participant_1, , ,
20141121_1531_32, XTEAM, XTEAM Engine, participant_1, , ,
20141121_1531_32, XTEAM, XTEAM Engine, participant_1, , ,
20141121_1533_48, Design, FLAME Client, participant_0, 25, X`3f426f4b.6d164164.816fe575.67a4324f`ATTR`generate`Task`MON::Model [Task]`Aspect=xADLBehaviorAspect&Position=301.259`37598ce1.81784bb5.996843e8.1d554a61`Process`MON::Model [Process]`executionTime=7.5`&memoryUsage=11000&taskInstruction=nextTask = new Task;|nextTask->getTaskState().value() = 0;|nextTask->getTaskID().value() = taskIDCounter->getNextTaskID().value()++;````````````, ,
20141121_1533_48, Notification, XTEAM Engine, participant_0, 24, Simulation execution beginning, ,
20141121_1533_51, Design, FLAME Client, participant_0, 26, X`3f426f4b.6d164164.816fe575.67a4324f`ATTR`generate`Task`MON::Model [Task]`Aspect=xADLBehaviorAspect&Position=301.259`37598ce1.81784bb5.996843e8.1d554a61`Process`MON::Model [Process]`executionTime=7.5&memoryUsage=11000&taskInstruction=nextTask = new Task;|nextTask->getTaskState().value() = 0;|nextTask->getTaskID().value() = taskIDCounter->getNextTaskID().value()++;````````````, ,
20141121_1533_52, Notification, XTEAM Engine, participant_0, 25, Simulation execution beginning, ,
20141121_1533_58, Design, FLAME Client, participant_0, 27, X`3f426f4b.6d164164.816fe575.67a4324f`ATTR`generate`Task`MON::Model [Task]`Aspect=xADLBehaviorAspect&Position=301.259`37598ce1.81784bb5.996843e8.1d554a61`Process`MON::Model [Process]`executionTime=7.5&memoryUsage=5500&taskInstruction=nextTask = new Task;|nextTask->getTaskState().value() = 0;|nextTask->getTaskID().value() = taskIDCounter->getNextTaskID().value()++;````````````, ,
20141121_1533_59, Notification, XTEAM Engine, participant_0, 26, Simulation execution beginning, ,
20141121_1534_04, Design, FLAME Client, participant_0, 28, X`176369f9.b385435c.b2d59a0f.66ba660c`ATTR`Host_SubsetSum`Host`MON::Set [Host]`Aspect=xADLCoreAspect&Position=1610.385`bb42af9e.ee894de6.a8870ee2.566cbbfe`Architecture`MON::Model [Architecture]`receiveEnergyCost=101.280000&receiveEnergyOverhead=64.990000&transmitEnergyCost=182.000000&transmitEnergyOverhead=429.000000````````````, ,
20141121_1534_05, Notification, XTEAM Engine, participant_0, 27, Simulation execution beginning, ,
20141121_1534_07, Design, FLAME Client, participant_0, 29, X`176369f9.b385435c.b2d59a0f.66ba660c`ATTR`Host_SubsetSum`Host`MON::Set [Host]`Aspect=xADLCoreAspect&Position=1610.385`bb42af9e.ee894de6.a8870ee2.566cbbfe`Architecture`MON::Model [Architecture]`receiveEnergyCost=101.280000&receiveEnergyOverhead=64.990000&transmitEnergyCost=182.000000&transmitEnergyOverhead=217.000000````````````, ,
20141121_1534_09, Notification, XTEAM Engine, participant_0, 28, Simulation execution beginning, ,
20141121_1534_24, Notification, XTEAM Engine, participant_0, 24, Simulation execution completion, ,
20141121_1534_24, XTEAM, XTEAM Engine, participant_0, , ,
20141121_1534_24, XTEAM, XTEAM Engine, participant_0, , ,
20141121_1534_24, XTEAM, XTEAM Engine, participant_0, , ,
20141121_1534_28, Notification, XTEAM Engine, participant_0, 25, Simulation execution completion, ,
20141121_1534_28, XTEAM, XTEAM Engine, participant_0, , ,
20141121_1534_28, XTEAM, XTEAM Engine, participant_0, , ,
20141121_1534_28, XTEAM, XTEAM Engine, participant_0, , ,
20141121_1534_34, Notification, XTEAM Engine, participant_0, 26, Simulation execution completion, ,
20141121_1534_34, XTEAM, XTEAM Engine, participant_0, , ,
20141121_1534_34, XTEAM, XTEAM Engine, participant_0, , ,
20141121_1534_34, XTEAM, XTEAM Engine, participant_0, , ,
20141121_1534_39, Notification, XTEAM Engine, participant_0, 27, Simulation execution completion, ,
20141121_1534_39, XTEAM, XTEAM Engine, participant_0, , ,
20141121_1534_39, XTEAM, XTEAM Engine, participant_0, , ,
20141121_1534_39, XTEAM, XTEAM Engine, participant_0, , ,
20141121_1534_49, Notification, XTEAM Engine, participant_0, 28, Simulation execution completion, ,
20141121_1534_49, XTEAM, XTEAM Engine, participant_0, , ,
20141121_1534_49, XTEAM, XTEAM Engine, participant_0, , ,
20141121_1534_49, XTEAM, XTEAM Engine, participant_0, , ,
20141121_1535_39, Update, FLAME Client, participant_0, 30, ,
20141121_1535_42, Snapshot, FLAME Client, participant_0, 31, ,
20141121_1535_45, Notification, XTEAM Engine, participant_1, 15, Simulation execution beginning, ,
20141121_1536_12, Notification, XTEAM Engine, participant_1, 15, Simulation execution completion, ,
20141121_1536_12, XTEAM, XTEAM Engine, participant_1, , ,
20141121_1536_12, XTEAM, XTEAM Engine, participant_1, , ,
20141121_1536_12, XTEAM, XTEAM Engine, participant_1, , ,
20141121_1536_35, Update, FLAME Client, participant_1, 17, ,
20141121_1536_38, Design, FLAME Client, participant_1, 18, X`3f426f4b.6d164164.816fe575.67a4324f`ATTR`generate`Task`MON::Model [Task]`Aspect=xADLBehaviorAspect&Position=301.259`37598ce1.81784bb5.996843e8.1d554a61`Process`MON::Model [Process]`executionTime=7.5&memoryUsage=11000&taskInstruction=nextTask = new Task;|nextTask->getTaskState().value() = 0;|nextTask->getTaskID().value() = taskIDCounter->getNextTaskID().value()++;````````````, ,
20141121_1536_38, Notification, XTEAM Engine, participant_1, 16, Simulation execution beginning, ,
20141121_1537_06, Notification, XTEAM Engine, participant_1, 16, Simulation execution completion, ,
20141121_1537_06, XTEAM, XTEAM Engine, participant_1, , ,
20141121_1537_06, XTEAM, XTEAM Engine, participant_1, , ,
20141121_1537_06, XTEAM, XTEAM Engine, participant_1, , ,
20141121_1539_28, Design, FLAME Client, participant_1, 19, X`cdc6010e.7cf74d31.85daf3c3.1e9a4be8`ATTR`Host_Client`Host`MON::Set [Host]`Aspect=xADLCoreAspect&Position=28.560`bb42af9e.ee894de6.a8870ee2.566cbbfe`Architecture`MON::Model [Architecture]`receiveEnergyCost=150.010000&receiveEnergyOverhead=101.860000&transmitEnergyCost=312.000000&transmitEnergyOverhead=129.870000````````````, ,
20141121_1539_29, Notification, XTEAM Engine, participant_1, 17, Simulation execution beginning, ,
20141121_1539_31, Design, FLAME Client, participant_1, 20, X`cdc6010e.7cf74d31.85daf3c3.1e9a4be8`ATTR`Host_Client`Host`MON::Set [Host]`Aspect=xADLCoreAspect&Position=28.560`bb42af9e.ee894de6.a8870ee2.566cbbfe`Architecture`MON::Model [Architecture]`receiveEnergyCost=150.010000&receiveEnergyOverhead=101.860000&transmitEnergyCost=312.000000&transmitEnergyOverhead=341.000000````````````, ,
20141121_1539_32, Notification, XTEAM Engine, participant_1, 18, Simulation execution beginning, ,
20141121_1539_58, Notification, XTEAM Engine, participant_1, 17, Simulation execution completion, ,
20141121_1539_58, XTEAM, XTEAM Engine, participant_1, , ,
20141121_1539_58, XTEAM, XTEAM Engine, participant_1, , ,
20141121_1539_58, XTEAM, XTEAM Engine, participant_1, , ,
20141121_1540_01, Notification, XTEAM Engine, participant_1, 18, Simulation execution completion, ,
20141121_1540_01, XTEAM, XTEAM Engine, participant_1, , ,
20141121_1540_01, XTEAM, XTEAM Engine, participant_1, , ,
20141121_1540_01, XTEAM, XTEAM Engine, participant_1, , ,
20141121_1540_08, Design, FLAME Client, participant_1, 21, X`4c379791.2eea468a.a8abbb1d.e5fba9bb`ATTR`perform`Task`MON::Model [Task]`Aspect=xADLBehaviorAspect&Position=336.217`c270ab26.2fff4b88.bf50a288.2d000ee5`Process`MON::Model [Process]`executionTime=350&memoryUsage=27&taskInstruction=nextResult[thread_id] = new Result;|nextResult[thread_id]->getResultState().value() = 0;|nextResult[thread_id]->getResultID().value() = nextTask[thread_id]->getTaskID().value();|nextResult[thread_id]->getResultValue().value() = 1;````````````, ,
20141121_1540_09, Notification, XTEAM Engine, participant_1, 19, Simulation execution beginning, ,
20141121_1540_11, Design, FLAME Client, participant_1, 22, X`4c379791.2eea468a.a8abbb1d.e5fba9bb`ATTR`perform`Task`MON::Model [Task]`Aspect=xADLBehaviorAspect&Position=336.217`c270ab26.2fff4b88.bf50a288.2d000ee5`Process`MON::Model [Process]`executionTime=350&memoryUsage=39&taskInstruction=nextResult[thread_id] = new Result;|nextResult[thread_id]->getResultState().value() = 0;|nextResult[thread_id]->getResultID().value() = nextTask[thread_id]->getTaskID().value();|nextResult[thread_id]->getResultValue().value() = 1;````````````, ,
20141121_1540_12, Notification, XTEAM Engine, participant_1, 20, Simulation execution beginning, ,
20141121_1540_37, Notification, XTEAM Engine, participant_1, 19, Simulation execution completion, ,
20141121_1540_37, XTEAM, XTEAM Engine, participant_1, , ,
20141121_1540_37, XTEAM, XTEAM Engine, participant_1, , ,
20141121_1540_37, XTEAM, XTEAM Engine, participant_1, , ,
20141121_1540_39, Notification, XTEAM Engine, participant_1, 20, Simulation execution completion, ,
20141121_1540_39, XTEAM, XTEAM Engine, participant_1, , ,
20141121_1540_39, XTEAM, XTEAM Engine, participant_1, , ,
20141121_1540_39, XTEAM, XTEAM Engine, participant_1, , ,
