TIME, Event name, OriginComponent, SenderUsername, EventID, Value, ,
20140328_1618_48, Login, XTEAM Engine, MRSV, , ,
20140328_1619_35, Login, CoWare XTEAM Client, participant_0, , ,
20140328_1619_46, Login, CoWare XTEAM Client, participant_1, , ,
20140328_1621_28, Design, CoWare XTEAM Client, participant_0, 1, X`6df3efcd.2cf84c1d.af0a3de9.d8d1b037`ATTR`forward`Task`MON::Model [Task]`Aspect=xADLBehaviorAspect&Position=210.175`8d4e3966.27504132.8916ca0e.7f20a4ca`Process`MON::Model [Process]`executionTime=8&memoryUsage=1&taskInstruction=````````````, ,
20140328_1621_29, Notification, XTEAM Engine, MRSV, 1, Simulation execution beginning, ,
20140328_1621_35, Design, CoWare XTEAM Client, participant_0, 2, X`6df3efcd.2cf84c1d.af0a3de9.d8d1b037`ATTR`forward`Task`MON::Model [Task]`Aspect=xADLBehaviorAspect&Position=210.175`8d4e3966.27504132.8916ca0e.7f20a4ca`Process`MON::Model [Process]`executionTime=8&memoryUsage=10&taskInstruction=````````````, ,
20140328_1621_39, Notification, XTEAM Engine, MRSV, 2, Simulation execution beginning, ,
20140328_1621_58, Notification, XTEAM Engine, MRSV, 1, Simulation execution completion, ,
20140328_1621_58, XTEAM, XTEAM Engine, MRSV, , ,
20140328_1621_58, XTEAM, XTEAM Engine, MRSV, , ,
20140328_1621_58, XTEAM, XTEAM Engine, MRSV, , ,
20140328_1622_05, Notification, XTEAM Engine, MRSV, 2, Simulation execution completion, ,
20140328_1622_05, XTEAM, XTEAM Engine, MRSV, , ,
20140328_1622_05, XTEAM, XTEAM Engine, MRSV, , ,
20140328_1622_05, XTEAM, XTEAM Engine, MRSV, , ,
20140328_1622_14, Design, CoWare XTEAM Client, participant_0, 3, X`cc6f3a99.39734696.be3c4499.34632100`ATTR`Host_Salinity`Host`MON::Set [Host]`Aspect=xADLCoreAspect&Position=966.763`53c8e4c.6bec48b1.8f5efd8e.55e34f54`Architecture`MON::Model [Architecture]`receiveEnergyCost=13.000000&receiveEnergyOverhead=45.000000&transmitEnergyCost=12.000000&transmitEnergyOverhead=40.000000````````````, ,
20140328_1622_15, Notification, XTEAM Engine, MRSV, 3, Simulation execution beginning, ,
20140328_1622_18, Design, CoWare XTEAM Client, participant_1, 1, X`e55df4ad.b7b04257.9e120182.ced0a272`ATTR`generate`Task`MON::Model [Task]`Aspect=xADLBehaviorAspect&Position=189.196`6de1d551.703f4069.85034d03.9388b013`Process`MON::Model [Process]`executionTime=5&memoryUsage=3&taskInstruction=nextRequest = new Request;|nextRequest->getRequestKind().value() = "Temperature";````````````, ,
20140328_1622_19, Notification, XTEAM Engine, MRSV, 4, Simulation execution beginning, ,
20140328_1622_22, Design, CoWare XTEAM Client, participant_1, 2, X`e55df4ad.b7b04257.9e120182.ced0a272`ATTR`generate`Task`MON::Model [Task]`Aspect=xADLBehaviorAspect&Position=189.196`6de1d551.703f4069.85034d03.9388b013`Process`MON::Model [Process]`executionTime=5&memoryUsage=250&taskInstruction=nextRequest = new Request;|nextRequest->getRequestKind().value() = "Temperature";````````````, ,
20140328_1622_23, Design, CoWare XTEAM Client, participant_0, 4, X`cc6f3a99.39734696.be3c4499.34632100`ATTR`Host_Salinity`Host`MON::Set [Host]`Aspect=xADLCoreAspect&Position=966.763`53c8e4c.6bec48b1.8f5efd8e.55e34f54`Architecture`MON::Model [Architecture]`receiveEnergyCost=20.000000&receiveEnergyOverhead=45.000000&transmitEnergyCost=12.000000&transmitEnergyOverhead=40.000000````````````, ,
20140328_1622_26, Notification, XTEAM Engine, MRSV, 5, Simulation execution beginning, ,
20140328_1622_27, Notification, XTEAM Engine, MRSV, 6, Simulation execution beginning, ,
20140328_1622_27, Design, CoWare XTEAM Client, participant_0, 5, X`cc6f3a99.39734696.be3c4499.34632100`ATTR`Host_Salinity`Host`MON::Set [Host]`Aspect=xADLCoreAspect&Position=966.763`53c8e4c.6bec48b1.8f5efd8e.55e34f54`Architecture`MON::Model [Architecture]`receiveEnergyCost=20.000000&receiveEnergyOverhead=70.000000&transmitEnergyCost=12.000000&transmitEnergyOverhead=40.000000````````````, ,
20140328_1622_31, Design, CoWare XTEAM Client, participant_1, 3, X`38aa871.eb549bc.aabb5f5f.9a0c5f7d`ATTR`generate`Task`MON::Model [Task]`Aspect=xADLBehaviorAspect&Position=189.196`9f0c917a.d5e346fb.857fc403.69d41261`Process`MON::Model [Process]`executionTime=5&memoryUsage=3&taskInstruction=nextRequest = new Request;|nextRequest->getRequestKind().value() = "Temperature";````````````, ,
20140328_1622_34, Notification, XTEAM Engine, MRSV, 7, Simulation execution beginning, ,
20140328_1622_35, Design, CoWare XTEAM Client, participant_1, 4, X`38aa871.eb549bc.aabb5f5f.9a0c5f7d`ATTR`generate`Task`MON::Model [Task]`Aspect=xADLBehaviorAspect&Position=189.196`9f0c917a.d5e346fb.857fc403.69d41261`Process`MON::Model [Process]`executionTime=5&memoryUsage=250&taskInstruction=nextRequest = new Request;|nextRequest->getRequestKind().value() = "Temperature";````````````, ,
20140328_1622_41, Notification, XTEAM Engine, MRSV, 8, Simulation execution beginning, ,
20140328_1622_41, Design, CoWare XTEAM Client, participant_1, 5, X`2442e05e.7e534432.a652495a.4a8032a9`ATTR`generate`Task`MON::Model [Task]`Aspect=xADLBehaviorAspect&Position=189.196`ee842d2c.6fbd409b.b93189f8.bce88a2b`Process`MON::Model [Process]`executionTime=5&memoryUsage=3&taskInstruction=nextRequest = new Request;|nextRequest->getRequestKind().value() = "Temperature";````````````, ,
20140328_1622_47, Notification, XTEAM Engine, MRSV, 9, Simulation execution beginning, ,
20140328_1622_49, Design, CoWare XTEAM Client, participant_1, 6, X`2442e05e.7e534432.a652495a.4a8032a9`ATTR`generate`Task`MON::Model [Task]`Aspect=xADLBehaviorAspect&Position=189.196`ee842d2c.6fbd409b.b93189f8.bce88a2b`Process`MON::Model [Process]`executionTime=5&memoryUsage=250&taskInstruction=nextRequest = new Request;|nextRequest->getRequestKind().value() = "Temperature";````````````, ,
20140328_1622_49, Notification, XTEAM Engine, MRSV, 10, Simulation execution beginning, ,
20140328_1622_52, Notification, XTEAM Engine, MRSV, 11, Simulation execution beginning, ,
20140328_1623_02, Notification, XTEAM Engine, MRSV, 3, Simulation execution completion, ,
20140328_1623_02, XTEAM, XTEAM Engine, MRSV, , ,
20140328_1623_02, XTEAM, XTEAM Engine, MRSV, , ,
20140328_1623_02, XTEAM, XTEAM Engine, MRSV, , ,
20140328_1623_05, Notification, XTEAM Engine, MRSV, 4, Simulation execution completion, ,
20140328_1623_05, XTEAM, XTEAM Engine, MRSV, , ,
20140328_1623_05, XTEAM, XTEAM Engine, MRSV, , ,
20140328_1623_05, XTEAM, XTEAM Engine, MRSV, , ,
20140328_1623_06, Design, CoWare XTEAM Client, participant_1, 7, X`3709314b.7a93486e.8dc9b26c.f4772d70`ATTR`Host_1`Host`MON::Set [Host]`Aspect=xADLCoreAspect&Position=42.49`53c8e4c.6bec48b1.8f5efd8e.55e34f54`Architecture`MON::Model [Architecture]`receiveEnergyCost=18.000000&receiveEnergyOverhead=48.000000&transmitEnergyCost=50.000000&transmitEnergyOverhead=45.000000````````````, ,
20140328_1623_07, Notification, XTEAM Engine, MRSV, 12, Simulation execution beginning, ,
20140328_1623_11, Design, CoWare XTEAM Client, participant_1, 8, X`3709314b.7a93486e.8dc9b26c.f4772d70`ATTR`Host_1`Host`MON::Set [Host]`Aspect=xADLCoreAspect&Position=42.49`53c8e4c.6bec48b1.8f5efd8e.55e34f54`Architecture`MON::Model [Architecture]`receiveEnergyCost=18.000000&receiveEnergyOverhead=48.000000&transmitEnergyCost=50.000000&transmitEnergyOverhead=200.000000````````````, ,
20140328_1623_11, Notification, XTEAM Engine, MRSV, 6, Simulation execution completion, ,
20140328_1623_11, XTEAM, XTEAM Engine, MRSV, , ,
20140328_1623_11, XTEAM, XTEAM Engine, MRSV, , ,
20140328_1623_11, XTEAM, XTEAM Engine, MRSV, , ,
20140328_1623_12, Notification, XTEAM Engine, MRSV, 5, Simulation execution completion, ,
20140328_1623_12, XTEAM, XTEAM Engine, MRSV, , ,
20140328_1623_12, XTEAM, XTEAM Engine, MRSV, , ,
20140328_1623_12, XTEAM, XTEAM Engine, MRSV, , ,
20140328_1623_12, Notification, XTEAM Engine, MRSV, 13, Simulation execution beginning, ,
20140328_1623_16, Design, CoWare XTEAM Client, participant_1, 9, X`3709314b.7a93486e.8dc9b26c.f4772d70`ATTR`Host_1`Host`MON::Set [Host]`Aspect=xADLCoreAspect&Position=42.49`53c8e4c.6bec48b1.8f5efd8e.55e34f54`Architecture`MON::Model [Architecture]`receiveEnergyCost=65.000000&receiveEnergyOverhead=48.000000&transmitEnergyCost=50.000000&transmitEnergyOverhead=200.000000````````````, ,
20140328_1623_17, Notification, XTEAM Engine, MRSV, 9, Simulation execution completion, ,
20140328_1623_17, XTEAM, XTEAM Engine, MRSV, , ,
20140328_1623_17, XTEAM, XTEAM Engine, MRSV, , ,
20140328_1623_17, XTEAM, XTEAM Engine, MRSV, , ,
20140328_1623_20, Notification, XTEAM Engine, MRSV, 14, Simulation execution beginning, ,
20140328_1623_21, Notification, XTEAM Engine, MRSV, 10, Simulation execution completion, ,
20140328_1623_21, XTEAM, XTEAM Engine, MRSV, , ,
20140328_1623_21, XTEAM, XTEAM Engine, MRSV, , ,
20140328_1623_21, XTEAM, XTEAM Engine, MRSV, , ,
20140328_1623_22, Design, CoWare XTEAM Client, participant_1, 10, X`3709314b.7a93486e.8dc9b26c.f4772d70`ATTR`Host_1`Host`MON::Set [Host]`Aspect=xADLCoreAspect&Position=42.49`53c8e4c.6bec48b1.8f5efd8e.55e34f54`Architecture`MON::Model [Architecture]`receiveEnergyCost=65.000000&receiveEnergyOverhead=240.000000&transmitEnergyCost=50.000000&transmitEnergyOverhead=200.000000````````````, ,
20140328_1623_23, Notification, XTEAM Engine, MRSV, 15, Simulation execution beginning, ,
20140328_1623_27, Design, CoWare XTEAM Client, participant_1, 11, X`1d380676.204a4521.b3bb7c52.2bae3451`ATTR`Host_2`Host`MON::Set [Host]`Aspect=xADLCoreAspect&Position=42.350`53c8e4c.6bec48b1.8f5efd8e.55e34f54`Architecture`MON::Model [Architecture]`receiveEnergyCost=18.000000&receiveEnergyOverhead=48.000000&transmitEnergyCost=50.000000&transmitEnergyOverhead=45.000000````````````, ,
20140328_1623_27, Notification, XTEAM Engine, MRSV, 11, Simulation execution completion, ,
20140328_1623_27, XTEAM, XTEAM Engine, MRSV, , ,
20140328_1623_27, XTEAM, XTEAM Engine, MRSV, , ,
20140328_1623_27, XTEAM, XTEAM Engine, MRSV, , ,
20140328_1623_27, XTEAM, XTEAM Engine, MRSV, , ,
20140328_1623_27, XTEAM, XTEAM Engine, MRSV, , ,
20140328_1623_27, Notification, XTEAM Engine, MRSV, 7, Simulation execution completion, ,
20140328_1623_27, XTEAM, XTEAM Engine, MRSV, , ,
20140328_1623_29, Notification, XTEAM Engine, MRSV, 8, Simulation execution completion, ,
20140328_1623_29, XTEAM, XTEAM Engine, MRSV, , ,
20140328_1623_29, XTEAM, XTEAM Engine, MRSV, , ,
20140328_1623_29, XTEAM, XTEAM Engine, MRSV, , ,
20140328_1623_31, Design, CoWare XTEAM Client, participant_1, 12, X`1d380676.204a4521.b3bb7c52.2bae3451`ATTR`Host_2`Host`MON::Set [Host]`Aspect=xADLCoreAspect&Position=42.350`53c8e4c.6bec48b1.8f5efd8e.55e34f54`Architecture`MON::Model [Architecture]`receiveEnergyCost=18.000000&receiveEnergyOverhead=48.000000&transmitEnergyCost=50.000000&transmitEnergyOverhead=200.000000````````````, ,
20140328_1623_33, Notification, XTEAM Engine, MRSV, 16, Simulation execution beginning, ,
20140328_1623_35, Notification, XTEAM Engine, MRSV, 17, Simulation execution beginning, ,
20140328_1623_36, Design, CoWare XTEAM Client, participant_1, 13, X`1d380676.204a4521.b3bb7c52.2bae3451`ATTR`Host_2`Host`MON::Set [Host]`Aspect=xADLCoreAspect&Position=42.350`53c8e4c.6bec48b1.8f5efd8e.55e34f54`Architecture`MON::Model [Architecture]`receiveEnergyCost=65.000000&receiveEnergyOverhead=48.000000&transmitEnergyCost=50.000000&transmitEnergyOverhead=200.000000````````````, ,
20140328_1623_38, Notification, XTEAM Engine, MRSV, 18, Simulation execution beginning, ,
20140328_1623_42, Design, CoWare XTEAM Client, participant_1, 14, X`1d380676.204a4521.b3bb7c52.2bae3451`ATTR`Host_2`Host`MON::Set [Host]`Aspect=xADLCoreAspect&Position=42.350`53c8e4c.6bec48b1.8f5efd8e.55e34f54`Architecture`MON::Model [Architecture]`receiveEnergyCost=65.000000&receiveEnergyOverhead=240.000000&transmitEnergyCost=50.000000&transmitEnergyOverhead=200.000000````````````, ,
20140328_1623_43, Notification, XTEAM Engine, MRSV, 12, Simulation execution completion, ,
20140328_1623_43, XTEAM, XTEAM Engine, MRSV, , ,
20140328_1623_43, XTEAM, XTEAM Engine, MRSV, , ,
20140328_1623_43, XTEAM, XTEAM Engine, MRSV, , ,
20140328_1623_43, Notification, XTEAM Engine, MRSV, 19, Simulation execution beginning, ,
20140328_1623_48, Notification, XTEAM Engine, MRSV, 13, Simulation execution completion, ,
20140328_1623_48, XTEAM, XTEAM Engine, MRSV, , ,
20140328_1623_48, XTEAM, XTEAM Engine, MRSV, , ,
20140328_1623_48, XTEAM, XTEAM Engine, MRSV, , ,
20140328_1623_49, Design, CoWare XTEAM Client, participant_1, 15, X`6f385993.f08a4164.b815faa2.88dc52fb`ATTR`Host_3`Host`MON::Set [Host]`Aspect=xADLCoreAspect&Position=42.630`53c8e4c.6bec48b1.8f5efd8e.55e34f54`Architecture`MON::Model [Architecture]`receiveEnergyCost=18.000000&receiveEnergyOverhead=48.000000&transmitEnergyCost=60.000000&transmitEnergyOverhead=45.000000````````````, ,
20140328_1623_50, Design, CoWare XTEAM Client, participant_0, 6, X`f603f85b.e43844a4.b3627b58.f951dcdf`ATTR`Host_Temp`Host`MON::Set [Host]`Aspect=xADLCoreAspect&Position=1106.763`53c8e4c.6bec48b1.8f5efd8e.55e34f54`Architecture`MON::Model [Architecture]`receiveEnergyCost=13.000000&receiveEnergyOverhead=45.000000&transmitEnergyCost=12.000000&transmitEnergyOverhead=40.000000````````````, ,
20140328_1623_50, Notification, XTEAM Engine, MRSV, 20, Simulation execution beginning, ,
20140328_1623_52, Notification, XTEAM Engine, MRSV, 21, Simulation execution beginning, ,
20140328_1623_52, Notification, XTEAM Engine, MRSV, 14, Simulation execution completion, ,
20140328_1623_52, XTEAM, XTEAM Engine, MRSV, , ,
20140328_1623_52, XTEAM, XTEAM Engine, MRSV, , ,
20140328_1623_52, XTEAM, XTEAM Engine, MRSV, , ,
20140328_1623_53, Design, CoWare XTEAM Client, participant_1, 16, X`6f385993.f08a4164.b815faa2.88dc52fb`ATTR`Host_3`Host`MON::Set [Host]`Aspect=xADLCoreAspect&Position=42.630`53c8e4c.6bec48b1.8f5efd8e.55e34f54`Architecture`MON::Model [Architecture]`receiveEnergyCost=18.000000&receiveEnergyOverhead=48.000000&transmitEnergyCost=60.000000&transmitEnergyOverhead=200.000000````````````, ,
20140328_1623_54, Notification, XTEAM Engine, MRSV, 22, Simulation execution beginning, ,
20140328_1624_00, Design, CoWare XTEAM Client, participant_1, 17, X`6f385993.f08a4164.b815faa2.88dc52fb`ATTR`Host_3`Host`MON::Set [Host]`Aspect=xADLCoreAspect&Position=42.630`53c8e4c.6bec48b1.8f5efd8e.55e34f54`Architecture`MON::Model [Architecture]`receiveEnergyCost=65.000000&receiveEnergyOverhead=48.000000&transmitEnergyCost=60.000000&transmitEnergyOverhead=200.000000````````````, ,
20140328_1624_01, Design, CoWare XTEAM Client, participant_0, 7, X`f603f85b.e43844a4.b3627b58.f951dcdf`ATTR`Host_Temp`Host`MON::Set [Host]`Aspect=xADLCoreAspect&Position=1106.763`53c8e4c.6bec48b1.8f5efd8e.55e34f54`Architecture`MON::Model [Architecture]`receiveEnergyCost=13.000000&receiveEnergyOverhead=45.000000&transmitEnergyCost=12.000000&transmitEnergyOverhead=40.000000````````````, ,
20140328_1624_01, Notification, XTEAM Engine, MRSV, 15, Simulation execution completion, ,
20140328_1624_01, XTEAM, XTEAM Engine, MRSV, , ,
20140328_1624_01, XTEAM, XTEAM Engine, MRSV, , ,
20140328_1624_01, XTEAM, XTEAM Engine, MRSV, , ,
20140328_1624_02, Notification, XTEAM Engine, MRSV, 23, Simulation execution beginning, ,
20140328_1624_04, Design, CoWare XTEAM Client, participant_1, 18, X`6f385993.f08a4164.b815faa2.88dc52fb`ATTR`Host_3`Host`MON::Set [Host]`Aspect=xADLCoreAspect&Position=42.630`53c8e4c.6bec48b1.8f5efd8e.55e34f54`Architecture`MON::Model [Architecture]`receiveEnergyCost=65.000000&receiveEnergyOverhead=240.000000&transmitEnergyCost=60.000000&transmitEnergyOverhead=200.000000````````````, ,
20140328_1624_04, Notification, XTEAM Engine, MRSV, 24, Simulation execution beginning, ,
20140328_1624_06, Design, CoWare XTEAM Client, participant_0, 8, X`f603f85b.e43844a4.b3627b58.f951dcdf`ATTR`Host_Temp`Host`MON::Set [Host]`Aspect=xADLCoreAspect&Position=1106.763`53c8e4c.6bec48b1.8f5efd8e.55e34f54`Architecture`MON::Model [Architecture]`receiveEnergyCost=13.000000&receiveEnergyOverhead=45.000000&transmitEnergyCost=11.000000&transmitEnergyOverhead=40.000000````````````, ,
20140328_1624_06, Notification, XTEAM Engine, MRSV, 25, Simulation execution beginning, ,
20140328_1624_11, Notification, XTEAM Engine, MRSV, 16, Simulation execution completion, ,
20140328_1624_11, XTEAM, XTEAM Engine, MRSV, , ,
20140328_1624_11, XTEAM, XTEAM Engine, MRSV, , ,
20140328_1624_11, XTEAM, XTEAM Engine, MRSV, , ,
20140328_1624_12, Notification, XTEAM Engine, MRSV, 26, Simulation execution beginning, ,
20140328_1624_14, Notification, XTEAM Engine, MRSV, 17, Simulation execution completion, ,
20140328_1624_14, XTEAM, XTEAM Engine, MRSV, , ,
20140328_1624_14, XTEAM, XTEAM Engine, MRSV, , ,
20140328_1624_14, XTEAM, XTEAM Engine, MRSV, , ,
20140328_1624_16, Notification, XTEAM Engine, MRSV, 18, Simulation execution completion, ,
20140328_1624_16, XTEAM, XTEAM Engine, MRSV, , ,
20140328_1624_16, XTEAM, XTEAM Engine, MRSV, , ,
20140328_1624_16, XTEAM, XTEAM Engine, MRSV, , ,
20140328_1624_23, Design, CoWare XTEAM Client, participant_0, 9, X`eec7f9c9.1784843.b60f6ad7.567442c3`ATTR`forward`Task`MON::Model [Task]`Aspect=xADLBehaviorAspect&Position=210.175`b5927af2.87f40c0.a7d3e064.f2210e35`Process`MON::Model [Process]`executionTime=0&memoryUsage=10&taskInstruction=````````````, ,
20140328_1624_24, Notification, XTEAM Engine, MRSV, 20, Simulation execution completion, ,
20140328_1624_24, XTEAM, XTEAM Engine, MRSV, , ,
20140328_1624_24, XTEAM, XTEAM Engine, MRSV, , ,
20140328_1624_24, XTEAM, XTEAM Engine, MRSV, , ,
20140328_1624_27, Notification, XTEAM Engine, MRSV, 27, Simulation execution beginning, ,
20140328_1624_39, Notification, XTEAM Engine, MRSV, 21, Simulation execution completion, ,
20140328_1624_39, XTEAM, XTEAM Engine, MRSV, , ,
20140328_1624_39, XTEAM, XTEAM Engine, MRSV, , ,
20140328_1624_39, XTEAM, XTEAM Engine, MRSV, , ,
20140328_1624_39, Notification, XTEAM Engine, MRSV, 19, Simulation execution completion, ,
20140328_1624_39, XTEAM, XTEAM Engine, MRSV, , ,
20140328_1624_39, XTEAM, XTEAM Engine, MRSV, , ,
20140328_1624_39, XTEAM, XTEAM Engine, MRSV, , ,
20140328_1624_39, Notification, XTEAM Engine, MRSV, 22, Simulation execution completion, ,
20140328_1624_39, XTEAM, XTEAM Engine, MRSV, , ,
20140328_1624_39, XTEAM, XTEAM Engine, MRSV, , ,
20140328_1624_39, XTEAM, XTEAM Engine, MRSV, , ,
20140328_1624_48, Notification, XTEAM Engine, MRSV, 24, Simulation execution completion, ,
20140328_1624_48, XTEAM, XTEAM Engine, MRSV, , ,
20140328_1624_48, XTEAM, XTEAM Engine, MRSV, , ,
20140328_1624_48, XTEAM, XTEAM Engine, MRSV, , ,
20140328_1624_49, Notification, XTEAM Engine, MRSV, 25, Simulation execution completion, ,
20140328_1624_49, XTEAM, XTEAM Engine, MRSV, , ,
20140328_1624_49, XTEAM, XTEAM Engine, MRSV, , ,
20140328_1624_49, XTEAM, XTEAM Engine, MRSV, , ,
20140328_1624_49, Notification, XTEAM Engine, MRSV, 23, Simulation execution completion, ,
20140328_1624_49, XTEAM, XTEAM Engine, MRSV, , ,
20140328_1624_49, XTEAM, XTEAM Engine, MRSV, , ,
20140328_1624_49, XTEAM, XTEAM Engine, MRSV, , ,
20140328_1624_49, Design, CoWare XTEAM Client, participant_0, 10, X`eec7f9c9.1784843.b60f6ad7.567442c3`ATTR`forward`Task`MON::Model [Task]`Aspect=xADLBehaviorAspect&Position=210.175`b5927af2.87f40c0.a7d3e064.f2210e35`Process`MON::Model [Process]`executionTime=8&memoryUsage=10&taskInstruction=````````````, ,
20140328_1624_50, Notification, XTEAM Engine, MRSV, 28, Simulation execution beginning, ,
20140328_1624_53, Notification, XTEAM Engine, MRSV, 26, Simulation execution completion, ,
20140328_1624_53, XTEAM, XTEAM Engine, MRSV, , ,
20140328_1624_53, XTEAM, XTEAM Engine, MRSV, , ,
20140328_1624_53, XTEAM, XTEAM Engine, MRSV, , ,
20140328_1625_00, Notification, XTEAM Engine, MRSV, 27, Simulation execution completion, ,
20140328_1625_00, XTEAM, XTEAM Engine, MRSV, , ,
20140328_1625_00, XTEAM, XTEAM Engine, MRSV, , ,
20140328_1625_00, XTEAM, XTEAM Engine, MRSV, , ,
20140328_1625_14, Notification, XTEAM Engine, MRSV, 28, Simulation execution completion, ,
20140328_1625_14, XTEAM, XTEAM Engine, MRSV, , ,
20140328_1625_14, XTEAM, XTEAM Engine, MRSV, , ,
20140328_1625_14, XTEAM, XTEAM Engine, MRSV, , ,
20140328_1630_06, Login, CoWare XTEAM Client, participant_0, , ,
20140328_1630_17, Snapshot, CoWare XTEAM Client, participant_1, 19, ,
20140328_1631_56, Snapshot, CoWare XTEAM Client, participant_0, 11, ,
20140328_1632_51, Snapshot, CoWare XTEAM Client, participant_0, 12, ,
20140328_1633_10, Design, CoWare XTEAM Client, participant_0, 13, X`f603f85b.e43844a4.b3627b58.f951dcdf`ATTR`Host_Temp`Host`MON::Set [Host]`Aspect=xADLCoreAspect&Position=1106.763`53c8e4c.6bec48b1.8f5efd8e.55e34f54`Architecture`MON::Model [Architecture]`receiveEnergyCost=13.000000&receiveEnergyOverhead=45.000000&transmitEnergyCost=12.000000&transmitEnergyOverhead=40.000000````````````, ,
20140328_1633_11, Notification, XTEAM Engine, MRSV, 29, Simulation execution beginning, ,
20140328_1633_14, Design, CoWare XTEAM Client, participant_0, 14, X`f603f85b.e43844a4.b3627b58.f951dcdf`ATTR`Host_Temp`Host`MON::Set [Host]`Aspect=xADLCoreAspect&Position=1106.763`53c8e4c.6bec48b1.8f5efd8e.55e34f54`Architecture`MON::Model [Architecture]`receiveEnergyCost=20.000000&receiveEnergyOverhead=45.000000&transmitEnergyCost=12.000000&transmitEnergyOverhead=40.000000````````````, ,
20140328_1633_15, Notification, XTEAM Engine, MRSV, 30, Simulation execution beginning, ,
20140328_1633_19, Design, CoWare XTEAM Client, participant_0, 15, X`f603f85b.e43844a4.b3627b58.f951dcdf`ATTR`Host_Temp`Host`MON::Set [Host]`Aspect=xADLCoreAspect&Position=1106.763`53c8e4c.6bec48b1.8f5efd8e.55e34f54`Architecture`MON::Model [Architecture]`receiveEnergyCost=20.000000&receiveEnergyOverhead=70.000000&transmitEnergyCost=12.000000&transmitEnergyOverhead=40.000000````````````, ,
20140328_1633_23, Notification, XTEAM Engine, MRSV, 31, Simulation execution beginning, ,
20140328_1633_50, Notification, XTEAM Engine, MRSV, 29, Simulation execution completion, ,
20140328_1633_50, XTEAM, XTEAM Engine, MRSV, , ,
20140328_1633_50, XTEAM, XTEAM Engine, MRSV, , ,
20140328_1633_50, XTEAM, XTEAM Engine, MRSV, , ,
20140328_1633_56, Notification, XTEAM Engine, MRSV, 30, Simulation execution completion, ,
20140328_1633_56, XTEAM, XTEAM Engine, MRSV, , ,
20140328_1633_56, XTEAM, XTEAM Engine, MRSV, , ,
20140328_1633_56, XTEAM, XTEAM Engine, MRSV, , ,
20140328_1633_57, Notification, XTEAM Engine, MRSV, 31, Simulation execution completion, ,
20140328_1633_57, XTEAM, XTEAM Engine, MRSV, , ,
20140328_1633_57, XTEAM, XTEAM Engine, MRSV, , ,
20140328_1633_57, XTEAM, XTEAM Engine, MRSV, , ,
20140328_1642_49, Login, CoWare XTEAM Client, participant_0, , ,
20140328_1649_38, Snapshot, CoWare XTEAM Client, participant_0, 16, ,
