TIME, Event name, OriginComponent, SenderUsername, EventID, ,
20141121_1036_16, Snapshot, FLAME Client, participant_0, 9, ,
20141121_1040_32, Snapshot, FLAME Client, participant_0, 14, ,
20141121_1046_50, Snapshot, FLAME Client, participant_1, 14, ,
20141121_1048_58, Snapshot, FLAME Client, participant_1, 19, ,
20141121_1054_52, Snapshot, FLAME Client, participant_1, 24, ,
20141121_1055_31, Snapshot, FLAME Client, participant_0, 19, ,
20141121_1059_27, Snapshot, FLAME Client, participant_1, 30, ,
20141121_1059_42, Snapshot, FLAME Client, participant_0, 26, ,
