TIME, Event name, OriginComponent, SenderUsername, EventID, ,
20141121_1548_57, Snapshot, FLAME Client, participant_0, 5, ,
20141121_1549_14, Snapshot, FLAME Client, participant_1, 11, ,
20141121_1554_05, Snapshot, FLAME Client, participant_0, 11, ,
20141121_1554_44, Snapshot, FLAME Client, participant_1, 18, ,
20141121_1600_34, Snapshot, FLAME Client, participant_0, 17, ,
20141121_1600_40, Snapshot, FLAME Client, participant_1, 24, ,
20141121_1603_45, Snapshot, FLAME Client, participant_1, 29, ,
20141121_1608_56, Snapshot, FLAME Client, participant_0, 24, ,
20141121_1609_21, Snapshot, FLAME Client, participant_1, 35, ,
20141121_1613_17, Snapshot, FLAME Client, participant_1, 44, ,
20141121_1615_07, Snapshot, FLAME Client, participant_1, 53, ,
