time_finish, event_type, origin_component, username, event_id, value, value_change, option_change, blank_1, blank_2, blank_3, blank_4, blank_5, blank_6, blank_7, blank_8, time_begin, ,
02/16/2015 19:09:16, Design, FLAME Client, participant_22, 1, X`25fea250.79aa4baf.b62be506.e9d1819a`ATTR`Host_GCE`Host`MON::Set [Host]`Aspect=xADLCoreAspect&Position=161.560`bb42af9e.ee894de6.a8870ee2.566cbbfe`Architecture`MON::Model [Architecture]`receiveEnergyCost=150.010000&receiveEnergyOverhead=101.860000&transmitEnergyCost=312.000000&transmitEnergyOverhead=129.870000````````````, , , , , , , , , , , 02/16/2015 19:09:16, ,
02/16/2015 19:09:19, Design, FLAME Client, participant_22, 2, X`25fea250.79aa4baf.b62be506.e9d1819a`ATTR`Host_GCE`Host`MON::Set [Host]`Aspect=xADLCoreAspect&Position=161.560`bb42af9e.ee894de6.a8870ee2.566cbbfe`Architecture`MON::Model [Architecture]`receiveEnergyCost=150.010000&receiveEnergyOverhead=101.860000&transmitEnergyCost=312.000000&transmitEnergyOverhead=341.000000````````````, , , , , , , , , , , 02/16/2015 19:09:19, ,
02/16/2015 19:09:43, Design, FLAME Client, participant_22, 3, X`64e3f498.f1114939.ba695f73.d07188e3`ATTR`perform`Task`MON::Model [Task]`Aspect=xADLBehaviorAspect&Position=308.301`d640f4b9.22e14264.b459176e.af6b895e`Process`MON::Model [Process]`executionTime=350&memoryUsage=27&taskInstruction=nextResult[thread_id] = new Result;|nextResult[thread_id]->getResultState().value() = 0;|nextResult[thread_id]->getResultID().value() = nextTask[thread_id]->getTaskID().value();|nextResult[thread_id]->getResultValue().value() = 1;````````````, , , , , , , , , , , 02/16/2015 19:09:43, ,
02/16/2015 19:09:47, Design, FLAME Client, participant_22, 4, X`64e3f498.f1114939.ba695f73.d07188e3`ATTR`perform`Task`MON::Model [Task]`Aspect=xADLBehaviorAspect&Position=308.301`d640f4b9.22e14264.b459176e.af6b895e`Process`MON::Model [Process]`executionTime=350&memoryUsage=39&taskInstruction=nextResult[thread_id] = new Result;|nextResult[thread_id]->getResultState().value() = 0;|nextResult[thread_id]->getResultID().value() = nextTask[thread_id]->getTaskID().value();|nextResult[thread_id]->getResultValue().value() = 1;````````````, , , , , , , , , , , 02/16/2015 19:09:47, ,
02/16/2015 19:10:36, Snapshot, FLAME Client, participant_22, 5, , , , , , , , , , , , 02/16/2015 19:10:36, ,
02/16/2015 19:11:18, Update, FLAME Client, participant_23, 1, , , , , , , , , , , , 02/16/2015 19:11:18, ,
02/16/2015 19:11:37, Design, FLAME Client, participant_23, 2, X`3f426f4b.6d164164.816fe575.67a4324f`ATTR`generate`Task`MON::Model [Task]`Aspect=xADLBehaviorAspect&Position=301.259`37598ce1.81784bb5.996843e8.1d554a61`Process`MON::Model [Process]`executionTime=7.5&memoryUsage=3&taskInstruction=nextTask = new Task;|nextTask->getTaskState().value() = 0;|nextTask->getTaskID().value() = taskIDCounter->getNextTaskID().value()++;````````````, , , , , , , , , , , 02/16/2015 19:11:37, ,
02/16/2015 19:11:46, Design, FLAME Client, participant_23, 3, X`3f426f4b.6d164164.816fe575.67a4324f`ATTR`generate`Task`MON::Model [Task]`Aspect=xADLBehaviorAspect&Position=301.259`37598ce1.81784bb5.996843e8.1d554a61`Process`MON::Model [Process]`executionTime=7.5&memoryUsage=5500&taskInstruction=nextTask = new Task;|nextTask->getTaskState().value() = 0;|nextTask->getTaskID().value() = taskIDCounter->getNextTaskID().value()++;````````````, , , , , , , , , , , 02/16/2015 19:11:46, ,
02/16/2015 19:13:02, Design, FLAME Client, participant_23, 4, X`176369f9.b385435c.b2d59a0f.66ba660c`ATTR`Host_SubsetSum`Host`MON::Set [Host]`Aspect=xADLCoreAspect&Position=1610.385`bb42af9e.ee894de6.a8870ee2.566cbbfe`Architecture`MON::Model [Architecture]`receiveEnergyCost=101.280000&receiveEnergyOverhead=64.990000&transmitEnergyCost=182.000000&transmitEnergyOverhead=82.450000````````````, , , , , , , , , , , 02/16/2015 19:13:02, ,
02/16/2015 19:13:12, Design, FLAME Client, participant_23, 5, X`176369f9.b385435c.b2d59a0f.66ba660c`ATTR`Host_SubsetSum`Host`MON::Set [Host]`Aspect=xADLCoreAspect&Position=1610.385`bb42af9e.ee894de6.a8870ee2.566cbbfe`Architecture`MON::Model [Architecture]`receiveEnergyCost=101.280000&receiveEnergyOverhead=64.990000&transmitEnergyCost=182.000000&transmitEnergyOverhead=217.000000````````````, , , , , , , , , , , 02/16/2015 19:13:12, ,
02/16/2015 19:13:23, Snapshot, FLAME Client, participant_23, 6, , , , , , , , , , , , 02/16/2015 19:13:23, ,
02/16/2015 19:16:37, Update, FLAME Client, participant_22, 6, , , , , , , , , , , , 02/16/2015 19:16:37, ,
02/16/2015 19:22:18, Design, FLAME Client, participant_23, 7, X`3f426f4b.6d164164.816fe575.67a4324f`ATTR`generate`Task`MON::Model [Task]`Aspect=xADLBehaviorAspect&Position=301.259`37598ce1.81784bb5.996843e8.1d554a61`Process`MON::Model [Process]`executionTime=7&memoryUsage=5500&taskInstruction=nextTask = new Task;|nextTask->getTaskState().value() = 0;|nextTask->getTaskID().value() = taskIDCounter->getNextTaskID().value()++;````````````, , , , , , , , , , , 02/16/2015 19:22:18, ,
02/16/2015 19:22:24, Design, FLAME Client, participant_23, 8, X`3f426f4b.6d164164.816fe575.67a4324f`ATTR`generate`Task`MON::Model [Task]`Aspect=xADLBehaviorAspect&Position=301.259`37598ce1.81784bb5.996843e8.1d554a61`Process`MON::Model [Process]`executionTime=7&memoryUsage=11000&taskInstruction=nextTask = new Task;|nextTask->getTaskState().value() = 0;|nextTask->getTaskID().value() = taskIDCounter->getNextTaskID().value()++;````````````, , , , , , , , , , , 02/16/2015 19:22:24, ,
02/16/2015 19:22:41, Design, FLAME Client, participant_23, 9, X`176369f9.b385435c.b2d59a0f.66ba660c`ATTR`Host_SubsetSum`Host`MON::Set [Host]`Aspect=xADLCoreAspect&Position=1610.385`bb42af9e.ee894de6.a8870ee2.566cbbfe`Architecture`MON::Model [Architecture]`receiveEnergyCost=101.280000&receiveEnergyOverhead=64.990000&transmitEnergyCost=330.000000&transmitEnergyOverhead=217.000000````````````, , , , , , , , , , , 02/16/2015 19:22:41, ,
02/16/2015 19:23:00, Design, FLAME Client, participant_23, 10, X`176369f9.b385435c.b2d59a0f.66ba660c`ATTR`Host_SubsetSum`Host`MON::Set [Host]`Aspect=xADLCoreAspect&Position=1610.385`bb42af9e.ee894de6.a8870ee2.566cbbfe`Architecture`MON::Model [Architecture]`receiveEnergyCost=101.280000&receiveEnergyOverhead=64.990000&transmitEnergyCost=330.000000&transmitEnergyOverhead=429.000000````````````, , , , , , , , , , , 02/16/2015 19:23:00, ,
02/16/2015 19:23:03, Snapshot, FLAME Client, participant_23, 11, , , , , , , , , , , , 02/16/2015 19:23:03, ,
02/16/2015 19:24:21, Update, FLAME Client, participant_22, 7, , , , , , , , , , , , 02/16/2015 19:24:21, ,
02/16/2015 19:27:34, Design, FLAME Client, participant_22, 8, X`cdc6010e.7cf74d31.85daf3c3.1e9a4be8`ATTR`Host_Client`Host`MON::Set [Host]`Aspect=xADLCoreAspect&Position=28.560`bb42af9e.ee894de6.a8870ee2.566cbbfe`Architecture`MON::Model [Architecture]`receiveEnergyCost=150.010000&receiveEnergyOverhead=101.860000&transmitEnergyCost=312.000000&transmitEnergyOverhead=129.870000````````````, , , , , , , , , , , 02/16/2015 19:27:34, ,
02/16/2015 19:27:38, Design, FLAME Client, participant_22, 9, X`cdc6010e.7cf74d31.85daf3c3.1e9a4be8`ATTR`Host_Client`Host`MON::Set [Host]`Aspect=xADLCoreAspect&Position=28.560`bb42af9e.ee894de6.a8870ee2.566cbbfe`Architecture`MON::Model [Architecture]`receiveEnergyCost=150.010000&receiveEnergyOverhead=101.860000&transmitEnergyCost=312.000000&transmitEnergyOverhead=341.000000````````````, , , , , , , , , , , 02/16/2015 19:27:38, ,
02/16/2015 19:28:00, Design, FLAME Client, participant_22, 10, X`4c379791.2eea468a.a8abbb1d.e5fba9bb`ATTR`perform`Task`MON::Model [Task]`Aspect=xADLBehaviorAspect&Position=336.217`c270ab26.2fff4b88.bf50a288.2d000ee5`Process`MON::Model [Process]`executionTime=350&memoryUsage=27&taskInstruction=nextResult[thread_id] = new Result;|nextResult[thread_id]->getResultState().value() = 0;|nextResult[thread_id]->getResultID().value() = nextTask[thread_id]->getTaskID().value();|nextResult[thread_id]->getResultValue().value() = 1;````````````, , , , , , , , , , , 02/16/2015 19:28:00, ,
02/16/2015 19:28:03, Design, FLAME Client, participant_22, 11, X`4c379791.2eea468a.a8abbb1d.e5fba9bb`ATTR`perform`Task`MON::Model [Task]`Aspect=xADLBehaviorAspect&Position=336.217`c270ab26.2fff4b88.bf50a288.2d000ee5`Process`MON::Model [Process]`executionTime=350&memoryUsage=39&taskInstruction=nextResult[thread_id] = new Result;|nextResult[thread_id]->getResultState().value() = 0;|nextResult[thread_id]->getResultID().value() = nextTask[thread_id]->getTaskID().value();|nextResult[thread_id]->getResultValue().value() = 1;````````````, , , , , , , , , , , 02/16/2015 19:28:03, ,
02/16/2015 19:29:33, Snapshot, FLAME Client, participant_22, 12, , , , , , , , , , , , 02/16/2015 19:29:33, ,
02/16/2015 19:30:08, Update, FLAME Client, participant_23, 12, , , , , , , , , , , , 02/16/2015 19:30:08, ,
02/16/2015 19:33:28, Design, FLAME Client, participant_22, 13, X`25fea250.79aa4baf.b62be506.e9d1819a`ATTR`Host_GCE`Host`MON::Set [Host]`Aspect=xADLCoreAspect&Position=161.560`bb42af9e.ee894de6.a8870ee2.566cbbfe`Architecture`MON::Model [Architecture]`receiveEnergyCost=150.010000&receiveEnergyOverhead=101.860000&transmitEnergyCost=514.000000&transmitEnergyOverhead=341.000000````````````, , , , , , , , , , , 02/16/2015 19:33:28, ,
02/16/2015 19:33:35, Design, FLAME Client, participant_22, 14, X`25fea250.79aa4baf.b62be506.e9d1819a`ATTR`Host_GCE`Host`MON::Set [Host]`Aspect=xADLCoreAspect&Position=161.560`bb42af9e.ee894de6.a8870ee2.566cbbfe`Architecture`MON::Model [Architecture]`receiveEnergyCost=150.010000&receiveEnergyOverhead=101.860000&transmitEnergyCost=514.000000&transmitEnergyOverhead=755.000000````````````, , , , , , , , , , , 02/16/2015 19:33:35, ,
02/16/2015 19:34:00, Design, FLAME Client, participant_23, 13, X`3a60805b.3a524f70.a064acd1.88108a11`ATTR`generate`Task`MON::Model [Task]`Aspect=xADLBehaviorAspect&Position=301.259`fd961ab4.712348fe.91a8653d.18529735`Process`MON::Model [Process]`executionTime=7.5&memoryUsage=3&taskInstruction=nextTask = new Task;|nextTask->getTaskState().value() = 0;|nextTask->getTaskID().value() = taskIDCounter->getNextTaskID().value()++;````````````, , , , , , , , , , , 02/16/2015 19:34:00, ,
02/16/2015 19:34:09, Design, FLAME Client, participant_23, 14, X`3a60805b.3a524f70.a064acd1.88108a11`ATTR`generate`Task`MON::Model [Task]`Aspect=xADLBehaviorAspect&Position=301.259`fd961ab4.712348fe.91a8653d.18529735`Process`MON::Model [Process]`executionTime=7.5&memoryUsage=5500&taskInstruction=nextTask = new Task;|nextTask->getTaskState().value() = 0;|nextTask->getTaskID().value() = taskIDCounter->getNextTaskID().value()++;````````````, , , , , , , , , , , 02/16/2015 19:34:09, ,
02/16/2015 19:34:15, Design, FLAME Client, participant_22, 15, X`25fea250.79aa4baf.b62be506.e9d1819a`ATTR`Host_GCE`Host`MON::Set [Host]`Aspect=xADLCoreAspect&Position=161.560`bb42af9e.ee894de6.a8870ee2.566cbbfe`Architecture`MON::Model [Architecture]`receiveEnergyCost=150.010000&receiveEnergyOverhead=101.860000&transmitEnergyCost=312.000000&transmitEnergyOverhead=755.000000````````````, , , , , , , , , , , 02/16/2015 19:34:15, ,
02/16/2015 19:34:18, Design, FLAME Client, participant_22, 16, X`25fea250.79aa4baf.b62be506.e9d1819a`ATTR`Host_GCE`Host`MON::Set [Host]`Aspect=xADLCoreAspect&Position=161.560`bb42af9e.ee894de6.a8870ee2.566cbbfe`Architecture`MON::Model [Architecture]`receiveEnergyCost=150.010000&receiveEnergyOverhead=101.860000&transmitEnergyCost=312.000000&transmitEnergyOverhead=341.000000````````````, , , , , , , , , , , 02/16/2015 19:34:18, ,
02/16/2015 19:34:19, Design, FLAME Client, participant_23, 15, X`de311a94.5ac54159.8e7ae434.321ec71e`ATTR`HostSAT`Host`MON::Set [Host]`Aspect=xADLCoreAspect&Position=1610.497`bb42af9e.ee894de6.a8870ee2.566cbbfe`Architecture`MON::Model [Architecture]`receiveEnergyCost=101.280000&receiveEnergyOverhead=64.990000&transmitEnergyCost=182.000000&transmitEnergyOverhead=82.450000````````````, , , , , , , , , , , 02/16/2015 19:34:19, ,
02/16/2015 19:34:25, Design, FLAME Client, participant_23, 16, X`de311a94.5ac54159.8e7ae434.321ec71e`ATTR`HostSAT`Host`MON::Set [Host]`Aspect=xADLCoreAspect&Position=1610.497`bb42af9e.ee894de6.a8870ee2.566cbbfe`Architecture`MON::Model [Architecture]`receiveEnergyCost=101.280000&receiveEnergyOverhead=64.990000&transmitEnergyCost=182.000000&transmitEnergyOverhead=217.000000````````````, , , , , , , , , , , 02/16/2015 19:34:25, ,
02/16/2015 19:34:32, Snapshot, FLAME Client, participant_23, 17, , , , , , , , , , , , 02/16/2015 19:34:32, ,
02/16/2015 19:35:07, Update, FLAME Client, participant_22, 17, , , , , , , , , , , , 02/16/2015 19:35:07, ,
02/16/2015 19:35:33, Snapshot, FLAME Client, participant_22, 18, , , , , , , , , , , , 02/16/2015 19:35:33, ,
02/16/2015 19:35:42, Update, FLAME Client, participant_23, 18, , , , , , , , , , , , 02/16/2015 19:35:42, ,
02/16/2015 19:37:19, Design, FLAME Client, participant_22, 19, X`d676d709.fc564319.83d71565.666ccd84`REGISTRY`Group_GCE`Group`MON::Set [Group]`Aspect=xADLCoreAspect&Position=161.455`bb42af9e.ee894de6.a8870ee2.566cbbfe`Architecture`MON::Model [Architecture]`description=&threadPoolSize=150````````````, , , , , , , , , , , 02/16/2015 19:37:19, ,
02/16/2015 19:37:34, Design, FLAME Client, participant_22, 20, X`25fea250.79aa4baf.b62be506.e9d1819a`REGISTRY`Host_GCE`Host`MON::Set [Host]`Aspect=xADLCoreAspect&Position=154.560`bb42af9e.ee894de6.a8870ee2.566cbbfe`Architecture`MON::Model [Architecture]`receiveEnergyCost=150.010000&receiveEnergyOverhead=101.860000&transmitEnergyCost=312.000000&transmitEnergyOverhead=341.000000````````````, , , , , , , , , , , 02/16/2015 19:37:34, ,
02/16/2015 19:37:36, Design, FLAME Client, participant_22, 21, X`cdc6010e.7cf74d31.85daf3c3.1e9a4be8`REGISTRY`Host_Client`Host`MON::Set [Host]`Aspect=xADLCoreAspect&Position=28.546`bb42af9e.ee894de6.a8870ee2.566cbbfe`Architecture`MON::Model [Architecture]`receiveEnergyCost=150.010000&receiveEnergyOverhead=101.860000&transmitEnergyCost=312.000000&transmitEnergyOverhead=341.000000````````````, , , , , , , , , , , 02/16/2015 19:37:36, ,
02/16/2015 19:37:38, Design, FLAME Client, participant_22, 22, X`cdc6010e.7cf74d31.85daf3c3.1e9a4be8`REGISTRY`Host_Client`Host`MON::Set [Host]`Aspect=xADLCoreAspect&Position=28.567`bb42af9e.ee894de6.a8870ee2.566cbbfe`Architecture`MON::Model [Architecture]`receiveEnergyCost=150.010000&receiveEnergyOverhead=101.860000&transmitEnergyCost=312.000000&transmitEnergyOverhead=341.000000````````````, , , , , , , , , , , 02/16/2015 19:37:38, ,
02/16/2015 19:38:08, Snapshot, FLAME Client, participant_22, 23, , , , , , , , , , , , 02/16/2015 19:38:08, ,
02/16/2015 19:38:18, Design, FLAME Client, participant_22, 24, X`25fea250.79aa4baf.b62be506.e9d1819a`REGISTRY`Host_GCE`Host`MON::Set [Host]`Aspect=xADLCoreAspect&Position=154.567`bb42af9e.ee894de6.a8870ee2.566cbbfe`Architecture`MON::Model [Architecture]`receiveEnergyCost=150.010000&receiveEnergyOverhead=101.860000&transmitEnergyCost=312.000000&transmitEnergyOverhead=341.000000````````````, , , , , , , , , , , 02/16/2015 19:38:18, ,
02/16/2015 19:38:21, Update, FLAME Client, participant_23, 19, , , , , , , , , , , , 02/16/2015 19:38:21, ,
