TIME, Event name, OriginComponent, SenderUsername, EventID, Value, ,
20140328_1347_19, Login, XTEAM Engine, MRSV, , ,
20140328_1347_57, Login, CoWare XTEAM Client, participant_0, , ,
20140328_1347_58, Login, CoWare XTEAM Client, participant_1, , ,
20140328_1349_09, Login, CoWare XTEAM Client, participant_0, , ,
20140328_1349_09, Login, CoWare XTEAM Client, participant_1, , ,
20140328_1350_15, Design, CoWare XTEAM Client, participant_1, 1, X`26cde46c.9c5842b6.86a460a7.9af47b0b`ATTR`generate`Task`MON::Model [Task]`Aspect=xADLBehaviorAspect&Position=231.196`8bf46823.a38b47d7.afbbc04e.7988ae39`Process`MON::Model [Process]`executionTime=4&memoryUsage=3&taskInstruction=nextRequest = new Request;|nextRequest->getRequestKind().value() = "Salinity";````````````, ,
20140328_1350_16, Notification, XTEAM Engine, MRSV, 1, Simulation execution beginning, ,
20140328_1350_22, Design, CoWare XTEAM Client, participant_1, 2, X`26cde46c.9c5842b6.86a460a7.9af47b0b`ATTR`generate`Task`MON::Model [Task]`Aspect=xADLBehaviorAspect&Position=231.196`8bf46823.a38b47d7.afbbc04e.7988ae39`Process`MON::Model [Process]`executionTime=4&memoryUsage=250&taskInstruction=nextRequest = new Request;|nextRequest->getRequestKind().value() = "Salinity";````````````, ,
20140328_1350_39, Notification, XTEAM Engine, MRSV, 2, Simulation execution beginning, ,
20140328_1350_55, Design, CoWare XTEAM Client, participant_1, 3, X`3709314b.7a93486e.8dc9b26c.f4772d70`ATTR`Host_1`Host`MON::Set [Host]`Aspect=xADLCoreAspect&Position=42.49`53c8e4c.6bec48b1.8f5efd8e.55e34f54`Architecture`MON::Model [Architecture]`receiveEnergyCost=18.000000&receiveEnergyOverhead=48.000000&transmitEnergyCost=50.000000&transmitEnergyOverhead=45.000000````````````, ,
20140328_1350_57, Notification, XTEAM Engine, MRSV, 3, Simulation execution beginning, ,
20140328_1350_58, Design, CoWare XTEAM Client, participant_1, 4, X`3709314b.7a93486e.8dc9b26c.f4772d70`ATTR`Host_1`Host`MON::Set [Host]`Aspect=xADLCoreAspect&Position=42.49`53c8e4c.6bec48b1.8f5efd8e.55e34f54`Architecture`MON::Model [Architecture]`receiveEnergyCost=18.000000&receiveEnergyOverhead=48.000000&transmitEnergyCost=50.000000&transmitEnergyOverhead=200.000000````````````, ,
20140328_1350_58, Notification, XTEAM Engine, MRSV, 1, Simulation execution completion, ,
20140328_1350_58, XTEAM, XTEAM Engine, MRSV, , ,
20140328_1350_58, XTEAM, XTEAM Engine, MRSV, , ,
20140328_1350_58, XTEAM, XTEAM Engine, MRSV, , ,
20140328_1351_00, Design, CoWare XTEAM Client, participant_1, 5, X`3709314b.7a93486e.8dc9b26c.f4772d70`ATTR`Host_1`Host`MON::Set [Host]`Aspect=xADLCoreAspect&Position=42.49`53c8e4c.6bec48b1.8f5efd8e.55e34f54`Architecture`MON::Model [Architecture]`receiveEnergyCost=65.000000&receiveEnergyOverhead=48.000000&transmitEnergyCost=50.000000&transmitEnergyOverhead=200.000000````````````, ,
20140328_1351_02, Design, CoWare XTEAM Client, participant_1, 6, X`3709314b.7a93486e.8dc9b26c.f4772d70`ATTR`Host_1`Host`MON::Set [Host]`Aspect=xADLCoreAspect&Position=42.49`53c8e4c.6bec48b1.8f5efd8e.55e34f54`Architecture`MON::Model [Architecture]`receiveEnergyCost=65.000000&receiveEnergyOverhead=240.000000&transmitEnergyCost=50.000000&transmitEnergyOverhead=200.000000````````````, ,
20140328_1351_02, Notification, XTEAM Engine, MRSV, 4, Simulation execution beginning, ,
20140328_1351_03, Notification, XTEAM Engine, MRSV, 5, Simulation execution beginning, ,
20140328_1351_13, Notification, XTEAM Engine, MRSV, 2, Simulation execution completion, ,
20140328_1351_13, XTEAM, XTEAM Engine, MRSV, , ,
20140328_1351_13, XTEAM, XTEAM Engine, MRSV, , ,
20140328_1351_13, XTEAM, XTEAM Engine, MRSV, , ,
20140328_1351_13, Notification, XTEAM Engine, MRSV, 6, Simulation execution beginning, ,
20140328_1351_22, Design, CoWare XTEAM Client, participant_1, 7, X`6e9c8fd6.f1e64dd2.b80f329b.5eaf84d5`ATTR`generate`Task`MON::Model [Task]`Aspect=xADLBehaviorAspect&Position=231.196`949ce290.11ad4a14.a3b729fe.76f3e91a`Process`MON::Model [Process]`executionTime=7&memoryUsage=3&taskInstruction=nextRequest = new Request;|nextRequest->getRequestKind().value() = "Salinity";````````````, ,
20140328_1351_33, Notification, XTEAM Engine, MRSV, 7, Simulation execution beginning, ,
20140328_1351_43, Design, CoWare XTEAM Client, participant_1, 8, X`1d380676.204a4521.b3bb7c52.2bae3451`ATTR`Host_2`Host`MON::Set [Host]`Aspect=xADLCoreAspect&Position=42.350`53c8e4c.6bec48b1.8f5efd8e.55e34f54`Architecture`MON::Model [Architecture]`receiveEnergyCost=18.000000&receiveEnergyOverhead=48.000000&transmitEnergyCost=50.000000&transmitEnergyOverhead=45.000000````````````, ,
20140328_1351_46, Design, CoWare XTEAM Client, participant_1, 9, X`1d380676.204a4521.b3bb7c52.2bae3451`ATTR`Host_2`Host`MON::Set [Host]`Aspect=xADLCoreAspect&Position=42.350`53c8e4c.6bec48b1.8f5efd8e.55e34f54`Architecture`MON::Model [Architecture]`receiveEnergyCost=18.000000&receiveEnergyOverhead=48.000000&transmitEnergyCost=50.000000&transmitEnergyOverhead=200.000000````````````, ,
20140328_1351_48, Design, CoWare XTEAM Client, participant_1, 10, X`1d380676.204a4521.b3bb7c52.2bae3451`ATTR`Host_2`Host`MON::Set [Host]`Aspect=xADLCoreAspect&Position=42.350`53c8e4c.6bec48b1.8f5efd8e.55e34f54`Architecture`MON::Model [Architecture]`receiveEnergyCost=65.000000&receiveEnergyOverhead=48.000000&transmitEnergyCost=50.000000&transmitEnergyOverhead=200.000000````````````, ,
20140328_1351_50, Notification, XTEAM Engine, MRSV, 8, Simulation execution beginning, ,
20140328_1351_51, Design, CoWare XTEAM Client, participant_1, 11, X`1d380676.204a4521.b3bb7c52.2bae3451`ATTR`Host_2`Host`MON::Set [Host]`Aspect=xADLCoreAspect&Position=42.350`53c8e4c.6bec48b1.8f5efd8e.55e34f54`Architecture`MON::Model [Architecture]`receiveEnergyCost=65.000000&receiveEnergyOverhead=240.000000&transmitEnergyCost=50.000000&transmitEnergyOverhead=200.000000````````````, ,
20140328_1351_54, Notification, XTEAM Engine, MRSV, 3, Simulation execution completion, ,
20140328_1351_54, XTEAM, XTEAM Engine, MRSV, , ,
20140328_1351_54, XTEAM, XTEAM Engine, MRSV, , ,
20140328_1351_54, XTEAM, XTEAM Engine, MRSV, , ,
20140328_1351_54, Notification, XTEAM Engine, MRSV, 9, Simulation execution beginning, ,
20140328_1351_58, Notification, XTEAM Engine, MRSV, 10, Simulation execution beginning, ,
20140328_1351_59, Design, CoWare XTEAM Client, participant_1, 12, X`422c11c0.c89a428f.838be7f4.7ffbcbd6`ATTR`generate`Task`MON::Model [Task]`Aspect=xADLBehaviorAspect&Position=231.196`f5e3fc53.9152438c.8adc2b0b.e095f1c6`Process`MON::Model [Process]`executionTime=6&memoryUsage=3&taskInstruction=nextRequest = new Request;|nextRequest->getRequestKind().value() = "Salinity";````````````, ,
20140328_1352_02, Design, CoWare XTEAM Client, participant_1, 13, X`422c11c0.c89a428f.838be7f4.7ffbcbd6`ATTR`generate`Task`MON::Model [Task]`Aspect=xADLBehaviorAspect&Position=231.196`f5e3fc53.9152438c.8adc2b0b.e095f1c6`Process`MON::Model [Process]`executionTime=6&memoryUsage=250&taskInstruction=nextRequest = new Request;|nextRequest->getRequestKind().value() = "Salinity";````````````, ,
20140328_1352_07, Design, CoWare XTEAM Client, participant_1, 14, X`6f385993.f08a4164.b815faa2.88dc52fb`ATTR`Host_3`Host`MON::Set [Host]`Aspect=xADLCoreAspect&Position=42.630`53c8e4c.6bec48b1.8f5efd8e.55e34f54`Architecture`MON::Model [Architecture]`receiveEnergyCost=18.000000&receiveEnergyOverhead=48.000000&transmitEnergyCost=12.000000&transmitEnergyOverhead=45.000000````````````, ,
20140328_1352_13, XTEAM, XTEAM Engine, MRSV, , ,
20140328_1352_13, Notification, XTEAM Engine, MRSV, 4, Simulation execution completion, ,
20140328_1352_13, XTEAM, XTEAM Engine, MRSV, , ,
20140328_1352_13, XTEAM, XTEAM Engine, MRSV, , ,
20140328_1352_13, Notification, XTEAM Engine, MRSV, 11, Simulation execution beginning, ,
20140328_1352_16, Notification, XTEAM Engine, MRSV, 5, Simulation execution completion, ,
20140328_1352_16, XTEAM, XTEAM Engine, MRSV, , ,
20140328_1352_16, XTEAM, XTEAM Engine, MRSV, , ,
20140328_1352_16, XTEAM, XTEAM Engine, MRSV, , ,
20140328_1352_16, Notification, XTEAM Engine, MRSV, 12, Simulation execution beginning, ,
20140328_1352_17, Notification, XTEAM Engine, MRSV, 13, Simulation execution beginning, ,
20140328_1352_20, Notification, XTEAM Engine, MRSV, 14, Simulation execution beginning, ,
20140328_1352_20, Notification, XTEAM Engine, MRSV, 6, Simulation execution completion, ,
20140328_1352_20, XTEAM, XTEAM Engine, MRSV, , ,
20140328_1352_20, XTEAM, XTEAM Engine, MRSV, , ,
20140328_1352_20, XTEAM, XTEAM Engine, MRSV, , ,
20140328_1352_27, Notification, XTEAM Engine, MRSV, 7, Simulation execution completion, ,
20140328_1352_27, XTEAM, XTEAM Engine, MRSV, , ,
20140328_1352_27, XTEAM, XTEAM Engine, MRSV, , ,
20140328_1352_27, XTEAM, XTEAM Engine, MRSV, , ,
20140328_1352_40, Notification, XTEAM Engine, MRSV, 8, Simulation execution completion, ,
20140328_1352_40, XTEAM, XTEAM Engine, MRSV, , ,
20140328_1352_40, XTEAM, XTEAM Engine, MRSV, , ,
20140328_1352_40, XTEAM, XTEAM Engine, MRSV, , ,
20140328_1352_40, Notification, XTEAM Engine, MRSV, 9, Simulation execution completion, ,
20140328_1352_40, XTEAM, XTEAM Engine, MRSV, , ,
20140328_1352_40, XTEAM, XTEAM Engine, MRSV, , ,
20140328_1352_40, XTEAM, XTEAM Engine, MRSV, , ,
20140328_1352_43, Notification, XTEAM Engine, MRSV, 10, Simulation execution completion, ,
20140328_1352_43, XTEAM, XTEAM Engine, MRSV, , ,
20140328_1352_43, XTEAM, XTEAM Engine, MRSV, , ,
20140328_1352_43, XTEAM, XTEAM Engine, MRSV, , ,
20140328_1352_47, Notification, XTEAM Engine, MRSV, 11, Simulation execution completion, ,
20140328_1352_47, XTEAM, XTEAM Engine, MRSV, , ,
20140328_1352_47, XTEAM, XTEAM Engine, MRSV, , ,
20140328_1352_47, XTEAM, XTEAM Engine, MRSV, , ,
20140328_1352_48, Notification, XTEAM Engine, MRSV, 12, Simulation execution completion, ,
20140328_1352_48, XTEAM, XTEAM Engine, MRSV, , ,
20140328_1352_48, XTEAM, XTEAM Engine, MRSV, , ,
20140328_1352_48, XTEAM, XTEAM Engine, MRSV, , ,
20140328_1352_49, Design, CoWare XTEAM Client, participant_1, 15, X`1d380676.204a4521.b3bb7c52.2bae3451`ATTR`Host_2`Host`MON::Set [Host]`Aspect=xADLCoreAspect&Position=42.350`53c8e4c.6bec48b1.8f5efd8e.55e34f54`Architecture`MON::Model [Architecture]`receiveEnergyCost=65.000000&receiveEnergyOverhead=240.000000&transmitEnergyCost=12.000000&transmitEnergyOverhead=200.000000````````````, ,
20140328_1352_54, Notification, XTEAM Engine, MRSV, 15, Simulation execution beginning, ,
20140328_1352_55, Design, CoWare XTEAM Client, participant_1, 16, X`1d380676.204a4521.b3bb7c52.2bae3451`ATTR`Host_2`Host`MON::Set [Host]`Aspect=xADLCoreAspect&Position=42.350`53c8e4c.6bec48b1.8f5efd8e.55e34f54`Architecture`MON::Model [Architecture]`receiveEnergyCost=65.000000&receiveEnergyOverhead=240.000000&transmitEnergyCost=12.000000&transmitEnergyOverhead=45.000000````````````, ,
20140328_1352_55, Design, CoWare XTEAM Client, participant_1, 17, X`1d380676.204a4521.b3bb7c52.2bae3451`ATTR`Host_2`Host`MON::Set [Host]`Aspect=xADLCoreAspect&Position=42.350`53c8e4c.6bec48b1.8f5efd8e.55e34f54`Architecture`MON::Model [Architecture]`receiveEnergyCost=18.000000&receiveEnergyOverhead=240.000000&transmitEnergyCost=12.000000&transmitEnergyOverhead=45.000000````````````, ,
20140328_1352_56, Notification, XTEAM Engine, MRSV, 16, Simulation execution beginning, ,
20140328_1352_57, Notification, XTEAM Engine, MRSV, 13, Simulation execution completion, ,
20140328_1352_57, XTEAM, XTEAM Engine, MRSV, , ,
20140328_1352_57, XTEAM, XTEAM Engine, MRSV, , ,
20140328_1352_57, XTEAM, XTEAM Engine, MRSV, , ,
20140328_1352_57, Design, CoWare XTEAM Client, participant_1, 18, X`1d380676.204a4521.b3bb7c52.2bae3451`ATTR`Host_2`Host`MON::Set [Host]`Aspect=xADLCoreAspect&Position=42.350`53c8e4c.6bec48b1.8f5efd8e.55e34f54`Architecture`MON::Model [Architecture]`receiveEnergyCost=18.000000&receiveEnergyOverhead=48.000000&transmitEnergyCost=12.000000&transmitEnergyOverhead=45.000000````````````, ,
20140328_1352_57, Notification, XTEAM Engine, MRSV, 17, Simulation execution beginning, ,
20140328_1352_59, Notification, XTEAM Engine, MRSV, 18, Simulation execution beginning, ,
20140328_1353_02, Notification, XTEAM Engine, MRSV, 14, Simulation execution completion, ,
20140328_1353_02, XTEAM, XTEAM Engine, MRSV, , ,
20140328_1353_02, XTEAM, XTEAM Engine, MRSV, , ,
20140328_1353_02, XTEAM, XTEAM Engine, MRSV, , ,
20140328_1353_09, Design, CoWare XTEAM Client, participant_1, 19, X`6e9c8fd6.f1e64dd2.b80f329b.5eaf84d5`ATTR`generate`Task`MON::Model [Task]`Aspect=xADLBehaviorAspect&Position=231.196`949ce290.11ad4a14.a3b729fe.76f3e91a`Process`MON::Model [Process]`executionTime=6&memoryUsage=3&taskInstruction=nextRequest = new Request;|nextRequest->getRequestKind().value() = "Salinity";````````````, ,
20140328_1353_11, Design, CoWare XTEAM Client, participant_1, 20, X`6e9c8fd6.f1e64dd2.b80f329b.5eaf84d5`ATTR`generate`Task`MON::Model [Task]`Aspect=xADLBehaviorAspect&Position=231.196`949ce290.11ad4a14.a3b729fe.76f3e91a`Process`MON::Model [Process]`executionTime=6&memoryUsage=250&taskInstruction=nextRequest = new Request;|nextRequest->getRequestKind().value() = "Salinity";````````````, ,
20140328_1353_12, Notification, XTEAM Engine, MRSV, 19, Simulation execution beginning, ,
20140328_1353_15, Notification, XTEAM Engine, MRSV, 20, Simulation execution beginning, ,
20140328_1353_22, Design, CoWare XTEAM Client, participant_1, 21, X`6f385993.f08a4164.b815faa2.88dc52fb`ATTR`Host_3`Host`MON::Set [Host]`Aspect=xADLCoreAspect&Position=42.630`53c8e4c.6bec48b1.8f5efd8e.55e34f54`Architecture`MON::Model [Architecture]`receiveEnergyCost=18.000000&receiveEnergyOverhead=48.000000&transmitEnergyCost=50.000000&transmitEnergyOverhead=45.000000````````````, ,
20140328_1353_24, Design, CoWare XTEAM Client, participant_1, 22, X`6f385993.f08a4164.b815faa2.88dc52fb`ATTR`Host_3`Host`MON::Set [Host]`Aspect=xADLCoreAspect&Position=42.630`53c8e4c.6bec48b1.8f5efd8e.55e34f54`Architecture`MON::Model [Architecture]`receiveEnergyCost=18.000000&receiveEnergyOverhead=48.000000&transmitEnergyCost=50.000000&transmitEnergyOverhead=200.000000````````````, ,
20140328_1353_25, Design, CoWare XTEAM Client, participant_1, 23, X`6f385993.f08a4164.b815faa2.88dc52fb`ATTR`Host_3`Host`MON::Set [Host]`Aspect=xADLCoreAspect&Position=42.630`53c8e4c.6bec48b1.8f5efd8e.55e34f54`Architecture`MON::Model [Architecture]`receiveEnergyCost=65.000000&receiveEnergyOverhead=48.000000&transmitEnergyCost=50.000000&transmitEnergyOverhead=200.000000````````````, ,
20140328_1353_27, Notification, XTEAM Engine, MRSV, 21, Simulation execution beginning, ,
20140328_1353_28, Design, CoWare XTEAM Client, participant_1, 24, X`6f385993.f08a4164.b815faa2.88dc52fb`ATTR`Host_3`Host`MON::Set [Host]`Aspect=xADLCoreAspect&Position=42.630`53c8e4c.6bec48b1.8f5efd8e.55e34f54`Architecture`MON::Model [Architecture]`receiveEnergyCost=65.000000&receiveEnergyOverhead=240.000000&transmitEnergyCost=50.000000&transmitEnergyOverhead=200.000000````````````, ,
20140328_1353_28, Notification, XTEAM Engine, MRSV, 22, Simulation execution beginning, ,
20140328_1353_29, Notification, XTEAM Engine, MRSV, 23, Simulation execution beginning, ,
20140328_1353_30, Notification, XTEAM Engine, MRSV, 15, Simulation execution completion, ,
20140328_1353_30, XTEAM, XTEAM Engine, MRSV, , ,
20140328_1353_30, XTEAM, XTEAM Engine, MRSV, , ,
20140328_1353_30, XTEAM, XTEAM Engine, MRSV, , ,
20140328_1353_30, Notification, XTEAM Engine, MRSV, 24, Simulation execution beginning, ,
20140328_1353_31, Notification, XTEAM Engine, MRSV, 17, Simulation execution completion, ,
20140328_1353_31, XTEAM, XTEAM Engine, MRSV, , ,
20140328_1353_31, XTEAM, XTEAM Engine, MRSV, , ,
20140328_1353_31, XTEAM, XTEAM Engine, MRSV, , ,
20140328_1353_31, Notification, XTEAM Engine, MRSV, 18, Simulation execution completion, ,
20140328_1353_31, XTEAM, XTEAM Engine, MRSV, , ,
20140328_1353_31, XTEAM, XTEAM Engine, MRSV, , ,
20140328_1353_31, XTEAM, XTEAM Engine, MRSV, , ,
20140328_1353_35, Design, CoWare XTEAM Client, participant_1, 25, X`422c11c0.c89a428f.838be7f4.7ffbcbd6`ATTR`generate`Task`MON::Model [Task]`Aspect=xADLBehaviorAspect&Position=231.196`f5e3fc53.9152438c.8adc2b0b.e095f1c6`Process`MON::Model [Process]`executionTime=7&memoryUsage=250&taskInstruction=nextRequest = new Request;|nextRequest->getRequestKind().value() = "Salinity";````````````, ,
20140328_1353_37, Design, CoWare XTEAM Client, participant_1, 26, X`422c11c0.c89a428f.838be7f4.7ffbcbd6`ATTR`generate`Task`MON::Model [Task]`Aspect=xADLBehaviorAspect&Position=231.196`f5e3fc53.9152438c.8adc2b0b.e095f1c6`Process`MON::Model [Process]`executionTime=7&memoryUsage=3&taskInstruction=nextRequest = new Request;|nextRequest->getRequestKind().value() = "Salinity";````````````, ,
20140328_1353_38, Notification, XTEAM Engine, MRSV, 25, Simulation execution beginning, ,
20140328_1353_38, Notification, XTEAM Engine, MRSV, 16, Simulation execution completion, ,
20140328_1353_38, XTEAM, XTEAM Engine, MRSV, , ,
20140328_1353_38, XTEAM, XTEAM Engine, MRSV, , ,
20140328_1353_38, XTEAM, XTEAM Engine, MRSV, , ,
20140328_1353_40, Notification, XTEAM Engine, MRSV, 26, Simulation execution beginning, ,
20140328_1353_42, Notification, XTEAM Engine, MRSV, 19, Simulation execution completion, ,
20140328_1353_42, XTEAM, XTEAM Engine, MRSV, , ,
20140328_1353_42, XTEAM, XTEAM Engine, MRSV, , ,
20140328_1353_42, XTEAM, XTEAM Engine, MRSV, , ,
20140328_1353_42, Notification, XTEAM Engine, MRSV, 20, Simulation execution completion, ,
20140328_1353_42, XTEAM, XTEAM Engine, MRSV, , ,
20140328_1353_42, XTEAM, XTEAM Engine, MRSV, , ,
20140328_1353_42, XTEAM, XTEAM Engine, MRSV, , ,
20140328_1354_04, Notification, XTEAM Engine, MRSV, 21, Simulation execution completion, ,
20140328_1354_04, XTEAM, XTEAM Engine, MRSV, , ,
20140328_1354_04, XTEAM, XTEAM Engine, MRSV, , ,
20140328_1354_04, XTEAM, XTEAM Engine, MRSV, , ,
20140328_1354_04, Notification, XTEAM Engine, MRSV, 23, Simulation execution completion, ,
20140328_1354_04, XTEAM, XTEAM Engine, MRSV, , ,
20140328_1354_04, XTEAM, XTEAM Engine, MRSV, , ,
20140328_1354_04, XTEAM, XTEAM Engine, MRSV, , ,
20140328_1354_05, Notification, XTEAM Engine, MRSV, 24, Simulation execution completion, ,
20140328_1354_05, XTEAM, XTEAM Engine, MRSV, , ,
20140328_1354_05, XTEAM, XTEAM Engine, MRSV, , ,
20140328_1354_05, XTEAM, XTEAM Engine, MRSV, , ,
20140328_1354_10, Notification, XTEAM Engine, MRSV, 22, Simulation execution completion, ,
20140328_1354_10, XTEAM, XTEAM Engine, MRSV, , ,
20140328_1354_10, XTEAM, XTEAM Engine, MRSV, , ,
20140328_1354_10, XTEAM, XTEAM Engine, MRSV, , ,
20140328_1354_18, Notification, XTEAM Engine, MRSV, 25, Simulation execution completion, ,
20140328_1354_18, XTEAM, XTEAM Engine, MRSV, , ,
20140328_1354_18, XTEAM, XTEAM Engine, MRSV, , ,
20140328_1354_18, XTEAM, XTEAM Engine, MRSV, , ,
20140328_1354_19, Notification, XTEAM Engine, MRSV, 26, Simulation execution completion, ,
20140328_1354_22, Design, CoWare XTEAM Client, participant_1, 27, X`26cde46c.9c5842b6.86a460a7.9af47b0b`ATTR`generate`Task`MON::Model [Task]`Aspect=xADLBehaviorAspect&Position=231.196`8bf46823.a38b47d7.afbbc04e.7988ae39`Process`MON::Model [Process]`executionTime=7&memoryUsage=250&taskInstruction=nextRequest = new Request;|nextRequest->getRequestKind().value() = "Salinity";````````````, ,
20140328_1354_19, XTEAM, XTEAM Engine, MRSV, , ,
20140328_1354_19, XTEAM, XTEAM Engine, MRSV, , ,
20140328_1354_19, XTEAM, XTEAM Engine, MRSV, , ,
20140328_1354_24, Design, CoWare XTEAM Client, participant_1, 28, X`26cde46c.9c5842b6.86a460a7.9af47b0b`ATTR`generate`Task`MON::Model [Task]`Aspect=xADLBehaviorAspect&Position=231.196`8bf46823.a38b47d7.afbbc04e.7988ae39`Process`MON::Model [Process]`executionTime=7&memoryUsage=3&taskInstruction=nextRequest = new Request;|nextRequest->getRequestKind().value() = "Salinity";````````````, ,
20140328_1354_25, Notification, XTEAM Engine, MRSV, 27, Simulation execution beginning, ,
20140328_1354_27, Notification, XTEAM Engine, MRSV, 28, Simulation execution beginning, ,
20140328_1354_43, Design, CoWare XTEAM Client, participant_1, 29, X`1d380676.204a4521.b3bb7c52.2bae3451`ATTR`Host_2`Host`MON::Set [Host]`Aspect=xADLCoreAspect&Position=42.350`53c8e4c.6bec48b1.8f5efd8e.55e34f54`Architecture`MON::Model [Architecture]`receiveEnergyCost=18.000000&receiveEnergyOverhead=48.000000&transmitEnergyCost=50.000000&transmitEnergyOverhead=45.000000````````````, ,
20140328_1354_43, Design, CoWare XTEAM Client, participant_1, 30, X`1d380676.204a4521.b3bb7c52.2bae3451`ATTR`Host_2`Host`MON::Set [Host]`Aspect=xADLCoreAspect&Position=42.350`53c8e4c.6bec48b1.8f5efd8e.55e34f54`Architecture`MON::Model [Architecture]`receiveEnergyCost=18.000000&receiveEnergyOverhead=48.000000&transmitEnergyCost=50.000000&transmitEnergyOverhead=200.000000````````````, ,
20140328_1354_45, Design, CoWare XTEAM Client, participant_1, 31, X`1d380676.204a4521.b3bb7c52.2bae3451`ATTR`Host_2`Host`MON::Set [Host]`Aspect=xADLCoreAspect&Position=42.350`53c8e4c.6bec48b1.8f5efd8e.55e34f54`Architecture`MON::Model [Architecture]`receiveEnergyCost=65.000000&receiveEnergyOverhead=48.000000&transmitEnergyCost=50.000000&transmitEnergyOverhead=200.000000````````````, ,
20140328_1354_45, Notification, XTEAM Engine, MRSV, 29, Simulation execution beginning, ,
20140328_1354_47, Notification, XTEAM Engine, MRSV, 30, Simulation execution beginning, ,
20140328_1354_48, Notification, XTEAM Engine, MRSV, 31, Simulation execution beginning, ,
20140328_1354_49, Design, CoWare XTEAM Client, participant_1, 32, X`1d380676.204a4521.b3bb7c52.2bae3451`ATTR`Host_2`Host`MON::Set [Host]`Aspect=xADLCoreAspect&Position=42.350`53c8e4c.6bec48b1.8f5efd8e.55e34f54`Architecture`MON::Model [Architecture]`receiveEnergyCost=65.000000&receiveEnergyOverhead=240.000000&transmitEnergyCost=50.000000&transmitEnergyOverhead=200.000000````````````, ,
20140328_1354_50, Notification, XTEAM Engine, MRSV, 32, Simulation execution beginning, ,
20140328_1354_59, XTEAM, XTEAM Engine, MRSV, , ,
20140328_1354_59, XTEAM, XTEAM Engine, MRSV, , ,
20140328_1354_59, XTEAM, XTEAM Engine, MRSV, , ,
20140328_1354_59, Notification, XTEAM Engine, MRSV, 28, Simulation execution completion, ,
20140328_1354_59, Notification, XTEAM Engine, MRSV, 27, Simulation execution completion, ,
20140328_1354_59, XTEAM, XTEAM Engine, MRSV, , ,
20140328_1354_59, XTEAM, XTEAM Engine, MRSV, , ,
20140328_1354_59, XTEAM, XTEAM Engine, MRSV, , ,
20140328_1355_01, Design, CoWare XTEAM Client, participant_1, 33, X`6e9c8fd6.f1e64dd2.b80f329b.5eaf84d5`ATTR`generate`Task`MON::Model [Task]`Aspect=xADLBehaviorAspect&Position=231.196`949ce290.11ad4a14.a3b729fe.76f3e91a`Process`MON::Model [Process]`executionTime=4&memoryUsage=250&taskInstruction=nextRequest = new Request;|nextRequest->getRequestKind().value() = "Salinity";````````````, ,
20140328_1355_02, Notification, XTEAM Engine, MRSV, 33, Simulation execution beginning, ,
20140328_1355_10, Design, CoWare XTEAM Client, participant_1, 34, X`6f385993.f08a4164.b815faa2.88dc52fb`REGISTRY`Host_3`Host`MON::Set [Host]`Aspect=xADLCoreAspect&Position=42.630`53c8e4c.6bec48b1.8f5efd8e.55e34f54`Architecture`MON::Model [Architecture]`receiveEnergyCost=65.000000&receiveEnergyOverhead=240.000000&transmitEnergyCost=50.000000&transmitEnergyOverhead=200.000000````````````, ,
20140328_1355_11, Notification, XTEAM Engine, MRSV, 34, Simulation execution beginning, ,
20140328_1355_13, Design, CoWare XTEAM Client, participant_1, 35, X`6f385993.f08a4164.b815faa2.88dc52fb`ATTR`Host_3`Host`MON::Set [Host]`Aspect=xADLCoreAspect&Position=42.630`53c8e4c.6bec48b1.8f5efd8e.55e34f54`Architecture`MON::Model [Architecture]`receiveEnergyCost=65.000000&receiveEnergyOverhead=240.000000&transmitEnergyCost=12.000000&transmitEnergyOverhead=200.000000````````````, ,
20140328_1355_14, Notification, XTEAM Engine, MRSV, 29, Simulation execution completion, ,
20140328_1355_14, XTEAM, XTEAM Engine, MRSV, , ,
20140328_1355_14, XTEAM, XTEAM Engine, MRSV, , ,
20140328_1355_14, XTEAM, XTEAM Engine, MRSV, , ,
20140328_1355_15, Notification, XTEAM Engine, MRSV, 35, Simulation execution beginning, ,
20140328_1355_15, Notification, XTEAM Engine, MRSV, 30, Simulation execution completion, ,
20140328_1355_15, XTEAM, XTEAM Engine, MRSV, , ,
20140328_1355_15, XTEAM, XTEAM Engine, MRSV, , ,
20140328_1355_15, XTEAM, XTEAM Engine, MRSV, , ,
20140328_1355_15, Notification, XTEAM Engine, MRSV, 31, Simulation execution completion, ,
20140328_1355_15, XTEAM, XTEAM Engine, MRSV, , ,
20140328_1355_15, XTEAM, XTEAM Engine, MRSV, , ,
20140328_1355_15, XTEAM, XTEAM Engine, MRSV, , ,
20140328_1355_15, Design, CoWare XTEAM Client, participant_1, 36, X`6f385993.f08a4164.b815faa2.88dc52fb`ATTR`Host_3`Host`MON::Set [Host]`Aspect=xADLCoreAspect&Position=42.630`53c8e4c.6bec48b1.8f5efd8e.55e34f54`Architecture`MON::Model [Architecture]`receiveEnergyCost=65.000000&receiveEnergyOverhead=240.000000&transmitEnergyCost=12.000000&transmitEnergyOverhead=45.000000````````````, ,
20140328_1355_16, Notification, XTEAM Engine, MRSV, 32, Simulation execution completion, ,
20140328_1355_16, XTEAM, XTEAM Engine, MRSV, , ,
20140328_1355_16, XTEAM, XTEAM Engine, MRSV, , ,
20140328_1355_16, XTEAM, XTEAM Engine, MRSV, , ,
20140328_1355_16, Notification, XTEAM Engine, MRSV, 36, Simulation execution beginning, ,
20140328_1355_17, Design, CoWare XTEAM Client, participant_1, 37, X`6f385993.f08a4164.b815faa2.88dc52fb`ATTR`Host_3`Host`MON::Set [Host]`Aspect=xADLCoreAspect&Position=42.630`53c8e4c.6bec48b1.8f5efd8e.55e34f54`Architecture`MON::Model [Architecture]`receiveEnergyCost=18.000000&receiveEnergyOverhead=240.000000&transmitEnergyCost=12.000000&transmitEnergyOverhead=45.000000````````````, ,
20140328_1355_18, Notification, XTEAM Engine, MRSV, 37, Simulation execution beginning, ,
20140328_1355_19, Design, CoWare XTEAM Client, participant_1, 38, X`6f385993.f08a4164.b815faa2.88dc52fb`ATTR`Host_3`Host`MON::Set [Host]`Aspect=xADLCoreAspect&Position=42.630`53c8e4c.6bec48b1.8f5efd8e.55e34f54`Architecture`MON::Model [Architecture]`receiveEnergyCost=18.000000&receiveEnergyOverhead=48.000000&transmitEnergyCost=12.000000&transmitEnergyOverhead=45.000000````````````, ,
20140328_1355_23, Notification, XTEAM Engine, MRSV, 38, Simulation execution beginning, ,
20140328_1355_30, Design, CoWare XTEAM Client, participant_1, 39, X`422c11c0.c89a428f.838be7f4.7ffbcbd6`ATTR`generate`Task`MON::Model [Task]`Aspect=xADLBehaviorAspect&Position=231.196`f5e3fc53.9152438c.8adc2b0b.e095f1c6`Process`MON::Model [Process]`executionTime=6&memoryUsage=3&taskInstruction=nextRequest = new Request;|nextRequest->getRequestKind().value() = "Salinity";````````````, ,
20140328_1355_33, Notification, XTEAM Engine, MRSV, 39, Simulation execution beginning, ,
20140328_1355_33, Design, CoWare XTEAM Client, participant_1, 40, X`422c11c0.c89a428f.838be7f4.7ffbcbd6`ATTR`generate`Task`MON::Model [Task]`Aspect=xADLBehaviorAspect&Position=231.196`f5e3fc53.9152438c.8adc2b0b.e095f1c6`Process`MON::Model [Process]`executionTime=6&memoryUsage=250&taskInstruction=nextRequest = new Request;|nextRequest->getRequestKind().value() = "Salinity";````````````, ,
20140328_1355_36, Notification, XTEAM Engine, MRSV, 40, Simulation execution beginning, ,
20140328_1355_37, Notification, XTEAM Engine, MRSV, 33, Simulation execution completion, ,
20140328_1355_37, XTEAM, XTEAM Engine, MRSV, , ,
20140328_1355_37, XTEAM, XTEAM Engine, MRSV, , ,
20140328_1355_37, XTEAM, XTEAM Engine, MRSV, , ,
20140328_1355_47, Notification, XTEAM Engine, MRSV, 35, Simulation execution completion, ,
20140328_1355_47, XTEAM, XTEAM Engine, MRSV, , ,
20140328_1355_47, XTEAM, XTEAM Engine, MRSV, , ,
20140328_1355_47, XTEAM, XTEAM Engine, MRSV, , ,
20140328_1355_47, Notification, XTEAM Engine, MRSV, 36, Simulation execution completion, ,
20140328_1355_47, XTEAM, XTEAM Engine, MRSV, , ,
20140328_1355_47, XTEAM, XTEAM Engine, MRSV, , ,
20140328_1355_47, XTEAM, XTEAM Engine, MRSV, , ,
20140328_1355_48, Notification, XTEAM Engine, MRSV, 37, Simulation execution completion, ,
20140328_1355_48, XTEAM, XTEAM Engine, MRSV, , ,
20140328_1355_48, XTEAM, XTEAM Engine, MRSV, , ,
20140328_1355_48, XTEAM, XTEAM Engine, MRSV, , ,
20140328_1355_50, Notification, XTEAM Engine, MRSV, 38, Simulation execution completion, ,
20140328_1355_50, XTEAM, XTEAM Engine, MRSV, , ,
20140328_1355_50, XTEAM, XTEAM Engine, MRSV, , ,
20140328_1355_50, XTEAM, XTEAM Engine, MRSV, , ,
20140328_1355_51, Notification, XTEAM Engine, MRSV, 34, Simulation execution completion, ,
20140328_1355_51, XTEAM, XTEAM Engine, MRSV, , ,
20140328_1355_51, XTEAM, XTEAM Engine, MRSV, , ,
20140328_1355_51, XTEAM, XTEAM Engine, MRSV, , ,
20140328_1355_54, Design, CoWare XTEAM Client, participant_1, 41, X`1d380676.204a4521.b3bb7c52.2bae3451`ATTR`Host_2`Host`MON::Set [Host]`Aspect=xADLCoreAspect&Position=42.350`53c8e4c.6bec48b1.8f5efd8e.55e34f54`Architecture`MON::Model [Architecture]`receiveEnergyCost=65.000000&receiveEnergyOverhead=240.000000&transmitEnergyCost=12.000000&transmitEnergyOverhead=200.000000````````````, ,
20140328_1355_55, Notification, XTEAM Engine, MRSV, 41, Simulation execution beginning, ,
20140328_1355_55, Design, CoWare XTEAM Client, participant_1, 42, X`1d380676.204a4521.b3bb7c52.2bae3451`ATTR`Host_2`Host`MON::Set [Host]`Aspect=xADLCoreAspect&Position=42.350`53c8e4c.6bec48b1.8f5efd8e.55e34f54`Architecture`MON::Model [Architecture]`receiveEnergyCost=65.000000&receiveEnergyOverhead=240.000000&transmitEnergyCost=12.000000&transmitEnergyOverhead=45.000000````````````, ,
20140328_1355_57, Notification, XTEAM Engine, MRSV, 42, Simulation execution beginning, ,
20140328_1355_57, Design, CoWare XTEAM Client, participant_1, 43, X`1d380676.204a4521.b3bb7c52.2bae3451`ATTR`Host_2`Host`MON::Set [Host]`Aspect=xADLCoreAspect&Position=42.350`53c8e4c.6bec48b1.8f5efd8e.55e34f54`Architecture`MON::Model [Architecture]`receiveEnergyCost=18.000000&receiveEnergyOverhead=240.000000&transmitEnergyCost=12.000000&transmitEnergyOverhead=45.000000````````````, ,
20140328_1355_59, Notification, XTEAM Engine, MRSV, 43, Simulation execution beginning, ,
20140328_1355_59, Notification, XTEAM Engine, MRSV, 39, Simulation execution completion, ,
20140328_1355_59, XTEAM, XTEAM Engine, MRSV, , ,
20140328_1355_59, XTEAM, XTEAM Engine, MRSV, , ,
20140328_1355_59, XTEAM, XTEAM Engine, MRSV, , ,
20140328_1356_00, Design, CoWare XTEAM Client, participant_1, 44, X`1d380676.204a4521.b3bb7c52.2bae3451`ATTR`Host_2`Host`MON::Set [Host]`Aspect=xADLCoreAspect&Position=42.350`53c8e4c.6bec48b1.8f5efd8e.55e34f54`Architecture`MON::Model [Architecture]`receiveEnergyCost=18.000000&receiveEnergyOverhead=48.000000&transmitEnergyCost=12.000000&transmitEnergyOverhead=45.000000````````````, ,
20140328_1356_01, Notification, XTEAM Engine, MRSV, 44, Simulation execution beginning, ,
20140328_1356_03, Design, CoWare XTEAM Client, participant_1, 45, X`6e9c8fd6.f1e64dd2.b80f329b.5eaf84d5`REGISTRY`generate`Task`MON::Model [Task]`Aspect=xADLBehaviorAspect&Position=231.196`949ce290.11ad4a14.a3b729fe.76f3e91a`Process`MON::Model [Process]`executionTime=4&memoryUsage=250&taskInstruction=nextRequest = new Request;|nextRequest->getRequestKind().value() = "Salinity";````````````, ,
20140328_1356_05, Notification, XTEAM Engine, MRSV, 45, Simulation execution beginning, ,
20140328_1356_16, Notification, XTEAM Engine, MRSV, 40, Simulation execution completion, ,
20140328_1356_16, XTEAM, XTEAM Engine, MRSV, , ,
20140328_1356_16, XTEAM, XTEAM Engine, MRSV, , ,
20140328_1356_16, XTEAM, XTEAM Engine, MRSV, , ,
20140328_1356_19, Design, CoWare XTEAM Client, participant_1, 46, X`6e9c8fd6.f1e64dd2.b80f329b.5eaf84d5`ATTR`generate`Task`MON::Model [Task]`Aspect=xADLBehaviorAspect&Position=231.196`949ce290.11ad4a14.a3b729fe.76f3e91a`Process`MON::Model [Process]`executionTime=&memoryUsage=250&taskInstruction=nextRequest = new Request;|nextRequest->getRequestKind().value() = "Salinity";````````````, ,
20140328_1356_20, XTEAM, XTEAM Engine, MRSV, , ,
20140328_1356_28, Design, CoWare XTEAM Client, participant_1, 47, X`6e9c8fd6.f1e64dd2.b80f329b.5eaf84d5`ATTR`generate`Task`MON::Model [Task]`Aspect=xADLBehaviorAspect&Position=231.196`949ce290.11ad4a14.a3b729fe.76f3e91a`Process`MON::Model [Process]`executionTime=6&memoryUsage=250&taskInstruction=nextRequest = new Request;|nextRequest->getRequestKind().value() = "Salinity";````````````, ,
20140328_1356_29, Notification, XTEAM Engine, MRSV, 44, Simulation execution completion, ,
20140328_1356_29, XTEAM, XTEAM Engine, MRSV, , ,
20140328_1356_29, XTEAM, XTEAM Engine, MRSV, , ,
20140328_1356_29, XTEAM, XTEAM Engine, MRSV, , ,
20140328_1356_29, Notification, XTEAM Engine, MRSV, 46, Simulation execution beginning, ,
20140328_1356_32, Notification, XTEAM Engine, MRSV, 43, Simulation execution completion, ,
20140328_1356_32, XTEAM, XTEAM Engine, MRSV, , ,
20140328_1356_32, XTEAM, XTEAM Engine, MRSV, , ,
20140328_1356_32, XTEAM, XTEAM Engine, MRSV, , ,
20140328_1356_32, Notification, XTEAM Engine, MRSV, 41, Simulation execution completion, ,
20140328_1356_32, XTEAM, XTEAM Engine, MRSV, , ,
20140328_1356_32, XTEAM, XTEAM Engine, MRSV, , ,
20140328_1356_32, XTEAM, XTEAM Engine, MRSV, , ,
20140328_1356_32, Notification, XTEAM Engine, MRSV, 42, Simulation execution completion, ,
20140328_1356_32, XTEAM, XTEAM Engine, MRSV, , ,
20140328_1356_32, XTEAM, XTEAM Engine, MRSV, , ,
20140328_1356_32, XTEAM, XTEAM Engine, MRSV, , ,
20140328_1356_36, Notification, XTEAM Engine, MRSV, 45, Simulation execution completion, ,
20140328_1356_36, XTEAM, XTEAM Engine, MRSV, , ,
20140328_1356_36, XTEAM, XTEAM Engine, MRSV, , ,
20140328_1356_36, XTEAM, XTEAM Engine, MRSV, , ,
20140328_1356_41, Design, CoWare XTEAM Client, participant_1, 48, X`6f385993.f08a4164.b815faa2.88dc52fb`ATTR`Host_3`Host`MON::Set [Host]`Aspect=xADLCoreAspect&Position=42.630`53c8e4c.6bec48b1.8f5efd8e.55e34f54`Architecture`MON::Model [Architecture]`receiveEnergyCost=18.000000&receiveEnergyOverhead=48.000000&transmitEnergyCost=50.000000&transmitEnergyOverhead=45.000000````````````, ,
20140328_1356_42, Notification, XTEAM Engine, MRSV, 47, Simulation execution beginning, ,
20140328_1356_43, Design, CoWare XTEAM Client, participant_1, 49, X`6f385993.f08a4164.b815faa2.88dc52fb`ATTR`Host_3`Host`MON::Set [Host]`Aspect=xADLCoreAspect&Position=42.630`53c8e4c.6bec48b1.8f5efd8e.55e34f54`Architecture`MON::Model [Architecture]`receiveEnergyCost=18.000000&receiveEnergyOverhead=48.000000&transmitEnergyCost=50.000000&transmitEnergyOverhead=200.000000````````````, ,
20140328_1356_44, Design, CoWare XTEAM Client, participant_0, 1, X`823be07d.a4c04349.bb5bd637.1efca24`ATTR`forward`Task`MON::Model [Task]`Aspect=xADLBehaviorAspect&Position=280.196`64012bb1.f194748.9fe467dc.cb2e84f5`Process`MON::Model [Process]`executionTime=7&memoryUsage=1&taskInstruction=````````````, ,
20140328_1356_44, Notification, XTEAM Engine, MRSV, 48, Simulation execution beginning, ,
20140328_1356_45, Design, CoWare XTEAM Client, participant_1, 50, X`6f385993.f08a4164.b815faa2.88dc52fb`ATTR`Host_3`Host`MON::Set [Host]`Aspect=xADLCoreAspect&Position=42.630`53c8e4c.6bec48b1.8f5efd8e.55e34f54`Architecture`MON::Model [Architecture]`receiveEnergyCost=65.000000&receiveEnergyOverhead=48.000000&transmitEnergyCost=50.000000&transmitEnergyOverhead=200.000000````````````, ,
20140328_1356_45, Notification, XTEAM Engine, MRSV, 49, Simulation execution beginning, ,
20140328_1356_46, Design, CoWare XTEAM Client, participant_1, 51, X`6f385993.f08a4164.b815faa2.88dc52fb`ATTR`Host_3`Host`MON::Set [Host]`Aspect=xADLCoreAspect&Position=42.630`53c8e4c.6bec48b1.8f5efd8e.55e34f54`Architecture`MON::Model [Architecture]`receiveEnergyCost=65.000000&receiveEnergyOverhead=240.000000&transmitEnergyCost=50.000000&transmitEnergyOverhead=200.000000````````````, ,
20140328_1356_46, Design, CoWare XTEAM Client, participant_0, 2, X`823be07d.a4c04349.bb5bd637.1efca24`ATTR`forward`Task`MON::Model [Task]`Aspect=xADLBehaviorAspect&Position=280.196`64012bb1.f194748.9fe467dc.cb2e84f5`Process`MON::Model [Process]`executionTime=7&memoryUsage=15&taskInstruction=````````````, ,
20140328_1356_47, Notification, XTEAM Engine, MRSV, 50, Simulation execution beginning, ,
20140328_1356_49, Notification, XTEAM Engine, MRSV, 51, Simulation execution beginning, ,
20140328_1356_49, Design, CoWare XTEAM Client, participant_0, 3, X`94210f92.7f2948b5.85ae7022.b47edab9`REGISTRY`forward`Task`MON::Model [Task]`Aspect=xADLBehaviorAspect&Position=280.196`bae5c031.c23642cf.9833b82f.3b18d72d`Process`MON::Model [Process]`executionTime=0&memoryUsage=1&taskInstruction=````````````, ,
20140328_1356_50, Notification, XTEAM Engine, MRSV, 52, Simulation execution beginning, ,
20140328_1356_51, Notification, XTEAM Engine, MRSV, 53, Simulation execution beginning, ,
20140328_1356_52, Design, CoWare XTEAM Client, participant_1, 52, X`16be4b61.553e4d03.8cbe8e19.cd3485fc`REGISTRY`SalinityReqGen`Component`MON::Model [Component]`Aspect=xADLCoreAspect&Position=168.630`53c8e4c.6bec48b1.8f5efd8e.55e34f54`Architecture`MON::Model [Architecture]`description=````````````, ,
20140328_1356_52, Design, CoWare XTEAM Client, participant_0, 4, X`94210f92.7f2948b5.85ae7022.b47edab9`ATTR`forward`Task`MON::Model [Task]`Aspect=xADLBehaviorAspect&Position=280.196`bae5c031.c23642cf.9833b82f.3b18d72d`Process`MON::Model [Process]`executionTime=1&memoryUsage=1&taskInstruction=````````````, ,
20140328_1356_53, Notification, XTEAM Engine, MRSV, 54, Simulation execution beginning, ,
20140328_1356_53, Notification, XTEAM Engine, MRSV, 46, Simulation execution completion, ,
20140328_1356_53, XTEAM, XTEAM Engine, MRSV, , ,
20140328_1356_53, XTEAM, XTEAM Engine, MRSV, , ,
20140328_1356_53, XTEAM, XTEAM Engine, MRSV, , ,
20140328_1356_55, Design, CoWare XTEAM Client, participant_0, 5, X`94210f92.7f2948b5.85ae7022.b47edab9`ATTR`forward`Task`MON::Model [Task]`Aspect=xADLBehaviorAspect&Position=280.196`bae5c031.c23642cf.9833b82f.3b18d72d`Process`MON::Model [Process]`executionTime=1&memoryUsage=15&taskInstruction=````````````, ,
20140328_1356_56, Notification, XTEAM Engine, MRSV, 55, Simulation execution beginning, ,
20140328_1356_57, Notification, XTEAM Engine, MRSV, 56, Simulation execution beginning, ,
20140328_1357_00, Design, CoWare XTEAM Client, participant_1, 53, X`422c11c0.c89a428f.838be7f4.7ffbcbd6`ATTR`generate`Task`MON::Model [Task]`Aspect=xADLBehaviorAspect&Position=231.196`f5e3fc53.9152438c.8adc2b0b.e095f1c6`Process`MON::Model [Process]`executionTime=4&memoryUsage=250&taskInstruction=nextRequest = new Request;|nextRequest->getRequestKind().value() = "Salinity";````````````, ,
20140328_1357_06, Notification, XTEAM Engine, MRSV, 57, Simulation execution beginning, ,
20140328_1357_10, Notification, XTEAM Engine, MRSV, 47, Simulation execution completion, ,
20140328_1357_10, XTEAM, XTEAM Engine, MRSV, , ,
20140328_1357_10, XTEAM, XTEAM Engine, MRSV, , ,
20140328_1357_10, XTEAM, XTEAM Engine, MRSV, , ,
20140328_1357_15, Notification, XTEAM Engine, MRSV, 48, Simulation execution completion, ,
20140328_1357_15, XTEAM, XTEAM Engine, MRSV, , ,
20140328_1357_15, XTEAM, XTEAM Engine, MRSV, , ,
20140328_1357_15, XTEAM, XTEAM Engine, MRSV, , ,
20140328_1357_16, Design, CoWare XTEAM Client, participant_0, 6, X`cc6f3a99.39734696.be3c4499.34632100`ATTR`Host_Salinity`Host`MON::Set [Host]`Aspect=xADLCoreAspect&Position=966.763`53c8e4c.6bec48b1.8f5efd8e.55e34f54`Architecture`MON::Model [Architecture]`receiveEnergyCost=13.000000&receiveEnergyOverhead=45.000000&transmitEnergyCost=12.000000&transmitEnergyOverhead=40.000000````````````, ,
20140328_1357_18, Notification, XTEAM Engine, MRSV, 58, Simulation execution beginning, ,
20140328_1357_18, Design, CoWare XTEAM Client, participant_0, 7, X`cc6f3a99.39734696.be3c4499.34632100`ATTR`Host_Salinity`Host`MON::Set [Host]`Aspect=xADLCoreAspect&Position=966.763`53c8e4c.6bec48b1.8f5efd8e.55e34f54`Architecture`MON::Model [Architecture]`receiveEnergyCost=120.000000&receiveEnergyOverhead=45.000000&transmitEnergyCost=12.000000&transmitEnergyOverhead=40.000000````````````, ,
20140328_1357_19, Notification, XTEAM Engine, MRSV, 59, Simulation execution beginning, ,
20140328_1357_19, Notification, XTEAM Engine, MRSV, 52, Simulation execution completion, ,
20140328_1357_19, XTEAM, XTEAM Engine, MRSV, , ,
20140328_1357_19, XTEAM, XTEAM Engine, MRSV, , ,
20140328_1357_19, XTEAM, XTEAM Engine, MRSV, , ,
20140328_1357_20, Notification, XTEAM Engine, MRSV, 50, Simulation execution completion, ,
20140328_1357_20, XTEAM, XTEAM Engine, MRSV, , ,
20140328_1357_20, XTEAM, XTEAM Engine, MRSV, , ,
20140328_1357_20, XTEAM, XTEAM Engine, MRSV, , ,
20140328_1357_21, Notification, XTEAM Engine, MRSV, 51, Simulation execution completion, ,
20140328_1357_21, XTEAM, XTEAM Engine, MRSV, , ,
20140328_1357_21, XTEAM, XTEAM Engine, MRSV, , ,
20140328_1357_21, XTEAM, XTEAM Engine, MRSV, , ,
20140328_1357_22, Design, CoWare XTEAM Client, participant_0, 8, X`cc6f3a99.39734696.be3c4499.34632100`ATTR`Host_Salinity`Host`MON::Set [Host]`Aspect=xADLCoreAspect&Position=966.763`53c8e4c.6bec48b1.8f5efd8e.55e34f54`Architecture`MON::Model [Architecture]`receiveEnergyCost=20.000000&receiveEnergyOverhead=45.000000&transmitEnergyCost=12.000000&transmitEnergyOverhead=40.000000````````````, ,
20140328_1357_25, Design, CoWare XTEAM Client, participant_0, 9, X`cc6f3a99.39734696.be3c4499.34632100`ATTR`Host_Salinity`Host`MON::Set [Host]`Aspect=xADLCoreAspect&Position=966.763`53c8e4c.6bec48b1.8f5efd8e.55e34f54`Architecture`MON::Model [Architecture]`receiveEnergyCost=20.000000&receiveEnergyOverhead=70.000000&transmitEnergyCost=12.000000&transmitEnergyOverhead=40.000000````````````, ,
20140328_1357_29, Notification, XTEAM Engine, MRSV, 60, Simulation execution beginning, ,
20140328_1357_30, Design, CoWare XTEAM Client, participant_0, 10, X`f603f85b.e43844a4.b3627b58.f951dcdf`ATTR`Host_Temp`Host`MON::Set [Host]`Aspect=xADLCoreAspect&Position=1106.763`53c8e4c.6bec48b1.8f5efd8e.55e34f54`Architecture`MON::Model [Architecture]`receiveEnergyCost=13.000000&receiveEnergyOverhead=45.000000&transmitEnergyCost=12.000000&transmitEnergyOverhead=40.000000````````````, ,
20140328_1357_31, Notification, XTEAM Engine, MRSV, 61, Simulation execution beginning, ,
20140328_1357_32, Notification, XTEAM Engine, MRSV, 53, Simulation execution completion, ,
20140328_1357_32, XTEAM, XTEAM Engine, MRSV, , ,
20140328_1357_32, XTEAM, XTEAM Engine, MRSV, , ,
20140328_1357_32, XTEAM, XTEAM Engine, MRSV, , ,
20140328_1357_33, Design, CoWare XTEAM Client, participant_0, 11, X`f603f85b.e43844a4.b3627b58.f951dcdf`ATTR`Host_Temp`Host`MON::Set [Host]`Aspect=xADLCoreAspect&Position=1106.763`53c8e4c.6bec48b1.8f5efd8e.55e34f54`Architecture`MON::Model [Architecture]`receiveEnergyCost=20.000000&receiveEnergyOverhead=45.000000&transmitEnergyCost=12.000000&transmitEnergyOverhead=40.000000````````````, ,
20140328_1357_33, Notification, XTEAM Engine, MRSV, 62, Simulation execution beginning, ,
20140328_1357_34, Notification, XTEAM Engine, MRSV, 63, Simulation execution beginning, ,
20140328_1357_33, XTEAM, XTEAM Engine, MRSV, , ,
20140328_1357_33, XTEAM, XTEAM Engine, MRSV, , ,
20140328_1357_33, XTEAM, XTEAM Engine, MRSV, , ,
20140328_1357_33, Notification, XTEAM Engine, MRSV, 49, Simulation execution completion, ,
20140328_1357_35, Notification, XTEAM Engine, MRSV, 54, Simulation execution completion, ,
20140328_1357_35, XTEAM, XTEAM Engine, MRSV, , ,
20140328_1357_35, XTEAM, XTEAM Engine, MRSV, , ,
20140328_1357_35, XTEAM, XTEAM Engine, MRSV, , ,
20140328_1357_35, Design, CoWare XTEAM Client, participant_0, 12, X`f603f85b.e43844a4.b3627b58.f951dcdf`ATTR`Host_Temp`Host`MON::Set [Host]`Aspect=xADLCoreAspect&Position=1106.763`53c8e4c.6bec48b1.8f5efd8e.55e34f54`Architecture`MON::Model [Architecture]`receiveEnergyCost=20.000000&receiveEnergyOverhead=70.000000&transmitEnergyCost=12.000000&transmitEnergyOverhead=40.000000````````````, ,
20140328_1357_41, Notification, XTEAM Engine, MRSV, 64, Simulation execution beginning, ,
20140328_1357_48, Design, CoWare XTEAM Client, participant_1, 54, X`3709314b.7a93486e.8dc9b26c.f4772d70`ATTR`Host_1`Host`MON::Set [Host]`Aspect=xADLCoreAspect&Position=42.49`53c8e4c.6bec48b1.8f5efd8e.55e34f54`Architecture`MON::Model [Architecture]`receiveEnergyCost=65.000000&receiveEnergyOverhead=240.000000&transmitEnergyCost=12.000000&transmitEnergyOverhead=200.000000````````````, ,
20140328_1357_49, Notification, XTEAM Engine, MRSV, 56, Simulation execution completion, ,
20140328_1357_50, XTEAM, XTEAM Engine, MRSV, , ,
20140328_1357_50, XTEAM, XTEAM Engine, MRSV, , ,
20140328_1357_50, XTEAM, XTEAM Engine, MRSV, , ,
20140328_1357_50, Design, CoWare XTEAM Client, participant_1, 55, X`3709314b.7a93486e.8dc9b26c.f4772d70`ATTR`Host_1`Host`MON::Set [Host]`Aspect=xADLCoreAspect&Position=42.49`53c8e4c.6bec48b1.8f5efd8e.55e34f54`Architecture`MON::Model [Architecture]`receiveEnergyCost=65.000000&receiveEnergyOverhead=240.000000&transmitEnergyCost=12.000000&transmitEnergyOverhead=45.000000````````````, ,
20140328_1357_51, Notification, XTEAM Engine, MRSV, 55, Simulation execution completion, ,
20140328_1357_51, XTEAM, XTEAM Engine, MRSV, , ,
20140328_1357_51, XTEAM, XTEAM Engine, MRSV, , ,
20140328_1357_51, XTEAM, XTEAM Engine, MRSV, , ,
20140328_1357_51, Notification, XTEAM Engine, MRSV, 65, Simulation execution beginning, ,
20140328_1357_51, Design, CoWare XTEAM Client, participant_1, 56, X`3709314b.7a93486e.8dc9b26c.f4772d70`ATTR`Host_1`Host`MON::Set [Host]`Aspect=xADLCoreAspect&Position=42.49`53c8e4c.6bec48b1.8f5efd8e.55e34f54`Architecture`MON::Model [Architecture]`receiveEnergyCost=18.000000&receiveEnergyOverhead=240.000000&transmitEnergyCost=12.000000&transmitEnergyOverhead=45.000000````````````, ,
20140328_1357_53, Design, CoWare XTEAM Client, participant_1, 57, X`3709314b.7a93486e.8dc9b26c.f4772d70`ATTR`Host_1`Host`MON::Set [Host]`Aspect=xADLCoreAspect&Position=42.49`53c8e4c.6bec48b1.8f5efd8e.55e34f54`Architecture`MON::Model [Architecture]`receiveEnergyCost=18.000000&receiveEnergyOverhead=48.000000&transmitEnergyCost=12.000000&transmitEnergyOverhead=45.000000````````````, ,
20140328_1357_57, Notification, XTEAM Engine, MRSV, 66, Simulation execution beginning, ,
20140328_1357_58, Notification, XTEAM Engine, MRSV, 67, Simulation execution beginning, ,
20140328_1358_01, Notification, XTEAM Engine, MRSV, 68, Simulation execution beginning, ,
20140328_1358_06, Notification, XTEAM Engine, MRSV, 57, Simulation execution completion, ,
20140328_1358_06, XTEAM, XTEAM Engine, MRSV, , ,
20140328_1358_06, XTEAM, XTEAM Engine, MRSV, , ,
20140328_1358_06, XTEAM, XTEAM Engine, MRSV, , ,
20140328_1358_06, Notification, XTEAM Engine, MRSV, 59, Simulation execution completion, ,
20140328_1358_06, XTEAM, XTEAM Engine, MRSV, , ,
20140328_1358_06, XTEAM, XTEAM Engine, MRSV, , ,
20140328_1358_06, XTEAM, XTEAM Engine, MRSV, , ,
20140328_1358_06, Notification, XTEAM Engine, MRSV, 58, Simulation execution completion, ,
20140328_1358_06, XTEAM, XTEAM Engine, MRSV, , ,
20140328_1358_06, XTEAM, XTEAM Engine, MRSV, , ,
20140328_1358_06, XTEAM, XTEAM Engine, MRSV, , ,
20140328_1358_13, Notification, XTEAM Engine, MRSV, 60, Simulation execution completion, ,
20140328_1358_13, XTEAM, XTEAM Engine, MRSV, , ,
20140328_1358_13, XTEAM, XTEAM Engine, MRSV, , ,
20140328_1358_13, XTEAM, XTEAM Engine, MRSV, , ,
20140328_1358_16, Notification, XTEAM Engine, MRSV, 62, Simulation execution completion, ,
20140328_1358_16, XTEAM, XTEAM Engine, MRSV, , ,
20140328_1358_16, XTEAM, XTEAM Engine, MRSV, , ,
20140328_1358_16, XTEAM, XTEAM Engine, MRSV, , ,
20140328_1358_16, Notification, XTEAM Engine, MRSV, 61, Simulation execution completion, ,
20140328_1358_16, XTEAM, XTEAM Engine, MRSV, , ,
20140328_1358_16, XTEAM, XTEAM Engine, MRSV, , ,
20140328_1358_16, XTEAM, XTEAM Engine, MRSV, , ,
20140328_1358_19, Design, CoWare XTEAM Client, participant_1, 58, X`26cde46c.9c5842b6.86a460a7.9af47b0b`ATTR`generate`Task`MON::Model [Task]`Aspect=xADLBehaviorAspect&Position=231.196`8bf46823.a38b47d7.afbbc04e.7988ae39`Process`MON::Model [Process]`executionTime=6&memoryUsage=3&taskInstruction=nextRequest = new Request;|nextRequest->getRequestKind().value() = "Salinity";````````````, ,
20140328_1358_20, Design, CoWare XTEAM Client, participant_1, 59, X`26cde46c.9c5842b6.86a460a7.9af47b0b`ATTR`generate`Task`MON::Model [Task]`Aspect=xADLBehaviorAspect&Position=231.196`8bf46823.a38b47d7.afbbc04e.7988ae39`Process`MON::Model [Process]`executionTime=6&memoryUsage=250&taskInstruction=nextRequest = new Request;|nextRequest->getRequestKind().value() = "Salinity";````````````, ,
20140328_1358_22, Notification, XTEAM Engine, MRSV, 69, Simulation execution beginning, ,
20140328_1358_23, Notification, XTEAM Engine, MRSV, 70, Simulation execution beginning, ,
20140328_1358_29, Notification, XTEAM Engine, MRSV, 63, Simulation execution completion, ,
20140328_1358_29, XTEAM, XTEAM Engine, MRSV, , ,
20140328_1358_29, XTEAM, XTEAM Engine, MRSV, , ,
20140328_1358_29, XTEAM, XTEAM Engine, MRSV, , ,
20140328_1358_29, Notification, XTEAM Engine, MRSV, 64, Simulation execution completion, ,
20140328_1358_29, XTEAM, XTEAM Engine, MRSV, , ,
20140328_1358_29, XTEAM, XTEAM Engine, MRSV, , ,
20140328_1358_29, XTEAM, XTEAM Engine, MRSV, , ,
20140328_1358_29, Design, CoWare XTEAM Client, participant_1, 60, X`1d380676.204a4521.b3bb7c52.2bae3451`ATTR`Host_2`Host`MON::Set [Host]`Aspect=xADLCoreAspect&Position=42.350`53c8e4c.6bec48b1.8f5efd8e.55e34f54`Architecture`MON::Model [Architecture]`receiveEnergyCost=18.000000&receiveEnergyOverhead=48.000000&transmitEnergyCost=50.000000&transmitEnergyOverhead=45.000000````````````, ,
20140328_1358_30, Notification, XTEAM Engine, MRSV, 71, Simulation execution beginning, ,
20140328_1358_32, Design, CoWare XTEAM Client, participant_1, 61, X`1d380676.204a4521.b3bb7c52.2bae3451`ATTR`Host_2`Host`MON::Set [Host]`Aspect=xADLCoreAspect&Position=42.350`53c8e4c.6bec48b1.8f5efd8e.55e34f54`Architecture`MON::Model [Architecture]`receiveEnergyCost=18.000000&receiveEnergyOverhead=48.000000&transmitEnergyCost=50.000000&transmitEnergyOverhead=200.000000````````````, ,
20140328_1358_36, Design, CoWare XTEAM Client, participant_1, 63, X`1d380676.204a4521.b3bb7c52.2bae3451`ATTR`Host_2`Host`MON::Set [Host]`Aspect=xADLCoreAspect&Position=42.350`53c8e4c.6bec48b1.8f5efd8e.55e34f54`Architecture`MON::Model [Architecture]`receiveEnergyCost=65.000000&receiveEnergyOverhead=240.000000&transmitEnergyCost=50.000000&transmitEnergyOverhead=200.000000````````````, ,
20140328_1358_34, Design, CoWare XTEAM Client, participant_1, 62, X`1d380676.204a4521.b3bb7c52.2bae3451`ATTR`Host_2`Host`MON::Set [Host]`Aspect=xADLCoreAspect&Position=42.350`53c8e4c.6bec48b1.8f5efd8e.55e34f54`Architecture`MON::Model [Architecture]`receiveEnergyCost=65.000000&receiveEnergyOverhead=48.000000&transmitEnergyCost=50.000000&transmitEnergyOverhead=200.000000````````````, ,
20140328_1358_40, Notification, XTEAM Engine, MRSV, 72, Simulation execution beginning, ,
20140328_1358_41, Notification, XTEAM Engine, MRSV, 73, Simulation execution beginning, ,
20140328_1358_45, Notification, XTEAM Engine, MRSV, 65, Simulation execution completion, ,
20140328_1358_50, Design, CoWare XTEAM Client, participant_1, 64, X`6e9c8fd6.f1e64dd2.b80f329b.5eaf84d5`ATTR`generate`Task`MON::Model [Task]`Aspect=xADLBehaviorAspect&Position=231.196`949ce290.11ad4a14.a3b729fe.76f3e91a`Process`MON::Model [Process]`executionTime=4&memoryUsage=250&taskInstruction=nextRequest = new Request;|nextRequest->getRequestKind().value() = "Salinity";````````````, ,
20140328_1358_45, XTEAM, XTEAM Engine, MRSV, , ,
20140328_1358_45, XTEAM, XTEAM Engine, MRSV, , ,
20140328_1358_45, XTEAM, XTEAM Engine, MRSV, , ,
20140328_1358_54, Notification, XTEAM Engine, MRSV, 74, Simulation execution beginning, ,
20140328_1358_59, Design, CoWare XTEAM Client, participant_1, 65, X`f5e3fc53.9152438c.8adc2b0b.e095f1c6`REGISTRY`generateRequest`Process`MON::Model [Process]`Aspect=xADLBehaviorAspect&Position=98.126`16be4b61.553e4d03.8cbe8e19.cd3485fc`Component`MON::Model [Component]`initialProcess=true````````````, ,
20140328_1359_00, Notification, XTEAM Engine, MRSV, 67, Simulation execution completion, ,
20140328_1359_00, XTEAM, XTEAM Engine, MRSV, , ,
20140328_1359_00, XTEAM, XTEAM Engine, MRSV, , ,
20140328_1359_00, XTEAM, XTEAM Engine, MRSV, , ,
20140328_1359_01, Notification, XTEAM Engine, MRSV, 68, Simulation execution completion, ,
20140328_1359_01, XTEAM, XTEAM Engine, MRSV, , ,
20140328_1359_01, XTEAM, XTEAM Engine, MRSV, , ,
20140328_1359_01, XTEAM, XTEAM Engine, MRSV, , ,
20140328_1359_02, Notification, XTEAM Engine, MRSV, 75, Simulation execution beginning, ,
20140328_1359_03, Notification, XTEAM Engine, MRSV, 66, Simulation execution completion, ,
20140328_1359_03, XTEAM, XTEAM Engine, MRSV, , ,
20140328_1359_03, XTEAM, XTEAM Engine, MRSV, , ,
20140328_1359_03, XTEAM, XTEAM Engine, MRSV, , ,
20140328_1359_03, Notification, XTEAM Engine, MRSV, 69, Simulation execution completion, ,
20140328_1359_03, XTEAM, XTEAM Engine, MRSV, , ,
20140328_1359_03, XTEAM, XTEAM Engine, MRSV, , ,
20140328_1359_03, XTEAM, XTEAM Engine, MRSV, , ,
20140328_1359_04, Design, CoWare XTEAM Client, participant_1, 66, X`422c11c0.c89a428f.838be7f4.7ffbcbd6`ATTR`generate`Task`MON::Model [Task]`Aspect=xADLBehaviorAspect&Position=231.196`f5e3fc53.9152438c.8adc2b0b.e095f1c6`Process`MON::Model [Process]`executionTime=7&memoryUsage=250&taskInstruction=nextRequest = new Request;|nextRequest->getRequestKind().value() = "Salinity";````````````, ,
20140328_1359_05, Design, CoWare XTEAM Client, participant_1, 67, X`422c11c0.c89a428f.838be7f4.7ffbcbd6`ATTR`generate`Task`MON::Model [Task]`Aspect=xADLBehaviorAspect&Position=231.196`f5e3fc53.9152438c.8adc2b0b.e095f1c6`Process`MON::Model [Process]`executionTime=7&memoryUsage=3&taskInstruction=nextRequest = new Request;|nextRequest->getRequestKind().value() = "Salinity";````````````, ,
20140328_1359_06, Notification, XTEAM Engine, MRSV, 76, Simulation execution beginning, ,
20140328_1359_08, Notification, XTEAM Engine, MRSV, 77, Simulation execution beginning, ,
20140328_1359_10, Notification, XTEAM Engine, MRSV, 70, Simulation execution completion, ,
20140328_1359_10, XTEAM, XTEAM Engine, MRSV, , ,
20140328_1359_10, XTEAM, XTEAM Engine, MRSV, , ,
20140328_1359_10, XTEAM, XTEAM Engine, MRSV, , ,
20140328_1359_24, Notification, XTEAM Engine, MRSV, 72, Simulation execution completion, ,
20140328_1359_24, XTEAM, XTEAM Engine, MRSV, , ,
20140328_1359_24, XTEAM, XTEAM Engine, MRSV, , ,
20140328_1359_24, XTEAM, XTEAM Engine, MRSV, , ,
20140328_1359_24, Notification, XTEAM Engine, MRSV, 71, Simulation execution completion, ,
20140328_1359_24, XTEAM, XTEAM Engine, MRSV, , ,
20140328_1359_24, XTEAM, XTEAM Engine, MRSV, , ,
20140328_1359_24, XTEAM, XTEAM Engine, MRSV, , ,
20140328_1359_26, Notification, XTEAM Engine, MRSV, 73, Simulation execution completion, ,
20140328_1359_26, XTEAM, XTEAM Engine, MRSV, , ,
20140328_1359_26, XTEAM, XTEAM Engine, MRSV, , ,
20140328_1359_26, XTEAM, XTEAM Engine, MRSV, , ,
20140328_1359_34, Notification, XTEAM Engine, MRSV, 74, Simulation execution completion, ,
20140328_1359_34, XTEAM, XTEAM Engine, MRSV, , ,
20140328_1359_34, XTEAM, XTEAM Engine, MRSV, , ,
20140328_1359_34, XTEAM, XTEAM Engine, MRSV, , ,
20140328_1359_35, Design, CoWare XTEAM Client, participant_1, 68, X`6e9c8fd6.f1e64dd2.b80f329b.5eaf84d5`ATTR`generate`Task`MON::Model [Task]`Aspect=xADLBehaviorAspect&Position=231.196`949ce290.11ad4a14.a3b729fe.76f3e91a`Process`MON::Model [Process]`executionTime=7&memoryUsage=250&taskInstruction=nextRequest = new Request;|nextRequest->getRequestKind().value() = "Salinity";````````````, ,
20140328_1359_37, Design, CoWare XTEAM Client, participant_1, 69, X`6e9c8fd6.f1e64dd2.b80f329b.5eaf84d5`ATTR`generate`Task`MON::Model [Task]`Aspect=xADLBehaviorAspect&Position=231.196`949ce290.11ad4a14.a3b729fe.76f3e91a`Process`MON::Model [Process]`executionTime=7&memoryUsage=3&taskInstruction=nextRequest = new Request;|nextRequest->getRequestKind().value() = "Salinity";````````````, ,
20140328_1359_38, Notification, XTEAM Engine, MRSV, 78, Simulation execution beginning, ,
20140328_1359_39, Notification, XTEAM Engine, MRSV, 79, Simulation execution beginning, ,
20140328_1359_40, Notification, XTEAM Engine, MRSV, 76, Simulation execution completion, ,
20140328_1359_40, XTEAM, XTEAM Engine, MRSV, , ,
20140328_1359_40, XTEAM, XTEAM Engine, MRSV, , ,
20140328_1359_40, XTEAM, XTEAM Engine, MRSV, , ,
20140328_1359_40, Notification, XTEAM Engine, MRSV, 75, Simulation execution completion, ,
20140328_1359_40, XTEAM, XTEAM Engine, MRSV, , ,
20140328_1359_40, XTEAM, XTEAM Engine, MRSV, , ,
20140328_1359_40, XTEAM, XTEAM Engine, MRSV, , ,
20140328_1359_42, Notification, XTEAM Engine, MRSV, 77, Simulation execution completion, ,
20140328_1359_42, XTEAM, XTEAM Engine, MRSV, , ,
20140328_1359_42, XTEAM, XTEAM Engine, MRSV, , ,
20140328_1359_42, XTEAM, XTEAM Engine, MRSV, , ,
20140328_1359_44, Design, CoWare XTEAM Client, participant_1, 70, X`f5e3fc53.9152438c.8adc2b0b.e095f1c6`REGISTRY`generateRequest`Process`MON::Model [Process]`Aspect=xADLBehaviorAspect&Position=98.126`16be4b61.553e4d03.8cbe8e19.cd3485fc`Component`MON::Model [Component]`initialProcess=true````````````, ,
20140328_1359_49, Notification, XTEAM Engine, MRSV, 80, Simulation execution beginning, ,
20140328_1359_51, Design, CoWare XTEAM Client, participant_1, 71, X`422c11c0.c89a428f.838be7f4.7ffbcbd6`ATTR`generate`Task`MON::Model [Task]`Aspect=xADLBehaviorAspect&Position=231.196`f5e3fc53.9152438c.8adc2b0b.e095f1c6`Process`MON::Model [Process]`executionTime=4&memoryUsage=3&taskInstruction=nextRequest = new Request;|nextRequest->getRequestKind().value() = "Salinity";````````````, ,
20140328_1359_52, Design, CoWare XTEAM Client, participant_1, 72, X`422c11c0.c89a428f.838be7f4.7ffbcbd6`ATTR`generate`Task`MON::Model [Task]`Aspect=xADLBehaviorAspect&Position=231.196`f5e3fc53.9152438c.8adc2b0b.e095f1c6`Process`MON::Model [Process]`executionTime=4&memoryUsage=250&taskInstruction=nextRequest = new Request;|nextRequest->getRequestKind().value() = "Salinity";````````````, ,
20140328_1359_53, Notification, XTEAM Engine, MRSV, 81, Simulation execution beginning, ,
20140328_1359_55, Notification, XTEAM Engine, MRSV, 82, Simulation execution beginning, ,
20140328_1400_07, Notification, XTEAM Engine, MRSV, 78, Simulation execution completion, ,
20140328_1400_07, XTEAM, XTEAM Engine, MRSV, , ,
20140328_1400_07, XTEAM, XTEAM Engine, MRSV, , ,
20140328_1400_07, XTEAM, XTEAM Engine, MRSV, , ,
20140328_1400_12, Notification, XTEAM Engine, MRSV, 79, Simulation execution completion, ,
20140328_1400_12, XTEAM, XTEAM Engine, MRSV, , ,
20140328_1400_12, XTEAM, XTEAM Engine, MRSV, , ,
20140328_1400_12, XTEAM, XTEAM Engine, MRSV, , ,
20140328_1400_17, Notification, XTEAM Engine, MRSV, 80, Simulation execution completion, ,
20140328_1400_17, XTEAM, XTEAM Engine, MRSV, , ,
20140328_1400_17, XTEAM, XTEAM Engine, MRSV, , ,
20140328_1400_17, XTEAM, XTEAM Engine, MRSV, , ,
20140328_1400_20, Notification, XTEAM Engine, MRSV, 81, Simulation execution completion, ,
20140328_1400_20, XTEAM, XTEAM Engine, MRSV, , ,
20140328_1400_20, XTEAM, XTEAM Engine, MRSV, , ,
20140328_1400_20, XTEAM, XTEAM Engine, MRSV, , ,
20140328_1400_27, Notification, XTEAM Engine, MRSV, 82, Simulation execution completion, ,
20140328_1400_27, XTEAM, XTEAM Engine, MRSV, , ,
20140328_1400_27, XTEAM, XTEAM Engine, MRSV, , ,
20140328_1400_27, XTEAM, XTEAM Engine, MRSV, , ,
20140328_1401_59, Design, CoWare XTEAM Client, participant_0, 13, X`94210f92.7f2948b5.85ae7022.b47edab9`ATTR`forward`Task`MON::Model [Task]`Aspect=xADLBehaviorAspect&Position=280.196`bae5c031.c23642cf.9833b82f.3b18d72d`Process`MON::Model [Process]`executionTime=7&memoryUsage=15&taskInstruction=````````````, ,
20140328_1402_01, Notification, XTEAM Engine, MRSV, 83, Simulation execution beginning, ,
20140328_1402_14, Design, CoWare XTEAM Client, participant_0, 14, X`f603f85b.e43844a4.b3627b58.f951dcdf`REGISTRY`Host_Temp`Host`MON::Set [Host]`Aspect=xADLCoreAspect&Position=1113.763`53c8e4c.6bec48b1.8f5efd8e.55e34f54`Architecture`MON::Model [Architecture]`receiveEnergyCost=20.000000&receiveEnergyOverhead=70.000000&transmitEnergyCost=12.000000&transmitEnergyOverhead=40.000000````````````, ,
20140328_1402_16, Notification, XTEAM Engine, MRSV, 84, Simulation execution beginning, ,
20140328_1402_32, Notification, XTEAM Engine, MRSV, 83, Simulation execution completion, ,
20140328_1402_32, XTEAM, XTEAM Engine, MRSV, , ,
20140328_1402_32, XTEAM, XTEAM Engine, MRSV, , ,
20140328_1402_32, XTEAM, XTEAM Engine, MRSV, , ,
20140328_1402_43, Notification, XTEAM Engine, MRSV, 84, Simulation execution completion, ,
20140328_1402_43, XTEAM, XTEAM Engine, MRSV, , ,
20140328_1402_43, XTEAM, XTEAM Engine, MRSV, , ,
20140328_1402_43, XTEAM, XTEAM Engine, MRSV, , ,
20140328_1403_00, Design, CoWare XTEAM Client, participant_0, 15, X`94210f92.7f2948b5.85ae7022.b47edab9`ATTR`forward`Task`MON::Model [Task]`Aspect=xADLBehaviorAspect&Position=280.196`bae5c031.c23642cf.9833b82f.3b18d72d`Process`MON::Model [Process]`executionTime=0&memoryUsage=15&taskInstruction=````````````, ,
20140328_1403_01, Notification, XTEAM Engine, MRSV, 85, Simulation execution beginning, ,
20140328_1403_04, Design, CoWare XTEAM Client, participant_0, 16, X`94210f92.7f2948b5.85ae7022.b47edab9`ATTR`forward`Task`MON::Model [Task]`Aspect=xADLBehaviorAspect&Position=280.196`bae5c031.c23642cf.9833b82f.3b18d72d`Process`MON::Model [Process]`executionTime=0&memoryUsage=1&taskInstruction=````````````, ,
20140328_1403_06, Notification, XTEAM Engine, MRSV, 86, Simulation execution beginning, ,
20140328_1403_36, Notification, XTEAM Engine, MRSV, 85, Simulation execution completion, ,
20140328_1403_36, XTEAM, XTEAM Engine, MRSV, , ,
20140328_1403_36, XTEAM, XTEAM Engine, MRSV, , ,
20140328_1403_36, XTEAM, XTEAM Engine, MRSV, , ,
20140328_1403_39, Notification, XTEAM Engine, MRSV, 86, Simulation execution completion, ,
20140328_1403_39, XTEAM, XTEAM Engine, MRSV, , ,
20140328_1403_39, XTEAM, XTEAM Engine, MRSV, , ,
20140328_1403_39, XTEAM, XTEAM Engine, MRSV, , ,
20140328_1409_15, Design, CoWare XTEAM Client, participant_0, 17, X`94210f92.7f2948b5.85ae7022.b47edab9`ATTR`forward`Task`MON::Model [Task]`Aspect=xADLBehaviorAspect&Position=280.196`bae5c031.c23642cf.9833b82f.3b18d72d`Process`MON::Model [Process]`executionTime=7&memoryUsage=1&taskInstruction=````````````, ,
20140328_1409_16, Notification, XTEAM Engine, MRSV, 87, Simulation execution beginning, ,
20140328_1409_18, Design, CoWare XTEAM Client, participant_0, 18, X`94210f92.7f2948b5.85ae7022.b47edab9`ATTR`forward`Task`MON::Model [Task]`Aspect=xADLBehaviorAspect&Position=280.196`bae5c031.c23642cf.9833b82f.3b18d72d`Process`MON::Model [Process]`executionTime=7&memoryUsage=15&taskInstruction=````````````, ,
20140328_1409_20, Notification, XTEAM Engine, MRSV, 88, Simulation execution beginning, ,
20140328_1409_46, Notification, XTEAM Engine, MRSV, 87, Simulation execution completion, ,
20140328_1409_46, XTEAM, XTEAM Engine, MRSV, , ,
20140328_1409_46, XTEAM, XTEAM Engine, MRSV, , ,
20140328_1409_46, XTEAM, XTEAM Engine, MRSV, , ,
20140328_1409_50, Notification, XTEAM Engine, MRSV, 88, Simulation execution completion, ,
20140328_1409_50, XTEAM, XTEAM Engine, MRSV, , ,
20140328_1409_50, XTEAM, XTEAM Engine, MRSV, , ,
20140328_1409_50, XTEAM, XTEAM Engine, MRSV, , ,
20140328_1412_39, Login, CoWare XTEAM Client, participant_1, , ,
20140328_1413_33, Design, CoWare XTEAM Client, participant_1, 73, X`3709314b.7a93486e.8dc9b26c.f4772d70`ATTR`Host_1`Host`MON::Set [Host]`Aspect=xADLCoreAspect&Position=42.49`53c8e4c.6bec48b1.8f5efd8e.55e34f54`Architecture`MON::Model [Architecture]`receiveEnergyCost=18.000000&receiveEnergyOverhead=48.000000&transmitEnergyCost=50.000000&transmitEnergyOverhead=45.000000````````````, ,
20140328_1413_34, Notification, XTEAM Engine, MRSV, 89, Simulation execution beginning, ,
20140328_1413_35, Design, CoWare XTEAM Client, participant_1, 74, X`3709314b.7a93486e.8dc9b26c.f4772d70`ATTR`Host_1`Host`MON::Set [Host]`Aspect=xADLCoreAspect&Position=42.49`53c8e4c.6bec48b1.8f5efd8e.55e34f54`Architecture`MON::Model [Architecture]`receiveEnergyCost=18.000000&receiveEnergyOverhead=48.000000&transmitEnergyCost=50.000000&transmitEnergyOverhead=200.000000````````````, ,
20140328_1413_36, Notification, XTEAM Engine, MRSV, 90, Simulation execution beginning, ,
20140328_1413_37, Design, CoWare XTEAM Client, participant_1, 75, X`3709314b.7a93486e.8dc9b26c.f4772d70`ATTR`Host_1`Host`MON::Set [Host]`Aspect=xADLCoreAspect&Position=42.49`53c8e4c.6bec48b1.8f5efd8e.55e34f54`Architecture`MON::Model [Architecture]`receiveEnergyCost=65.000000&receiveEnergyOverhead=48.000000&transmitEnergyCost=50.000000&transmitEnergyOverhead=200.000000````````````, ,
20140328_1413_38, Notification, XTEAM Engine, MRSV, 91, Simulation execution beginning, ,
20140328_1413_40, Design, CoWare XTEAM Client, participant_1, 76, X`3709314b.7a93486e.8dc9b26c.f4772d70`ATTR`Host_1`Host`MON::Set [Host]`Aspect=xADLCoreAspect&Position=42.49`53c8e4c.6bec48b1.8f5efd8e.55e34f54`Architecture`MON::Model [Architecture]`receiveEnergyCost=65.000000&receiveEnergyOverhead=240.000000&transmitEnergyCost=50.000000&transmitEnergyOverhead=200.000000````````````, ,
20140328_1413_45, Notification, XTEAM Engine, MRSV, 92, Simulation execution beginning, ,
20140328_1413_57, Design, CoWare XTEAM Client, participant_1, 77, X`26cde46c.9c5842b6.86a460a7.9af47b0b`ATTR`generate`Task`MON::Model [Task]`Aspect=xADLBehaviorAspect&Position=231.196`8bf46823.a38b47d7.afbbc04e.7988ae39`Process`MON::Model [Process]`executionTime=4&memoryUsage=250&taskInstruction=nextRequest = new Request;|nextRequest->getRequestKind().value() = "Salinity";````````````, ,
20140328_1413_59, Notification, XTEAM Engine, MRSV, 93, Simulation execution beginning, ,
20140328_1414_08, Design, CoWare XTEAM Client, participant_1, 78, X`6e9c8fd6.f1e64dd2.b80f329b.5eaf84d5`ATTR`generate`Task`MON::Model [Task]`Aspect=xADLBehaviorAspect&Position=231.196`949ce290.11ad4a14.a3b729fe.76f3e91a`Process`MON::Model [Process]`executionTime=4&memoryUsage=3&taskInstruction=nextRequest = new Request;|nextRequest->getRequestKind().value() = "Salinity";````````````, ,
20140328_1414_09, Notification, XTEAM Engine, MRSV, 94, Simulation execution beginning, ,
20140328_1414_10, Design, CoWare XTEAM Client, participant_1, 79, X`6e9c8fd6.f1e64dd2.b80f329b.5eaf84d5`ATTR`generate`Task`MON::Model [Task]`Aspect=xADLBehaviorAspect&Position=231.196`949ce290.11ad4a14.a3b729fe.76f3e91a`Process`MON::Model [Process]`executionTime=4&memoryUsage=250&taskInstruction=nextRequest = new Request;|nextRequest->getRequestKind().value() = "Salinity";````````````, ,
20140328_1414_10, Notification, XTEAM Engine, MRSV, 89, Simulation execution completion, ,
20140328_1414_10, XTEAM, XTEAM Engine, MRSV, , ,
20140328_1414_10, XTEAM, XTEAM Engine, MRSV, , ,
20140328_1414_10, XTEAM, XTEAM Engine, MRSV, , ,
20140328_1414_11, Notification, XTEAM Engine, MRSV, 95, Simulation execution beginning, ,
20140328_1414_13, Notification, XTEAM Engine, MRSV, 90, Simulation execution completion, ,
20140328_1414_13, XTEAM, XTEAM Engine, MRSV, , ,
20140328_1414_13, XTEAM, XTEAM Engine, MRSV, , ,
20140328_1414_13, XTEAM, XTEAM Engine, MRSV, , ,
20140328_1414_16, Notification, XTEAM Engine, MRSV, 91, Simulation execution completion, ,
20140328_1414_16, XTEAM, XTEAM Engine, MRSV, , ,
20140328_1414_16, XTEAM, XTEAM Engine, MRSV, , ,
20140328_1414_16, XTEAM, XTEAM Engine, MRSV, , ,
20140328_1414_20, Notification, XTEAM Engine, MRSV, 92, Simulation execution completion, ,
20140328_1414_20, XTEAM, XTEAM Engine, MRSV, , ,
20140328_1414_20, XTEAM, XTEAM Engine, MRSV, , ,
20140328_1414_20, XTEAM, XTEAM Engine, MRSV, , ,
20140328_1414_32, Notification, XTEAM Engine, MRSV, 93, Simulation execution completion, ,
20140328_1414_32, XTEAM, XTEAM Engine, MRSV, , ,
20140328_1414_32, XTEAM, XTEAM Engine, MRSV, , ,
20140328_1414_32, XTEAM, XTEAM Engine, MRSV, , ,
20140328_1414_50, Notification, XTEAM Engine, MRSV, 95, Simulation execution completion, ,
20140328_1414_50, XTEAM, XTEAM Engine, MRSV, , ,
20140328_1414_50, XTEAM, XTEAM Engine, MRSV, , ,
20140328_1414_50, XTEAM, XTEAM Engine, MRSV, , ,
20140328_1414_50, Notification, XTEAM Engine, MRSV, 94, Simulation execution completion, ,
20140328_1414_50, XTEAM, XTEAM Engine, MRSV, , ,
20140328_1414_50, XTEAM, XTEAM Engine, MRSV, , ,
20140328_1414_50, XTEAM, XTEAM Engine, MRSV, , ,
20140328_1415_19, Snapshot, CoWare XTEAM Client, participant_0, 19, ,
20140328_1416_11, Snapshot, CoWare XTEAM Client, participant_0, 20, ,
20140328_1416_26, Design, CoWare XTEAM Client, participant_0, 21, X`94210f92.7f2948b5.85ae7022.b47edab9`ATTR`forward`Task`MON::Model [Task]`Aspect=xADLBehaviorAspect&Position=280.196`bae5c031.c23642cf.9833b82f.3b18d72d`Process`MON::Model [Process]`executionTime=0&memoryUsage=15&taskInstruction=````````````, ,
20140328_1416_27, Notification, XTEAM Engine, MRSV, 96, Simulation execution beginning, ,
20140328_1416_30, Design, CoWare XTEAM Client, participant_0, 22, X`94210f92.7f2948b5.85ae7022.b47edab9`ATTR`forward`Task`MON::Model [Task]`Aspect=xADLBehaviorAspect&Position=280.196`bae5c031.c23642cf.9833b82f.3b18d72d`Process`MON::Model [Process]`executionTime=0&memoryUsage=1&taskInstruction=````````````, ,
20140328_1416_35, Notification, XTEAM Engine, MRSV, 97, Simulation execution beginning, ,
20140328_1416_59, Notification, XTEAM Engine, MRSV, 96, Simulation execution completion, ,
20140328_1416_59, XTEAM, XTEAM Engine, MRSV, , ,
20140328_1416_59, XTEAM, XTEAM Engine, MRSV, , ,
20140328_1416_59, XTEAM, XTEAM Engine, MRSV, , ,
20140328_1417_04, Notification, XTEAM Engine, MRSV, 97, Simulation execution completion, ,
20140328_1417_04, XTEAM, XTEAM Engine, MRSV, , ,
20140328_1417_04, XTEAM, XTEAM Engine, MRSV, , ,
20140328_1417_04, XTEAM, XTEAM Engine, MRSV, , ,
20140328_1417_20, Design, CoWare XTEAM Client, participant_0, 23, X`823be07d.a4c04349.bb5bd637.1efca24`ATTR`forward`Task`MON::Model [Task]`Aspect=xADLBehaviorAspect&Position=280.196`64012bb1.f194748.9fe467dc.cb2e84f5`Process`MON::Model [Process]`executionTime=0&memoryUsage=15&taskInstruction=````````````, ,
20140328_1417_21, Notification, XTEAM Engine, MRSV, 98, Simulation execution beginning, ,
20140328_1417_22, Design, CoWare XTEAM Client, participant_0, 24, X`823be07d.a4c04349.bb5bd637.1efca24`ATTR`forward`Task`MON::Model [Task]`Aspect=xADLBehaviorAspect&Position=280.196`64012bb1.f194748.9fe467dc.cb2e84f5`Process`MON::Model [Process]`executionTime=0&memoryUsage=1&taskInstruction=````````````, ,
20140328_1417_23, Notification, XTEAM Engine, MRSV, 99, Simulation execution beginning, ,
20140328_1417_48, Notification, XTEAM Engine, MRSV, 98, Simulation execution completion, ,
20140328_1417_48, XTEAM, XTEAM Engine, MRSV, , ,
20140328_1417_48, XTEAM, XTEAM Engine, MRSV, , ,
20140328_1417_48, XTEAM, XTEAM Engine, MRSV, , ,
20140328_1417_49, Notification, XTEAM Engine, MRSV, 99, Simulation execution completion, ,
20140328_1417_49, XTEAM, XTEAM Engine, MRSV, , ,
20140328_1417_49, XTEAM, XTEAM Engine, MRSV, , ,
20140328_1417_49, XTEAM, XTEAM Engine, MRSV, , ,
20140328_1418_00, Snapshot, CoWare XTEAM Client, participant_1, 80, ,
