TIME, Event name, OriginComponent, SenderUsername, EventID, Value, ,
20141128_1359_02, Login, FLAME Client, participant_0, , ,
20141128_1359_05, Login, XTEAM Engine, participant_0, , ,
20141128_1359_20, Login, FLAME Client, participant_1, , ,
20141128_1359_23, Login, XTEAM Engine, participant_1, , ,
20141128_1401_09, Design, FLAME Client, participant_0, 1, X`3f426f4b.6d164164.816fe575.67a4324f`ATTR`generate`Task`MON::Model [Task]`Aspect=xADLBehaviorAspect&Position=301.259`37598ce1.81784bb5.996843e8.1d554a61`Process`MON::Model [Process]`executionTime=7.5&memoryUsage=3&taskInstruction=nextTask = new Task;|nextTask->getTaskState().value() = 0;|nextTask->getTaskID().value() = taskIDCounter->getNextTaskID().value()++;````````````, ,
20141128_1401_10, Notification, XTEAM Engine, participant_0, 1, Simulation execution beginning, ,
20141128_1401_17, Design, FLAME Client, participant_0, 2, X`3f426f4b.6d164164.816fe575.67a4324f`ATTR`generate`Task`MON::Model [Task]`Aspect=xADLBehaviorAspect&Position=301.259`37598ce1.81784bb5.996843e8.1d554a61`Process`MON::Model [Process]`executionTime=7.5&memoryUsage=5500&taskInstruction=nextTask = new Task;|nextTask->getTaskState().value() = 0;|nextTask->getTaskID().value() = taskIDCounter->getNextTaskID().value()++;````````````, ,
20141128_1401_18, Notification, XTEAM Engine, participant_0, 2, Simulation execution beginning, ,
20141128_1401_41, Design, FLAME Client, participant_1, 1, X`4c379791.2eea468a.a8abbb1d.e5fba9bb`ATTR`perform`Task`MON::Model [Task]`Aspect=xADLBehaviorAspect&Position=336.217`c270ab26.2fff4b88.bf50a288.2d000ee5`Process`MON::Model [Process]`executionTime=350&memoryUsage=27&taskInstruction=nextResult[thread_id] = new Result;|nextResult[thread_id]->getResultState().value() = 0;|nextResult[thread_id]->getResultID().value() = nextTask[thread_id]->getTaskID().value();|nextResult[thread_id]->getResultValue().value() = 1;````````````, ,
20141128_1401_42, Notification, XTEAM Engine, participant_1, 1, Simulation execution beginning, ,
20141128_1401_47, Notification, XTEAM Engine, participant_0, 1, Simulation execution completion, ,
20141128_1401_47, XTEAM, XTEAM Engine, participant_0, , ,
20141128_1401_47, XTEAM, XTEAM Engine, participant_0, , ,
20141128_1401_47, XTEAM, XTEAM Engine, participant_0, , ,
20141128_1401_53, Notification, XTEAM Engine, participant_0, 2, Simulation execution completion, ,
20141128_1401_53, XTEAM, XTEAM Engine, participant_0, , ,
20141128_1401_53, XTEAM, XTEAM Engine, participant_0, , ,
20141128_1401_53, XTEAM, XTEAM Engine, participant_0, , ,
20141128_1401_53, Design, FLAME Client, participant_1, 2, X`4c379791.2eea468a.a8abbb1d.e5fba9bb`ATTR`perform`Task`MON::Model [Task]`Aspect=xADLBehaviorAspect&Position=336.217`c270ab26.2fff4b88.bf50a288.2d000ee5`Process`MON::Model [Process]`executionTime=350&memoryUsage=39&taskInstruction=nextResult[thread_id] = new Result;|nextResult[thread_id]->getResultState().value() = 0;|nextResult[thread_id]->getResultID().value() = nextTask[thread_id]->getTaskID().value();|nextResult[thread_id]->getResultValue().value() = 1;````````````, ,
20141128_1401_55, Notification, XTEAM Engine, participant_1, 2, Simulation execution beginning, ,
20141128_1402_10, Design, FLAME Client, participant_0, 3, X`176369f9.b385435c.b2d59a0f.66ba660c`ATTR`Host_SubsetSum`Host`MON::Set [Host]`Aspect=xADLCoreAspect&Position=1610.385`bb42af9e.ee894de6.a8870ee2.566cbbfe`Architecture`MON::Model [Architecture]`receiveEnergyCost=101.280000&receiveEnergyOverhead=64.990000&transmitEnergyCost=182.000000&transmitEnergyOverhead=82.450000````````````, ,
20141128_1402_11, Notification, XTEAM Engine, participant_0, 3, Simulation execution beginning, ,
20141128_1402_18, Notification, XTEAM Engine, participant_1, 1, Simulation execution completion, ,
20141128_1402_18, XTEAM, XTEAM Engine, participant_1, , ,
20141128_1402_18, XTEAM, XTEAM Engine, participant_1, , ,
20141128_1402_18, XTEAM, XTEAM Engine, participant_1, , ,
20141128_1402_20, Design, FLAME Client, participant_0, 4, X`176369f9.b385435c.b2d59a0f.66ba660c`ATTR`Host_SubsetSum`Host`MON::Set [Host]`Aspect=xADLCoreAspect&Position=1610.385`bb42af9e.ee894de6.a8870ee2.566cbbfe`Architecture`MON::Model [Architecture]`receiveEnergyCost=101.280000&receiveEnergyOverhead=64.990000&transmitEnergyCost=182.000000&transmitEnergyOverhead=217.000000````````````, ,
20141128_1402_21, Notification, XTEAM Engine, participant_0, 4, Simulation execution beginning, ,
20141128_1402_31, Notification, XTEAM Engine, participant_1, 2, Simulation execution completion, ,
20141128_1402_31, XTEAM, XTEAM Engine, participant_1, , ,
20141128_1402_31, XTEAM, XTEAM Engine, participant_1, , ,
20141128_1402_31, XTEAM, XTEAM Engine, participant_1, , ,
20141128_1402_46, Notification, XTEAM Engine, participant_0, 3, Simulation execution completion, ,
20141128_1402_46, XTEAM, XTEAM Engine, participant_0, , ,
20141128_1402_46, XTEAM, XTEAM Engine, participant_0, , ,
20141128_1402_46, XTEAM, XTEAM Engine, participant_0, , ,
20141128_1402_47, Design, FLAME Client, participant_1, 3, X`cdc6010e.7cf74d31.85daf3c3.1e9a4be8`ATTR`Host_Client`Host`MON::Set [Host]`Aspect=xADLCoreAspect&Position=28.560`bb42af9e.ee894de6.a8870ee2.566cbbfe`Architecture`MON::Model [Architecture]`receiveEnergyCost=150.010000&receiveEnergyOverhead=101.860000&transmitEnergyCost=312.000000&transmitEnergyOverhead=129.870000````````````, ,
20141128_1402_48, Notification, XTEAM Engine, participant_1, 3, Simulation execution beginning, ,
20141128_1402_55, Notification, XTEAM Engine, participant_0, 4, Simulation execution completion, ,
20141128_1402_55, XTEAM, XTEAM Engine, participant_0, , ,
20141128_1402_55, XTEAM, XTEAM Engine, participant_0, , ,
20141128_1402_55, XTEAM, XTEAM Engine, participant_0, , ,
20141128_1403_13, Design, FLAME Client, participant_0, 5, X`3a60805b.3a524f70.a064acd1.88108a11`ATTR`generate`Task`MON::Model [Task]`Aspect=xADLBehaviorAspect&Position=301.259`fd961ab4.712348fe.91a8653d.18529735`Process`MON::Model [Process]`executionTime=7&memoryUsage=3&taskInstruction=nextTask = new Task;|nextTask->getTaskState().value() = 0;|nextTask->getTaskID().value() = taskIDCounter->getNextTaskID().value()++;````````````, ,
20141128_1403_14, Notification, XTEAM Engine, participant_0, 5, Simulation execution beginning, ,
20141128_1403_17, Design, FLAME Client, participant_1, 4, X`cdc6010e.7cf74d31.85daf3c3.1e9a4be8`ATTR`Host_Client`Host`MON::Set [Host]`Aspect=xADLCoreAspect&Position=28.560`bb42af9e.ee894de6.a8870ee2.566cbbfe`Architecture`MON::Model [Architecture]`receiveEnergyCost=150.010000&receiveEnergyOverhead=101.860000&transmitEnergyCost=312.000000&transmitEnergyOverhead=341.000000````````````, ,
20141128_1403_18, Notification, XTEAM Engine, participant_1, 4, Simulation execution beginning, ,
20141128_1403_22, Notification, XTEAM Engine, participant_1, 3, Simulation execution completion, ,
20141128_1403_22, XTEAM, XTEAM Engine, participant_1, , ,
20141128_1403_22, XTEAM, XTEAM Engine, participant_1, , ,
20141128_1403_22, XTEAM, XTEAM Engine, participant_1, , ,
20141128_1403_23, Design, FLAME Client, participant_0, 6, X`3a60805b.3a524f70.a064acd1.88108a11`ATTR`generate`Task`MON::Model [Task]`Aspect=xADLBehaviorAspect&Position=301.259`fd961ab4.712348fe.91a8653d.18529735`Process`MON::Model [Process]`executionTime=7&memoryUsage=11000&taskInstruction=nextTask = new Task;|nextTask->getTaskState().value() = 0;|nextTask->getTaskID().value() = taskIDCounter->getNextTaskID().value()++;````````````, ,
20141128_1403_24, Notification, XTEAM Engine, participant_0, 6, Simulation execution beginning, ,
20141128_1403_39, Design, FLAME Client, participant_0, 7, X`de311a94.5ac54159.8e7ae434.321ec71e`ATTR`HostSAT`Host`MON::Set [Host]`Aspect=xADLCoreAspect&Position=1610.497`bb42af9e.ee894de6.a8870ee2.566cbbfe`Architecture`MON::Model [Architecture]`receiveEnergyCost=101.280000&receiveEnergyOverhead=64.990000&transmitEnergyCost=330.000000&transmitEnergyOverhead=82.450000````````````, ,
20141128_1403_40, Notification, XTEAM Engine, participant_0, 7, Simulation execution beginning, ,
20141128_1403_47, Design, FLAME Client, participant_0, 8, X`de311a94.5ac54159.8e7ae434.321ec71e`ATTR`HostSAT`Host`MON::Set [Host]`Aspect=xADLCoreAspect&Position=1610.497`bb42af9e.ee894de6.a8870ee2.566cbbfe`Architecture`MON::Model [Architecture]`receiveEnergyCost=101.280000&receiveEnergyOverhead=64.990000&transmitEnergyCost=330.000000&transmitEnergyOverhead=429.000000````````````, ,
20141128_1403_48, Notification, XTEAM Engine, participant_0, 8, Simulation execution beginning, ,
20141128_1403_54, Notification, XTEAM Engine, participant_0, 5, Simulation execution completion, ,
20141128_1403_54, XTEAM, XTEAM Engine, participant_0, , ,
20141128_1403_54, XTEAM, XTEAM Engine, participant_0, , ,
20141128_1403_54, XTEAM, XTEAM Engine, participant_0, , ,
20141128_1403_57, Notification, XTEAM Engine, participant_1, 4, Simulation execution completion, ,
20141128_1403_57, XTEAM, XTEAM Engine, participant_1, , ,
20141128_1403_57, XTEAM, XTEAM Engine, participant_1, , ,
20141128_1403_57, XTEAM, XTEAM Engine, participant_1, , ,
20141128_1404_04, Notification, XTEAM Engine, participant_0, 6, Simulation execution completion, ,
20141128_1404_04, XTEAM, XTEAM Engine, participant_0, , ,
20141128_1404_04, XTEAM, XTEAM Engine, participant_0, , ,
20141128_1404_04, XTEAM, XTEAM Engine, participant_0, , ,
20141128_1404_14, Notification, XTEAM Engine, participant_0, 7, Simulation execution completion, ,
20141128_1404_14, XTEAM, XTEAM Engine, participant_0, , ,
20141128_1404_14, XTEAM, XTEAM Engine, participant_0, , ,
20141128_1404_14, XTEAM, XTEAM Engine, participant_0, , ,
20141128_1404_20, Notification, XTEAM Engine, participant_0, 8, Simulation execution completion, ,
20141128_1404_20, XTEAM, XTEAM Engine, participant_0, , ,
20141128_1404_20, XTEAM, XTEAM Engine, participant_0, , ,
20141128_1404_20, XTEAM, XTEAM Engine, participant_0, , ,
20141128_1408_39, Design, FLAME Client, participant_1, 5, X`4c379791.2eea468a.a8abbb1d.e5fba9bb`ATTR`perform`Task`MON::Model [Task]`Aspect=xADLBehaviorAspect&Position=336.217`c270ab26.2fff4b88.bf50a288.2d000ee5`Process`MON::Model [Process]`executionTime=200&memoryUsage=39&taskInstruction=nextResult[thread_id] = new Result;|nextResult[thread_id]->getResultState().value() = 0;|nextResult[thread_id]->getResultID().value() = nextTask[thread_id]->getTaskID().value();|nextResult[thread_id]->getResultValue().value() = 1;````````````, ,
20141128_1408_40, Notification, XTEAM Engine, participant_1, 5, Simulation execution beginning, ,
20141128_1408_47, Design, FLAME Client, participant_1, 6, X`4c379791.2eea468a.a8abbb1d.e5fba9bb`ATTR`perform`Task`MON::Model [Task]`Aspect=xADLBehaviorAspect&Position=336.217`c270ab26.2fff4b88.bf50a288.2d000ee5`Process`MON::Model [Process]`executionTime=200&memoryUsage=92&taskInstruction=nextResult[thread_id] = new Result;|nextResult[thread_id]->getResultState().value() = 0;|nextResult[thread_id]->getResultID().value() = nextTask[thread_id]->getTaskID().value();|nextResult[thread_id]->getResultValue().value() = 1;````````````, ,
20141128_1408_48, Notification, XTEAM Engine, participant_1, 6, Simulation execution beginning, ,
20141128_1409_12, Notification, XTEAM Engine, participant_1, 5, Simulation execution completion, ,
20141128_1409_12, XTEAM, XTEAM Engine, participant_1, , ,
20141128_1409_12, XTEAM, XTEAM Engine, participant_1, , ,
20141128_1409_12, XTEAM, XTEAM Engine, participant_1, , ,
20141128_1409_20, Notification, XTEAM Engine, participant_1, 6, Simulation execution completion, ,
20141128_1409_20, XTEAM, XTEAM Engine, participant_1, , ,
20141128_1409_20, XTEAM, XTEAM Engine, participant_1, , ,
20141128_1409_20, XTEAM, XTEAM Engine, participant_1, , ,
20141128_1409_26, Design, FLAME Client, participant_1, 7, X`cdc6010e.7cf74d31.85daf3c3.1e9a4be8`ATTR`Host_Client`Host`MON::Set [Host]`Aspect=xADLCoreAspect&Position=28.560`bb42af9e.ee894de6.a8870ee2.566cbbfe`Architecture`MON::Model [Architecture]`receiveEnergyCost=150.010000&receiveEnergyOverhead=101.860000&transmitEnergyCost=514.000000&transmitEnergyOverhead=341.000000````````````, ,
20141128_1409_27, Notification, XTEAM Engine, participant_1, 7, Simulation execution beginning, ,
20141128_1409_32, Design, FLAME Client, participant_1, 8, X`cdc6010e.7cf74d31.85daf3c3.1e9a4be8`ATTR`Host_Client`Host`MON::Set [Host]`Aspect=xADLCoreAspect&Position=28.560`bb42af9e.ee894de6.a8870ee2.566cbbfe`Architecture`MON::Model [Architecture]`receiveEnergyCost=150.010000&receiveEnergyOverhead=101.860000&transmitEnergyCost=514.000000&transmitEnergyOverhead=755.000000````````````, ,
20141128_1409_33, Notification, XTEAM Engine, participant_1, 8, Simulation execution beginning, ,
20141128_1410_00, Notification, XTEAM Engine, participant_1, 7, Simulation execution completion, ,
20141128_1410_00, XTEAM, XTEAM Engine, participant_1, , ,
20141128_1410_00, XTEAM, XTEAM Engine, participant_1, , ,
20141128_1410_00, XTEAM, XTEAM Engine, participant_1, , ,
20141128_1410_05, Notification, XTEAM Engine, participant_1, 8, Simulation execution completion, ,
20141128_1410_05, XTEAM, XTEAM Engine, participant_1, , ,
20141128_1410_06, XTEAM, XTEAM Engine, participant_1, , ,
20141128_1410_06, XTEAM, XTEAM Engine, participant_1, , ,
20141128_1412_22, Design, FLAME Client, participant_0, 9, X`3f426f4b.6d164164.816fe575.67a4324f`ATTR`generate`Task`MON::Model [Task]`Aspect=xADLBehaviorAspect&Position=301.259`37598ce1.81784bb5.996843e8.1d554a61`Process`MON::Model [Process]`executionTime=7&memoryUsage=5500&taskInstruction=nextTask = new Task;|nextTask->getTaskState().value() = 0;|nextTask->getTaskID().value() = taskIDCounter->getNextTaskID().value()++;````````````, ,
20141128_1412_23, Notification, XTEAM Engine, participant_0, 9, Simulation execution beginning, ,
20141128_1412_27, Design, FLAME Client, participant_0, 10, X`3f426f4b.6d164164.816fe575.67a4324f`ATTR`generate`Task`MON::Model [Task]`Aspect=xADLBehaviorAspect&Position=301.259`37598ce1.81784bb5.996843e8.1d554a61`Process`MON::Model [Process]`executionTime=7&memoryUsage=11000&taskInstruction=nextTask = new Task;|nextTask->getTaskState().value() = 0;|nextTask->getTaskID().value() = taskIDCounter->getNextTaskID().value()++;````````````, ,
20141128_1412_28, Notification, XTEAM Engine, participant_0, 10, Simulation execution beginning, ,
20141128_1412_36, Design, FLAME Client, participant_0, 11, X`3a60805b.3a524f70.a064acd1.88108a11`ATTR`generate`Task`MON::Model [Task]`Aspect=xADLBehaviorAspect&Position=301.259`fd961ab4.712348fe.91a8653d.18529735`Process`MON::Model [Process]`executionTime=7.5&memoryUsage=11000&taskInstruction=nextTask = new Task;|nextTask->getTaskState().value() = 0;|nextTask->getTaskID().value() = taskIDCounter->getNextTaskID().value()++;````````````, ,
20141128_1412_38, Notification, XTEAM Engine, participant_0, 11, Simulation execution beginning, ,
20141128_1412_40, Design, FLAME Client, participant_0, 12, X`3a60805b.3a524f70.a064acd1.88108a11`ATTR`generate`Task`MON::Model [Task]`Aspect=xADLBehaviorAspect&Position=301.259`fd961ab4.712348fe.91a8653d.18529735`Process`MON::Model [Process]`executionTime=7.5&memoryUsage=5500&taskInstruction=nextTask = new Task;|nextTask->getTaskState().value() = 0;|nextTask->getTaskID().value() = taskIDCounter->getNextTaskID().value()++;````````````, ,
20141128_1412_41, Notification, XTEAM Engine, participant_0, 12, Simulation execution beginning, ,
20141128_1413_03, Notification, XTEAM Engine, participant_0, 9, Simulation execution completion, ,
20141128_1413_03, XTEAM, XTEAM Engine, participant_0, , ,
20141128_1413_03, XTEAM, XTEAM Engine, participant_0, , ,
20141128_1413_03, XTEAM, XTEAM Engine, participant_0, , ,
20141128_1413_06, Notification, XTEAM Engine, participant_0, 10, Simulation execution completion, ,
20141128_1413_06, XTEAM, XTEAM Engine, participant_0, , ,
20141128_1413_06, XTEAM, XTEAM Engine, participant_0, , ,
20141128_1413_06, XTEAM, XTEAM Engine, participant_0, , ,
20141128_1413_13, Notification, XTEAM Engine, participant_0, 11, Simulation execution completion, ,
20141128_1413_13, XTEAM, XTEAM Engine, participant_0, , ,
20141128_1413_13, XTEAM, XTEAM Engine, participant_0, , ,
20141128_1413_13, XTEAM, XTEAM Engine, participant_0, , ,
20141128_1413_16, Notification, XTEAM Engine, participant_0, 12, Simulation execution completion, ,
20141128_1413_16, XTEAM, XTEAM Engine, participant_0, , ,
20141128_1413_16, XTEAM, XTEAM Engine, participant_0, , ,
20141128_1413_16, XTEAM, XTEAM Engine, participant_0, , ,
20141128_1413_37, Design, FLAME Client, participant_0, 13, X`176369f9.b385435c.b2d59a0f.66ba660c`ATTR`Host_SubsetSum`Host`MON::Set [Host]`Aspect=xADLCoreAspect&Position=1610.385`bb42af9e.ee894de6.a8870ee2.566cbbfe`Architecture`MON::Model [Architecture]`receiveEnergyCost=101.280000&receiveEnergyOverhead=64.990000&transmitEnergyCost=330.000000&transmitEnergyOverhead=217.000000````````````, ,
20141128_1413_38, Notification, XTEAM Engine, participant_0, 13, Simulation execution beginning, ,
20141128_1413_41, Design, FLAME Client, participant_0, 14, X`176369f9.b385435c.b2d59a0f.66ba660c`ATTR`Host_SubsetSum`Host`MON::Set [Host]`Aspect=xADLCoreAspect&Position=1610.385`bb42af9e.ee894de6.a8870ee2.566cbbfe`Architecture`MON::Model [Architecture]`receiveEnergyCost=101.280000&receiveEnergyOverhead=64.990000&transmitEnergyCost=330.000000&transmitEnergyOverhead=429.000000````````````, ,
20141128_1413_42, Notification, XTEAM Engine, participant_0, 14, Simulation execution beginning, ,
20141128_1413_54, Design, FLAME Client, participant_0, 15, X`de311a94.5ac54159.8e7ae434.321ec71e`ATTR`HostSAT`Host`MON::Set [Host]`Aspect=xADLCoreAspect&Position=1610.497`bb42af9e.ee894de6.a8870ee2.566cbbfe`Architecture`MON::Model [Architecture]`receiveEnergyCost=101.280000&receiveEnergyOverhead=64.990000&transmitEnergyCost=182.000000&transmitEnergyOverhead=429.000000````````````, ,
20141128_1413_56, Notification, XTEAM Engine, participant_0, 15, Simulation execution beginning, ,
20141128_1413_57, Design, FLAME Client, participant_0, 16, X`de311a94.5ac54159.8e7ae434.321ec71e`ATTR`HostSAT`Host`MON::Set [Host]`Aspect=xADLCoreAspect&Position=1610.497`bb42af9e.ee894de6.a8870ee2.566cbbfe`Architecture`MON::Model [Architecture]`receiveEnergyCost=101.280000&receiveEnergyOverhead=64.990000&transmitEnergyCost=182.000000&transmitEnergyOverhead=217.000000````````````, ,
20141128_1413_58, Notification, XTEAM Engine, participant_0, 16, Simulation execution beginning, ,
20141128_1414_16, Notification, XTEAM Engine, participant_0, 13, Simulation execution completion, ,
20141128_1414_16, XTEAM, XTEAM Engine, participant_0, , ,
20141128_1414_16, XTEAM, XTEAM Engine, participant_0, , ,
20141128_1414_16, XTEAM, XTEAM Engine, participant_0, , ,
20141128_1414_20, Notification, XTEAM Engine, participant_0, 14, Simulation execution completion, ,
20141128_1414_20, XTEAM, XTEAM Engine, participant_0, , ,
20141128_1414_20, XTEAM, XTEAM Engine, participant_0, , ,
20141128_1414_20, XTEAM, XTEAM Engine, participant_0, , ,
20141128_1414_30, Notification, XTEAM Engine, participant_0, 15, Simulation execution completion, ,
20141128_1414_30, XTEAM, XTEAM Engine, participant_0, , ,
20141128_1414_30, XTEAM, XTEAM Engine, participant_0, , ,
20141128_1414_30, XTEAM, XTEAM Engine, participant_0, , ,
20141128_1414_31, Notification, XTEAM Engine, participant_0, 16, Simulation execution completion, ,
20141128_1414_31, XTEAM, XTEAM Engine, participant_0, , ,
20141128_1414_31, XTEAM, XTEAM Engine, participant_0, , ,
20141128_1414_31, XTEAM, XTEAM Engine, participant_0, , ,
20141128_1418_07, Design, FLAME Client, participant_0, 17, X`3f426f4b.6d164164.816fe575.67a4324f`ATTR`generate`Task`MON::Model [Task]`Aspect=xADLBehaviorAspect&Position=301.259`37598ce1.81784bb5.996843e8.1d554a61`Process`MON::Model [Process]`executionTime=8&memoryUsage=11000&taskInstruction=nextTask = new Task;|nextTask->getTaskState().value() = 0;|nextTask->getTaskID().value() = taskIDCounter->getNextTaskID().value()++;````````````, ,
20141128_1418_08, Notification, XTEAM Engine, participant_0, 17, Simulation execution beginning, ,
20141128_1418_12, Design, FLAME Client, participant_0, 18, X`3f426f4b.6d164164.816fe575.67a4324f`ATTR`generate`Task`MON::Model [Task]`Aspect=xADLBehaviorAspect&Position=301.259`37598ce1.81784bb5.996843e8.1d554a61`Process`MON::Model [Process]`executionTime=8&memoryUsage=3&taskInstruction=nextTask = new Task;|nextTask->getTaskState().value() = 0;|nextTask->getTaskID().value() = taskIDCounter->getNextTaskID().value()++;````````````, ,
20141128_1418_14, Notification, XTEAM Engine, participant_0, 18, Simulation execution beginning, ,
20141128_1418_21, Design, FLAME Client, participant_0, 19, X`176369f9.b385435c.b2d59a0f.66ba660c`ATTR`Host_SubsetSum`Host`MON::Set [Host]`Aspect=xADLCoreAspect&Position=1610.385`bb42af9e.ee894de6.a8870ee2.566cbbfe`Architecture`MON::Model [Architecture]`receiveEnergyCost=101.280000&receiveEnergyOverhead=64.990000&transmitEnergyCost=55.240000&transmitEnergyOverhead=429.000000````````````, ,
20141128_1418_23, Notification, XTEAM Engine, participant_0, 19, Simulation execution beginning, ,
20141128_1418_31, Design, FLAME Client, participant_0, 20, X`176369f9.b385435c.b2d59a0f.66ba660c`ATTR`Host_SubsetSum`Host`MON::Set [Host]`Aspect=xADLCoreAspect&Position=1610.385`bb42af9e.ee894de6.a8870ee2.566cbbfe`Architecture`MON::Model [Architecture]`receiveEnergyCost=101.280000&receiveEnergyOverhead=64.990000&transmitEnergyCost=55.240000&transmitEnergyOverhead=82.450000````````````, ,
20141128_1418_32, Notification, XTEAM Engine, participant_0, 20, Simulation execution beginning, ,
20141128_1418_44, Notification, XTEAM Engine, participant_0, 17, Simulation execution completion, ,
20141128_1418_44, XTEAM, XTEAM Engine, participant_0, , ,
20141128_1418_44, XTEAM, XTEAM Engine, participant_0, , ,
20141128_1418_44, XTEAM, XTEAM Engine, participant_0, , ,
20141128_1418_49, Notification, XTEAM Engine, participant_0, 18, Simulation execution completion, ,
20141128_1418_49, XTEAM, XTEAM Engine, participant_0, , ,
20141128_1418_49, XTEAM, XTEAM Engine, participant_0, , ,
20141128_1418_49, XTEAM, XTEAM Engine, participant_0, , ,
20141128_1418_58, Notification, XTEAM Engine, participant_0, 19, Simulation execution completion, ,
20141128_1418_58, XTEAM, XTEAM Engine, participant_0, , ,
20141128_1418_58, XTEAM, XTEAM Engine, participant_0, , ,
20141128_1418_58, XTEAM, XTEAM Engine, participant_0, , ,
20141128_1419_04, Notification, XTEAM Engine, participant_0, 20, Simulation execution completion, ,
20141128_1419_04, XTEAM, XTEAM Engine, participant_0, , ,
20141128_1419_04, XTEAM, XTEAM Engine, participant_0, , ,
20141128_1419_04, XTEAM, XTEAM Engine, participant_0, , ,
20141128_1419_34, Design, FLAME Client, participant_1, 9, X`64e3f498.f1114939.ba695f73.d07188e3`ATTR`perform`Task`MON::Model [Task]`Aspect=xADLBehaviorAspect&Position=308.301`d640f4b9.22e14264.b459176e.af6b895e`Process`MON::Model [Process]`executionTime=350&memoryUsage=27&taskInstruction=nextResult[thread_id] = new Result;|nextResult[thread_id]->getResultState().value() = 0;|nextResult[thread_id]->getResultID().value() = nextTask[thread_id]->getTaskID().value();|nextResult[thread_id]->getResultValue().value() = 1;````````````, ,
20141128_1419_35, Notification, XTEAM Engine, participant_1, 9, Simulation execution beginning, ,
20141128_1419_38, Design, FLAME Client, participant_1, 10, X`64e3f498.f1114939.ba695f73.d07188e3`ATTR`perform`Task`MON::Model [Task]`Aspect=xADLBehaviorAspect&Position=308.301`d640f4b9.22e14264.b459176e.af6b895e`Process`MON::Model [Process]`executionTime=350&memoryUsage=39&taskInstruction=nextResult[thread_id] = new Result;|nextResult[thread_id]->getResultState().value() = 0;|nextResult[thread_id]->getResultID().value() = nextTask[thread_id]->getTaskID().value();|nextResult[thread_id]->getResultValue().value() = 1;````````````, ,
20141128_1419_40, Notification, XTEAM Engine, participant_1, 10, Simulation execution beginning, ,
20141128_1420_02, Design, FLAME Client, participant_1, 11, X`25fea250.79aa4baf.b62be506.e9d1819a`ATTR`Host_GCE`Host`MON::Set [Host]`Aspect=xADLCoreAspect&Position=161.560`bb42af9e.ee894de6.a8870ee2.566cbbfe`Architecture`MON::Model [Architecture]`receiveEnergyCost=150.010000&receiveEnergyOverhead=101.860000&transmitEnergyCost=312.000000&transmitEnergyOverhead=129.870000````````````, ,
20141128_1420_03, Notification, XTEAM Engine, participant_1, 11, Simulation execution beginning, ,
20141128_1420_07, Design, FLAME Client, participant_1, 12, X`25fea250.79aa4baf.b62be506.e9d1819a`ATTR`Host_GCE`Host`MON::Set [Host]`Aspect=xADLCoreAspect&Position=161.560`bb42af9e.ee894de6.a8870ee2.566cbbfe`Architecture`MON::Model [Architecture]`receiveEnergyCost=150.010000&receiveEnergyOverhead=101.860000&transmitEnergyCost=312.000000&transmitEnergyOverhead=341.000000````````````, ,
20141128_1420_08, Notification, XTEAM Engine, participant_1, 12, Simulation execution beginning, ,
20141128_1420_09, Notification, XTEAM Engine, participant_1, 9, Simulation execution completion, ,
20141128_1420_09, XTEAM, XTEAM Engine, participant_1, , ,
20141128_1420_09, XTEAM, XTEAM Engine, participant_1, , ,
20141128_1420_09, XTEAM, XTEAM Engine, participant_1, , ,
20141128_1420_12, Notification, XTEAM Engine, participant_1, 10, Simulation execution completion, ,
20141128_1420_12, XTEAM, XTEAM Engine, participant_1, , ,
20141128_1420_12, XTEAM, XTEAM Engine, participant_1, , ,
20141128_1420_12, XTEAM, XTEAM Engine, participant_1, , ,
20141128_1420_35, Notification, XTEAM Engine, participant_1, 11, Simulation execution completion, ,
20141128_1420_35, XTEAM, XTEAM Engine, participant_1, , ,
20141128_1420_35, XTEAM, XTEAM Engine, participant_1, , ,
20141128_1420_35, XTEAM, XTEAM Engine, participant_1, , ,
20141128_1420_41, Notification, XTEAM Engine, participant_1, 12, Simulation execution completion, ,
20141128_1420_41, XTEAM, XTEAM Engine, participant_1, , ,
20141128_1420_41, XTEAM, XTEAM Engine, participant_1, , ,
20141128_1420_41, XTEAM, XTEAM Engine, participant_1, , ,
20141128_1421_57, Design, FLAME Client, participant_0, 21, X`de311a94.5ac54159.8e7ae434.321ec71e`ATTR`HostSAT`Host`MON::Set [Host]`Aspect=xADLCoreAspect&Position=1610.497`bb42af9e.ee894de6.a8870ee2.566cbbfe`Architecture`MON::Model [Architecture]`receiveEnergyCost=101.280000&receiveEnergyOverhead=64.990000&transmitEnergyCost=330.000000&transmitEnergyOverhead=217.000000````````````, ,
20141128_1421_59, Notification, XTEAM Engine, participant_0, 21, Simulation execution beginning, ,
20141128_1422_03, Design, FLAME Client, participant_0, 22, X`de311a94.5ac54159.8e7ae434.321ec71e`ATTR`HostSAT`Host`MON::Set [Host]`Aspect=xADLCoreAspect&Position=1610.497`bb42af9e.ee894de6.a8870ee2.566cbbfe`Architecture`MON::Model [Architecture]`receiveEnergyCost=101.280000&receiveEnergyOverhead=64.990000&transmitEnergyCost=330.000000&transmitEnergyOverhead=429.000000````````````, ,
20141128_1422_04, Notification, XTEAM Engine, participant_0, 22, Simulation execution beginning, ,
20141128_1422_15, Design, FLAME Client, participant_0, 23, X`3a60805b.3a524f70.a064acd1.88108a11`ATTR`generate`Task`MON::Model [Task]`Aspect=xADLBehaviorAspect&Position=301.259`fd961ab4.712348fe.91a8653d.18529735`Process`MON::Model [Process]`executionTime=7&memoryUsage=5500&taskInstruction=nextTask = new Task;|nextTask->getTaskState().value() = 0;|nextTask->getTaskID().value() = taskIDCounter->getNextTaskID().value()++;````````````, ,
20141128_1422_16, Notification, XTEAM Engine, participant_0, 23, Simulation execution beginning, ,
20141128_1422_21, Design, FLAME Client, participant_0, 24, X`3a60805b.3a524f70.a064acd1.88108a11`ATTR`generate`Task`MON::Model [Task]`Aspect=xADLBehaviorAspect&Position=301.259`fd961ab4.712348fe.91a8653d.18529735`Process`MON::Model [Process]`executionTime=7&memoryUsage=11000&taskInstruction=nextTask = new Task;|nextTask->getTaskState().value() = 0;|nextTask->getTaskID().value() = taskIDCounter->getNextTaskID().value()++;````````````, ,
20141128_1422_23, Notification, XTEAM Engine, participant_0, 24, Simulation execution beginning, ,
20141128_1422_35, Notification, XTEAM Engine, participant_0, 21, Simulation execution completion, ,
20141128_1422_35, XTEAM, XTEAM Engine, participant_0, , ,
20141128_1422_35, XTEAM, XTEAM Engine, participant_0, , ,
20141128_1422_35, XTEAM, XTEAM Engine, participant_0, , ,
20141128_1422_40, Notification, XTEAM Engine, participant_0, 22, Simulation execution completion, ,
20141128_1422_40, XTEAM, XTEAM Engine, participant_0, , ,
20141128_1422_40, XTEAM, XTEAM Engine, participant_0, , ,
20141128_1422_40, XTEAM, XTEAM Engine, participant_0, , ,
20141128_1422_49, Notification, XTEAM Engine, participant_0, 23, Simulation execution completion, ,
20141128_1422_49, XTEAM, XTEAM Engine, participant_0, , ,
20141128_1422_49, XTEAM, XTEAM Engine, participant_0, , ,
20141128_1422_49, XTEAM, XTEAM Engine, participant_0, , ,
20141128_1422_54, Notification, XTEAM Engine, participant_0, 24, Simulation execution completion, ,
20141128_1422_54, XTEAM, XTEAM Engine, participant_0, , ,
20141128_1422_54, XTEAM, XTEAM Engine, participant_0, , ,
20141128_1422_54, XTEAM, XTEAM Engine, participant_0, , ,
20141128_1423_34, Design, FLAME Client, participant_1, 13, X`4c379791.2eea468a.a8abbb1d.e5fba9bb`ATTR`perform`Task`MON::Model [Task]`Aspect=xADLBehaviorAspect&Position=336.217`c270ab26.2fff4b88.bf50a288.2d000ee5`Process`MON::Model [Process]`executionTime=350&memoryUsage=92&taskInstruction=nextResult[thread_id] = new Result;|nextResult[thread_id]->getResultState().value() = 0;|nextResult[thread_id]->getResultID().value() = nextTask[thread_id]->getTaskID().value();|nextResult[thread_id]->getResultValue().value() = 1;````````````, ,
20141128_1423_35, Notification, XTEAM Engine, participant_1, 13, Simulation execution beginning, ,
20141128_1423_38, Design, FLAME Client, participant_1, 14, X`4c379791.2eea468a.a8abbb1d.e5fba9bb`ATTR`perform`Task`MON::Model [Task]`Aspect=xADLBehaviorAspect&Position=336.217`c270ab26.2fff4b88.bf50a288.2d000ee5`Process`MON::Model [Process]`executionTime=350&memoryUsage=39&taskInstruction=nextResult[thread_id] = new Result;|nextResult[thread_id]->getResultState().value() = 0;|nextResult[thread_id]->getResultID().value() = nextTask[thread_id]->getTaskID().value();|nextResult[thread_id]->getResultValue().value() = 1;````````````, ,
20141128_1423_39, Notification, XTEAM Engine, participant_1, 14, Simulation execution beginning, ,
20141128_1424_01, Design, FLAME Client, participant_1, 15, X`64e3f498.f1114939.ba695f73.d07188e3`ATTR`perform`Task`MON::Model [Task]`Aspect=xADLBehaviorAspect&Position=308.301`d640f4b9.22e14264.b459176e.af6b895e`Process`MON::Model [Process]`executionTime=200&memoryUsage=39&taskInstruction=nextResult[thread_id] = new Result;|nextResult[thread_id]->getResultState().value() = 0;|nextResult[thread_id]->getResultID().value() = nextTask[thread_id]->getTaskID().value();|nextResult[thread_id]->getResultValue().value() = 1;````````````, ,
20141128_1424_02, Notification, XTEAM Engine, participant_1, 15, Simulation execution beginning, ,
20141128_1424_07, Design, FLAME Client, participant_1, 16, X`64e3f498.f1114939.ba695f73.d07188e3`ATTR`perform`Task`MON::Model [Task]`Aspect=xADLBehaviorAspect&Position=308.301`d640f4b9.22e14264.b459176e.af6b895e`Process`MON::Model [Process]`executionTime=200&memoryUsage=92&taskInstruction=nextResult[thread_id] = new Result;|nextResult[thread_id]->getResultState().value() = 0;|nextResult[thread_id]->getResultID().value() = nextTask[thread_id]->getTaskID().value();|nextResult[thread_id]->getResultValue().value() = 1;````````````, ,
20141128_1424_08, Notification, XTEAM Engine, participant_1, 16, Simulation execution beginning, ,
20141128_1424_09, Notification, XTEAM Engine, participant_1, 13, Simulation execution completion, ,
20141128_1424_09, XTEAM, XTEAM Engine, participant_1, , ,
20141128_1424_09, XTEAM, XTEAM Engine, participant_1, , ,
20141128_1424_09, XTEAM, XTEAM Engine, participant_1, , ,
20141128_1424_12, Notification, XTEAM Engine, participant_1, 14, Simulation execution completion, ,
20141128_1424_12, XTEAM, XTEAM Engine, participant_1, , ,
20141128_1424_12, XTEAM, XTEAM Engine, participant_1, , ,
20141128_1424_12, XTEAM, XTEAM Engine, participant_1, , ,
20141128_1424_34, Notification, XTEAM Engine, participant_1, 15, Simulation execution completion, ,
20141128_1424_34, XTEAM, XTEAM Engine, participant_1, , ,
20141128_1424_34, XTEAM, XTEAM Engine, participant_1, , ,
20141128_1424_34, XTEAM, XTEAM Engine, participant_1, , ,
20141128_1424_36, Design, FLAME Client, participant_1, 17, X`cdc6010e.7cf74d31.85daf3c3.1e9a4be8`ATTR`Host_Client`Host`MON::Set [Host]`Aspect=xADLCoreAspect&Position=28.560`bb42af9e.ee894de6.a8870ee2.566cbbfe`Architecture`MON::Model [Architecture]`receiveEnergyCost=150.010000&receiveEnergyOverhead=101.860000&transmitEnergyCost=312.000000&transmitEnergyOverhead=755.000000````````````, ,
20141128_1424_37, Notification, XTEAM Engine, participant_1, 17, Simulation execution beginning, ,
20141128_1424_38, Notification, XTEAM Engine, participant_1, 16, Simulation execution completion, ,
20141128_1424_39, XTEAM, XTEAM Engine, participant_1, , ,
20141128_1424_39, XTEAM, XTEAM Engine, participant_1, , ,
20141128_1424_39, XTEAM, XTEAM Engine, participant_1, , ,
20141128_1424_40, Design, FLAME Client, participant_1, 18, X`cdc6010e.7cf74d31.85daf3c3.1e9a4be8`ATTR`Host_Client`Host`MON::Set [Host]`Aspect=xADLCoreAspect&Position=28.560`bb42af9e.ee894de6.a8870ee2.566cbbfe`Architecture`MON::Model [Architecture]`receiveEnergyCost=150.010000&receiveEnergyOverhead=101.860000&transmitEnergyCost=312.000000&transmitEnergyOverhead=341.000000````````````, ,
20141128_1424_41, Notification, XTEAM Engine, participant_1, 18, Simulation execution beginning, ,
20141128_1425_00, Design, FLAME Client, participant_1, 19, X`25fea250.79aa4baf.b62be506.e9d1819a`ATTR`Host_GCE`Host`MON::Set [Host]`Aspect=xADLCoreAspect&Position=161.560`bb42af9e.ee894de6.a8870ee2.566cbbfe`Architecture`MON::Model [Architecture]`receiveEnergyCost=150.010000&receiveEnergyOverhead=101.860000&transmitEnergyCost=514.000000&transmitEnergyOverhead=341.000000````````````, ,
20141128_1425_01, Notification, XTEAM Engine, participant_1, 19, Simulation execution beginning, ,
20141128_1425_04, Design, FLAME Client, participant_1, 20, X`25fea250.79aa4baf.b62be506.e9d1819a`ATTR`Host_GCE`Host`MON::Set [Host]`Aspect=xADLCoreAspect&Position=161.560`bb42af9e.ee894de6.a8870ee2.566cbbfe`Architecture`MON::Model [Architecture]`receiveEnergyCost=150.010000&receiveEnergyOverhead=101.860000&transmitEnergyCost=514.000000&transmitEnergyOverhead=755.000000````````````, ,
20141128_1425_05, Notification, XTEAM Engine, participant_1, 20, Simulation execution beginning, ,
20141128_1425_11, Notification, XTEAM Engine, participant_1, 17, Simulation execution completion, ,
20141128_1425_11, XTEAM, XTEAM Engine, participant_1, , ,
20141128_1425_11, XTEAM, XTEAM Engine, participant_1, , ,
20141128_1425_11, XTEAM, XTEAM Engine, participant_1, , ,
20141128_1425_15, Notification, XTEAM Engine, participant_1, 18, Simulation execution completion, ,
20141128_1425_15, XTEAM, XTEAM Engine, participant_1, , ,
20141128_1425_15, XTEAM, XTEAM Engine, participant_1, , ,
20141128_1425_15, XTEAM, XTEAM Engine, participant_1, , ,
20141128_1425_34, Notification, XTEAM Engine, participant_1, 19, Simulation execution completion, ,
20141128_1425_34, XTEAM, XTEAM Engine, participant_1, , ,
20141128_1425_34, XTEAM, XTEAM Engine, participant_1, , ,
20141128_1425_34, XTEAM, XTEAM Engine, participant_1, , ,
20141128_1425_38, Notification, XTEAM Engine, participant_1, 20, Simulation execution completion, ,
20141128_1425_38, XTEAM, XTEAM Engine, participant_1, , ,
20141128_1425_38, XTEAM, XTEAM Engine, participant_1, , ,
20141128_1425_38, XTEAM, XTEAM Engine, participant_1, , ,
20141128_1426_55, Design, FLAME Client, participant_0, 25, X`176369f9.b385435c.b2d59a0f.66ba660c`ATTR`Host_SubsetSum`Host`MON::Set [Host]`Aspect=xADLCoreAspect&Position=1610.385`bb42af9e.ee894de6.a8870ee2.566cbbfe`Architecture`MON::Model [Architecture]`receiveEnergyCost=101.280000&receiveEnergyOverhead=64.990000&transmitEnergyCost=182.000000&transmitEnergyOverhead=82.450000````````````, ,
20141128_1426_56, Notification, XTEAM Engine, participant_0, 25, Simulation execution beginning, ,
20141128_1426_57, Design, FLAME Client, participant_0, 26, X`176369f9.b385435c.b2d59a0f.66ba660c`ATTR`Host_SubsetSum`Host`MON::Set [Host]`Aspect=xADLCoreAspect&Position=1610.385`bb42af9e.ee894de6.a8870ee2.566cbbfe`Architecture`MON::Model [Architecture]`receiveEnergyCost=101.280000&receiveEnergyOverhead=64.990000&transmitEnergyCost=182.000000&transmitEnergyOverhead=217.000000````````````, ,
20141128_1426_58, Notification, XTEAM Engine, participant_0, 26, Simulation execution beginning, ,
20141128_1427_14, Design, FLAME Client, participant_0, 27, X`3f426f4b.6d164164.816fe575.67a4324f`ATTR`generate`Task`MON::Model [Task]`Aspect=xADLBehaviorAspect&Position=301.259`37598ce1.81784bb5.996843e8.1d554a61`Process`MON::Model [Process]`executionTime=7.5&memoryUsage=3&taskInstruction=nextTask = new Task;|nextTask->getTaskState().value() = 0;|nextTask->getTaskID().value() = taskIDCounter->getNextTaskID().value()++;````````````, ,
20141128_1427_16, Notification, XTEAM Engine, participant_0, 27, Simulation execution beginning, ,
20141128_1427_23, Design, FLAME Client, participant_0, 28, X`3f426f4b.6d164164.816fe575.67a4324f`ATTR`generate`Task`MON::Model [Task]`Aspect=xADLBehaviorAspect&Position=301.259`37598ce1.81784bb5.996843e8.1d554a61`Process`MON::Model [Process]`executionTime=7.5&memoryUsage=5500&taskInstruction=nextTask = new Task;|nextTask->getTaskState().value() = 0;|nextTask->getTaskID().value() = taskIDCounter->getNextTaskID().value()++;````````````, ,
20141128_1427_24, Notification, XTEAM Engine, participant_0, 28, Simulation execution beginning, ,
20141128_1427_30, Notification, XTEAM Engine, participant_0, 25, Simulation execution completion, ,
20141128_1427_30, XTEAM, XTEAM Engine, participant_0, , ,
20141128_1427_30, XTEAM, XTEAM Engine, participant_0, , ,
20141128_1427_30, XTEAM, XTEAM Engine, participant_0, , ,
20141128_1427_33, Notification, XTEAM Engine, participant_0, 26, Simulation execution completion, ,
20141128_1427_33, XTEAM, XTEAM Engine, participant_0, , ,
20141128_1427_33, XTEAM, XTEAM Engine, participant_0, , ,
20141128_1427_33, XTEAM, XTEAM Engine, participant_0, , ,
20141128_1427_49, Notification, XTEAM Engine, participant_0, 27, Simulation execution completion, ,
20141128_1427_49, XTEAM, XTEAM Engine, participant_0, , ,
20141128_1427_49, XTEAM, XTEAM Engine, participant_0, , ,
20141128_1427_49, XTEAM, XTEAM Engine, participant_0, , ,
20141128_1427_56, Notification, XTEAM Engine, participant_0, 28, Simulation execution completion, ,
20141128_1427_56, XTEAM, XTEAM Engine, participant_0, , ,
20141128_1427_56, XTEAM, XTEAM Engine, participant_0, , ,
20141128_1427_56, XTEAM, XTEAM Engine, participant_0, , ,
20141128_1428_24, Snapshot, FLAME Client, participant_0, 29, ,
20141128_1428_28, Notification, XTEAM Engine, participant_1, 21, Simulation execution beginning, ,
20141128_1428_58, Notification, XTEAM Engine, participant_1, 21, Simulation execution completion, ,
20141128_1428_58, XTEAM, XTEAM Engine, participant_1, , ,
20141128_1428_58, XTEAM, XTEAM Engine, participant_1, , ,
20141128_1428_58, XTEAM, XTEAM Engine, participant_1, , ,
