TIME, Event name, OriginComponent, SenderUsername, EventID, Value, ,
20141127_1028_50, Login, FLAME Client, participant_0, , ,
20141127_1028_53, Login, XTEAM Engine, participant_0, , ,
20141127_1029_44, Login, FLAME Client, participant_1, , ,
20141127_1029_46, Login, XTEAM Engine, participant_1, , ,
20141127_1032_12, Design, FLAME Client, participant_1, 1, X`3f426f4b.6d164164.816fe575.67a4324f`ATTR`generate`Task`MON::Model [Task]`Aspect=xADLBehaviorAspect&Position=301.259`37598ce1.81784bb5.996843e8.1d554a61`Process`MON::Model [Process]`executionTime=7&memoryUsage=3&taskInstruction=nextTask = new Task;|nextTask->getTaskState().value() = 0;|nextTask->getTaskID().value() = taskIDCounter->getNextTaskID().value()++;````````````, ,
20141127_1032_13, Notification, XTEAM Engine, participant_1, 1, Simulation execution beginning, ,
20141127_1032_21, Design, FLAME Client, participant_1, 2, X`3f426f4b.6d164164.816fe575.67a4324f`ATTR`generate`Task`MON::Model [Task]`Aspect=xADLBehaviorAspect&Position=301.259`37598ce1.81784bb5.996843e8.1d554a61`Process`MON::Model [Process]`executionTime=7&memoryUsage=5500&taskInstruction=nextTask = new Task;|nextTask->getTaskState().value() = 0;|nextTask->getTaskID().value() = taskIDCounter->getNextTaskID().value()++;````````````, ,
20141127_1032_22, Notification, XTEAM Engine, participant_1, 2, Simulation execution beginning, ,
20141127_1032_46, Design, FLAME Client, participant_0, 1, X`64e3f498.f1114939.ba695f73.d07188e3`ATTR`perform`Task`MON::Model [Task]`Aspect=xADLBehaviorAspect&Position=308.301`d640f4b9.22e14264.b459176e.af6b895e`Process`MON::Model [Process]`executionTime=350&memoryUsage=27&taskInstruction=nextResult[thread_id] = new Result;|nextResult[thread_id]->getResultState().value() = 0;|nextResult[thread_id]->getResultID().value() = nextTask[thread_id]->getTaskID().value();|nextResult[thread_id]->getResultValue().value() = 1;````````````, ,
20141127_1032_46, Design, FLAME Client, participant_1, 3, X`176369f9.b385435c.b2d59a0f.66ba660c`ATTR`Host_SubsetSum`Host`MON::Set [Host]`Aspect=xADLCoreAspect&Position=1610.385`bb42af9e.ee894de6.a8870ee2.566cbbfe`Architecture`MON::Model [Architecture]`receiveEnergyCost=101.280000&receiveEnergyOverhead=64.990000&transmitEnergyCost=182.000000&transmitEnergyOverhead=82.450000````````````, ,
20141127_1032_47, Notification, XTEAM Engine, participant_1, 3, Simulation execution beginning, ,
20141127_1032_47, Notification, XTEAM Engine, participant_0, 1, Simulation execution beginning, ,
20141127_1032_50, Notification, XTEAM Engine, participant_1, 1, Simulation execution completion, ,
20141127_1032_50, XTEAM, XTEAM Engine, participant_1, , ,
20141127_1032_50, XTEAM, XTEAM Engine, participant_1, , ,
20141127_1032_50, XTEAM, XTEAM Engine, participant_1, , ,
20141127_1032_51, Design, FLAME Client, participant_0, 2, X`64e3f498.f1114939.ba695f73.d07188e3`ATTR`perform`Task`MON::Model [Task]`Aspect=xADLBehaviorAspect&Position=308.301`d640f4b9.22e14264.b459176e.af6b895e`Process`MON::Model [Process]`executionTime=350&memoryUsage=32&taskInstruction=nextResult[thread_id] = new Result;|nextResult[thread_id]->getResultState().value() = 0;|nextResult[thread_id]->getResultID().value() = nextTask[thread_id]->getTaskID().value();|nextResult[thread_id]->getResultValue().value() = 1;````````````, ,
20141127_1032_51, Design, FLAME Client, participant_1, 4, X`176369f9.b385435c.b2d59a0f.66ba660c`ATTR`Host_SubsetSum`Host`MON::Set [Host]`Aspect=xADLCoreAspect&Position=1610.385`bb42af9e.ee894de6.a8870ee2.566cbbfe`Architecture`MON::Model [Architecture]`receiveEnergyCost=101.280000&receiveEnergyOverhead=64.990000&transmitEnergyCost=182.000000&transmitEnergyOverhead=217.000000````````````, ,
20141127_1032_52, Notification, XTEAM Engine, participant_0, 2, Simulation execution beginning, ,
20141127_1032_52, Notification, XTEAM Engine, participant_1, 4, Simulation execution beginning, ,
20141127_1032_58, Notification, XTEAM Engine, participant_1, 2, Simulation execution completion, ,
20141127_1032_58, XTEAM, XTEAM Engine, participant_1, , ,
20141127_1032_58, XTEAM, XTEAM Engine, participant_1, , ,
20141127_1032_58, XTEAM, XTEAM Engine, participant_1, , ,
20141127_1033_12, Design, FLAME Client, participant_0, 3, X`25fea250.79aa4baf.b62be506.e9d1819a`ATTR`Host_GCE`Host`MON::Set [Host]`Aspect=xADLCoreAspect&Position=161.560`bb42af9e.ee894de6.a8870ee2.566cbbfe`Architecture`MON::Model [Architecture]`receiveEnergyCost=150.010000&receiveEnergyOverhead=101.860000&transmitEnergyCost=312.000000&transmitEnergyOverhead=129.870000````````````, ,
20141127_1033_14, Notification, XTEAM Engine, participant_0, 3, Simulation execution beginning, ,
20141127_1033_15, Design, FLAME Client, participant_0, 4, X`25fea250.79aa4baf.b62be506.e9d1819a`ATTR`Host_GCE`Host`MON::Set [Host]`Aspect=xADLCoreAspect&Position=161.560`bb42af9e.ee894de6.a8870ee2.566cbbfe`Architecture`MON::Model [Architecture]`receiveEnergyCost=150.010000&receiveEnergyOverhead=101.860000&transmitEnergyCost=312.000000&transmitEnergyOverhead=341.000000````````````, ,
20141127_1033_16, Notification, XTEAM Engine, participant_0, 4, Simulation execution beginning, ,
20141127_1033_31, Notification, XTEAM Engine, participant_1, 3, Simulation execution completion, ,
20141127_1033_31, XTEAM, XTEAM Engine, participant_1, , ,
20141127_1033_31, XTEAM, XTEAM Engine, participant_1, , ,
20141127_1033_31, Notification, XTEAM Engine, participant_0, 1, Simulation execution completion, ,
20141127_1033_31, XTEAM, XTEAM Engine, participant_0, , ,
20141127_1033_31, XTEAM, XTEAM Engine, participant_1, , ,
20141127_1033_31, XTEAM, XTEAM Engine, participant_0, , ,
20141127_1033_31, XTEAM, XTEAM Engine, participant_0, , ,
20141127_1033_35, Notification, XTEAM Engine, participant_0, 2, Simulation execution completion, ,
20141127_1033_35, XTEAM, XTEAM Engine, participant_0, , ,
20141127_1033_35, XTEAM, XTEAM Engine, participant_0, , ,
20141127_1033_35, XTEAM, XTEAM Engine, participant_0, , ,
20141127_1033_36, Notification, XTEAM Engine, participant_1, 4, Simulation execution completion, ,
20141127_1033_36, XTEAM, XTEAM Engine, participant_1, , ,
20141127_1033_36, XTEAM, XTEAM Engine, participant_1, , ,
20141127_1033_36, XTEAM, XTEAM Engine, participant_1, , ,
20141127_1033_48, Notification, XTEAM Engine, participant_0, 3, Simulation execution completion, ,
20141127_1033_48, XTEAM, XTEAM Engine, participant_0, , ,
20141127_1033_48, XTEAM, XTEAM Engine, participant_0, , ,
20141127_1033_48, XTEAM, XTEAM Engine, participant_0, , ,
20141127_1033_50, Notification, XTEAM Engine, participant_0, 4, Simulation execution completion, ,
20141127_1033_50, XTEAM, XTEAM Engine, participant_0, , ,
20141127_1033_50, XTEAM, XTEAM Engine, participant_0, , ,
20141127_1033_50, XTEAM, XTEAM Engine, participant_0, , ,
20141127_1034_17, Design, FLAME Client, participant_1, 5, X`3a60805b.3a524f70.a064acd1.88108a11`ATTR`generate`Task`MON::Model [Task]`Aspect=xADLBehaviorAspect&Position=301.259`fd961ab4.712348fe.91a8653d.18529735`Process`MON::Model [Process]`executionTime=6&memoryUsage=3&taskInstruction=nextTask = new Task;|nextTask->getTaskState().value() = 0;|nextTask->getTaskID().value() = taskIDCounter->getNextTaskID().value()++;````````````, ,
20141127_1034_18, Notification, XTEAM Engine, participant_1, 5, Simulation execution beginning, ,
20141127_1034_22, Design, FLAME Client, participant_1, 6, X`3a60805b.3a524f70.a064acd1.88108a11`ATTR`generate`Task`MON::Model [Task]`Aspect=xADLBehaviorAspect&Position=301.259`fd961ab4.712348fe.91a8653d.18529735`Process`MON::Model [Process]`executionTime=6&memoryUsage=11000&taskInstruction=nextTask = new Task;|nextTask->getTaskState().value() = 0;|nextTask->getTaskID().value() = taskIDCounter->getNextTaskID().value()++;````````````, ,
20141127_1034_23, Notification, XTEAM Engine, participant_1, 6, Simulation execution beginning, ,
20141127_1034_38, Design, FLAME Client, participant_1, 7, X`de311a94.5ac54159.8e7ae434.321ec71e`ATTR`HostSAT`Host`MON::Set [Host]`Aspect=xADLCoreAspect&Position=1610.497`bb42af9e.ee894de6.a8870ee2.566cbbfe`Architecture`MON::Model [Architecture]`receiveEnergyCost=101.280000&receiveEnergyOverhead=64.990000&transmitEnergyCost=330.000000&transmitEnergyOverhead=82.450000````````````, ,
20141127_1034_39, Notification, XTEAM Engine, participant_1, 7, Simulation execution beginning, ,
20141127_1034_43, Design, FLAME Client, participant_1, 8, X`de311a94.5ac54159.8e7ae434.321ec71e`ATTR`HostSAT`Host`MON::Set [Host]`Aspect=xADLCoreAspect&Position=1610.497`bb42af9e.ee894de6.a8870ee2.566cbbfe`Architecture`MON::Model [Architecture]`receiveEnergyCost=101.280000&receiveEnergyOverhead=64.990000&transmitEnergyCost=330.000000&transmitEnergyOverhead=429.000000````````````, ,
20141127_1034_44, Notification, XTEAM Engine, participant_1, 8, Simulation execution beginning, ,
20141127_1034_55, Notification, XTEAM Engine, participant_1, 5, Simulation execution completion, ,
20141127_1034_55, XTEAM, XTEAM Engine, participant_1, , ,
20141127_1034_55, XTEAM, XTEAM Engine, participant_1, , ,
20141127_1034_55, XTEAM, XTEAM Engine, participant_1, , ,
20141127_1035_00, Notification, XTEAM Engine, participant_1, 6, Simulation execution completion, ,
20141127_1035_00, XTEAM, XTEAM Engine, participant_1, , ,
20141127_1035_00, XTEAM, XTEAM Engine, participant_1, , ,
20141127_1035_00, XTEAM, XTEAM Engine, participant_1, , ,
20141127_1035_13, Notification, XTEAM Engine, participant_1, 7, Simulation execution completion, ,
20141127_1035_13, XTEAM, XTEAM Engine, participant_1, , ,
20141127_1035_13, XTEAM, XTEAM Engine, participant_1, , ,
20141127_1035_13, XTEAM, XTEAM Engine, participant_1, , ,
20141127_1035_16, Notification, XTEAM Engine, participant_1, 8, Simulation execution completion, ,
20141127_1035_16, XTEAM, XTEAM Engine, participant_1, , ,
20141127_1035_16, XTEAM, XTEAM Engine, participant_1, , ,
20141127_1035_16, XTEAM, XTEAM Engine, participant_1, , ,
20141127_1036_13, Design, FLAME Client, participant_0, 5, X`64e3f498.f1114939.ba695f73.d07188e3`ATTR`perform`Task`MON::Model [Task]`Aspect=xADLBehaviorAspect&Position=308.301`d640f4b9.22e14264.b459176e.af6b895e`Process`MON::Model [Process]`executionTime=200&memoryUsage=32&taskInstruction=nextResult[thread_id] = new Result;|nextResult[thread_id]->getResultState().value() = 0;|nextResult[thread_id]->getResultID().value() = nextTask[thread_id]->getTaskID().value();|nextResult[thread_id]->getResultValue().value() = 1;````````````, ,
20141127_1036_15, Notification, XTEAM Engine, participant_0, 5, Simulation execution beginning, ,
20141127_1036_18, Design, FLAME Client, participant_0, 6, X`64e3f498.f1114939.ba695f73.d07188e3`ATTR`perform`Task`MON::Model [Task]`Aspect=xADLBehaviorAspect&Position=308.301`d640f4b9.22e14264.b459176e.af6b895e`Process`MON::Model [Process]`executionTime=200&memoryUsage=65&taskInstruction=nextResult[thread_id] = new Result;|nextResult[thread_id]->getResultState().value() = 0;|nextResult[thread_id]->getResultID().value() = nextTask[thread_id]->getTaskID().value();|nextResult[thread_id]->getResultValue().value() = 1;````````````, ,
20141127_1036_19, Notification, XTEAM Engine, participant_0, 6, Simulation execution beginning, ,
20141127_1036_30, Design, FLAME Client, participant_0, 7, X`25fea250.79aa4baf.b62be506.e9d1819a`ATTR`Host_GCE`Host`MON::Set [Host]`Aspect=xADLCoreAspect&Position=161.560`bb42af9e.ee894de6.a8870ee2.566cbbfe`Architecture`MON::Model [Architecture]`receiveEnergyCost=150.010000&receiveEnergyOverhead=101.860000&transmitEnergyCost=514.000000&transmitEnergyOverhead=341.000000````````````, ,
20141127_1036_31, Notification, XTEAM Engine, participant_0, 7, Simulation execution beginning, ,
20141127_1036_33, Design, FLAME Client, participant_0, 8, X`25fea250.79aa4baf.b62be506.e9d1819a`ATTR`Host_GCE`Host`MON::Set [Host]`Aspect=xADLCoreAspect&Position=161.560`bb42af9e.ee894de6.a8870ee2.566cbbfe`Architecture`MON::Model [Architecture]`receiveEnergyCost=150.010000&receiveEnergyOverhead=101.860000&transmitEnergyCost=514.000000&transmitEnergyOverhead=755.000000````````````, ,
20141127_1036_35, Notification, XTEAM Engine, participant_0, 8, Simulation execution beginning, ,
20141127_1036_52, Notification, XTEAM Engine, participant_0, 5, Simulation execution completion, ,
20141127_1036_52, XTEAM, XTEAM Engine, participant_0, , ,
20141127_1036_52, XTEAM, XTEAM Engine, participant_0, , ,
20141127_1036_52, XTEAM, XTEAM Engine, participant_0, , ,
20141127_1036_56, Notification, XTEAM Engine, participant_0, 6, Simulation execution completion, ,
20141127_1036_56, XTEAM, XTEAM Engine, participant_0, , ,
20141127_1036_56, XTEAM, XTEAM Engine, participant_0, , ,
20141127_1036_56, XTEAM, XTEAM Engine, participant_0, , ,
20141127_1037_04, Notification, XTEAM Engine, participant_0, 7, Simulation execution completion, ,
20141127_1037_04, XTEAM, XTEAM Engine, participant_0, , ,
20141127_1037_04, XTEAM, XTEAM Engine, participant_0, , ,
20141127_1037_04, XTEAM, XTEAM Engine, participant_0, , ,
20141127_1037_08, Notification, XTEAM Engine, participant_0, 8, Simulation execution completion, ,
20141127_1037_08, XTEAM, XTEAM Engine, participant_0, , ,
20141127_1037_08, XTEAM, XTEAM Engine, participant_0, , ,
20141127_1037_08, XTEAM, XTEAM Engine, participant_0, , ,
20141127_1038_48, Snapshot, FLAME Client, participant_0, 9, ,
20141127_1038_50, Notification, XTEAM Engine, participant_1, 9, Simulation execution beginning, ,
20141127_1039_07, Design, FLAME Client, participant_0, 10, X`de345e4d.320242a6.87707e7a.7fed3550`REGISTRY`Clients`Component`MON::Model [Component]`Aspect=xADLCoreAspect&Position=28.168`bb42af9e.ee894de6.a8870ee2.566cbbfe`Architecture`MON::Model [Architecture]`description=````````````, ,
20141127_1039_09, Notification, XTEAM Engine, participant_0, 9, Simulation execution beginning, ,
20141127_1039_24, Notification, XTEAM Engine, participant_1, 9, Simulation execution completion, ,
20141127_1039_24, XTEAM, XTEAM Engine, participant_1, , ,
20141127_1039_24, XTEAM, XTEAM Engine, participant_1, , ,
20141127_1039_24, XTEAM, XTEAM Engine, participant_1, , ,
20141127_1039_37, Design, FLAME Client, participant_1, 9, X`3a60805b.3a524f70.a064acd1.88108a11`ATTR`generate`Task`MON::Model [Task]`Aspect=xADLBehaviorAspect&Position=301.259`fd961ab4.712348fe.91a8653d.18529735`Process`MON::Model [Process]`executionTime=7&memoryUsage=11000&taskInstruction=nextTask = new Task;|nextTask->getTaskState().value() = 0;|nextTask->getTaskID().value() = taskIDCounter->getNextTaskID().value()++;````````````, ,
20141127_1039_38, Notification, XTEAM Engine, participant_1, 10, Simulation execution beginning, ,
20141127_1039_38, Notification, XTEAM Engine, participant_0, 9, Simulation execution completion, ,
20141127_1039_38, XTEAM, XTEAM Engine, participant_0, , ,
20141127_1039_38, XTEAM, XTEAM Engine, participant_0, , ,
20141127_1039_38, XTEAM, XTEAM Engine, participant_0, , ,
20141127_1039_42, Design, FLAME Client, participant_1, 10, X`3a60805b.3a524f70.a064acd1.88108a11`ATTR`generate`Task`MON::Model [Task]`Aspect=xADLBehaviorAspect&Position=301.259`fd961ab4.712348fe.91a8653d.18529735`Process`MON::Model [Process]`executionTime=7&memoryUsage=5500&taskInstruction=nextTask = new Task;|nextTask->getTaskState().value() = 0;|nextTask->getTaskID().value() = taskIDCounter->getNextTaskID().value()++;````````````, ,
20141127_1039_44, Notification, XTEAM Engine, participant_1, 11, Simulation execution beginning, ,
20141127_1039_49, Design, FLAME Client, participant_0, 11, X`4c379791.2eea468a.a8abbb1d.e5fba9bb`ATTR`perform`Task`MON::Model [Task]`Aspect=xADLBehaviorAspect&Position=336.217`c270ab26.2fff4b88.bf50a288.2d000ee5`Process`MON::Model [Process]`executionTime=350&memoryUsage=27&taskInstruction=nextResult[thread_id] = new Result;|nextResult[thread_id]->getResultState().value() = 0;|nextResult[thread_id]->getResultID().value() = nextTask[thread_id]->getTaskID().value();|nextResult[thread_id]->getResultValue().value() = 1;````````````, ,
20141127_1039_51, Notification, XTEAM Engine, participant_0, 10, Simulation execution beginning, ,
20141127_1039_56, Design, FLAME Client, participant_0, 12, X`4c379791.2eea468a.a8abbb1d.e5fba9bb`ATTR`perform`Task`MON::Model [Task]`Aspect=xADLBehaviorAspect&Position=336.217`c270ab26.2fff4b88.bf50a288.2d000ee5`Process`MON::Model [Process]`executionTime=350&memoryUsage=32&taskInstruction=nextResult[thread_id] = new Result;|nextResult[thread_id]->getResultState().value() = 0;|nextResult[thread_id]->getResultID().value() = nextTask[thread_id]->getTaskID().value();|nextResult[thread_id]->getResultValue().value() = 1;````````````, ,
20141127_1039_58, Notification, XTEAM Engine, participant_0, 11, Simulation execution beginning, ,
20141127_1040_03, Design, FLAME Client, participant_1, 11, X`de311a94.5ac54159.8e7ae434.321ec71e`ATTR`HostSAT`Host`MON::Set [Host]`Aspect=xADLCoreAspect&Position=1610.497`bb42af9e.ee894de6.a8870ee2.566cbbfe`Architecture`MON::Model [Architecture]`receiveEnergyCost=101.280000&receiveEnergyOverhead=64.990000&transmitEnergyCost=182.000000&transmitEnergyOverhead=429.000000````````````, ,
20141127_1040_04, Notification, XTEAM Engine, participant_1, 12, Simulation execution beginning, ,
20141127_1040_07, Design, FLAME Client, participant_1, 12, X`de311a94.5ac54159.8e7ae434.321ec71e`ATTR`HostSAT`Host`MON::Set [Host]`Aspect=xADLCoreAspect&Position=1610.497`bb42af9e.ee894de6.a8870ee2.566cbbfe`Architecture`MON::Model [Architecture]`receiveEnergyCost=101.280000&receiveEnergyOverhead=64.990000&transmitEnergyCost=182.000000&transmitEnergyOverhead=217.000000````````````, ,
20141127_1040_12, Notification, XTEAM Engine, participant_1, 13, Simulation execution beginning, ,
20141127_1040_12, Design, FLAME Client, participant_0, 13, X`cdc6010e.7cf74d31.85daf3c3.1e9a4be8`ATTR`Host_Client`Host`MON::Set [Host]`Aspect=xADLCoreAspect&Position=28.560`bb42af9e.ee894de6.a8870ee2.566cbbfe`Architecture`MON::Model [Architecture]`receiveEnergyCost=150.010000&receiveEnergyOverhead=101.860000&transmitEnergyCost=312.000000&transmitEnergyOverhead=129.870000````````````, ,
20141127_1040_13, Notification, XTEAM Engine, participant_0, 12, Simulation execution beginning, ,
20141127_1040_19, Design, FLAME Client, participant_0, 14, X`cdc6010e.7cf74d31.85daf3c3.1e9a4be8`ATTR`Host_Client`Host`MON::Set [Host]`Aspect=xADLCoreAspect&Position=28.560`bb42af9e.ee894de6.a8870ee2.566cbbfe`Architecture`MON::Model [Architecture]`receiveEnergyCost=150.010000&receiveEnergyOverhead=101.860000&transmitEnergyCost=312.000000&transmitEnergyOverhead=341.000000````````````, ,
20141127_1040_21, Notification, XTEAM Engine, participant_0, 13, Simulation execution beginning, ,
20141127_1040_22, Notification, XTEAM Engine, participant_1, 10, Simulation execution completion, ,
20141127_1040_22, XTEAM, XTEAM Engine, participant_1, , ,
20141127_1040_22, XTEAM, XTEAM Engine, participant_1, , ,
20141127_1040_22, XTEAM, XTEAM Engine, participant_1, , ,
20141127_1040_30, Notification, XTEAM Engine, participant_1, 11, Simulation execution completion, ,
20141127_1040_30, XTEAM, XTEAM Engine, participant_1, , ,
20141127_1040_30, XTEAM, XTEAM Engine, participant_1, , ,
20141127_1040_30, XTEAM, XTEAM Engine, participant_1, , ,
20141127_1040_38, Notification, XTEAM Engine, participant_0, 10, Simulation execution completion, ,
20141127_1040_38, XTEAM, XTEAM Engine, participant_0, , ,
20141127_1040_38, XTEAM, XTEAM Engine, participant_0, , ,
20141127_1040_38, XTEAM, XTEAM Engine, participant_0, , ,
20141127_1040_44, Notification, XTEAM Engine, participant_0, 11, Simulation execution completion, ,
20141127_1040_44, XTEAM, XTEAM Engine, participant_0, , ,
20141127_1040_44, XTEAM, XTEAM Engine, participant_0, , ,
20141127_1040_44, XTEAM, XTEAM Engine, participant_0, , ,
20141127_1040_48, Notification, XTEAM Engine, participant_1, 12, Simulation execution completion, ,
20141127_1040_48, XTEAM, XTEAM Engine, participant_1, , ,
20141127_1040_48, XTEAM, XTEAM Engine, participant_1, , ,
20141127_1040_48, XTEAM, XTEAM Engine, participant_1, , ,
20141127_1040_50, Notification, XTEAM Engine, participant_1, 13, Simulation execution completion, ,
20141127_1040_50, XTEAM, XTEAM Engine, participant_1, , ,
20141127_1040_50, XTEAM, XTEAM Engine, participant_1, , ,
20141127_1040_50, XTEAM, XTEAM Engine, participant_1, , ,
20141127_1040_51, Notification, XTEAM Engine, participant_0, 12, Simulation execution completion, ,
20141127_1040_51, XTEAM, XTEAM Engine, participant_0, , ,
20141127_1040_51, XTEAM, XTEAM Engine, participant_0, , ,
20141127_1040_51, XTEAM, XTEAM Engine, participant_0, , ,
20141127_1040_55, Notification, XTEAM Engine, participant_0, 13, Simulation execution completion, ,
20141127_1040_55, XTEAM, XTEAM Engine, participant_0, , ,
20141127_1040_55, XTEAM, XTEAM Engine, participant_0, , ,
20141127_1040_55, XTEAM, XTEAM Engine, participant_0, , ,
20141127_1044_01, Update, FLAME Client, participant_1, 13, ,
20141127_1044_14, Snapshot, FLAME Client, participant_1, 14, ,
20141127_1044_17, Notification, XTEAM Engine, participant_0, 14, Simulation execution beginning, ,
20141127_1044_33, Update, FLAME Client, participant_0, 15, ,
20141127_1044_52, Notification, XTEAM Engine, participant_0, 14, Simulation execution completion, ,
20141127_1044_52, XTEAM, XTEAM Engine, participant_0, , ,
20141127_1044_52, XTEAM, XTEAM Engine, participant_0, , ,
20141127_1044_52, XTEAM, XTEAM Engine, participant_0, , ,
20141127_1049_10, Design, FLAME Client, participant_0, 16, X`4c379791.2eea468a.a8abbb1d.e5fba9bb`ATTR`perform`Task`MON::Model [Task]`Aspect=xADLBehaviorAspect&Position=336.217`c270ab26.2fff4b88.bf50a288.2d000ee5`Process`MON::Model [Process]`executionTime=500&memoryUsage=32&taskInstruction=nextResult[thread_id] = new Result;|nextResult[thread_id]->getResultState().value() = 0;|nextResult[thread_id]->getResultID().value() = nextTask[thread_id]->getTaskID().value();|nextResult[thread_id]->getResultValue().value() = 1;````````````, ,
20141127_1049_11, Notification, XTEAM Engine, participant_0, 15, Simulation execution beginning, ,
20141127_1049_20, Design, FLAME Client, participant_0, 17, X`4c379791.2eea468a.a8abbb1d.e5fba9bb`ATTR`perform`Task`MON::Model [Task]`Aspect=xADLBehaviorAspect&Position=336.217`c270ab26.2fff4b88.bf50a288.2d000ee5`Process`MON::Model [Process]`executionTime=500&memoryUsage=27&taskInstruction=nextResult[thread_id] = new Result;|nextResult[thread_id]->getResultState().value() = 0;|nextResult[thread_id]->getResultID().value() = nextTask[thread_id]->getTaskID().value();|nextResult[thread_id]->getResultValue().value() = 1;````````````, ,
20141127_1049_22, Notification, XTEAM Engine, participant_0, 16, Simulation execution beginning, ,
20141127_1049_36, Design, FLAME Client, participant_0, 18, X`cdc6010e.7cf74d31.85daf3c3.1e9a4be8`ATTR`Host_Client`Host`MON::Set [Host]`Aspect=xADLCoreAspect&Position=28.560`bb42af9e.ee894de6.a8870ee2.566cbbfe`Architecture`MON::Model [Architecture]`receiveEnergyCost=150.010000&receiveEnergyOverhead=101.860000&transmitEnergyCost=105.110000&transmitEnergyOverhead=341.000000````````````, ,
20141127_1049_37, Notification, XTEAM Engine, participant_0, 17, Simulation execution beginning, ,
20141127_1049_44, Design, FLAME Client, participant_0, 19, X`cdc6010e.7cf74d31.85daf3c3.1e9a4be8`ATTR`Host_Client`Host`MON::Set [Host]`Aspect=xADLCoreAspect&Position=28.560`bb42af9e.ee894de6.a8870ee2.566cbbfe`Architecture`MON::Model [Architecture]`receiveEnergyCost=150.010000&receiveEnergyOverhead=101.860000&transmitEnergyCost=105.110000&transmitEnergyOverhead=129.870000````````````, ,
20141127_1049_46, Notification, XTEAM Engine, participant_0, 15, Simulation execution completion, ,
20141127_1049_46, XTEAM, XTEAM Engine, participant_0, , ,
20141127_1049_46, XTEAM, XTEAM Engine, participant_0, , ,
20141127_1049_46, XTEAM, XTEAM Engine, participant_0, , ,
20141127_1049_46, Notification, XTEAM Engine, participant_0, 18, Simulation execution beginning, ,
20141127_1049_56, Notification, XTEAM Engine, participant_0, 16, Simulation execution completion, ,
20141127_1049_56, XTEAM, XTEAM Engine, participant_0, , ,
20141127_1049_56, XTEAM, XTEAM Engine, participant_0, , ,
20141127_1049_56, XTEAM, XTEAM Engine, participant_0, , ,
20141127_1050_10, Notification, XTEAM Engine, participant_0, 17, Simulation execution completion, ,
20141127_1050_10, XTEAM, XTEAM Engine, participant_0, , ,
20141127_1050_10, XTEAM, XTEAM Engine, participant_0, , ,
20141127_1050_10, XTEAM, XTEAM Engine, participant_0, , ,
20141127_1050_18, Notification, XTEAM Engine, participant_0, 18, Simulation execution completion, ,
20141127_1050_18, XTEAM, XTEAM Engine, participant_0, , ,
20141127_1050_18, XTEAM, XTEAM Engine, participant_0, , ,
20141127_1050_18, XTEAM, XTEAM Engine, participant_0, , ,
20141127_1053_59, Design, FLAME Client, participant_0, 20, X`4c379791.2eea468a.a8abbb1d.e5fba9bb`ATTR`perform`Task`MON::Model [Task]`Aspect=xADLBehaviorAspect&Position=336.217`c270ab26.2fff4b88.bf50a288.2d000ee5`Process`MON::Model [Process]`executionTime=350&memoryUsage=27&taskInstruction=nextResult[thread_id] = new Result;|nextResult[thread_id]->getResultState().value() = 0;|nextResult[thread_id]->getResultID().value() = nextTask[thread_id]->getTaskID().value();|nextResult[thread_id]->getResultValue().value() = 1;````````````, ,
20141127_1054_00, Notification, XTEAM Engine, participant_0, 19, Simulation execution beginning, ,
20141127_1054_02, Design, FLAME Client, participant_0, 21, X`4c379791.2eea468a.a8abbb1d.e5fba9bb`ATTR`perform`Task`MON::Model [Task]`Aspect=xADLBehaviorAspect&Position=336.217`c270ab26.2fff4b88.bf50a288.2d000ee5`Process`MON::Model [Process]`executionTime=350&memoryUsage=32&taskInstruction=nextResult[thread_id] = new Result;|nextResult[thread_id]->getResultState().value() = 0;|nextResult[thread_id]->getResultID().value() = nextTask[thread_id]->getTaskID().value();|nextResult[thread_id]->getResultValue().value() = 1;````````````, ,
20141127_1054_03, Notification, XTEAM Engine, participant_0, 20, Simulation execution beginning, ,
20141127_1054_33, Notification, XTEAM Engine, participant_0, 19, Simulation execution completion, ,
20141127_1054_33, XTEAM, XTEAM Engine, participant_0, , ,
20141127_1054_33, XTEAM, XTEAM Engine, participant_0, , ,
20141127_1054_33, XTEAM, XTEAM Engine, participant_0, , ,
20141127_1054_35, Notification, XTEAM Engine, participant_0, 20, Simulation execution completion, ,
20141127_1054_35, XTEAM, XTEAM Engine, participant_0, , ,
20141127_1054_35, XTEAM, XTEAM Engine, participant_0, , ,
20141127_1054_35, XTEAM, XTEAM Engine, participant_0, , ,
20141127_1054_58, Design, FLAME Client, participant_0, 22, X`cdc6010e.7cf74d31.85daf3c3.1e9a4be8`ATTR`Host_Client`Host`MON::Set [Host]`Aspect=xADLCoreAspect&Position=28.560`bb42af9e.ee894de6.a8870ee2.566cbbfe`Architecture`MON::Model [Architecture]`receiveEnergyCost=150.010000&receiveEnergyOverhead=101.860000&transmitEnergyCost=312.000000&transmitEnergyOverhead=129.870000````````````, ,
20141127_1054_59, Notification, XTEAM Engine, participant_0, 21, Simulation execution beginning, ,
20141127_1055_01, Design, FLAME Client, participant_0, 23, X`cdc6010e.7cf74d31.85daf3c3.1e9a4be8`ATTR`Host_Client`Host`MON::Set [Host]`Aspect=xADLCoreAspect&Position=28.560`bb42af9e.ee894de6.a8870ee2.566cbbfe`Architecture`MON::Model [Architecture]`receiveEnergyCost=150.010000&receiveEnergyOverhead=101.860000&transmitEnergyCost=312.000000&transmitEnergyOverhead=341.000000````````````, ,
20141127_1055_03, Notification, XTEAM Engine, participant_0, 22, Simulation execution beginning, ,
20141127_1055_31, Notification, XTEAM Engine, participant_0, 21, Simulation execution completion, ,
20141127_1055_31, XTEAM, XTEAM Engine, participant_0, , ,
20141127_1055_31, XTEAM, XTEAM Engine, participant_0, , ,
20141127_1055_31, XTEAM, XTEAM Engine, participant_0, , ,
20141127_1055_34, Notification, XTEAM Engine, participant_0, 22, Simulation execution completion, ,
20141127_1055_34, XTEAM, XTEAM Engine, participant_0, , ,
20141127_1055_34, XTEAM, XTEAM Engine, participant_0, , ,
20141127_1055_34, XTEAM, XTEAM Engine, participant_0, , ,
20141127_1057_11, Snapshot, FLAME Client, participant_0, 24, ,
20141127_1057_13, Notification, XTEAM Engine, participant_1, 14, Simulation execution beginning, ,
20141127_1057_45, Notification, XTEAM Engine, participant_1, 14, Simulation execution completion, ,
20141127_1057_45, XTEAM, XTEAM Engine, participant_1, , ,
20141127_1057_45, XTEAM, XTEAM Engine, participant_1, , ,
20141127_1057_45, XTEAM, XTEAM Engine, participant_1, , ,
20141127_1057_53, Update, FLAME Client, participant_1, 15, ,
