TIME, Event name, OriginComponent, SenderUsername, EventID, Value, ,
20141121_1946_24, Login, FLAME Client, participant_0, , ,
20141121_1946_27, Login, XTEAM Engine, participant_0, , ,
20141121_1946_29, Login, FLAME Client, participant_1, , ,
20141121_1946_31, Login, XTEAM Engine, participant_1, , ,
20141121_1947_50, Design, FLAME Client, participant_0, 1, X`3f426f4b.6d164164.816fe575.67a4324f`ATTR`generate`Task`MON::Model [Task]`Aspect=xADLBehaviorAspect&Position=301.259`37598ce1.81784bb5.996843e8.1d554a61`Process`MON::Model [Process]`executionTime=7.5&memoryUsage=3&taskInstruction=nextTask = new Task;|nextTask->getTaskState().value() = 0;|nextTask->getTaskID().value() = taskIDCounter->getNextTaskID().value()++;````````````, ,
20141121_1947_52, Notification, XTEAM Engine, participant_0, 1, Simulation execution beginning, ,
20141121_1947_53, Design, FLAME Client, participant_0, 2, X`3f426f4b.6d164164.816fe575.67a4324f`ATTR`generate`Task`MON::Model [Task]`Aspect=xADLBehaviorAspect&Position=301.259`37598ce1.81784bb5.996843e8.1d554a61`Process`MON::Model [Process]`executionTime=7.5&memoryUsage=&taskInstruction=nextTask = new Task;|nextTask->getTaskState().value() = 0;|nextTask->getTaskID().value() = taskIDCounter->getNextTaskID().value()++;````````````, ,
20141121_1947_54, Notification, XTEAM Engine, participant_0, 2, Simulation execution beginning, ,
20141121_1948_04, Design, FLAME Client, participant_0, 3, X`3f426f4b.6d164164.816fe575.67a4324f`ATTR`generate`Task`MON::Model [Task]`Aspect=xADLBehaviorAspect&Position=301.259`37598ce1.81784bb5.996843e8.1d554a61`Process`MON::Model [Process]`executionTime=7.5&memoryUsage=5500&taskInstruction=nextTask = new Task;|nextTask->getTaskState().value() = 0;|nextTask->getTaskID().value() = taskIDCounter->getNextTaskID().value()++;````````````, ,
20141121_1948_05, Notification, XTEAM Engine, participant_0, 3, Simulation execution beginning, ,
20141121_1948_27, Notification, XTEAM Engine, participant_0, 1, Simulation execution completion, ,
20141121_1948_27, XTEAM, XTEAM Engine, participant_0, , ,
20141121_1948_27, XTEAM, XTEAM Engine, participant_0, , ,
20141121_1948_27, XTEAM, XTEAM Engine, participant_0, , ,
20141121_1948_29, Notification, XTEAM Engine, participant_0, 2, Simulation execution completion, ,
20141121_1948_29, XTEAM, XTEAM Engine, participant_0, , ,
20141121_1948_29, XTEAM, XTEAM Engine, participant_0, , ,
20141121_1948_29, XTEAM, XTEAM Engine, participant_0, , ,
20141121_1948_32, Design, FLAME Client, participant_0, 4, X`176369f9.b385435c.b2d59a0f.66ba660c`ATTR`Host_SubsetSum`Host`MON::Set [Host]`Aspect=xADLCoreAspect&Position=1610.385`bb42af9e.ee894de6.a8870ee2.566cbbfe`Architecture`MON::Model [Architecture]`receiveEnergyCost=101.280000&receiveEnergyOverhead=64.990000&transmitEnergyCost=182.000000&transmitEnergyOverhead=82.450000````````````, ,
20141121_1948_33, Notification, XTEAM Engine, participant_0, 4, Simulation execution beginning, ,
20141121_1948_36, Design, FLAME Client, participant_0, 5, X`176369f9.b385435c.b2d59a0f.66ba660c`ATTR`Host_SubsetSum`Host`MON::Set [Host]`Aspect=xADLCoreAspect&Position=1610.385`bb42af9e.ee894de6.a8870ee2.566cbbfe`Architecture`MON::Model [Architecture]`receiveEnergyCost=101.280000&receiveEnergyOverhead=64.990000&transmitEnergyCost=182.000000&transmitEnergyOverhead=217.000000````````````, ,
20141121_1948_37, Notification, XTEAM Engine, participant_0, 5, Simulation execution beginning, ,
20141121_1948_38, Notification, XTEAM Engine, participant_0, 3, Simulation execution completion, ,
20141121_1948_38, XTEAM, XTEAM Engine, participant_0, , ,
20141121_1948_38, XTEAM, XTEAM Engine, participant_0, , ,
20141121_1948_38, XTEAM, XTEAM Engine, participant_0, , ,
20141121_1949_05, Design, FLAME Client, participant_1, 1, X`4c379791.2eea468a.a8abbb1d.e5fba9bb`ATTR`perform`Task`MON::Model [Task]`Aspect=xADLBehaviorAspect&Position=336.217`c270ab26.2fff4b88.bf50a288.2d000ee5`Process`MON::Model [Process]`executionTime=350&memoryUsage=27&taskInstruction=nextResult[thread_id] = new Result;|nextResult[thread_id]->getResultState().value() = 0;|nextResult[thread_id]->getResultID().value() = nextTask[thread_id]->getTaskID().value();|nextResult[thread_id]->getResultValue().value() = 1;````````````, ,
20141121_1949_06, Notification, XTEAM Engine, participant_1, 1, Simulation execution beginning, ,
20141121_1949_07, Notification, XTEAM Engine, participant_0, 4, Simulation execution completion, ,
20141121_1949_07, XTEAM, XTEAM Engine, participant_0, , ,
20141121_1949_07, XTEAM, XTEAM Engine, participant_0, , ,
20141121_1949_08, XTEAM, XTEAM Engine, participant_0, , ,
20141121_1949_12, Notification, XTEAM Engine, participant_0, 5, Simulation execution completion, ,
20141121_1949_12, XTEAM, XTEAM Engine, participant_0, , ,
20141121_1949_12, XTEAM, XTEAM Engine, participant_0, , ,
20141121_1949_12, XTEAM, XTEAM Engine, participant_0, , ,
20141121_1949_12, Design, FLAME Client, participant_1, 2, X`4c379791.2eea468a.a8abbb1d.e5fba9bb`ATTR`perform`Task`MON::Model [Task]`Aspect=xADLBehaviorAspect&Position=336.217`c270ab26.2fff4b88.bf50a288.2d000ee5`Process`MON::Model [Process]`executionTime=350&memoryUsage=39&taskInstruction=nextResult[thread_id] = new Result;|nextResult[thread_id]->getResultState().value() = 0;|nextResult[thread_id]->getResultID().value() = nextTask[thread_id]->getTaskID().value();|nextResult[thread_id]->getResultValue().value() = 1;````````````, ,
20141121_1949_13, Notification, XTEAM Engine, participant_1, 2, Simulation execution beginning, ,
20141121_1949_35, Design, FLAME Client, participant_1, 3, X`cdc6010e.7cf74d31.85daf3c3.1e9a4be8`ATTR`Host_Client`Host`MON::Set [Host]`Aspect=xADLCoreAspect&Position=28.560`bb42af9e.ee894de6.a8870ee2.566cbbfe`Architecture`MON::Model [Architecture]`receiveEnergyCost=150.010000&receiveEnergyOverhead=101.860000&transmitEnergyCost=312.000000&transmitEnergyOverhead=129.870000````````````, ,
20141121_1949_36, Notification, XTEAM Engine, participant_1, 3, Simulation execution beginning, ,
20141121_1949_40, Notification, XTEAM Engine, participant_1, 1, Simulation execution completion, ,
20141121_1949_40, XTEAM, XTEAM Engine, participant_1, , ,
20141121_1949_40, XTEAM, XTEAM Engine, participant_1, , ,
20141121_1949_40, XTEAM, XTEAM Engine, participant_1, , ,
20141121_1949_46, Notification, XTEAM Engine, participant_1, 2, Simulation execution completion, ,
20141121_1949_46, XTEAM, XTEAM Engine, participant_1, , ,
20141121_1949_46, XTEAM, XTEAM Engine, participant_1, , ,
20141121_1949_46, XTEAM, XTEAM Engine, participant_1, , ,
20141121_1949_51, Design, FLAME Client, participant_1, 4, X`cdc6010e.7cf74d31.85daf3c3.1e9a4be8`ATTR`Host_Client`Host`MON::Set [Host]`Aspect=xADLCoreAspect&Position=28.560`bb42af9e.ee894de6.a8870ee2.566cbbfe`Architecture`MON::Model [Architecture]`receiveEnergyCost=150.010000&receiveEnergyOverhead=101.860000&transmitEnergyCost=312.000000&transmitEnergyOverhead=341.000000````````````, ,
20141121_1949_52, Notification, XTEAM Engine, participant_1, 4, Simulation execution beginning, ,
20141121_1950_07, Notification, XTEAM Engine, participant_1, 3, Simulation execution completion, ,
20141121_1950_07, XTEAM, XTEAM Engine, participant_1, , ,
20141121_1950_07, XTEAM, XTEAM Engine, participant_1, , ,
20141121_1950_07, XTEAM, XTEAM Engine, participant_1, , ,
20141121_1950_22, Notification, XTEAM Engine, participant_1, 4, Simulation execution completion, ,
20141121_1950_22, XTEAM, XTEAM Engine, participant_1, , ,
20141121_1950_22, XTEAM, XTEAM Engine, participant_1, , ,
20141121_1950_22, XTEAM, XTEAM Engine, participant_1, , ,
20141121_1953_01, Snapshot, FLAME Client, participant_0, 6, ,
20141121_1953_02, Notification, XTEAM Engine, participant_1, 5, Simulation execution beginning, ,
20141121_1953_30, Notification, XTEAM Engine, participant_1, 5, Simulation execution completion, ,
20141121_1953_30, XTEAM, XTEAM Engine, participant_1, , ,
20141121_1953_30, XTEAM, XTEAM Engine, participant_1, , ,
20141121_1953_30, XTEAM, XTEAM Engine, participant_1, , ,
20141121_1954_24, Update, FLAME Client, participant_1, 5, ,
20141121_1957_13, Design, FLAME Client, participant_0, 7, X`3a60805b.3a524f70.a064acd1.88108a11`ATTR`generate`Task`MON::Model [Task]`Aspect=xADLBehaviorAspect&Position=301.259`fd961ab4.712348fe.91a8653d.18529735`Process`MON::Model [Process]`executionTime=7.5&memoryUsage=3&taskInstruction=nextTask = new Task;|nextTask->getTaskState().value() = 0;|nextTask->getTaskID().value() = taskIDCounter->getNextTaskID().value()++;````````````, ,
20141121_1957_14, Notification, XTEAM Engine, participant_0, 6, Simulation execution beginning, ,
20141121_1957_17, Design, FLAME Client, participant_0, 8, X`3a60805b.3a524f70.a064acd1.88108a11`ATTR`generate`Task`MON::Model [Task]`Aspect=xADLBehaviorAspect&Position=301.259`fd961ab4.712348fe.91a8653d.18529735`Process`MON::Model [Process]`executionTime=7.5&memoryUsage=5500&taskInstruction=nextTask = new Task;|nextTask->getTaskState().value() = 0;|nextTask->getTaskID().value() = taskIDCounter->getNextTaskID().value()++;````````````, ,
20141121_1957_18, Notification, XTEAM Engine, participant_0, 7, Simulation execution beginning, ,
20141121_1957_36, Design, FLAME Client, participant_0, 9, X`de311a94.5ac54159.8e7ae434.321ec71e`ATTR`HostSAT`Host`MON::Set [Host]`Aspect=xADLCoreAspect&Position=1610.497`bb42af9e.ee894de6.a8870ee2.566cbbfe`Architecture`MON::Model [Architecture]`receiveEnergyCost=101.280000&receiveEnergyOverhead=64.990000&transmitEnergyCost=182.000000&transmitEnergyOverhead=82.450000````````````, ,
20141121_1957_37, Notification, XTEAM Engine, participant_0, 8, Simulation execution beginning, ,
20141121_1957_40, Design, FLAME Client, participant_0, 10, X`de311a94.5ac54159.8e7ae434.321ec71e`ATTR`HostSAT`Host`MON::Set [Host]`Aspect=xADLCoreAspect&Position=1610.497`bb42af9e.ee894de6.a8870ee2.566cbbfe`Architecture`MON::Model [Architecture]`receiveEnergyCost=101.280000&receiveEnergyOverhead=64.990000&transmitEnergyCost=182.000000&transmitEnergyOverhead=217.000000````````````, ,
20141121_1957_41, Notification, XTEAM Engine, participant_0, 9, Simulation execution beginning, ,
20141121_1957_45, Notification, XTEAM Engine, participant_0, 6, Simulation execution completion, ,
20141121_1957_45, XTEAM, XTEAM Engine, participant_0, , ,
20141121_1957_45, XTEAM, XTEAM Engine, participant_0, , ,
20141121_1957_45, XTEAM, XTEAM Engine, participant_0, , ,
20141121_1957_51, Notification, XTEAM Engine, participant_0, 7, Simulation execution completion, ,
20141121_1957_51, XTEAM, XTEAM Engine, participant_0, , ,
20141121_1957_51, XTEAM, XTEAM Engine, participant_0, , ,
20141121_1957_51, XTEAM, XTEAM Engine, participant_0, , ,
20141121_1958_06, Notification, XTEAM Engine, participant_0, 8, Simulation execution completion, ,
20141121_1958_06, XTEAM, XTEAM Engine, participant_0, , ,
20141121_1958_07, XTEAM, XTEAM Engine, participant_0, , ,
20141121_1958_07, XTEAM, XTEAM Engine, participant_0, , ,
20141121_1958_10, Notification, XTEAM Engine, participant_0, 9, Simulation execution completion, ,
20141121_1958_10, XTEAM, XTEAM Engine, participant_0, , ,
20141121_1958_11, XTEAM, XTEAM Engine, participant_0, , ,
20141121_1958_11, XTEAM, XTEAM Engine, participant_0, , ,
20141121_2000_49, Design, FLAME Client, participant_1, 6, X`64e3f498.f1114939.ba695f73.d07188e3`ATTR`perform`Task`MON::Model [Task]`Aspect=xADLBehaviorAspect&Position=308.301`d640f4b9.22e14264.b459176e.af6b895e`Process`MON::Model [Process]`executionTime=350&memoryUsage=27&taskInstruction=nextResult[thread_id] = new Result;|nextResult[thread_id]->getResultState().value() = 0;|nextResult[thread_id]->getResultID().value() = nextTask[thread_id]->getTaskID().value();|nextResult[thread_id]->getResultValue().value() = 1;````````````, ,
20141121_2000_50, Notification, XTEAM Engine, participant_1, 6, Simulation execution beginning, ,
20141121_2000_59, Design, FLAME Client, participant_1, 7, X`64e3f498.f1114939.ba695f73.d07188e3`ATTR`perform`Task`MON::Model [Task]`Aspect=xADLBehaviorAspect&Position=308.301`d640f4b9.22e14264.b459176e.af6b895e`Process`MON::Model [Process]`executionTime=350&memoryUsage=39&taskInstruction=nextResult[thread_id] = new Result;|nextResult[thread_id]->getResultState().value() = 0;|nextResult[thread_id]->getResultID().value() = nextTask[thread_id]->getTaskID().value();|nextResult[thread_id]->getResultValue().value() = 1;````````````, ,
20141121_2001_00, Notification, XTEAM Engine, participant_1, 7, Simulation execution beginning, ,
20141121_2001_16, Design, FLAME Client, participant_1, 8, X`25fea250.79aa4baf.b62be506.e9d1819a`ATTR`Host_GCE`Host`MON::Set [Host]`Aspect=xADLCoreAspect&Position=161.560`bb42af9e.ee894de6.a8870ee2.566cbbfe`Architecture`MON::Model [Architecture]`receiveEnergyCost=150.010000&receiveEnergyOverhead=101.860000&transmitEnergyCost=312.000000&transmitEnergyOverhead=129.870000````````````, ,
20141121_2001_17, Notification, XTEAM Engine, participant_1, 8, Simulation execution beginning, ,
20141121_2001_18, Notification, XTEAM Engine, participant_1, 6, Simulation execution completion, ,
20141121_2001_18, XTEAM, XTEAM Engine, participant_1, , ,
20141121_2001_19, XTEAM, XTEAM Engine, participant_1, , ,
20141121_2001_19, XTEAM, XTEAM Engine, participant_1, , ,
20141121_2001_27, Design, FLAME Client, participant_1, 9, X`25fea250.79aa4baf.b62be506.e9d1819a`ATTR`Host_GCE`Host`MON::Set [Host]`Aspect=xADLCoreAspect&Position=161.560`bb42af9e.ee894de6.a8870ee2.566cbbfe`Architecture`MON::Model [Architecture]`receiveEnergyCost=150.010000&receiveEnergyOverhead=101.860000&transmitEnergyCost=312.000000&transmitEnergyOverhead=341.000000````````````, ,
20141121_2001_28, Notification, XTEAM Engine, participant_1, 9, Simulation execution beginning, ,
20141121_2001_29, Notification, XTEAM Engine, participant_1, 7, Simulation execution completion, ,
20141121_2001_29, XTEAM, XTEAM Engine, participant_1, , ,
20141121_2001_29, XTEAM, XTEAM Engine, participant_1, , ,
20141121_2001_29, XTEAM, XTEAM Engine, participant_1, , ,
20141121_2001_46, Notification, XTEAM Engine, participant_1, 8, Simulation execution completion, ,
20141121_2001_46, XTEAM, XTEAM Engine, participant_1, , ,
20141121_2001_46, XTEAM, XTEAM Engine, participant_1, , ,
20141121_2001_46, XTEAM, XTEAM Engine, participant_1, , ,
20141121_2001_56, Notification, XTEAM Engine, participant_1, 9, Simulation execution completion, ,
20141121_2001_56, XTEAM, XTEAM Engine, participant_1, , ,
20141121_2001_56, XTEAM, XTEAM Engine, participant_1, , ,
20141121_2001_56, XTEAM, XTEAM Engine, participant_1, , ,
20141121_2003_33, Design, FLAME Client, participant_0, 11, X`3f426f4b.6d164164.816fe575.67a4324f`ATTR`generate`Task`MON::Model [Task]`Aspect=xADLBehaviorAspect&Position=301.259`37598ce1.81784bb5.996843e8.1d554a61`Process`MON::Model [Process]`executionTime=7.0&memoryUsage=5500&taskInstruction=nextTask = new Task;|nextTask->getTaskState().value() = 0;|nextTask->getTaskID().value() = taskIDCounter->getNextTaskID().value()++;````````````, ,
20141121_2003_34, Notification, XTEAM Engine, participant_0, 10, Simulation execution beginning, ,
20141121_2003_38, Design, FLAME Client, participant_0, 12, X`3f426f4b.6d164164.816fe575.67a4324f`ATTR`generate`Task`MON::Model [Task]`Aspect=xADLBehaviorAspect&Position=301.259`37598ce1.81784bb5.996843e8.1d554a61`Process`MON::Model [Process]`executionTime=7.0&memoryUsage=11000&taskInstruction=nextTask = new Task;|nextTask->getTaskState().value() = 0;|nextTask->getTaskID().value() = taskIDCounter->getNextTaskID().value()++;````````````, ,
20141121_2003_39, Notification, XTEAM Engine, participant_0, 11, Simulation execution beginning, ,
20141121_2004_03, Notification, XTEAM Engine, participant_0, 10, Simulation execution completion, ,
20141121_2004_03, XTEAM, XTEAM Engine, participant_0, , ,
20141121_2004_03, XTEAM, XTEAM Engine, participant_0, , ,
20141121_2004_03, XTEAM, XTEAM Engine, participant_0, , ,
20141121_2004_07, Design, FLAME Client, participant_0, 13, X`176369f9.b385435c.b2d59a0f.66ba660c`ATTR`Host_SubsetSum`Host`MON::Set [Host]`Aspect=xADLCoreAspect&Position=1610.385`bb42af9e.ee894de6.a8870ee2.566cbbfe`Architecture`MON::Model [Architecture]`receiveEnergyCost=101.280000&receiveEnergyOverhead=64.990000&transmitEnergyCost=330.000000&transmitEnergyOverhead=217.000000````````````, ,
20141121_2004_08, Notification, XTEAM Engine, participant_0, 12, Simulation execution beginning, ,
20141121_2004_08, Notification, XTEAM Engine, participant_0, 11, Simulation execution completion, ,
20141121_2004_08, XTEAM, XTEAM Engine, participant_0, , ,
20141121_2004_08, XTEAM, XTEAM Engine, participant_0, , ,
20141121_2004_08, XTEAM, XTEAM Engine, participant_0, , ,
20141121_2004_11, Design, FLAME Client, participant_0, 14, X`176369f9.b385435c.b2d59a0f.66ba660c`ATTR`Host_SubsetSum`Host`MON::Set [Host]`Aspect=xADLCoreAspect&Position=1610.385`bb42af9e.ee894de6.a8870ee2.566cbbfe`Architecture`MON::Model [Architecture]`receiveEnergyCost=101.280000&receiveEnergyOverhead=64.990000&transmitEnergyCost=330.000000&transmitEnergyOverhead=429.000000````````````, ,
20141121_2004_12, Notification, XTEAM Engine, participant_0, 13, Simulation execution beginning, ,
20141121_2004_37, Notification, XTEAM Engine, participant_0, 12, Simulation execution completion, ,
20141121_2004_37, XTEAM, XTEAM Engine, participant_0, , ,
20141121_2004_37, XTEAM, XTEAM Engine, participant_0, , ,
20141121_2004_37, XTEAM, XTEAM Engine, participant_0, , ,
20141121_2004_41, Notification, XTEAM Engine, participant_0, 13, Simulation execution completion, ,
20141121_2004_41, XTEAM, XTEAM Engine, participant_0, , ,
20141121_2004_41, XTEAM, XTEAM Engine, participant_0, , ,
20141121_2004_41, XTEAM, XTEAM Engine, participant_0, , ,
20141121_2005_53, Snapshot, FLAME Client, participant_1, 10, ,
20141121_2005_55, Notification, XTEAM Engine, participant_0, 14, Simulation execution beginning, ,
20141121_2006_21, Notification, XTEAM Engine, participant_0, 14, Simulation execution completion, ,
20141121_2006_21, XTEAM, XTEAM Engine, participant_0, , ,
20141121_2006_21, XTEAM, XTEAM Engine, participant_0, , ,
20141121_2006_21, XTEAM, XTEAM Engine, participant_0, , ,
20141121_2007_54, Design, FLAME Client, participant_1, 11, X`cdc6010e.7cf74d31.85daf3c3.1e9a4be8`ATTR`Host_Client`Host`MON::Set [Host]`Aspect=xADLCoreAspect&Position=28.560`bb42af9e.ee894de6.a8870ee2.566cbbfe`Architecture`MON::Model [Architecture]`receiveEnergyCost=150.010000&receiveEnergyOverhead=101.860000&transmitEnergyCost=514.000000&transmitEnergyOverhead=341.000000````````````, ,
20141121_2007_55, Notification, XTEAM Engine, participant_1, 10, Simulation execution beginning, ,
20141121_2008_00, Design, FLAME Client, participant_1, 12, X`cdc6010e.7cf74d31.85daf3c3.1e9a4be8`ATTR`Host_Client`Host`MON::Set [Host]`Aspect=xADLCoreAspect&Position=28.560`bb42af9e.ee894de6.a8870ee2.566cbbfe`Architecture`MON::Model [Architecture]`receiveEnergyCost=150.010000&receiveEnergyOverhead=101.860000&transmitEnergyCost=514.000000&transmitEnergyOverhead=755.000000````````````, ,
20141121_2008_01, Notification, XTEAM Engine, participant_1, 11, Simulation execution beginning, ,
20141121_2008_05, Update, FLAME Client, participant_0, 15, ,
20141121_2008_24, Notification, XTEAM Engine, participant_1, 10, Simulation execution completion, ,
20141121_2008_24, XTEAM, XTEAM Engine, participant_1, , ,
20141121_2008_24, XTEAM, XTEAM Engine, participant_1, , ,
20141121_2008_24, XTEAM, XTEAM Engine, participant_1, , ,
20141121_2008_29, Notification, XTEAM Engine, participant_1, 11, Simulation execution completion, ,
20141121_2008_29, XTEAM, XTEAM Engine, participant_1, , ,
20141121_2008_29, XTEAM, XTEAM Engine, participant_1, , ,
20141121_2008_29, XTEAM, XTEAM Engine, participant_1, , ,
20141121_2008_40, Design, FLAME Client, participant_1, 13, X`4c379791.2eea468a.a8abbb1d.e5fba9bb`ATTR`perform`Task`MON::Model [Task]`Aspect=xADLBehaviorAspect&Position=336.217`c270ab26.2fff4b88.bf50a288.2d000ee5`Process`MON::Model [Process]`executionTime=200&memoryUsage=39&taskInstruction=nextResult[thread_id] = new Result;|nextResult[thread_id]->getResultState().value() = 0;|nextResult[thread_id]->getResultID().value() = nextTask[thread_id]->getTaskID().value();|nextResult[thread_id]->getResultValue().value() = 1;````````````, ,
20141121_2008_41, Notification, XTEAM Engine, participant_1, 12, Simulation execution beginning, ,
20141121_2008_47, Design, FLAME Client, participant_1, 14, X`4c379791.2eea468a.a8abbb1d.e5fba9bb`ATTR`perform`Task`MON::Model [Task]`Aspect=xADLBehaviorAspect&Position=336.217`c270ab26.2fff4b88.bf50a288.2d000ee5`Process`MON::Model [Process]`executionTime=200&memoryUsage=92&taskInstruction=nextResult[thread_id] = new Result;|nextResult[thread_id]->getResultState().value() = 0;|nextResult[thread_id]->getResultID().value() = nextTask[thread_id]->getTaskID().value();|nextResult[thread_id]->getResultValue().value() = 1;````````````, ,
20141121_2008_48, Notification, XTEAM Engine, participant_1, 13, Simulation execution beginning, ,
20141121_2009_09, Notification, XTEAM Engine, participant_1, 12, Simulation execution completion, ,
20141121_2009_09, XTEAM, XTEAM Engine, participant_1, , ,
20141121_2009_10, XTEAM, XTEAM Engine, participant_1, , ,
20141121_2009_10, XTEAM, XTEAM Engine, participant_1, , ,
20141121_2009_16, Notification, XTEAM Engine, participant_1, 13, Simulation execution completion, ,
20141121_2009_16, XTEAM, XTEAM Engine, participant_1, , ,
20141121_2009_16, XTEAM, XTEAM Engine, participant_1, , ,
20141121_2009_16, XTEAM, XTEAM Engine, participant_1, , ,
20141121_2011_08, Snapshot, FLAME Client, participant_1, 15, ,
20141121_2011_10, Notification, XTEAM Engine, participant_0, 15, Simulation execution beginning, ,
20141121_2011_37, Notification, XTEAM Engine, participant_0, 15, Simulation execution completion, ,
20141121_2011_37, XTEAM, XTEAM Engine, participant_0, , ,
20141121_2011_37, XTEAM, XTEAM Engine, participant_0, , ,
20141121_2011_37, XTEAM, XTEAM Engine, participant_0, , ,
20141121_2016_10, Update, FLAME Client, participant_0, 16, ,
20141121_2016_14, Snapshot, FLAME Client, participant_0, 17, ,
20141121_2016_16, Notification, XTEAM Engine, participant_1, 14, Simulation execution beginning, ,
20141121_2016_19, Update, FLAME Client, participant_1, 16, ,
20141121_2016_44, Notification, XTEAM Engine, participant_1, 14, Simulation execution completion, ,
20141121_2016_44, XTEAM, XTEAM Engine, participant_1, , ,
20141121_2016_44, XTEAM, XTEAM Engine, participant_1, , ,
20141121_2016_44, XTEAM, XTEAM Engine, participant_1, , ,
