TIME, Event name, OriginComponent, SenderUsername, EventID, ,
20141120_1014_30, Snapshot, FLAME Client, participant_1, 9, ,
20141120_1015_08, Snapshot, FLAME Client, participant_0, 10, ,
20141120_1016_55, Snapshot, FLAME Client, participant_0, 15, ,
20141120_1018_18, Snapshot, FLAME Client, participant_1, 16, ,
20141120_1020_35, Snapshot, FLAME Client, participant_0, 22, ,
20141120_1021_03, Snapshot, FLAME Client, participant_1, 20, ,
20141120_1022_40, Snapshot, FLAME Client, participant_1, 23, ,
20141120_1023_59, Snapshot, FLAME Client, participant_1, 29, ,
20141120_1026_02, Snapshot, FLAME Client, participant_1, 34, ,
20141120_1027_50, Snapshot, FLAME Client, participant_1, 37, ,
20141120_1028_49, Snapshot, FLAME Client, participant_1, 40, ,
