TIME, Event name, OriginComponent, SenderUsername, EventID, Value, ,
20141120_1011_05, Login, FLAME Client, participant_0, , ,
20141120_1011_07, Login, XTEAM Engine, participant_0, , ,
20141120_1011_08, Login, FLAME Client, participant_1, , ,
20141120_1011_11, Login, XTEAM Engine, participant_1, , ,
20141120_1012_16, Design, FLAME Client, participant_0, 1, X`4c379791.2eea468a.a8abbb1d.e5fba9bb`ATTR`perform`Task`MON::Model [Task]`Aspect=xADLBehaviorAspect&Position=336.217`c270ab26.2fff4b88.bf50a288.2d000ee5`Process`MON::Model [Process]`executionTime=350&memoryUsage=27&taskInstruction=nextResult[thread_id] = new Result;|nextResult[thread_id]->getResultState().value() = 0;|nextResult[thread_id]->getResultID().value() = nextTask[thread_id]->getTaskID().value();|nextResult[thread_id]->getResultValue().value() = 1;````````````, ,
20141120_1012_18, Notification, XTEAM Engine, participant_0, 1, Simulation execution beginning, ,
20141120_1012_23, Design, FLAME Client, participant_0, 2, X`4c379791.2eea468a.a8abbb1d.e5fba9bb`ATTR`perform`Task`MON::Model [Task]`Aspect=xADLBehaviorAspect&Position=336.217`c270ab26.2fff4b88.bf50a288.2d000ee5`Process`MON::Model [Process]`executionTime=350&memoryUsage=32&taskInstruction=nextResult[thread_id] = new Result;|nextResult[thread_id]->getResultState().value() = 0;|nextResult[thread_id]->getResultID().value() = nextTask[thread_id]->getTaskID().value();|nextResult[thread_id]->getResultValue().value() = 1;````````````, ,
20141120_1012_24, Notification, XTEAM Engine, participant_0, 2, Simulation execution beginning, ,
20141120_1012_30, Design, FLAME Client, participant_1, 1, X`3f426f4b.6d164164.816fe575.67a4324f`ATTR`generate`Task`MON::Model [Task]`Aspect=xADLBehaviorAspect&Position=301.259`37598ce1.81784bb5.996843e8.1d554a61`Process`MON::Model [Process]`executionTime=7&memoryUsage=3&taskInstruction=nextTask = new Task;|nextTask->getTaskState().value() = 0;|nextTask->getTaskID().value() = taskIDCounter->getNextTaskID().value()++;````````````, ,
20141120_1012_32, Notification, XTEAM Engine, participant_1, 1, Simulation execution beginning, ,
20141120_1012_43, Design, FLAME Client, participant_0, 3, X`cdc6010e.7cf74d31.85daf3c3.1e9a4be8`ATTR`Host_Client`Host`MON::Set [Host]`Aspect=xADLCoreAspect&Position=28.560`bb42af9e.ee894de6.a8870ee2.566cbbfe`Architecture`MON::Model [Architecture]`receiveEnergyCost=150.010000&receiveEnergyOverhead=101.860000&transmitEnergyCost=312.000000&transmitEnergyOverhead=129.870000````````````, ,
20141120_1012_45, Notification, XTEAM Engine, participant_0, 3, Simulation execution beginning, ,
20141120_1012_45, Design, FLAME Client, participant_0, 4, X`cdc6010e.7cf74d31.85daf3c3.1e9a4be8`ATTR`Host_Client`Host`MON::Set [Host]`Aspect=xADLCoreAspect&Position=28.560`bb42af9e.ee894de6.a8870ee2.566cbbfe`Architecture`MON::Model [Architecture]`receiveEnergyCost=150.010000&receiveEnergyOverhead=101.860000&transmitEnergyCost=312.000000&transmitEnergyOverhead=341.000000````````````, ,
20141120_1012_47, Notification, XTEAM Engine, participant_0, 4, Simulation execution beginning, ,
20141120_1012_56, Notification, XTEAM Engine, participant_0, 1, Simulation execution completion, ,
20141120_1012_56, XTEAM, XTEAM Engine, participant_0, , ,
20141120_1012_56, XTEAM, XTEAM Engine, participant_0, , ,
20141120_1012_56, XTEAM, XTEAM Engine, participant_0, , ,
20141120_1012_57, Design, FLAME Client, participant_1, 2, X`3f426f4b.6d164164.816fe575.67a4324f`ATTR`generate`Task`MON::Model [Task]`Aspect=xADLBehaviorAspect&Position=301.259`37598ce1.81784bb5.996843e8.1d554a61`Process`MON::Model [Process]`executionTime=7&memoryUsage=5500&taskInstruction=nextTask = new Task;|nextTask->getTaskState().value() = 0;|nextTask->getTaskID().value() = taskIDCounter->getNextTaskID().value()++;````````````, ,
20141120_1012_58, Notification, XTEAM Engine, participant_1, 2, Simulation execution beginning, ,
20141120_1013_03, Notification, XTEAM Engine, participant_0, 2, Simulation execution completion, ,
20141120_1013_03, XTEAM, XTEAM Engine, participant_0, , ,
20141120_1013_03, XTEAM, XTEAM Engine, participant_0, , ,
20141120_1013_03, XTEAM, XTEAM Engine, participant_0, , ,
20141120_1013_11, Notification, XTEAM Engine, participant_1, 1, Simulation execution completion, ,
20141120_1013_11, XTEAM, XTEAM Engine, participant_1, , ,
20141120_1013_11, XTEAM, XTEAM Engine, participant_1, , ,
20141120_1013_11, XTEAM, XTEAM Engine, participant_1, , ,
20141120_1013_19, Design, FLAME Client, participant_1, 3, X`176369f9.b385435c.b2d59a0f.66ba660c`ATTR`Host_SubsetSum`Host`MON::Set [Host]`Aspect=xADLCoreAspect&Position=1610.385`bb42af9e.ee894de6.a8870ee2.566cbbfe`Architecture`MON::Model [Architecture]`receiveEnergyCost=101.280000&receiveEnergyOverhead=64.990000&transmitEnergyCost=182.000000&transmitEnergyOverhead=82.450000````````````, ,
20141120_1013_20, Notification, XTEAM Engine, participant_0, 3, Simulation execution completion, ,
20141120_1013_20, XTEAM, XTEAM Engine, participant_0, , ,
20141120_1013_20, XTEAM, XTEAM Engine, participant_0, , ,
20141120_1013_20, XTEAM, XTEAM Engine, participant_0, , ,
20141120_1013_20, Notification, XTEAM Engine, participant_1, 3, Simulation execution beginning, ,
20141120_1013_22, Notification, XTEAM Engine, participant_0, 4, Simulation execution completion, ,
20141120_1013_22, XTEAM, XTEAM Engine, participant_0, , ,
20141120_1013_22, XTEAM, XTEAM Engine, participant_0, , ,
20141120_1013_22, XTEAM, XTEAM Engine, participant_0, , ,
20141120_1013_28, Design, FLAME Client, participant_1, 4, X`176369f9.b385435c.b2d59a0f.66ba660c`ATTR`Host_SubsetSum`Host`MON::Set [Host]`Aspect=xADLCoreAspect&Position=1610.385`bb42af9e.ee894de6.a8870ee2.566cbbfe`Architecture`MON::Model [Architecture]`receiveEnergyCost=101.280000&receiveEnergyOverhead=64.990000&transmitEnergyCost=182.000000&transmitEnergyOverhead=217.000000````````````, ,
20141120_1013_29, Notification, XTEAM Engine, participant_1, 4, Simulation execution beginning, ,
20141120_1013_30, Notification, XTEAM Engine, participant_1, 2, Simulation execution completion, ,
20141120_1013_30, XTEAM, XTEAM Engine, participant_1, , ,
20141120_1013_30, XTEAM, XTEAM Engine, participant_1, , ,
20141120_1013_30, XTEAM, XTEAM Engine, participant_1, , ,
20141120_1013_34, Design, FLAME Client, participant_0, 5, X`64e3f498.f1114939.ba695f73.d07188e3`ATTR`perform`Task`MON::Model [Task]`Aspect=xADLBehaviorAspect&Position=308.301`d640f4b9.22e14264.b459176e.af6b895e`Process`MON::Model [Process]`executionTime=350&memoryUsage=27&taskInstruction=nextResult[thread_id] = new Result;|nextResult[thread_id]->getResultState().value() = 0;|nextResult[thread_id]->getResultID().value() = nextTask[thread_id]->getTaskID().value();|nextResult[thread_id]->getResultValue().value() = 1;````````````, ,
20141120_1013_35, Notification, XTEAM Engine, participant_0, 5, Simulation execution beginning, ,
20141120_1013_36, Design, FLAME Client, participant_0, 6, X`64e3f498.f1114939.ba695f73.d07188e3`ATTR`perform`Task`MON::Model [Task]`Aspect=xADLBehaviorAspect&Position=308.301`d640f4b9.22e14264.b459176e.af6b895e`Process`MON::Model [Process]`executionTime=350&memoryUsage=32&taskInstruction=nextResult[thread_id] = new Result;|nextResult[thread_id]->getResultState().value() = 0;|nextResult[thread_id]->getResultID().value() = nextTask[thread_id]->getTaskID().value();|nextResult[thread_id]->getResultValue().value() = 1;````````````, ,
20141120_1013_37, Notification, XTEAM Engine, participant_0, 6, Simulation execution beginning, ,
20141120_1013_48, Design, FLAME Client, participant_1, 5, X`3a60805b.3a524f70.a064acd1.88108a11`ATTR`generate`Task`MON::Model [Task]`Aspect=xADLBehaviorAspect&Position=301.259`fd961ab4.712348fe.91a8653d.18529735`Process`MON::Model [Process]`executionTime=7&memoryUsage=3&taskInstruction=nextTask = new Task;|nextTask->getTaskState().value() = 0;|nextTask->getTaskID().value() = taskIDCounter->getNextTaskID().value()++;````````````, ,
20141120_1013_49, Notification, XTEAM Engine, participant_1, 5, Simulation execution beginning, ,
20141120_1013_55, Design, FLAME Client, participant_1, 6, X`3a60805b.3a524f70.a064acd1.88108a11`ATTR`generate`Task`MON::Model [Task]`Aspect=xADLBehaviorAspect&Position=301.259`fd961ab4.712348fe.91a8653d.18529735`Process`MON::Model [Process]`executionTime=7&memoryUsage=5500&taskInstruction=nextTask = new Task;|nextTask->getTaskState().value() = 0;|nextTask->getTaskID().value() = taskIDCounter->getNextTaskID().value()++;````````````, ,
20141120_1013_57, Notification, XTEAM Engine, participant_1, 3, Simulation execution completion, ,
20141120_1013_57, XTEAM, XTEAM Engine, participant_1, , ,
20141120_1013_57, XTEAM, XTEAM Engine, participant_1, , ,
20141120_1013_57, XTEAM, XTEAM Engine, participant_1, , ,
20141120_1013_57, Notification, XTEAM Engine, participant_1, 6, Simulation execution beginning, ,
20141120_1014_01, Design, FLAME Client, participant_0, 7, X`25fea250.79aa4baf.b62be506.e9d1819a`ATTR`Host_GCE`Host`MON::Set [Host]`Aspect=xADLCoreAspect&Position=161.560`bb42af9e.ee894de6.a8870ee2.566cbbfe`Architecture`MON::Model [Architecture]`receiveEnergyCost=150.010000&receiveEnergyOverhead=101.860000&transmitEnergyCost=312.000000&transmitEnergyOverhead=129.870000````````````, ,
20141120_1014_02, Notification, XTEAM Engine, participant_0, 7, Simulation execution beginning, ,
20141120_1014_04, Design, FLAME Client, participant_0, 8, X`25fea250.79aa4baf.b62be506.e9d1819a`ATTR`Host_GCE`Host`MON::Set [Host]`Aspect=xADLCoreAspect&Position=161.560`bb42af9e.ee894de6.a8870ee2.566cbbfe`Architecture`MON::Model [Architecture]`receiveEnergyCost=150.010000&receiveEnergyOverhead=101.860000&transmitEnergyCost=312.000000&transmitEnergyOverhead=341.000000````````````, ,
20141120_1014_05, Notification, XTEAM Engine, participant_0, 8, Simulation execution beginning, ,
20141120_1014_10, Notification, XTEAM Engine, participant_1, 4, Simulation execution completion, ,
20141120_1014_10, XTEAM, XTEAM Engine, participant_1, , ,
20141120_1014_10, XTEAM, XTEAM Engine, participant_1, , ,
20141120_1014_10, XTEAM, XTEAM Engine, participant_1, , ,
20141120_1014_12, Design, FLAME Client, participant_1, 7, X`de311a94.5ac54159.8e7ae434.321ec71e`ATTR`HostSAT`Host`MON::Set [Host]`Aspect=xADLCoreAspect&Position=1610.497`bb42af9e.ee894de6.a8870ee2.566cbbfe`Architecture`MON::Model [Architecture]`receiveEnergyCost=101.280000&receiveEnergyOverhead=64.990000&transmitEnergyCost=182.000000&transmitEnergyOverhead=82.450000````````````, ,
20141120_1014_13, Notification, XTEAM Engine, participant_1, 7, Simulation execution beginning, ,
20141120_1014_16, Notification, XTEAM Engine, participant_0, 5, Simulation execution completion, ,
20141120_1014_16, XTEAM, XTEAM Engine, participant_0, , ,
20141120_1014_16, XTEAM, XTEAM Engine, participant_0, , ,
20141120_1014_16, XTEAM, XTEAM Engine, participant_0, , ,
20141120_1014_19, Design, FLAME Client, participant_1, 8, X`de311a94.5ac54159.8e7ae434.321ec71e`ATTR`HostSAT`Host`MON::Set [Host]`Aspect=xADLCoreAspect&Position=1610.497`bb42af9e.ee894de6.a8870ee2.566cbbfe`Architecture`MON::Model [Architecture]`receiveEnergyCost=101.280000&receiveEnergyOverhead=64.990000&transmitEnergyCost=182.000000&transmitEnergyOverhead=217.000000````````````, ,
20141120_1014_19, Notification, XTEAM Engine, participant_0, 6, Simulation execution completion, ,
20141120_1014_19, XTEAM, XTEAM Engine, participant_0, , ,
20141120_1014_19, XTEAM, XTEAM Engine, participant_0, , ,
20141120_1014_19, XTEAM, XTEAM Engine, participant_0, , ,
20141120_1014_20, Notification, XTEAM Engine, participant_1, 8, Simulation execution beginning, ,
20141120_1014_30, Snapshot, FLAME Client, participant_1, 9, ,
20141120_1014_32, Notification, XTEAM Engine, participant_0, 9, Simulation execution beginning, ,
20141120_1014_33, Notification, XTEAM Engine, participant_1, 5, Simulation execution completion, ,
20141120_1014_33, XTEAM, XTEAM Engine, participant_1, , ,
20141120_1014_33, XTEAM, XTEAM Engine, participant_1, , ,
20141120_1014_33, XTEAM, XTEAM Engine, participant_1, , ,
20141120_1014_39, Notification, XTEAM Engine, participant_1, 6, Simulation execution completion, ,
20141120_1014_39, XTEAM, XTEAM Engine, participant_1, , ,
20141120_1014_39, XTEAM, XTEAM Engine, participant_1, , ,
20141120_1014_39, XTEAM, XTEAM Engine, participant_1, , ,
20141120_1014_44, Notification, XTEAM Engine, participant_0, 7, Simulation execution completion, ,
20141120_1014_44, XTEAM, XTEAM Engine, participant_0, , ,
20141120_1014_44, XTEAM, XTEAM Engine, participant_0, , ,
20141120_1014_44, XTEAM, XTEAM Engine, participant_0, , ,
20141120_1014_46, Update, FLAME Client, participant_0, 9, ,
20141120_1014_47, Notification, XTEAM Engine, participant_0, 8, Simulation execution completion, ,
20141120_1014_47, XTEAM, XTEAM Engine, participant_0, , ,
20141120_1014_47, XTEAM, XTEAM Engine, participant_0, , ,
20141120_1014_47, XTEAM, XTEAM Engine, participant_0, , ,
20141120_1014_53, Notification, XTEAM Engine, participant_1, 7, Simulation execution completion, ,
20141120_1014_53, XTEAM, XTEAM Engine, participant_1, , ,
20141120_1014_53, XTEAM, XTEAM Engine, participant_1, , ,
20141120_1014_53, XTEAM, XTEAM Engine, participant_1, , ,
20141120_1014_58, Notification, XTEAM Engine, participant_1, 8, Simulation execution completion, ,
20141120_1014_58, XTEAM, XTEAM Engine, participant_1, , ,
20141120_1014_58, XTEAM, XTEAM Engine, participant_1, , ,
20141120_1014_58, XTEAM, XTEAM Engine, participant_1, , ,
20141120_1015_04, Notification, XTEAM Engine, participant_0, 9, Simulation execution completion, ,
20141120_1015_04, XTEAM, XTEAM Engine, participant_0, , ,
20141120_1015_04, XTEAM, XTEAM Engine, participant_0, , ,
20141120_1015_04, XTEAM, XTEAM Engine, participant_0, , ,
20141120_1015_08, Snapshot, FLAME Client, participant_0, 10, ,
20141120_1015_10, Notification, XTEAM Engine, participant_1, 9, Simulation execution beginning, ,
20141120_1015_42, Notification, XTEAM Engine, participant_1, 9, Simulation execution completion, ,
20141120_1015_42, XTEAM, XTEAM Engine, participant_1, , ,
20141120_1015_42, XTEAM, XTEAM Engine, participant_1, , ,
20141120_1015_42, XTEAM, XTEAM Engine, participant_1, , ,
20141120_1015_54, Design, FLAME Client, participant_0, 11, X`4c379791.2eea468a.a8abbb1d.e5fba9bb`ATTR`perform`Task`MON::Model [Task]`Aspect=xADLBehaviorAspect&Position=336.217`c270ab26.2fff4b88.bf50a288.2d000ee5`Process`MON::Model [Process]`executionTime=200&memoryUsage=32&taskInstruction=nextResult[thread_id] = new Result;|nextResult[thread_id]->getResultState().value() = 0;|nextResult[thread_id]->getResultID().value() = nextTask[thread_id]->getTaskID().value();|nextResult[thread_id]->getResultValue().value() = 1;````````````, ,
20141120_1015_56, Notification, XTEAM Engine, participant_0, 10, Simulation execution beginning, ,
20141120_1016_01, Design, FLAME Client, participant_0, 12, X`4c379791.2eea468a.a8abbb1d.e5fba9bb`ATTR`perform`Task`MON::Model [Task]`Aspect=xADLBehaviorAspect&Position=336.217`c270ab26.2fff4b88.bf50a288.2d000ee5`Process`MON::Model [Process]`executionTime=200&memoryUsage=65&taskInstruction=nextResult[thread_id] = new Result;|nextResult[thread_id]->getResultState().value() = 0;|nextResult[thread_id]->getResultID().value() = nextTask[thread_id]->getTaskID().value();|nextResult[thread_id]->getResultValue().value() = 1;````````````, ,
20141120_1016_02, Notification, XTEAM Engine, participant_0, 11, Simulation execution beginning, ,
20141120_1016_13, Update, FLAME Client, participant_1, 10, ,
20141120_1016_16, Design, FLAME Client, participant_0, 13, X`cdc6010e.7cf74d31.85daf3c3.1e9a4be8`ATTR`Host_Client`Host`MON::Set [Host]`Aspect=xADLCoreAspect&Position=28.560`bb42af9e.ee894de6.a8870ee2.566cbbfe`Architecture`MON::Model [Architecture]`receiveEnergyCost=150.010000&receiveEnergyOverhead=101.860000&transmitEnergyCost=514.000000&transmitEnergyOverhead=341.000000````````````, ,
20141120_1016_17, Notification, XTEAM Engine, participant_0, 12, Simulation execution beginning, ,
20141120_1016_18, Design, FLAME Client, participant_0, 14, X`cdc6010e.7cf74d31.85daf3c3.1e9a4be8`ATTR`Host_Client`Host`MON::Set [Host]`Aspect=xADLCoreAspect&Position=28.560`bb42af9e.ee894de6.a8870ee2.566cbbfe`Architecture`MON::Model [Architecture]`receiveEnergyCost=150.010000&receiveEnergyOverhead=101.860000&transmitEnergyCost=514.000000&transmitEnergyOverhead=755.000000````````````, ,
20141120_1016_20, Notification, XTEAM Engine, participant_0, 13, Simulation execution beginning, ,
20141120_1016_31, Notification, XTEAM Engine, participant_0, 10, Simulation execution completion, ,
20141120_1016_31, XTEAM, XTEAM Engine, participant_0, , ,
20141120_1016_31, XTEAM, XTEAM Engine, participant_0, , ,
20141120_1016_31, XTEAM, XTEAM Engine, participant_0, , ,
20141120_1016_38, Notification, XTEAM Engine, participant_0, 11, Simulation execution completion, ,
20141120_1016_38, XTEAM, XTEAM Engine, participant_0, , ,
20141120_1016_38, XTEAM, XTEAM Engine, participant_0, , ,
20141120_1016_38, XTEAM, XTEAM Engine, participant_0, , ,
20141120_1016_48, Notification, XTEAM Engine, participant_0, 12, Simulation execution completion, ,
20141120_1016_48, XTEAM, XTEAM Engine, participant_0, , ,
20141120_1016_48, XTEAM, XTEAM Engine, participant_0, , ,
20141120_1016_48, XTEAM, XTEAM Engine, participant_0, , ,
20141120_1016_51, Notification, XTEAM Engine, participant_0, 13, Simulation execution completion, ,
20141120_1016_51, XTEAM, XTEAM Engine, participant_0, , ,
20141120_1016_51, XTEAM, XTEAM Engine, participant_0, , ,
20141120_1016_51, XTEAM, XTEAM Engine, participant_0, , ,
20141120_1016_55, Snapshot, FLAME Client, participant_0, 15, ,
20141120_1016_56, Notification, XTEAM Engine, participant_1, 10, Simulation execution beginning, ,
20141120_1016_58, Update, FLAME Client, participant_1, 11, ,
20141120_1017_28, Notification, XTEAM Engine, participant_1, 10, Simulation execution completion, ,
20141120_1017_28, XTEAM, XTEAM Engine, participant_1, , ,
20141120_1017_28, XTEAM, XTEAM Engine, participant_1, , ,
20141120_1017_28, XTEAM, XTEAM Engine, participant_1, , ,
20141120_1017_43, Design, FLAME Client, participant_1, 12, X`3f426f4b.6d164164.816fe575.67a4324f`ATTR`generate`Task`MON::Model [Task]`Aspect=xADLBehaviorAspect&Position=301.259`37598ce1.81784bb5.996843e8.1d554a61`Process`MON::Model [Process]`executionTime=6&memoryUsage=5500&taskInstruction=nextTask = new Task;|nextTask->getTaskState().value() = 0;|nextTask->getTaskID().value() = taskIDCounter->getNextTaskID().value()++;````````````, ,
20141120_1017_44, Notification, XTEAM Engine, participant_1, 11, Simulation execution beginning, ,
20141120_1017_51, Design, FLAME Client, participant_1, 13, X`3f426f4b.6d164164.816fe575.67a4324f`ATTR`generate`Task`MON::Model [Task]`Aspect=xADLBehaviorAspect&Position=301.259`37598ce1.81784bb5.996843e8.1d554a61`Process`MON::Model [Process]`executionTime=6&memoryUsage=11000&taskInstruction=nextTask = new Task;|nextTask->getTaskState().value() = 0;|nextTask->getTaskID().value() = taskIDCounter->getNextTaskID().value()++;````````````, ,
20141120_1017_52, Notification, XTEAM Engine, participant_1, 12, Simulation execution beginning, ,
20141120_1018_04, Design, FLAME Client, participant_1, 14, X`176369f9.b385435c.b2d59a0f.66ba660c`ATTR`Host_SubsetSum`Host`MON::Set [Host]`Aspect=xADLCoreAspect&Position=1610.385`bb42af9e.ee894de6.a8870ee2.566cbbfe`Architecture`MON::Model [Architecture]`receiveEnergyCost=101.280000&receiveEnergyOverhead=64.990000&transmitEnergyCost=330.000000&transmitEnergyOverhead=217.000000````````````, ,
20141120_1018_05, Notification, XTEAM Engine, participant_1, 13, Simulation execution beginning, ,
20141120_1018_12, Design, FLAME Client, participant_1, 15, X`176369f9.b385435c.b2d59a0f.66ba660c`ATTR`Host_SubsetSum`Host`MON::Set [Host]`Aspect=xADLCoreAspect&Position=1610.385`bb42af9e.ee894de6.a8870ee2.566cbbfe`Architecture`MON::Model [Architecture]`receiveEnergyCost=101.280000&receiveEnergyOverhead=64.990000&transmitEnergyCost=330.000000&transmitEnergyOverhead=429.000000````````````, ,
20141120_1018_13, Notification, XTEAM Engine, participant_1, 14, Simulation execution beginning, ,
20141120_1018_18, Snapshot, FLAME Client, participant_1, 16, ,
20141120_1018_18, Notification, XTEAM Engine, participant_1, 11, Simulation execution completion, ,
20141120_1018_18, XTEAM, XTEAM Engine, participant_1, , ,
20141120_1018_18, XTEAM, XTEAM Engine, participant_1, , ,
20141120_1018_18, XTEAM, XTEAM Engine, participant_1, , ,
20141120_1018_20, Notification, XTEAM Engine, participant_0, 14, Simulation execution beginning, ,
20141120_1018_25, Update, FLAME Client, participant_0, 16, ,
20141120_1018_28, Notification, XTEAM Engine, participant_1, 12, Simulation execution completion, ,
20141120_1018_28, XTEAM, XTEAM Engine, participant_1, , ,
20141120_1018_28, XTEAM, XTEAM Engine, participant_1, , ,
20141120_1018_28, XTEAM, XTEAM Engine, participant_1, , ,
20141120_1018_39, Notification, XTEAM Engine, participant_1, 13, Simulation execution completion, ,
20141120_1018_39, XTEAM, XTEAM Engine, participant_1, , ,
20141120_1018_39, XTEAM, XTEAM Engine, participant_1, , ,
20141120_1018_39, XTEAM, XTEAM Engine, participant_1, , ,
20141120_1018_45, Notification, XTEAM Engine, participant_1, 14, Simulation execution completion, ,
20141120_1018_45, XTEAM, XTEAM Engine, participant_1, , ,
20141120_1018_45, XTEAM, XTEAM Engine, participant_1, , ,
20141120_1018_45, XTEAM, XTEAM Engine, participant_1, , ,
20141120_1018_51, Notification, XTEAM Engine, participant_0, 14, Simulation execution completion, ,
20141120_1018_51, XTEAM, XTEAM Engine, participant_0, , ,
20141120_1018_51, XTEAM, XTEAM Engine, participant_0, , ,
20141120_1018_51, XTEAM, XTEAM Engine, participant_0, , ,
20141120_1019_37, Design, FLAME Client, participant_0, 17, X`cdc6010e.7cf74d31.85daf3c3.1e9a4be8`ATTR`Host_Client`Host`MON::Set [Host]`Aspect=xADLCoreAspect&Position=28.560`bb42af9e.ee894de6.a8870ee2.566cbbfe`Architecture`MON::Model [Architecture]`receiveEnergyCost=150.010000&receiveEnergyOverhead=101.860000&transmitEnergyCost=312.000000&transmitEnergyOverhead=755.000000````````````, ,
20141120_1019_38, Notification, XTEAM Engine, participant_0, 15, Simulation execution beginning, ,
20141120_1019_40, Design, FLAME Client, participant_0, 18, X`cdc6010e.7cf74d31.85daf3c3.1e9a4be8`REGISTRY`Host_Client`Host`MON::Set [Host]`Aspect=xADLCoreAspect&Position=28.560`bb42af9e.ee894de6.a8870ee2.566cbbfe`Architecture`MON::Model [Architecture]`receiveEnergyCost=150.010000&receiveEnergyOverhead=101.860000&transmitEnergyCost=312.000000&transmitEnergyOverhead=755.000000````````````, ,
20141120_1019_41, Notification, XTEAM Engine, participant_0, 16, Simulation execution beginning, ,
20141120_1019_43, Design, FLAME Client, participant_0, 19, X`cdc6010e.7cf74d31.85daf3c3.1e9a4be8`ATTR`Host_Client`Host`MON::Set [Host]`Aspect=xADLCoreAspect&Position=28.560`bb42af9e.ee894de6.a8870ee2.566cbbfe`Architecture`MON::Model [Architecture]`receiveEnergyCost=150.010000&receiveEnergyOverhead=101.860000&transmitEnergyCost=312.000000&transmitEnergyOverhead=341.000000````````````, ,
20141120_1019_44, Notification, XTEAM Engine, participant_0, 17, Simulation execution beginning, ,
20141120_1020_04, Design, FLAME Client, participant_0, 20, X`4c379791.2eea468a.a8abbb1d.e5fba9bb`ATTR`perform`Task`MON::Model [Task]`Aspect=xADLBehaviorAspect&Position=336.217`c270ab26.2fff4b88.bf50a288.2d000ee5`Process`MON::Model [Process]`executionTime=350&memoryUsage=65&taskInstruction=nextResult[thread_id] = new Result;|nextResult[thread_id]->getResultState().value() = 0;|nextResult[thread_id]->getResultID().value() = nextTask[thread_id]->getTaskID().value();|nextResult[thread_id]->getResultValue().value() = 1;````````````, ,
20141120_1020_05, Notification, XTEAM Engine, participant_0, 18, Simulation execution beginning, ,
20141120_1020_07, Design, FLAME Client, participant_0, 21, X`4c379791.2eea468a.a8abbb1d.e5fba9bb`ATTR`perform`Task`MON::Model [Task]`Aspect=xADLBehaviorAspect&Position=336.217`c270ab26.2fff4b88.bf50a288.2d000ee5`Process`MON::Model [Process]`executionTime=350&memoryUsage=32&taskInstruction=nextResult[thread_id] = new Result;|nextResult[thread_id]->getResultState().value() = 0;|nextResult[thread_id]->getResultID().value() = nextTask[thread_id]->getTaskID().value();|nextResult[thread_id]->getResultValue().value() = 1;````````````, ,
20141120_1020_08, Notification, XTEAM Engine, participant_0, 19, Simulation execution beginning, ,
20141120_1020_14, Notification, XTEAM Engine, participant_0, 15, Simulation execution completion, ,
20141120_1020_14, XTEAM, XTEAM Engine, participant_0, , ,
20141120_1020_14, XTEAM, XTEAM Engine, participant_0, , ,
20141120_1020_14, XTEAM, XTEAM Engine, participant_0, , ,
20141120_1020_17, Notification, XTEAM Engine, participant_0, 16, Simulation execution completion, ,
20141120_1020_17, XTEAM, XTEAM Engine, participant_0, , ,
20141120_1020_17, XTEAM, XTEAM Engine, participant_0, , ,
20141120_1020_17, XTEAM, XTEAM Engine, participant_0, , ,
20141120_1020_19, Notification, XTEAM Engine, participant_0, 17, Simulation execution completion, ,
20141120_1020_19, XTEAM, XTEAM Engine, participant_0, , ,
20141120_1020_19, XTEAM, XTEAM Engine, participant_0, , ,
20141120_1020_19, XTEAM, XTEAM Engine, participant_0, , ,
20141120_1020_35, Notification, XTEAM Engine, participant_0, 18, Simulation execution completion, ,
20141120_1020_35, Snapshot, FLAME Client, participant_0, 22, ,
20141120_1020_35, XTEAM, XTEAM Engine, participant_0, , ,
20141120_1020_35, XTEAM, XTEAM Engine, participant_0, , ,
20141120_1020_35, XTEAM, XTEAM Engine, participant_0, , ,
20141120_1020_36, Notification, XTEAM Engine, participant_1, 15, Simulation execution beginning, ,
20141120_1020_41, Notification, XTEAM Engine, participant_0, 19, Simulation execution completion, ,
20141120_1020_41, XTEAM, XTEAM Engine, participant_0, , ,
20141120_1020_41, XTEAM, XTEAM Engine, participant_0, , ,
20141120_1020_41, XTEAM, XTEAM Engine, participant_0, , ,
20141120_1020_42, Design, FLAME Client, participant_1, 17, X`3f426f4b.6d164164.816fe575.67a4324f`ATTR`generate`Task`MON::Model [Task]`Aspect=xADLBehaviorAspect&Position=301.259`37598ce1.81784bb5.996843e8.1d554a61`Process`MON::Model [Process]`executionTime=&memoryUsage=11000&taskInstruction=nextTask = new Task;|nextTask->getTaskState().value() = 0;|nextTask->getTaskID().value() = taskIDCounter->getNextTaskID().value()++;````````````, ,
20141120_1020_42, Update, FLAME Client, participant_1, 18, ,
20141120_1020_43, XTEAM, XTEAM Engine, participant_1, , ,
20141120_1020_51, Design, FLAME Client, participant_1, 19, X`3f426f4b.6d164164.816fe575.67a4324f`ATTR`generate`Task`MON::Model [Task]`Aspect=xADLBehaviorAspect&Position=301.259`37598ce1.81784bb5.996843e8.1d554a61`Process`MON::Model [Process]`executionTime=6&memoryUsage=11000&taskInstruction=nextTask = new Task;|nextTask->getTaskState().value() = 0;|nextTask->getTaskID().value() = taskIDCounter->getNextTaskID().value()++;````````````, ,
20141120_1020_52, Notification, XTEAM Engine, participant_1, 16, Simulation execution beginning, ,
20141120_1021_03, Snapshot, FLAME Client, participant_1, 20, ,
20141120_1021_04, Notification, XTEAM Engine, participant_0, 20, Simulation execution beginning, ,
20141120_1021_10, Notification, XTEAM Engine, participant_1, 15, Simulation execution completion, ,
20141120_1021_10, XTEAM, XTEAM Engine, participant_1, , ,
20141120_1021_10, XTEAM, XTEAM Engine, participant_1, , ,
20141120_1021_10, XTEAM, XTEAM Engine, participant_1, , ,
20141120_1021_21, Update, FLAME Client, participant_0, 23, ,
20141120_1021_23, Notification, XTEAM Engine, participant_1, 16, Simulation execution completion, ,
20141120_1021_23, XTEAM, XTEAM Engine, participant_1, , ,
20141120_1021_23, XTEAM, XTEAM Engine, participant_1, , ,
20141120_1021_23, XTEAM, XTEAM Engine, participant_1, , ,
20141120_1021_33, Notification, XTEAM Engine, participant_0, 20, Simulation execution completion, ,
20141120_1021_33, XTEAM, XTEAM Engine, participant_0, , ,
20141120_1021_33, XTEAM, XTEAM Engine, participant_0, , ,
20141120_1021_33, XTEAM, XTEAM Engine, participant_0, , ,
20141120_1021_45, Design, FLAME Client, participant_1, 21, X`176369f9.b385435c.b2d59a0f.66ba660c`REGISTRY`Host_SubsetSum`Host`MON::Set [Host]`Aspect=xADLCoreAspect&Position=1610.357`bb42af9e.ee894de6.a8870ee2.566cbbfe`Architecture`MON::Model [Architecture]`receiveEnergyCost=101.280000&receiveEnergyOverhead=64.990000&transmitEnergyCost=330.000000&transmitEnergyOverhead=429.000000````````````, ,
20141120_1021_47, Notification, XTEAM Engine, participant_1, 17, Simulation execution beginning, ,
20141120_1021_48, Design, FLAME Client, participant_1, 22, X`176369f9.b385435c.b2d59a0f.66ba660c`REGISTRY`Host_SubsetSum`Host`MON::Set [Host]`Aspect=xADLCoreAspect&Position=1610.378`bb42af9e.ee894de6.a8870ee2.566cbbfe`Architecture`MON::Model [Architecture]`receiveEnergyCost=101.280000&receiveEnergyOverhead=64.990000&transmitEnergyCost=330.000000&transmitEnergyOverhead=429.000000````````````, ,
20141120_1021_49, Notification, XTEAM Engine, participant_1, 18, Simulation execution beginning, ,
20141120_1022_19, Notification, XTEAM Engine, participant_1, 17, Simulation execution completion, ,
20141120_1022_19, XTEAM, XTEAM Engine, participant_1, , ,
20141120_1022_19, XTEAM, XTEAM Engine, participant_1, , ,
20141120_1022_19, XTEAM, XTEAM Engine, participant_1, , ,
20141120_1022_21, Notification, XTEAM Engine, participant_1, 18, Simulation execution completion, ,
20141120_1022_21, XTEAM, XTEAM Engine, participant_1, , ,
20141120_1022_21, XTEAM, XTEAM Engine, participant_1, , ,
20141120_1022_21, XTEAM, XTEAM Engine, participant_1, , ,
20141120_1022_40, Snapshot, FLAME Client, participant_1, 23, ,
20141120_1022_41, Notification, XTEAM Engine, participant_0, 21, Simulation execution beginning, ,
20141120_1023_09, Design, FLAME Client, participant_1, 24, X`5c24b580.a5db4a5a.bd95d487.c29e17cb`REGISTRY`SATGen`Component`MON::Model [Component]`Aspect=xADLCoreAspect&Position=1358.490`bb42af9e.ee894de6.a8870ee2.566cbbfe`Architecture`MON::Model [Architecture]`description=````````````, ,
20141120_1023_10, Notification, XTEAM Engine, participant_1, 19, Simulation execution beginning, ,
20141120_1023_13, Notification, XTEAM Engine, participant_0, 21, Simulation execution completion, ,
20141120_1023_13, XTEAM, XTEAM Engine, participant_0, , ,
20141120_1023_13, XTEAM, XTEAM Engine, participant_0, , ,
20141120_1023_13, XTEAM, XTEAM Engine, participant_0, , ,
20141120_1023_21, Design, FLAME Client, participant_1, 25, X`3a60805b.3a524f70.a064acd1.88108a11`ATTR`generate`Task`MON::Model [Task]`Aspect=xADLBehaviorAspect&Position=301.259`fd961ab4.712348fe.91a8653d.18529735`Process`MON::Model [Process]`executionTime=6&memoryUsage=5500&taskInstruction=nextTask = new Task;|nextTask->getTaskState().value() = 0;|nextTask->getTaskID().value() = taskIDCounter->getNextTaskID().value()++;````````````, ,
20141120_1023_22, Notification, XTEAM Engine, participant_1, 20, Simulation execution beginning, ,
20141120_1023_22, Update, FLAME Client, participant_0, 24, ,
20141120_1023_39, Design, FLAME Client, participant_1, 26, X`3a60805b.3a524f70.a064acd1.88108a11`ATTR`generate`Task`MON::Model [Task]`Aspect=xADLBehaviorAspect&Position=301.259`fd961ab4.712348fe.91a8653d.18529735`Process`MON::Model [Process]`executionTime=6&memoryUsage=11000&taskInstruction=nextTask = new Task;|nextTask->getTaskState().value() = 0;|nextTask->getTaskID().value() = taskIDCounter->getNextTaskID().value()++;````````````, ,
20141120_1023_40, Notification, XTEAM Engine, participant_1, 21, Simulation execution beginning, ,
20141120_1023_42, Notification, XTEAM Engine, participant_1, 19, Simulation execution completion, ,
20141120_1023_42, XTEAM, XTEAM Engine, participant_1, , ,
20141120_1023_42, XTEAM, XTEAM Engine, participant_1, , ,
20141120_1023_42, XTEAM, XTEAM Engine, participant_1, , ,
20141120_1023_48, Design, FLAME Client, participant_1, 27, X`de311a94.5ac54159.8e7ae434.321ec71e`ATTR`HostSAT`Host`MON::Set [Host]`Aspect=xADLCoreAspect&Position=1610.497`bb42af9e.ee894de6.a8870ee2.566cbbfe`Architecture`MON::Model [Architecture]`receiveEnergyCost=101.280000&receiveEnergyOverhead=64.990000&transmitEnergyCost=330.000000&transmitEnergyOverhead=217.000000````````````, ,
20141120_1023_49, Notification, XTEAM Engine, participant_1, 22, Simulation execution beginning, ,
20141120_1023_54, Notification, XTEAM Engine, participant_1, 20, Simulation execution completion, ,
20141120_1023_54, XTEAM, XTEAM Engine, participant_1, , ,
20141120_1023_54, XTEAM, XTEAM Engine, participant_1, , ,
20141120_1023_54, XTEAM, XTEAM Engine, participant_1, , ,
20141120_1023_55, Design, FLAME Client, participant_1, 28, X`de311a94.5ac54159.8e7ae434.321ec71e`ATTR`HostSAT`Host`MON::Set [Host]`Aspect=xADLCoreAspect&Position=1610.497`bb42af9e.ee894de6.a8870ee2.566cbbfe`Architecture`MON::Model [Architecture]`receiveEnergyCost=101.280000&receiveEnergyOverhead=64.990000&transmitEnergyCost=330.000000&transmitEnergyOverhead=429.000000````````````, ,
20141120_1023_56, Notification, XTEAM Engine, participant_1, 23, Simulation execution beginning, ,
20141120_1023_59, Snapshot, FLAME Client, participant_1, 29, ,
20141120_1024_01, Notification, XTEAM Engine, participant_0, 22, Simulation execution beginning, ,
20141120_1024_14, Notification, XTEAM Engine, participant_1, 21, Simulation execution completion, ,
20141120_1024_14, XTEAM, XTEAM Engine, participant_1, , ,
20141120_1024_14, XTEAM, XTEAM Engine, participant_1, , ,
20141120_1024_14, XTEAM, XTEAM Engine, participant_1, , ,
20141120_1024_16, Update, FLAME Client, participant_0, 25, ,
20141120_1024_23, Notification, XTEAM Engine, participant_1, 22, Simulation execution completion, ,
20141120_1024_23, XTEAM, XTEAM Engine, participant_1, , ,
20141120_1024_23, XTEAM, XTEAM Engine, participant_1, , ,
20141120_1024_23, XTEAM, XTEAM Engine, participant_1, , ,
20141120_1024_29, Notification, XTEAM Engine, participant_1, 23, Simulation execution completion, ,
20141120_1024_29, XTEAM, XTEAM Engine, participant_1, , ,
20141120_1024_29, XTEAM, XTEAM Engine, participant_1, , ,
20141120_1024_29, XTEAM, XTEAM Engine, participant_1, , ,
20141120_1024_33, Notification, XTEAM Engine, participant_0, 22, Simulation execution completion, ,
20141120_1024_33, XTEAM, XTEAM Engine, participant_0, , ,
20141120_1024_33, XTEAM, XTEAM Engine, participant_0, , ,
20141120_1024_33, XTEAM, XTEAM Engine, participant_0, , ,
20141120_1025_29, Design, FLAME Client, participant_1, 30, X`de311a94.5ac54159.8e7ae434.321ec71e`ATTR`HostSAT`Host`MON::Set [Host]`Aspect=xADLCoreAspect&Position=1610.497`bb42af9e.ee894de6.a8870ee2.566cbbfe`Architecture`MON::Model [Architecture]`receiveEnergyCost=101.280000&receiveEnergyOverhead=64.990000&transmitEnergyCost=182.000000&transmitEnergyOverhead=429.000000````````````, ,
20141120_1025_30, Notification, XTEAM Engine, participant_1, 24, Simulation execution beginning, ,
20141120_1025_40, Design, FLAME Client, participant_1, 31, X`de311a94.5ac54159.8e7ae434.321ec71e`ATTR`HostSAT`Host`MON::Set [Host]`Aspect=xADLCoreAspect&Position=1610.497`bb42af9e.ee894de6.a8870ee2.566cbbfe`Architecture`MON::Model [Architecture]`receiveEnergyCost=101.280000&receiveEnergyOverhead=64.990000&transmitEnergyCost=182.000000&transmitEnergyOverhead=217.000000````````````, ,
20141120_1025_41, Notification, XTEAM Engine, participant_1, 25, Simulation execution beginning, ,
20141120_1025_51, Design, FLAME Client, participant_1, 32, X`3a60805b.3a524f70.a064acd1.88108a11`ATTR`generate`Task`MON::Model [Task]`Aspect=xADLBehaviorAspect&Position=301.259`fd961ab4.712348fe.91a8653d.18529735`Process`MON::Model [Process]`executionTime=7&memoryUsage=11000&taskInstruction=nextTask = new Task;|nextTask->getTaskState().value() = 0;|nextTask->getTaskID().value() = taskIDCounter->getNextTaskID().value()++;````````````, ,
20141120_1025_52, Notification, XTEAM Engine, participant_1, 26, Simulation execution beginning, ,
20141120_1026_00, Design, FLAME Client, participant_1, 33, X`3a60805b.3a524f70.a064acd1.88108a11`ATTR`generate`Task`MON::Model [Task]`Aspect=xADLBehaviorAspect&Position=301.259`fd961ab4.712348fe.91a8653d.18529735`Process`MON::Model [Process]`executionTime=7&memoryUsage=5500&taskInstruction=nextTask = new Task;|nextTask->getTaskState().value() = 0;|nextTask->getTaskID().value() = taskIDCounter->getNextTaskID().value()++;````````````, ,
20141120_1026_02, Notification, XTEAM Engine, participant_1, 27, Simulation execution beginning, ,
20141120_1026_02, Snapshot, FLAME Client, participant_1, 34, ,
20141120_1026_04, Notification, XTEAM Engine, participant_0, 23, Simulation execution beginning, ,
20141120_1026_05, Notification, XTEAM Engine, participant_1, 24, Simulation execution completion, ,
20141120_1026_05, XTEAM, XTEAM Engine, participant_1, , ,
20141120_1026_05, XTEAM, XTEAM Engine, participant_1, , ,
20141120_1026_05, XTEAM, XTEAM Engine, participant_1, , ,
20141120_1026_07, Update, FLAME Client, participant_0, 26, ,
20141120_1026_16, Notification, XTEAM Engine, participant_1, 25, Simulation execution completion, ,
20141120_1026_16, XTEAM, XTEAM Engine, participant_1, , ,
20141120_1026_16, XTEAM, XTEAM Engine, participant_1, , ,
20141120_1026_16, XTEAM, XTEAM Engine, participant_1, , ,
20141120_1026_25, Notification, XTEAM Engine, participant_1, 26, Simulation execution completion, ,
20141120_1026_25, XTEAM, XTEAM Engine, participant_1, , ,
20141120_1026_25, XTEAM, XTEAM Engine, participant_1, , ,
20141120_1026_25, XTEAM, XTEAM Engine, participant_1, , ,
20141120_1026_33, Notification, XTEAM Engine, participant_1, 27, Simulation execution completion, ,
20141120_1026_33, XTEAM, XTEAM Engine, participant_1, , ,
20141120_1026_33, XTEAM, XTEAM Engine, participant_1, , ,
20141120_1026_33, XTEAM, XTEAM Engine, participant_1, , ,
20141120_1026_35, Notification, XTEAM Engine, participant_0, 23, Simulation execution completion, ,
20141120_1026_35, XTEAM, XTEAM Engine, participant_0, , ,
20141120_1026_35, XTEAM, XTEAM Engine, participant_0, , ,
20141120_1026_35, XTEAM, XTEAM Engine, participant_0, , ,
20141120_1027_41, Design, FLAME Client, participant_1, 35, X`3f426f4b.6d164164.816fe575.67a4324f`ATTR`generate`Task`MON::Model [Task]`Aspect=xADLBehaviorAspect&Position=301.259`37598ce1.81784bb5.996843e8.1d554a61`Process`MON::Model [Process]`executionTime=7&memoryUsage=11000&taskInstruction=nextTask = new Task;|nextTask->getTaskState().value() = 0;|nextTask->getTaskID().value() = taskIDCounter->getNextTaskID().value()++;````````````, ,
20141120_1027_42, Notification, XTEAM Engine, participant_1, 28, Simulation execution beginning, ,
20141120_1027_46, Design, FLAME Client, participant_1, 36, X`3f426f4b.6d164164.816fe575.67a4324f`ATTR`generate`Task`MON::Model [Task]`Aspect=xADLBehaviorAspect&Position=301.259`37598ce1.81784bb5.996843e8.1d554a61`Process`MON::Model [Process]`executionTime=7&memoryUsage=5500&taskInstruction=nextTask = new Task;|nextTask->getTaskState().value() = 0;|nextTask->getTaskID().value() = taskIDCounter->getNextTaskID().value()++;````````````, ,
20141120_1027_47, Notification, XTEAM Engine, participant_1, 29, Simulation execution beginning, ,
20141120_1027_50, Snapshot, FLAME Client, participant_1, 37, ,
20141120_1027_51, Notification, XTEAM Engine, participant_0, 24, Simulation execution beginning, ,
20141120_1028_01, Update, FLAME Client, participant_0, 27, ,
20141120_1028_17, Notification, XTEAM Engine, participant_1, 28, Simulation execution completion, ,
20141120_1028_17, XTEAM, XTEAM Engine, participant_1, , ,
20141120_1028_17, XTEAM, XTEAM Engine, participant_1, , ,
20141120_1028_17, XTEAM, XTEAM Engine, participant_1, , ,
20141120_1028_20, Notification, XTEAM Engine, participant_1, 29, Simulation execution completion, ,
20141120_1028_20, XTEAM, XTEAM Engine, participant_1, , ,
20141120_1028_20, XTEAM, XTEAM Engine, participant_1, , ,
20141120_1028_20, XTEAM, XTEAM Engine, participant_1, , ,
20141120_1028_24, Notification, XTEAM Engine, participant_0, 24, Simulation execution completion, ,
20141120_1028_24, XTEAM, XTEAM Engine, participant_0, , ,
20141120_1028_24, XTEAM, XTEAM Engine, participant_0, , ,
20141120_1028_24, XTEAM, XTEAM Engine, participant_0, , ,
20141120_1028_40, Design, FLAME Client, participant_1, 38, X`3f426f4b.6d164164.816fe575.67a4324f`ATTR`generate`Task`MON::Model [Task]`Aspect=xADLBehaviorAspect&Position=301.259`37598ce1.81784bb5.996843e8.1d554a61`Process`MON::Model [Process]`executionTime=6&memoryUsage=5500&taskInstruction=nextTask = new Task;|nextTask->getTaskState().value() = 0;|nextTask->getTaskID().value() = taskIDCounter->getNextTaskID().value()++;````````````, ,
20141120_1028_41, Notification, XTEAM Engine, participant_1, 30, Simulation execution beginning, ,
20141120_1028_48, Design, FLAME Client, participant_1, 39, X`3f426f4b.6d164164.816fe575.67a4324f`ATTR`generate`Task`MON::Model [Task]`Aspect=xADLBehaviorAspect&Position=301.259`37598ce1.81784bb5.996843e8.1d554a61`Process`MON::Model [Process]`executionTime=6&memoryUsage=11000&taskInstruction=nextTask = new Task;|nextTask->getTaskState().value() = 0;|nextTask->getTaskID().value() = taskIDCounter->getNextTaskID().value()++;````````````, ,
20141120_1028_49, Notification, XTEAM Engine, participant_1, 31, Simulation execution beginning, ,
20141120_1028_49, Snapshot, FLAME Client, participant_1, 40, ,
20141120_1028_51, Notification, XTEAM Engine, participant_0, 25, Simulation execution beginning, ,
20141120_1028_52, Update, FLAME Client, participant_0, 28, ,
20141120_1029_15, Notification, XTEAM Engine, participant_1, 30, Simulation execution completion, ,
20141120_1029_15, XTEAM, XTEAM Engine, participant_1, , ,
20141120_1029_15, XTEAM, XTEAM Engine, participant_1, , ,
20141120_1029_15, XTEAM, XTEAM Engine, participant_1, , ,
20141120_1029_21, Notification, XTEAM Engine, participant_1, 31, Simulation execution completion, ,
20141120_1029_21, XTEAM, XTEAM Engine, participant_1, , ,
20141120_1029_21, XTEAM, XTEAM Engine, participant_1, , ,
20141120_1029_21, XTEAM, XTEAM Engine, participant_1, , ,
20141120_1029_23, Notification, XTEAM Engine, participant_0, 25, Simulation execution completion, ,
20141120_1029_23, XTEAM, XTEAM Engine, participant_0, , ,
20141120_1029_23, XTEAM, XTEAM Engine, participant_0, , ,
20141120_1029_23, XTEAM, XTEAM Engine, participant_0, , ,
