TIME, Event name, OriginComponent, SenderUsername, EventID, Value, ,
20140326_1009_32, Login, XTEAM Engine, MRSV, , ,
20140326_1013_44, Login, CoWare XTEAM Client, participant_0, , ,
20140326_1014_51, Design, CoWare XTEAM Client, participant_0, 1, X`26cde46c.9c5842b6.86a460a7.9af47b0b`ATTR`generate`Task`MON::Model [Task]`Aspect=xADLBehaviorAspect&Position=231.196`8bf46823.a38b47d7.afbbc04e.7988ae39`Process`MON::Model [Process]`executionTime=4&memoryUsage=3&taskInstruction=nextRequest = new Request;|nextRequest->getRequestKind().value() = "Salinity";````````````, ,
20140326_1014_53, Notification, XTEAM Engine, MRSV, 1, Simulation execution beginning, ,
20140326_1015_02, Design, CoWare XTEAM Client, participant_0, 2, X`26cde46c.9c5842b6.86a460a7.9af47b0b`ATTR`generate`Task`MON::Model [Task]`Aspect=xADLBehaviorAspect&Position=231.196`8bf46823.a38b47d7.afbbc04e.7988ae39`Process`MON::Model [Process]`executionTime=4&memoryUsage=250&taskInstruction=nextRequest = new Request;|nextRequest->getRequestKind().value() = "Salinity";````````````, ,
20140326_1015_03, Notification, XTEAM Engine, MRSV, 2, Simulation execution beginning, ,
20140326_1015_16, Design, CoWare XTEAM Client, participant_0, 3, X`3709314b.7a93486e.8dc9b26c.f4772d70`ATTR`Host_1`Host`MON::Set [Host]`Aspect=xADLCoreAspect&Position=42.49`53c8e4c.6bec48b1.8f5efd8e.55e34f54`Architecture`MON::Model [Architecture]`receiveEnergyCost=18.000000&receiveEnergyOverhead=48.000000&transmitEnergyCost=50.000000&transmitEnergyOverhead=45.000000````````````, ,
20140326_1015_17, Notification, XTEAM Engine, MRSV, 3, Simulation execution beginning, ,
20140326_1015_17, Notification, XTEAM Engine, MRSV, 1, Simulation execution completion, ,
20140326_1015_17, XTEAM, XTEAM Engine, MRSV, , ,
20140326_1015_17, XTEAM, XTEAM Engine, MRSV, , ,
20140326_1015_17, XTEAM, XTEAM Engine, MRSV, , ,
20140326_1015_18, Design, CoWare XTEAM Client, participant_0, 4, X`3709314b.7a93486e.8dc9b26c.f4772d70`ATTR`Host_1`Host`MON::Set [Host]`Aspect=xADLCoreAspect&Position=42.49`53c8e4c.6bec48b1.8f5efd8e.55e34f54`Architecture`MON::Model [Architecture]`receiveEnergyCost=18.000000&receiveEnergyOverhead=48.000000&transmitEnergyCost=50.000000&transmitEnergyOverhead=200.000000````````````, ,
20140326_1015_19, Notification, XTEAM Engine, MRSV, 4, Simulation execution beginning, ,
20140326_1015_21, Design, CoWare XTEAM Client, participant_0, 5, X`3709314b.7a93486e.8dc9b26c.f4772d70`ATTR`Host_1`Host`MON::Set [Host]`Aspect=xADLCoreAspect&Position=42.49`53c8e4c.6bec48b1.8f5efd8e.55e34f54`Architecture`MON::Model [Architecture]`receiveEnergyCost=65.000000&receiveEnergyOverhead=48.000000&transmitEnergyCost=50.000000&transmitEnergyOverhead=200.000000````````````, ,
20140326_1015_23, Notification, XTEAM Engine, MRSV, 5, Simulation execution beginning, ,
20140326_1015_31, Design, CoWare XTEAM Client, participant_0, 6, X`3709314b.7a93486e.8dc9b26c.f4772d70`ATTR`Host_1`Host`MON::Set [Host]`Aspect=xADLCoreAspect&Position=42.49`53c8e4c.6bec48b1.8f5efd8e.55e34f54`Architecture`MON::Model [Architecture]`receiveEnergyCost=65.000000&receiveEnergyOverhead=240.000000&transmitEnergyCost=50.000000&transmitEnergyOverhead=200.000000````````````, ,
20140326_1015_33, Notification, XTEAM Engine, MRSV, 6, Simulation execution beginning, ,
20140326_1015_42, Notification, XTEAM Engine, MRSV, 2, Simulation execution completion, ,
20140326_1015_42, XTEAM, XTEAM Engine, MRSV, , ,
20140326_1015_42, XTEAM, XTEAM Engine, MRSV, , ,
20140326_1015_42, XTEAM, XTEAM Engine, MRSV, , ,
20140326_1015_51, Notification, XTEAM Engine, MRSV, 3, Simulation execution completion, ,
20140326_1015_51, XTEAM, XTEAM Engine, MRSV, , ,
20140326_1015_51, XTEAM, XTEAM Engine, MRSV, , ,
20140326_1015_51, XTEAM, XTEAM Engine, MRSV, , ,
20140326_1015_51, Notification, XTEAM Engine, MRSV, 4, Simulation execution completion, ,
20140326_1015_51, XTEAM, XTEAM Engine, MRSV, , ,
20140326_1015_51, XTEAM, XTEAM Engine, MRSV, , ,
20140326_1015_51, XTEAM, XTEAM Engine, MRSV, , ,
20140326_1015_54, Notification, XTEAM Engine, MRSV, 5, Simulation execution completion, ,
20140326_1015_54, XTEAM, XTEAM Engine, MRSV, , ,
20140326_1015_54, XTEAM, XTEAM Engine, MRSV, , ,
20140326_1015_54, XTEAM, XTEAM Engine, MRSV, , ,
20140326_1015_56, Notification, XTEAM Engine, MRSV, 6, Simulation execution completion, ,
20140326_1015_56, XTEAM, XTEAM Engine, MRSV, , ,
20140326_1015_56, XTEAM, XTEAM Engine, MRSV, , ,
20140326_1015_56, XTEAM, XTEAM Engine, MRSV, , ,
20140326_1016_06, Design, CoWare XTEAM Client, participant_0, 7, X`6e9c8fd6.f1e64dd2.b80f329b.5eaf84d5`ATTR`generate`Task`MON::Model [Task]`Aspect=xADLBehaviorAspect&Position=231.196`949ce290.11ad4a14.a3b729fe.76f3e91a`Process`MON::Model [Process]`executionTime=7&memoryUsage=3&taskInstruction=nextRequest = new Request;|nextRequest->getRequestKind().value() = "Salinity";````````````, ,
20140326_1016_07, Notification, XTEAM Engine, MRSV, 7, Simulation execution beginning, ,
20140326_1016_16, Design, CoWare XTEAM Client, participant_0, 8, X`1d380676.204a4521.b3bb7c52.2bae3451`ATTR`Host_2`Host`MON::Set [Host]`Aspect=xADLCoreAspect&Position=42.350`53c8e4c.6bec48b1.8f5efd8e.55e34f54`Architecture`MON::Model [Architecture]`receiveEnergyCost=18.000000&receiveEnergyOverhead=48.000000&transmitEnergyCost=50.000000&transmitEnergyOverhead=45.000000````````````, ,
20140326_1016_18, Notification, XTEAM Engine, MRSV, 8, Simulation execution beginning, ,
20140326_1016_18, Design, CoWare XTEAM Client, participant_0, 9, X`1d380676.204a4521.b3bb7c52.2bae3451`ATTR`Host_2`Host`MON::Set [Host]`Aspect=xADLCoreAspect&Position=42.350`53c8e4c.6bec48b1.8f5efd8e.55e34f54`Architecture`MON::Model [Architecture]`receiveEnergyCost=18.000000&receiveEnergyOverhead=48.000000&transmitEnergyCost=50.000000&transmitEnergyOverhead=200.000000````````````, ,
20140326_1016_20, Notification, XTEAM Engine, MRSV, 9, Simulation execution beginning, ,
20140326_1016_20, Design, CoWare XTEAM Client, participant_0, 10, X`1d380676.204a4521.b3bb7c52.2bae3451`ATTR`Host_2`Host`MON::Set [Host]`Aspect=xADLCoreAspect&Position=42.350`53c8e4c.6bec48b1.8f5efd8e.55e34f54`Architecture`MON::Model [Architecture]`receiveEnergyCost=65.000000&receiveEnergyOverhead=48.000000&transmitEnergyCost=50.000000&transmitEnergyOverhead=200.000000````````````, ,
20140326_1016_23, Notification, XTEAM Engine, MRSV, 10, Simulation execution beginning, ,
20140326_1016_25, Design, CoWare XTEAM Client, participant_0, 11, X`1d380676.204a4521.b3bb7c52.2bae3451`ATTR`Host_2`Host`MON::Set [Host]`Aspect=xADLCoreAspect&Position=42.350`53c8e4c.6bec48b1.8f5efd8e.55e34f54`Architecture`MON::Model [Architecture]`receiveEnergyCost=65.000000&receiveEnergyOverhead=240.000000&transmitEnergyCost=50.000000&transmitEnergyOverhead=200.000000````````````, ,
20140326_1016_27, Notification, XTEAM Engine, MRSV, 11, Simulation execution beginning, ,
20140326_1016_31, Notification, XTEAM Engine, MRSV, 7, Simulation execution completion, ,
20140326_1016_31, XTEAM, XTEAM Engine, MRSV, , ,
20140326_1016_31, XTEAM, XTEAM Engine, MRSV, , ,
20140326_1016_31, XTEAM, XTEAM Engine, MRSV, , ,
20140326_1016_41, Design, CoWare XTEAM Client, participant_0, 12, X`422c11c0.c89a428f.838be7f4.7ffbcbd6`ATTR`generate`Task`MON::Model [Task]`Aspect=xADLBehaviorAspect&Position=231.196`f5e3fc53.9152438c.8adc2b0b.e095f1c6`Process`MON::Model [Process]`executionTime=6&memoryUsage=3&taskInstruction=nextRequest = new Request;|nextRequest->getRequestKind().value() = "Salinity";````````````, ,
20140326_1016_41, Notification, XTEAM Engine, MRSV, 8, Simulation execution completion, ,
20140326_1016_41, XTEAM, XTEAM Engine, MRSV, , ,
20140326_1016_41, XTEAM, XTEAM Engine, MRSV, , ,
20140326_1016_41, XTEAM, XTEAM Engine, MRSV, , ,
20140326_1016_42, Notification, XTEAM Engine, MRSV, 12, Simulation execution beginning, ,
20140326_1016_50, Notification, XTEAM Engine, MRSV, 10, Simulation execution completion, ,
20140326_1016_50, XTEAM, XTEAM Engine, MRSV, , ,
20140326_1016_50, XTEAM, XTEAM Engine, MRSV, , ,
20140326_1016_50, XTEAM, XTEAM Engine, MRSV, , ,
20140326_1016_50, Design, CoWare XTEAM Client, participant_0, 13, X`422c11c0.c89a428f.838be7f4.7ffbcbd6`ATTR`generate`Task`MON::Model [Task]`Aspect=xADLBehaviorAspect&Position=231.196`f5e3fc53.9152438c.8adc2b0b.e095f1c6`Process`MON::Model [Process]`executionTime=6&memoryUsage=250&taskInstruction=nextRequest = new Request;|nextRequest->getRequestKind().value() = "Salinity";````````````, ,
20140326_1016_51, Notification, XTEAM Engine, MRSV, 9, Simulation execution completion, ,
20140326_1016_51, XTEAM, XTEAM Engine, MRSV, , ,
20140326_1016_51, XTEAM, XTEAM Engine, MRSV, , ,
20140326_1016_51, XTEAM, XTEAM Engine, MRSV, , ,
20140326_1016_52, Notification, XTEAM Engine, MRSV, 13, Simulation execution beginning, ,
20140326_1016_55, Notification, XTEAM Engine, MRSV, 11, Simulation execution completion, ,
20140326_1016_55, XTEAM, XTEAM Engine, MRSV, , ,
20140326_1016_55, XTEAM, XTEAM Engine, MRSV, , ,
20140326_1016_55, XTEAM, XTEAM Engine, MRSV, , ,
20140326_1017_04, Notification, XTEAM Engine, MRSV, 12, Simulation execution completion, ,
20140326_1017_04, XTEAM, XTEAM Engine, MRSV, , ,
20140326_1017_04, XTEAM, XTEAM Engine, MRSV, , ,
20140326_1017_04, XTEAM, XTEAM Engine, MRSV, , ,
20140326_1017_13, Notification, XTEAM Engine, MRSV, 13, Simulation execution completion, ,
20140326_1017_13, XTEAM, XTEAM Engine, MRSV, , ,
20140326_1017_13, XTEAM, XTEAM Engine, MRSV, , ,
20140326_1017_13, XTEAM, XTEAM Engine, MRSV, , ,
20140326_1023_18, Snapshot, CoWare XTEAM Client, participant_0, 14, ,
20140326_1023_20, Snapshot, CoWare XTEAM Client, participant_0, 15, ,
20140326_1023_24, Snapshot, CoWare XTEAM Client, participant_0, 16, ,
20140326_1023_31, Snapshot, CoWare XTEAM Client, participant_0, 17, ,
20140326_1023_34, Snapshot, CoWare XTEAM Client, participant_0, 18, ,
20140326_1023_43, Snapshot, CoWare XTEAM Client, participant_0, 19, ,
20140326_1023_43, Snapshot, CoWare XTEAM Client, participant_0, 20, ,
20140326_1023_49, Snapshot, CoWare XTEAM Client, participant_0, 21, ,
20140326_1033_02, Login, CoWare XTEAM Client, participant_1, , ,
20140326_1033_42, Snapshot, CoWare XTEAM Client, participant_0, 22, ,
20140326_1035_01, Design, CoWare XTEAM Client, participant_1, 1, X`f603f85b.e43844a4.b3627b58.f951dcdf`ATTR`Host_Temp`Host`MON::Set [Host]`Aspect=xADLCoreAspect&Position=1106.763`53c8e4c.6bec48b1.8f5efd8e.55e34f54`Architecture`MON::Model [Architecture]`receiveEnergyCost=13.000000&receiveEnergyOverhead=45.000000&transmitEnergyCost=12.000000&transmitEnergyOverhead=40.000000````````````, ,
20140326_1035_03, Notification, XTEAM Engine, MRSV, 14, Simulation execution beginning, ,
20140326_1035_04, Design, CoWare XTEAM Client, participant_1, 2, X`f603f85b.e43844a4.b3627b58.f951dcdf`ATTR`Host_Temp`Host`MON::Set [Host]`Aspect=xADLCoreAspect&Position=1106.763`53c8e4c.6bec48b1.8f5efd8e.55e34f54`Architecture`MON::Model [Architecture]`receiveEnergyCost=20.000000&receiveEnergyOverhead=45.000000&transmitEnergyCost=12.000000&transmitEnergyOverhead=40.000000````````````, ,
20140326_1035_07, Notification, XTEAM Engine, MRSV, 15, Simulation execution beginning, ,
20140326_1035_09, Design, CoWare XTEAM Client, participant_1, 3, X`f603f85b.e43844a4.b3627b58.f951dcdf`ATTR`Host_Temp`Host`MON::Set [Host]`Aspect=xADLCoreAspect&Position=1106.763`53c8e4c.6bec48b1.8f5efd8e.55e34f54`Architecture`MON::Model [Architecture]`receiveEnergyCost=20.000000&receiveEnergyOverhead=70.000000&transmitEnergyCost=12.000000&transmitEnergyOverhead=40.000000````````````, ,
20140326_1035_11, Notification, XTEAM Engine, MRSV, 16, Simulation execution beginning, ,
20140326_1035_19, Design, CoWare XTEAM Client, participant_1, 4, X`cc6f3a99.39734696.be3c4499.34632100`ATTR`Host_Salinity`Host`MON::Set [Host]`Aspect=xADLCoreAspect&Position=966.763`53c8e4c.6bec48b1.8f5efd8e.55e34f54`Architecture`MON::Model [Architecture]`receiveEnergyCost=13.000000&receiveEnergyOverhead=45.000000&transmitEnergyCost=12.000000&transmitEnergyOverhead=40.000000````````````, ,
20140326_1035_22, Design, CoWare XTEAM Client, participant_1, 5, X`cc6f3a99.39734696.be3c4499.34632100`ATTR`Host_Salinity`Host`MON::Set [Host]`Aspect=xADLCoreAspect&Position=966.763`53c8e4c.6bec48b1.8f5efd8e.55e34f54`Architecture`MON::Model [Architecture]`receiveEnergyCost=20.000000&receiveEnergyOverhead=45.000000&transmitEnergyCost=12.000000&transmitEnergyOverhead=40.000000````````````, ,
20140326_1035_23, Notification, XTEAM Engine, MRSV, 17, Simulation execution beginning, ,
20140326_1035_25, Design, CoWare XTEAM Client, participant_1, 6, X`cc6f3a99.39734696.be3c4499.34632100`ATTR`Host_Salinity`Host`MON::Set [Host]`Aspect=xADLCoreAspect&Position=966.763`53c8e4c.6bec48b1.8f5efd8e.55e34f54`Architecture`MON::Model [Architecture]`receiveEnergyCost=20.000000&receiveEnergyOverhead=70.000000&transmitEnergyCost=12.000000&transmitEnergyOverhead=40.000000````````````, ,
20140326_1035_25, Notification, XTEAM Engine, MRSV, 18, Simulation execution beginning, ,
20140326_1035_28, Notification, XTEAM Engine, MRSV, 19, Simulation execution beginning, ,
20140326_1035_46, Notification, XTEAM Engine, MRSV, 14, Simulation execution completion, ,
20140326_1035_46, XTEAM, XTEAM Engine, MRSV, , ,
20140326_1035_46, XTEAM, XTEAM Engine, MRSV, , ,
20140326_1035_46, XTEAM, XTEAM Engine, MRSV, , ,
20140326_1035_46, Notification, XTEAM Engine, MRSV, 15, Simulation execution completion, ,
20140326_1035_46, XTEAM, XTEAM Engine, MRSV, , ,
20140326_1035_46, XTEAM, XTEAM Engine, MRSV, , ,
20140326_1035_46, XTEAM, XTEAM Engine, MRSV, , ,
20140326_1035_54, Notification, XTEAM Engine, MRSV, 16, Simulation execution completion, ,
20140326_1035_54, XTEAM, XTEAM Engine, MRSV, , ,
20140326_1035_54, XTEAM, XTEAM Engine, MRSV, , ,
20140326_1035_54, XTEAM, XTEAM Engine, MRSV, , ,
20140326_1035_57, Notification, XTEAM Engine, MRSV, 17, Simulation execution completion, ,
20140326_1035_57, XTEAM, XTEAM Engine, MRSV, , ,
20140326_1035_57, XTEAM, XTEAM Engine, MRSV, , ,
20140326_1035_57, XTEAM, XTEAM Engine, MRSV, , ,
20140326_1036_00, Notification, XTEAM Engine, MRSV, 18, Simulation execution completion, ,
20140326_1036_00, XTEAM, XTEAM Engine, MRSV, , ,
20140326_1036_00, XTEAM, XTEAM Engine, MRSV, , ,
20140326_1036_00, XTEAM, XTEAM Engine, MRSV, , ,
20140326_1036_02, Notification, XTEAM Engine, MRSV, 19, Simulation execution completion, ,
20140326_1036_02, XTEAM, XTEAM Engine, MRSV, , ,
20140326_1036_02, XTEAM, XTEAM Engine, MRSV, , ,
20140326_1036_02, XTEAM, XTEAM Engine, MRSV, , ,
20140326_1039_14, Design, CoWare XTEAM Client, participant_1, 7, X`94210f92.7f2948b5.85ae7022.b47edab9`ATTR`forward`Task`MON::Model [Task]`Aspect=xADLBehaviorAspect&Position=280.196`bae5c031.c23642cf.9833b82f.3b18d72d`Process`MON::Model [Process]`executionTime=7&memoryUsage=1&taskInstruction=````````````, ,
20140326_1039_16, Notification, XTEAM Engine, MRSV, 20, Simulation execution beginning, ,
20140326_1039_18, Design, CoWare XTEAM Client, participant_1, 8, X`94210f92.7f2948b5.85ae7022.b47edab9`ATTR`forward`Task`MON::Model [Task]`Aspect=xADLBehaviorAspect&Position=280.196`bae5c031.c23642cf.9833b82f.3b18d72d`Process`MON::Model [Process]`executionTime=7&memoryUsage=15&taskInstruction=````````````, ,
20140326_1039_19, Notification, XTEAM Engine, MRSV, 21, Simulation execution beginning, ,
20140326_1039_44, Notification, XTEAM Engine, MRSV, 20, Simulation execution completion, ,
20140326_1039_44, XTEAM, XTEAM Engine, MRSV, , ,
20140326_1039_44, XTEAM, XTEAM Engine, MRSV, , ,
20140326_1039_44, XTEAM, XTEAM Engine, MRSV, , ,
20140326_1039_48, Notification, XTEAM Engine, MRSV, 21, Simulation execution completion, ,
20140326_1039_48, XTEAM, XTEAM Engine, MRSV, , ,
20140326_1039_48, XTEAM, XTEAM Engine, MRSV, , ,
20140326_1039_48, XTEAM, XTEAM Engine, MRSV, , ,
