conflict_type, engine_name, username, time_created, sync_time, lifetime_until_sync, value, ,
semantic_overall, MRSV, participant_6, 02/16/2015 11:35:07, 02/16/2015 11:35:48, 41, Memory: Overall Maximum violates requirement [30372.0 < 30000.0], ,
semantic_overall, MRSV, participant_7, 02/16/2015 11:36:46, 02/16/2015 11:37:11, 25, Memory: Overall Maximum violates requirement [31494.0 < 30000.0], ,
semantic_overall, MRSV, participant_7, 02/16/2015 11:36:46, 02/16/2015 11:43:06, 380, Memory: Overall Maximum violates requirement [31494.0 < 30000.0], ,
semantic_overall, MRSV, participant_7, 02/16/2015 11:48:56, 02/16/2015 11:49:18, 22, Memory: Overall Maximum violates requirement [31494.0 < 30000.0], ,
semantic_overall, MRSV, participant_7, 02/16/2015 11:48:56, 02/16/2015 11:52:57, 241, Memory: Overall Maximum violates requirement [31494.0 < 30000.0], ,
