conflict_type, engine_name, username, time_created, sync_time, lifetime_until_sync, value, ,
semantic_overall, MRSV, participant_6, 02/16/2015 11:36:46, 02/16/2015 11:41:23, 277, Memory: Overall Maximum violates requirement [31494.0 < 30000.0], ,
semantic_overall, MRSV, participant_6, 02/16/2015 11:36:46, 02/16/2015 11:44:02, 436, Memory: Overall Maximum violates requirement [31494.0 < 30000.0], ,
semantic_overall, MRSV, participant_6, 02/16/2015 11:48:56, 02/16/2015 11:49:52, 56, Memory: Overall Maximum violates requirement [31494.0 < 30000.0], ,
semantic_overall, MRSV, participant_6, 02/16/2015 11:48:56, 02/16/2015 11:53:41, 285, Memory: Overall Maximum violates requirement [31494.0 < 30000.0], ,
