time_finish, event_type, origin_component, username, event_id, value, value_change, option_change, blank_1, blank_2, blank_3, blank_4, blank_5, blank_6, blank_7, blank_8, time_begin, ,
02/16/2015 14:30:47, Design, FLAME Client, participant_14, 1, X`3f426f4b.6d164164.816fe575.67a4324f`ATTR`generate`Task`MON::Model [Task]`Aspect=xADLBehaviorAspect&Position=301.259`37598ce1.81784bb5.996843e8.1d554a61`Process`MON::Model [Process]`executionTime=7.5&memoryUsage=3&taskInstruction=nextTask = new Task;|nextTask->getTaskState().value() = 0;|nextTask->getTaskID().value() = taskIDCounter->getNextTaskID().value()++;````````````, , , , , , , , , , , 02/16/2015 14:30:47, ,
02/16/2015 14:30:50, Design, FLAME Client, participant_14, 2, X`3f426f4b.6d164164.816fe575.67a4324f`ATTR`generate`Task`MON::Model [Task]`Aspect=xADLBehaviorAspect&Position=301.259`37598ce1.81784bb5.996843e8.1d554a61`Process`MON::Model [Process]`executionTime=7.5&memoryUsage=&taskInstruction=nextTask = new Task;|nextTask->getTaskState().value() = 0;|nextTask->getTaskID().value() = taskIDCounter->getNextTaskID().value()++;````````````, , , , , , , , , , , 02/16/2015 14:30:50, ,
02/16/2015 14:31:01, Design, FLAME Client, participant_14, 3, X`3f426f4b.6d164164.816fe575.67a4324f`ATTR`generate`Task`MON::Model [Task]`Aspect=xADLBehaviorAspect&Position=301.259`37598ce1.81784bb5.996843e8.1d554a61`Process`MON::Model [Process]`executionTime=7.5&memoryUsage=5500&taskInstruction=nextTask = new Task;|nextTask->getTaskState().value() = 0;|nextTask->getTaskID().value() = taskIDCounter->getNextTaskID().value()++;````````````, , , , , , , , , , , 02/16/2015 14:31:01, ,
02/16/2015 14:31:29, Design, FLAME Client, participant_14, 4, X`176369f9.b385435c.b2d59a0f.66ba660c`ATTR`Host_SubsetSum`Host`MON::Set [Host]`Aspect=xADLCoreAspect&Position=1610.385`bb42af9e.ee894de6.a8870ee2.566cbbfe`Architecture`MON::Model [Architecture]`receiveEnergyCost=101.280000&receiveEnergyOverhead=64.990000&transmitEnergyCost=182.000000&transmitEnergyOverhead=82.450000````````````, , , , , , , , , , , 02/16/2015 14:31:29, ,
02/16/2015 14:31:33, Design, FLAME Client, participant_14, 5, X`176369f9.b385435c.b2d59a0f.66ba660c`ATTR`Host_SubsetSum`Host`MON::Set [Host]`Aspect=xADLCoreAspect&Position=1610.385`bb42af9e.ee894de6.a8870ee2.566cbbfe`Architecture`MON::Model [Architecture]`receiveEnergyCost=101.280000&receiveEnergyOverhead=64.990000&transmitEnergyCost=182.000000&transmitEnergyOverhead=217.000000````````````, , , , , , , , , , , 02/16/2015 14:31:33, ,
02/16/2015 14:32:02, Design, FLAME Client, participant_15, 1, X`4c379791.2eea468a.a8abbb1d.e5fba9bb`ATTR`perform`Task`MON::Model [Task]`Aspect=xADLBehaviorAspect&Position=336.217`c270ab26.2fff4b88.bf50a288.2d000ee5`Process`MON::Model [Process]`executionTime=350&memoryUsage=27&taskInstruction=nextResult[thread_id] = new Result;|nextResult[thread_id]->getResultState().value() = 0;|nextResult[thread_id]->getResultID().value() = nextTask[thread_id]->getTaskID().value();|nextResult[thread_id]->getResultValue().value() = 1;````````````, , , , , , , , , , , 02/16/2015 14:32:02, ,
02/16/2015 14:32:09, Design, FLAME Client, participant_15, 2, X`4c379791.2eea468a.a8abbb1d.e5fba9bb`ATTR`perform`Task`MON::Model [Task]`Aspect=xADLBehaviorAspect&Position=336.217`c270ab26.2fff4b88.bf50a288.2d000ee5`Process`MON::Model [Process]`executionTime=350&memoryUsage=39&taskInstruction=nextResult[thread_id] = new Result;|nextResult[thread_id]->getResultState().value() = 0;|nextResult[thread_id]->getResultID().value() = nextTask[thread_id]->getTaskID().value();|nextResult[thread_id]->getResultValue().value() = 1;````````````, , , , , , , , , , , 02/16/2015 14:32:09, ,
02/16/2015 14:32:32, Design, FLAME Client, participant_15, 3, X`cdc6010e.7cf74d31.85daf3c3.1e9a4be8`ATTR`Host_Client`Host`MON::Set [Host]`Aspect=xADLCoreAspect&Position=28.560`bb42af9e.ee894de6.a8870ee2.566cbbfe`Architecture`MON::Model [Architecture]`receiveEnergyCost=150.010000&receiveEnergyOverhead=101.860000&transmitEnergyCost=312.000000&transmitEnergyOverhead=129.870000````````````, , , , , , , , , , , 02/16/2015 14:32:32, ,
02/16/2015 14:32:48, Design, FLAME Client, participant_15, 4, X`cdc6010e.7cf74d31.85daf3c3.1e9a4be8`ATTR`Host_Client`Host`MON::Set [Host]`Aspect=xADLCoreAspect&Position=28.560`bb42af9e.ee894de6.a8870ee2.566cbbfe`Architecture`MON::Model [Architecture]`receiveEnergyCost=150.010000&receiveEnergyOverhead=101.860000&transmitEnergyCost=312.000000&transmitEnergyOverhead=341.000000````````````, , , , , , , , , , , 02/16/2015 14:32:48, ,
02/16/2015 14:36:01, Snapshot, FLAME Client, participant_14, 6, , , , , , , , , , , , 02/16/2015 14:36:01, ,
02/16/2015 14:37:25, Update, FLAME Client, participant_15, 5, , , , , , , , , , , , 02/16/2015 14:37:25, ,
02/16/2015 14:40:16, Design, FLAME Client, participant_14, 7, X`3a60805b.3a524f70.a064acd1.88108a11`ATTR`generate`Task`MON::Model [Task]`Aspect=xADLBehaviorAspect&Position=301.259`fd961ab4.712348fe.91a8653d.18529735`Process`MON::Model [Process]`executionTime=7.5&memoryUsage=3&taskInstruction=nextTask = new Task;|nextTask->getTaskState().value() = 0;|nextTask->getTaskID().value() = taskIDCounter->getNextTaskID().value()++;````````````, , , , , , , , , , , 02/16/2015 14:40:16, ,
02/16/2015 14:40:20, Design, FLAME Client, participant_14, 8, X`3a60805b.3a524f70.a064acd1.88108a11`ATTR`generate`Task`MON::Model [Task]`Aspect=xADLBehaviorAspect&Position=301.259`fd961ab4.712348fe.91a8653d.18529735`Process`MON::Model [Process]`executionTime=7.5&memoryUsage=5500&taskInstruction=nextTask = new Task;|nextTask->getTaskState().value() = 0;|nextTask->getTaskID().value() = taskIDCounter->getNextTaskID().value()++;````````````, , , , , , , , , , , 02/16/2015 14:40:20, ,
02/16/2015 14:40:40, Design, FLAME Client, participant_14, 9, X`de311a94.5ac54159.8e7ae434.321ec71e`ATTR`HostSAT`Host`MON::Set [Host]`Aspect=xADLCoreAspect&Position=1610.497`bb42af9e.ee894de6.a8870ee2.566cbbfe`Architecture`MON::Model [Architecture]`receiveEnergyCost=101.280000&receiveEnergyOverhead=64.990000&transmitEnergyCost=182.000000&transmitEnergyOverhead=82.450000````````````, , , , , , , , , , , 02/16/2015 14:40:40, ,
02/16/2015 14:40:44, Design, FLAME Client, participant_14, 10, X`de311a94.5ac54159.8e7ae434.321ec71e`ATTR`HostSAT`Host`MON::Set [Host]`Aspect=xADLCoreAspect&Position=1610.497`bb42af9e.ee894de6.a8870ee2.566cbbfe`Architecture`MON::Model [Architecture]`receiveEnergyCost=101.280000&receiveEnergyOverhead=64.990000&transmitEnergyCost=182.000000&transmitEnergyOverhead=217.000000````````````, , , , , , , , , , , 02/16/2015 14:40:44, ,
02/16/2015 14:43:55, Design, FLAME Client, participant_15, 6, X`64e3f498.f1114939.ba695f73.d07188e3`ATTR`perform`Task`MON::Model [Task]`Aspect=xADLBehaviorAspect&Position=308.301`d640f4b9.22e14264.b459176e.af6b895e`Process`MON::Model [Process]`executionTime=350&memoryUsage=27&taskInstruction=nextResult[thread_id] = new Result;|nextResult[thread_id]->getResultState().value() = 0;|nextResult[thread_id]->getResultID().value() = nextTask[thread_id]->getTaskID().value();|nextResult[thread_id]->getResultValue().value() = 1;````````````, , , , , , , , , , , 02/16/2015 14:43:55, ,
02/16/2015 14:44:05, Design, FLAME Client, participant_15, 7, X`64e3f498.f1114939.ba695f73.d07188e3`ATTR`perform`Task`MON::Model [Task]`Aspect=xADLBehaviorAspect&Position=308.301`d640f4b9.22e14264.b459176e.af6b895e`Process`MON::Model [Process]`executionTime=350&memoryUsage=39&taskInstruction=nextResult[thread_id] = new Result;|nextResult[thread_id]->getResultState().value() = 0;|nextResult[thread_id]->getResultID().value() = nextTask[thread_id]->getTaskID().value();|nextResult[thread_id]->getResultValue().value() = 1;````````````, , , , , , , , , , , 02/16/2015 14:44:05, ,
02/16/2015 14:44:23, Design, FLAME Client, participant_15, 8, X`25fea250.79aa4baf.b62be506.e9d1819a`ATTR`Host_GCE`Host`MON::Set [Host]`Aspect=xADLCoreAspect&Position=161.560`bb42af9e.ee894de6.a8870ee2.566cbbfe`Architecture`MON::Model [Architecture]`receiveEnergyCost=150.010000&receiveEnergyOverhead=101.860000&transmitEnergyCost=312.000000&transmitEnergyOverhead=129.870000````````````, , , , , , , , , , , 02/16/2015 14:44:23, ,
02/16/2015 14:44:34, Design, FLAME Client, participant_15, 9, X`25fea250.79aa4baf.b62be506.e9d1819a`ATTR`Host_GCE`Host`MON::Set [Host]`Aspect=xADLCoreAspect&Position=161.560`bb42af9e.ee894de6.a8870ee2.566cbbfe`Architecture`MON::Model [Architecture]`receiveEnergyCost=150.010000&receiveEnergyOverhead=101.860000&transmitEnergyCost=312.000000&transmitEnergyOverhead=341.000000````````````, , , , , , , , , , , 02/16/2015 14:44:34, ,
02/16/2015 14:46:42, Design, FLAME Client, participant_14, 11, X`3f426f4b.6d164164.816fe575.67a4324f`ATTR`generate`Task`MON::Model [Task]`Aspect=xADLBehaviorAspect&Position=301.259`37598ce1.81784bb5.996843e8.1d554a61`Process`MON::Model [Process]`executionTime=7.0&memoryUsage=5500&taskInstruction=nextTask = new Task;|nextTask->getTaskState().value() = 0;|nextTask->getTaskID().value() = taskIDCounter->getNextTaskID().value()++;````````````, , , , , , , , , , , 02/16/2015 14:46:42, ,
02/16/2015 14:46:47, Design, FLAME Client, participant_14, 12, X`3f426f4b.6d164164.816fe575.67a4324f`ATTR`generate`Task`MON::Model [Task]`Aspect=xADLBehaviorAspect&Position=301.259`37598ce1.81784bb5.996843e8.1d554a61`Process`MON::Model [Process]`executionTime=7.0&memoryUsage=11000&taskInstruction=nextTask = new Task;|nextTask->getTaskState().value() = 0;|nextTask->getTaskID().value() = taskIDCounter->getNextTaskID().value()++;````````````, , , , , , , , , , , 02/16/2015 14:46:47, ,
02/16/2015 14:47:16, Design, FLAME Client, participant_14, 13, X`176369f9.b385435c.b2d59a0f.66ba660c`ATTR`Host_SubsetSum`Host`MON::Set [Host]`Aspect=xADLCoreAspect&Position=1610.385`bb42af9e.ee894de6.a8870ee2.566cbbfe`Architecture`MON::Model [Architecture]`receiveEnergyCost=101.280000&receiveEnergyOverhead=64.990000&transmitEnergyCost=330.000000&transmitEnergyOverhead=217.000000````````````, , , , , , , , , , , 02/16/2015 14:47:16, ,
02/16/2015 14:47:20, Design, FLAME Client, participant_14, 14, X`176369f9.b385435c.b2d59a0f.66ba660c`ATTR`Host_SubsetSum`Host`MON::Set [Host]`Aspect=xADLCoreAspect&Position=1610.385`bb42af9e.ee894de6.a8870ee2.566cbbfe`Architecture`MON::Model [Architecture]`receiveEnergyCost=101.280000&receiveEnergyOverhead=64.990000&transmitEnergyCost=330.000000&transmitEnergyOverhead=429.000000````````````, , , , , , , , , , , 02/16/2015 14:47:20, ,
02/16/2015 14:49:04, Snapshot, FLAME Client, participant_15, 10, , , , , , , , , , , , 02/16/2015 14:49:04, ,
02/16/2015 14:51:06, Design, FLAME Client, participant_15, 11, X`cdc6010e.7cf74d31.85daf3c3.1e9a4be8`ATTR`Host_Client`Host`MON::Set [Host]`Aspect=xADLCoreAspect&Position=28.560`bb42af9e.ee894de6.a8870ee2.566cbbfe`Architecture`MON::Model [Architecture]`receiveEnergyCost=150.010000&receiveEnergyOverhead=101.860000&transmitEnergyCost=514.000000&transmitEnergyOverhead=341.000000````````````, , , , , , , , , , , 02/16/2015 14:51:06, ,
02/16/2015 14:51:12, Design, FLAME Client, participant_15, 12, X`cdc6010e.7cf74d31.85daf3c3.1e9a4be8`ATTR`Host_Client`Host`MON::Set [Host]`Aspect=xADLCoreAspect&Position=28.560`bb42af9e.ee894de6.a8870ee2.566cbbfe`Architecture`MON::Model [Architecture]`receiveEnergyCost=150.010000&receiveEnergyOverhead=101.860000&transmitEnergyCost=514.000000&transmitEnergyOverhead=755.000000````````````, , , , , , , , , , , 02/16/2015 14:51:12, ,
02/16/2015 14:51:17, Update, FLAME Client, participant_14, 15, , , , , , , , , , , , 02/16/2015 14:51:17, ,
02/16/2015 14:51:53, Design, FLAME Client, participant_15, 13, X`4c379791.2eea468a.a8abbb1d.e5fba9bb`ATTR`perform`Task`MON::Model [Task]`Aspect=xADLBehaviorAspect&Position=336.217`c270ab26.2fff4b88.bf50a288.2d000ee5`Process`MON::Model [Process]`executionTime=200&memoryUsage=39&taskInstruction=nextResult[thread_id] = new Result;|nextResult[thread_id]->getResultState().value() = 0;|nextResult[thread_id]->getResultID().value() = nextTask[thread_id]->getTaskID().value();|nextResult[thread_id]->getResultValue().value() = 1;````````````, , , , , , , , , , , 02/16/2015 14:51:53, ,
02/16/2015 14:52:00, Design, FLAME Client, participant_15, 14, X`4c379791.2eea468a.a8abbb1d.e5fba9bb`ATTR`perform`Task`MON::Model [Task]`Aspect=xADLBehaviorAspect&Position=336.217`c270ab26.2fff4b88.bf50a288.2d000ee5`Process`MON::Model [Process]`executionTime=200&memoryUsage=92&taskInstruction=nextResult[thread_id] = new Result;|nextResult[thread_id]->getResultState().value() = 0;|nextResult[thread_id]->getResultID().value() = nextTask[thread_id]->getTaskID().value();|nextResult[thread_id]->getResultValue().value() = 1;````````````, , , , , , , , , , , 02/16/2015 14:52:00, ,
02/16/2015 14:54:23, Snapshot, FLAME Client, participant_15, 15, , , , , , , , , , , , 02/16/2015 14:54:23, ,
02/16/2015 14:59:29, Update, FLAME Client, participant_14, 16, , , , , , , , , , , , 02/16/2015 14:59:29, ,
02/16/2015 14:59:33, Snapshot, FLAME Client, participant_14, 17, , , , , , , , , , , , 02/16/2015 14:59:33, ,
02/16/2015 14:59:38, Update, FLAME Client, participant_15, 16, , , , , , , , , , , , 02/16/2015 14:59:38, ,
