TIME, Event name, OriginComponent, SenderUsername, EventID, Value, ,
20141121_1413_47, Login, FLAME Client, participant_0, , ,
20141121_1413_49, Login, XTEAM Engine, participant_0, , ,
20141121_1414_02, Login, FLAME Client, participant_1, , ,
20141121_1414_05, Login, XTEAM Engine, participant_1, , ,
20141121_1415_26, Design, FLAME Client, participant_0, 1, X`3f426f4b.6d164164.816fe575.67a4324f`ATTR`generate`Task`MON::Model [Task]`Aspect=xADLBehaviorAspect&Position=301.259`37598ce1.81784bb5.996843e8.1d554a61`Process`MON::Model [Process]`executionTime=7&memoryUsage=3&taskInstruction=nextTask = new Task;|nextTask->getTaskState().value() = 0;|nextTask->getTaskID().value() = taskIDCounter->getNextTaskID().value()++;````````````, ,
20141121_1415_27, Notification, XTEAM Engine, participant_0, 1, Simulation execution beginning, ,
20141121_1415_36, Design, FLAME Client, participant_0, 2, X`3f426f4b.6d164164.816fe575.67a4324f`ATTR`generate`Task`MON::Model [Task]`Aspect=xADLBehaviorAspect&Position=301.259`37598ce1.81784bb5.996843e8.1d554a61`Process`MON::Model [Process]`executionTime=7&memoryUsage=5500&taskInstruction=nextTask = new Task;|nextTask->getTaskState().value() = 0;|nextTask->getTaskID().value() = taskIDCounter->getNextTaskID().value()++;````````````, ,
20141121_1415_37, Notification, XTEAM Engine, participant_0, 2, Simulation execution beginning, ,
20141121_1416_00, Design, FLAME Client, participant_0, 3, X`176369f9.b385435c.b2d59a0f.66ba660c`ATTR`Host_SubsetSum`Host`MON::Set [Host]`Aspect=xADLCoreAspect&Position=1610.385`bb42af9e.ee894de6.a8870ee2.566cbbfe`Architecture`MON::Model [Architecture]`receiveEnergyCost=101.280000&receiveEnergyOverhead=64.990000&transmitEnergyCost=182.000000&transmitEnergyOverhead=82.450000````````````, ,
20141121_1416_01, Notification, XTEAM Engine, participant_0, 3, Simulation execution beginning, ,
20141121_1416_01, Notification, XTEAM Engine, participant_0, 1, Simulation execution completion, ,
20141121_1416_01, XTEAM, XTEAM Engine, participant_0, , ,
20141121_1416_01, XTEAM, XTEAM Engine, participant_0, , ,
20141121_1416_01, XTEAM, XTEAM Engine, participant_0, , ,
20141121_1416_04, Design, FLAME Client, participant_0, 4, X`176369f9.b385435c.b2d59a0f.66ba660c`ATTR`Host_SubsetSum`Host`MON::Set [Host]`Aspect=xADLCoreAspect&Position=1610.385`bb42af9e.ee894de6.a8870ee2.566cbbfe`Architecture`MON::Model [Architecture]`receiveEnergyCost=101.280000&receiveEnergyOverhead=64.990000&transmitEnergyCost=182.000000&transmitEnergyOverhead=217.000000````````````, ,
20141121_1416_05, Notification, XTEAM Engine, participant_0, 4, Simulation execution beginning, ,
20141121_1416_09, Notification, XTEAM Engine, participant_0, 2, Simulation execution completion, ,
20141121_1416_09, XTEAM, XTEAM Engine, participant_0, , ,
20141121_1416_09, XTEAM, XTEAM Engine, participant_0, , ,
20141121_1416_09, XTEAM, XTEAM Engine, participant_0, , ,
20141121_1416_22, Snapshot, FLAME Client, participant_0, 5, ,
20141121_1416_24, Notification, XTEAM Engine, participant_1, 1, Simulation execution beginning, ,
20141121_1416_34, Notification, XTEAM Engine, participant_0, 3, Simulation execution completion, ,
20141121_1416_34, XTEAM, XTEAM Engine, participant_0, , ,
20141121_1416_34, XTEAM, XTEAM Engine, participant_0, , ,
20141121_1416_34, XTEAM, XTEAM Engine, participant_0, , ,
20141121_1416_39, Notification, XTEAM Engine, participant_0, 4, Simulation execution completion, ,
20141121_1416_39, XTEAM, XTEAM Engine, participant_0, , ,
20141121_1416_39, XTEAM, XTEAM Engine, participant_0, , ,
20141121_1416_39, XTEAM, XTEAM Engine, participant_0, , ,
20141121_1416_53, Notification, XTEAM Engine, participant_1, 1, Simulation execution completion, ,
20141121_1416_53, XTEAM, XTEAM Engine, participant_1, , ,
20141121_1416_53, XTEAM, XTEAM Engine, participant_1, , ,
20141121_1416_53, XTEAM, XTEAM Engine, participant_1, , ,
20141121_1420_36, Update, FLAME Client, participant_1, 1, ,
20141121_1420_58, Design, FLAME Client, participant_1, 2, X`4c379791.2eea468a.a8abbb1d.e5fba9bb`ATTR`perform`Task`MON::Model [Task]`Aspect=xADLBehaviorAspect&Position=336.217`c270ab26.2fff4b88.bf50a288.2d000ee5`Process`MON::Model [Process]`executionTime=350&memoryUsage=27&taskInstruction=nextResult[thread_id] = new Result;|nextResult[thread_id]->getResultState().value() = 0;|nextResult[thread_id]->getResultID().value() = nextTask[thread_id]->getTaskID().value();|nextResult[thread_id]->getResultValue().value() = 1;````````````, ,
20141121_1420_59, Notification, XTEAM Engine, participant_1, 2, Simulation execution beginning, ,
20141121_1421_02, Design, FLAME Client, participant_1, 3, X`4c379791.2eea468a.a8abbb1d.e5fba9bb`ATTR`perform`Task`MON::Model [Task]`Aspect=xADLBehaviorAspect&Position=336.217`c270ab26.2fff4b88.bf50a288.2d000ee5`Process`MON::Model [Process]`executionTime=350&memoryUsage=32&taskInstruction=nextResult[thread_id] = new Result;|nextResult[thread_id]->getResultState().value() = 0;|nextResult[thread_id]->getResultID().value() = nextTask[thread_id]->getTaskID().value();|nextResult[thread_id]->getResultValue().value() = 1;````````````, ,
20141121_1421_03, Notification, XTEAM Engine, participant_1, 3, Simulation execution beginning, ,
20141121_1421_07, Design, FLAME Client, participant_1, 4, X`64e3f498.f1114939.ba695f73.d07188e3`ATTR`perform`Task`MON::Model [Task]`Aspect=xADLBehaviorAspect&Position=308.301`d640f4b9.22e14264.b459176e.af6b895e`Process`MON::Model [Process]`executionTime=350&memoryUsage=27&taskInstruction=nextResult[thread_id] = new Result;|nextResult[thread_id]->getResultState().value() = 0;|nextResult[thread_id]->getResultID().value() = nextTask[thread_id]->getTaskID().value();|nextResult[thread_id]->getResultValue().value() = 1;````````````, ,
20141121_1421_08, Notification, XTEAM Engine, participant_1, 4, Simulation execution beginning, ,
20141121_1421_11, Design, FLAME Client, participant_1, 5, X`64e3f498.f1114939.ba695f73.d07188e3`ATTR`perform`Task`MON::Model [Task]`Aspect=xADLBehaviorAspect&Position=308.301`d640f4b9.22e14264.b459176e.af6b895e`Process`MON::Model [Process]`executionTime=350&memoryUsage=32&taskInstruction=nextResult[thread_id] = new Result;|nextResult[thread_id]->getResultState().value() = 0;|nextResult[thread_id]->getResultID().value() = nextTask[thread_id]->getTaskID().value();|nextResult[thread_id]->getResultValue().value() = 1;````````````, ,
20141121_1421_12, Notification, XTEAM Engine, participant_1, 5, Simulation execution beginning, ,
20141121_1421_33, Notification, XTEAM Engine, participant_1, 2, Simulation execution completion, ,
20141121_1421_33, XTEAM, XTEAM Engine, participant_1, , ,
20141121_1421_33, XTEAM, XTEAM Engine, participant_1, , ,
20141121_1421_33, XTEAM, XTEAM Engine, participant_1, , ,
20141121_1421_38, Notification, XTEAM Engine, participant_1, 3, Simulation execution completion, ,
20141121_1421_38, XTEAM, XTEAM Engine, participant_1, , ,
20141121_1421_38, XTEAM, XTEAM Engine, participant_1, , ,
20141121_1421_38, XTEAM, XTEAM Engine, participant_1, , ,
20141121_1421_41, Design, FLAME Client, participant_1, 6, X`cdc6010e.7cf74d31.85daf3c3.1e9a4be8`ATTR`Host_Client`Host`MON::Set [Host]`Aspect=xADLCoreAspect&Position=28.560`bb42af9e.ee894de6.a8870ee2.566cbbfe`Architecture`MON::Model [Architecture]`receiveEnergyCost=150.010000&receiveEnergyOverhead=101.860000&transmitEnergyCost=312.000000&transmitEnergyOverhead=129.870000````````````, ,
20141121_1421_42, Notification, XTEAM Engine, participant_1, 6, Simulation execution beginning, ,
20141121_1421_42, Notification, XTEAM Engine, participant_1, 4, Simulation execution completion, ,
20141121_1421_42, XTEAM, XTEAM Engine, participant_1, , ,
20141121_1421_42, XTEAM, XTEAM Engine, participant_1, , ,
20141121_1421_42, XTEAM, XTEAM Engine, participant_1, , ,
20141121_1421_44, Notification, XTEAM Engine, participant_1, 5, Simulation execution completion, ,
20141121_1421_44, XTEAM, XTEAM Engine, participant_1, , ,
20141121_1421_44, XTEAM, XTEAM Engine, participant_1, , ,
20141121_1421_44, XTEAM, XTEAM Engine, participant_1, , ,
20141121_1421_45, Design, FLAME Client, participant_1, 7, X`cdc6010e.7cf74d31.85daf3c3.1e9a4be8`ATTR`Host_Client`Host`MON::Set [Host]`Aspect=xADLCoreAspect&Position=28.560`bb42af9e.ee894de6.a8870ee2.566cbbfe`Architecture`MON::Model [Architecture]`receiveEnergyCost=150.010000&receiveEnergyOverhead=101.860000&transmitEnergyCost=312.000000&transmitEnergyOverhead=341.000000````````````, ,
20141121_1421_46, Notification, XTEAM Engine, participant_1, 7, Simulation execution beginning, ,
20141121_1421_51, Design, FLAME Client, participant_1, 8, X`25fea250.79aa4baf.b62be506.e9d1819a`ATTR`Host_GCE`Host`MON::Set [Host]`Aspect=xADLCoreAspect&Position=161.560`bb42af9e.ee894de6.a8870ee2.566cbbfe`Architecture`MON::Model [Architecture]`receiveEnergyCost=150.010000&receiveEnergyOverhead=101.860000&transmitEnergyCost=312.000000&transmitEnergyOverhead=129.870000````````````, ,
20141121_1421_52, Notification, XTEAM Engine, participant_1, 8, Simulation execution beginning, ,
20141121_1421_55, Design, FLAME Client, participant_1, 9, X`25fea250.79aa4baf.b62be506.e9d1819a`ATTR`Host_GCE`Host`MON::Set [Host]`Aspect=xADLCoreAspect&Position=161.560`bb42af9e.ee894de6.a8870ee2.566cbbfe`Architecture`MON::Model [Architecture]`receiveEnergyCost=150.010000&receiveEnergyOverhead=101.860000&transmitEnergyCost=312.000000&transmitEnergyOverhead=341.000000````````````, ,
20141121_1421_56, Notification, XTEAM Engine, participant_1, 9, Simulation execution beginning, ,
20141121_1422_16, Notification, XTEAM Engine, participant_1, 6, Simulation execution completion, ,
20141121_1422_16, XTEAM, XTEAM Engine, participant_1, , ,
20141121_1422_16, XTEAM, XTEAM Engine, participant_1, , ,
20141121_1422_16, XTEAM, XTEAM Engine, participant_1, , ,
20141121_1422_19, Notification, XTEAM Engine, participant_1, 7, Simulation execution completion, ,
20141121_1422_19, XTEAM, XTEAM Engine, participant_1, , ,
20141121_1422_19, XTEAM, XTEAM Engine, participant_1, , ,
20141121_1422_19, XTEAM, XTEAM Engine, participant_1, , ,
20141121_1422_25, Notification, XTEAM Engine, participant_1, 8, Simulation execution completion, ,
20141121_1422_25, XTEAM, XTEAM Engine, participant_1, , ,
20141121_1422_25, XTEAM, XTEAM Engine, participant_1, , ,
20141121_1422_25, XTEAM, XTEAM Engine, participant_1, , ,
20141121_1422_27, Notification, XTEAM Engine, participant_1, 9, Simulation execution completion, ,
20141121_1422_27, XTEAM, XTEAM Engine, participant_1, , ,
20141121_1422_27, XTEAM, XTEAM Engine, participant_1, , ,
20141121_1422_27, XTEAM, XTEAM Engine, participant_1, , ,
20141121_1422_44, Design, FLAME Client, participant_0, 6, X`3a60805b.3a524f70.a064acd1.88108a11`ATTR`generate`Task`MON::Model [Task]`Aspect=xADLBehaviorAspect&Position=301.259`fd961ab4.712348fe.91a8653d.18529735`Process`MON::Model [Process]`executionTime=7&memoryUsage=3&taskInstruction=nextTask = new Task;|nextTask->getTaskState().value() = 0;|nextTask->getTaskID().value() = taskIDCounter->getNextTaskID().value()++;````````````, ,
20141121_1422_45, Notification, XTEAM Engine, participant_0, 5, Simulation execution beginning, ,
20141121_1422_48, Design, FLAME Client, participant_0, 7, X`3a60805b.3a524f70.a064acd1.88108a11`ATTR`generate`Task`MON::Model [Task]`Aspect=xADLBehaviorAspect&Position=301.259`fd961ab4.712348fe.91a8653d.18529735`Process`MON::Model [Process]`executionTime=7&memoryUsage=5500&taskInstruction=nextTask = new Task;|nextTask->getTaskState().value() = 0;|nextTask->getTaskID().value() = taskIDCounter->getNextTaskID().value()++;````````````, ,
20141121_1422_49, Notification, XTEAM Engine, participant_0, 6, Simulation execution beginning, ,
20141121_1423_15, Notification, XTEAM Engine, participant_0, 5, Simulation execution completion, ,
20141121_1423_15, XTEAM, XTEAM Engine, participant_0, , ,
20141121_1423_15, XTEAM, XTEAM Engine, participant_0, , ,
20141121_1423_15, XTEAM, XTEAM Engine, participant_0, , ,
20141121_1423_18, Notification, XTEAM Engine, participant_0, 6, Simulation execution completion, ,
20141121_1423_18, XTEAM, XTEAM Engine, participant_0, , ,
20141121_1423_18, XTEAM, XTEAM Engine, participant_0, , ,
20141121_1423_18, XTEAM, XTEAM Engine, participant_0, , ,
20141121_1423_25, Design, FLAME Client, participant_0, 8, X`de311a94.5ac54159.8e7ae434.321ec71e`ATTR`HostSAT`Host`MON::Set [Host]`Aspect=xADLCoreAspect&Position=1610.497`bb42af9e.ee894de6.a8870ee2.566cbbfe`Architecture`MON::Model [Architecture]`receiveEnergyCost=101.280000&receiveEnergyOverhead=64.990000&transmitEnergyCost=182.000000&transmitEnergyOverhead=82.450000````````````, ,
20141121_1423_26, Notification, XTEAM Engine, participant_0, 7, Simulation execution beginning, ,
20141121_1423_30, Design, FLAME Client, participant_0, 9, X`de311a94.5ac54159.8e7ae434.321ec71e`ATTR`HostSAT`Host`MON::Set [Host]`Aspect=xADLCoreAspect&Position=1610.497`bb42af9e.ee894de6.a8870ee2.566cbbfe`Architecture`MON::Model [Architecture]`receiveEnergyCost=101.280000&receiveEnergyOverhead=64.990000&transmitEnergyCost=182.000000&transmitEnergyOverhead=217.000000````````````, ,
20141121_1423_31, Notification, XTEAM Engine, participant_0, 8, Simulation execution beginning, ,
20141121_1423_56, Notification, XTEAM Engine, participant_0, 7, Simulation execution completion, ,
20141121_1423_56, XTEAM, XTEAM Engine, participant_0, , ,
20141121_1423_56, XTEAM, XTEAM Engine, participant_0, , ,
20141121_1423_56, XTEAM, XTEAM Engine, participant_0, , ,
20141121_1423_59, Notification, XTEAM Engine, participant_0, 8, Simulation execution completion, ,
20141121_1423_59, XTEAM, XTEAM Engine, participant_0, , ,
20141121_1423_59, XTEAM, XTEAM Engine, participant_0, , ,
20141121_1423_59, XTEAM, XTEAM Engine, participant_0, , ,
20141121_1424_59, Snapshot, FLAME Client, participant_0, 10, ,
20141121_1425_01, Notification, XTEAM Engine, participant_1, 10, Simulation execution beginning, ,
20141121_1425_28, Notification, XTEAM Engine, participant_1, 10, Simulation execution completion, ,
20141121_1425_28, XTEAM, XTEAM Engine, participant_1, , ,
20141121_1425_28, XTEAM, XTEAM Engine, participant_1, , ,
20141121_1425_28, XTEAM, XTEAM Engine, participant_1, , ,
20141121_1426_07, Update, FLAME Client, participant_1, 10, ,
20141121_1426_27, Design, FLAME Client, participant_1, 11, X`4c379791.2eea468a.a8abbb1d.e5fba9bb`ATTR`perform`Task`MON::Model [Task]`Aspect=xADLBehaviorAspect&Position=336.217`c270ab26.2fff4b88.bf50a288.2d000ee5`Process`MON::Model [Process]`executionTime=200&memoryUsage=32&taskInstruction=nextResult[thread_id] = new Result;|nextResult[thread_id]->getResultState().value() = 0;|nextResult[thread_id]->getResultID().value() = nextTask[thread_id]->getTaskID().value();|nextResult[thread_id]->getResultValue().value() = 1;````````````, ,
20141121_1426_28, Notification, XTEAM Engine, participant_1, 11, Simulation execution beginning, ,
20141121_1426_32, Design, FLAME Client, participant_1, 12, X`4c379791.2eea468a.a8abbb1d.e5fba9bb`ATTR`perform`Task`MON::Model [Task]`Aspect=xADLBehaviorAspect&Position=336.217`c270ab26.2fff4b88.bf50a288.2d000ee5`Process`MON::Model [Process]`executionTime=200&memoryUsage=65&taskInstruction=nextResult[thread_id] = new Result;|nextResult[thread_id]->getResultState().value() = 0;|nextResult[thread_id]->getResultID().value() = nextTask[thread_id]->getTaskID().value();|nextResult[thread_id]->getResultValue().value() = 1;````````````, ,
20141121_1426_33, Notification, XTEAM Engine, participant_1, 12, Simulation execution beginning, ,
20141121_1426_37, Design, FLAME Client, participant_1, 13, X`64e3f498.f1114939.ba695f73.d07188e3`ATTR`perform`Task`MON::Model [Task]`Aspect=xADLBehaviorAspect&Position=308.301`d640f4b9.22e14264.b459176e.af6b895e`Process`MON::Model [Process]`executionTime=200&memoryUsage=32&taskInstruction=nextResult[thread_id] = new Result;|nextResult[thread_id]->getResultState().value() = 0;|nextResult[thread_id]->getResultID().value() = nextTask[thread_id]->getTaskID().value();|nextResult[thread_id]->getResultValue().value() = 1;````````````, ,
20141121_1426_38, Notification, XTEAM Engine, participant_1, 13, Simulation execution beginning, ,
20141121_1426_40, Design, FLAME Client, participant_1, 14, X`64e3f498.f1114939.ba695f73.d07188e3`ATTR`perform`Task`MON::Model [Task]`Aspect=xADLBehaviorAspect&Position=308.301`d640f4b9.22e14264.b459176e.af6b895e`Process`MON::Model [Process]`executionTime=200&memoryUsage=65&taskInstruction=nextResult[thread_id] = new Result;|nextResult[thread_id]->getResultState().value() = 0;|nextResult[thread_id]->getResultID().value() = nextTask[thread_id]->getTaskID().value();|nextResult[thread_id]->getResultValue().value() = 1;````````````, ,
20141121_1426_41, Notification, XTEAM Engine, participant_1, 14, Simulation execution beginning, ,
20141121_1426_51, Design, FLAME Client, participant_1, 15, X`cdc6010e.7cf74d31.85daf3c3.1e9a4be8`ATTR`Host_Client`Host`MON::Set [Host]`Aspect=xADLCoreAspect&Position=28.560`bb42af9e.ee894de6.a8870ee2.566cbbfe`Architecture`MON::Model [Architecture]`receiveEnergyCost=150.010000&receiveEnergyOverhead=101.860000&transmitEnergyCost=514.000000&transmitEnergyOverhead=341.000000````````````, ,
20141121_1426_52, Notification, XTEAM Engine, participant_1, 15, Simulation execution beginning, ,
20141121_1426_57, Design, FLAME Client, participant_1, 16, X`cdc6010e.7cf74d31.85daf3c3.1e9a4be8`ATTR`Host_Client`Host`MON::Set [Host]`Aspect=xADLCoreAspect&Position=28.560`bb42af9e.ee894de6.a8870ee2.566cbbfe`Architecture`MON::Model [Architecture]`receiveEnergyCost=150.010000&receiveEnergyOverhead=101.860000&transmitEnergyCost=514.000000&transmitEnergyOverhead=755.000000````````````, ,
20141121_1426_58, Notification, XTEAM Engine, participant_1, 16, Simulation execution beginning, ,
20141121_1427_01, Design, FLAME Client, participant_1, 17, X`25fea250.79aa4baf.b62be506.e9d1819a`ATTR`Host_GCE`Host`MON::Set [Host]`Aspect=xADLCoreAspect&Position=161.560`bb42af9e.ee894de6.a8870ee2.566cbbfe`Architecture`MON::Model [Architecture]`receiveEnergyCost=150.010000&receiveEnergyOverhead=101.860000&transmitEnergyCost=514.000000&transmitEnergyOverhead=341.000000````````````, ,
20141121_1427_04, Notification, XTEAM Engine, participant_1, 17, Simulation execution beginning, ,
20141121_1427_05, Design, FLAME Client, participant_1, 18, X`25fea250.79aa4baf.b62be506.e9d1819a`ATTR`Host_GCE`Host`MON::Set [Host]`Aspect=xADLCoreAspect&Position=161.560`bb42af9e.ee894de6.a8870ee2.566cbbfe`Architecture`MON::Model [Architecture]`receiveEnergyCost=150.010000&receiveEnergyOverhead=101.860000&transmitEnergyCost=514.000000&transmitEnergyOverhead=755.000000````````````, ,
20141121_1427_06, Notification, XTEAM Engine, participant_1, 18, Simulation execution beginning, ,
20141121_1427_06, Notification, XTEAM Engine, participant_1, 11, Simulation execution completion, ,
20141121_1427_06, XTEAM, XTEAM Engine, participant_1, , ,
20141121_1427_06, XTEAM, XTEAM Engine, participant_1, , ,
20141121_1427_06, XTEAM, XTEAM Engine, participant_1, , ,
20141121_1427_10, Notification, XTEAM Engine, participant_1, 12, Simulation execution completion, ,
20141121_1427_10, XTEAM, XTEAM Engine, participant_1, , ,
20141121_1427_10, XTEAM, XTEAM Engine, participant_1, , ,
20141121_1427_10, XTEAM, XTEAM Engine, participant_1, , ,
20141121_1427_16, Notification, XTEAM Engine, participant_1, 13, Simulation execution completion, ,
20141121_1427_16, XTEAM, XTEAM Engine, participant_1, , ,
20141121_1427_16, XTEAM, XTEAM Engine, participant_1, , ,
20141121_1427_16, XTEAM, XTEAM Engine, participant_1, , ,
20141121_1427_22, Notification, XTEAM Engine, participant_1, 14, Simulation execution completion, ,
20141121_1427_22, XTEAM, XTEAM Engine, participant_1, , ,
20141121_1427_22, XTEAM, XTEAM Engine, participant_1, , ,
20141121_1427_22, XTEAM, XTEAM Engine, participant_1, , ,
20141121_1427_38, Notification, XTEAM Engine, participant_1, 15, Simulation execution completion, ,
20141121_1427_38, XTEAM, XTEAM Engine, participant_1, , ,
20141121_1427_38, XTEAM, XTEAM Engine, participant_1, , ,
20141121_1427_38, XTEAM, XTEAM Engine, participant_1, , ,
20141121_1427_42, Notification, XTEAM Engine, participant_1, 16, Simulation execution completion, ,
20141121_1427_42, XTEAM, XTEAM Engine, participant_1, , ,
20141121_1427_42, XTEAM, XTEAM Engine, participant_1, , ,
20141121_1427_42, XTEAM, XTEAM Engine, participant_1, , ,
20141121_1427_47, Notification, XTEAM Engine, participant_1, 17, Simulation execution completion, ,
20141121_1427_47, XTEAM, XTEAM Engine, participant_1, , ,
20141121_1427_47, XTEAM, XTEAM Engine, participant_1, , ,
20141121_1427_47, XTEAM, XTEAM Engine, participant_1, , ,
20141121_1427_50, Notification, XTEAM Engine, participant_1, 18, Simulation execution completion, ,
20141121_1427_50, XTEAM, XTEAM Engine, participant_1, , ,
20141121_1427_50, XTEAM, XTEAM Engine, participant_1, , ,
20141121_1427_50, XTEAM, XTEAM Engine, participant_1, , ,
20141121_1428_59, Design, FLAME Client, participant_0, 11, X`176369f9.b385435c.b2d59a0f.66ba660c`ATTR`Host_SubsetSum`Host`MON::Set [Host]`Aspect=xADLCoreAspect&Position=1610.385`bb42af9e.ee894de6.a8870ee2.566cbbfe`Architecture`MON::Model [Architecture]`receiveEnergyCost=101.280000&receiveEnergyOverhead=64.990000&transmitEnergyCost=55.240000&transmitEnergyOverhead=217.000000````````````, ,
20141121_1429_00, Notification, XTEAM Engine, participant_0, 9, Simulation execution beginning, ,
20141121_1429_16, Design, FLAME Client, participant_0, 12, X`176369f9.b385435c.b2d59a0f.66ba660c`ATTR`Host_SubsetSum`Host`MON::Set [Host]`Aspect=xADLCoreAspect&Position=1610.385`bb42af9e.ee894de6.a8870ee2.566cbbfe`Architecture`MON::Model [Architecture]`receiveEnergyCost=101.280000&receiveEnergyOverhead=64.990000&transmitEnergyCost=55.240000&transmitEnergyOverhead=82.450000````````````, ,
20141121_1429_17, Notification, XTEAM Engine, participant_0, 10, Simulation execution beginning, ,
20141121_1429_24, Design, FLAME Client, participant_0, 13, X`3f426f4b.6d164164.816fe575.67a4324f`ATTR`generate`Task`MON::Model [Task]`Aspect=xADLBehaviorAspect&Position=301.259`37598ce1.81784bb5.996843e8.1d554a61`Process`MON::Model [Process]`executionTime=8&memoryUsage=5500&taskInstruction=nextTask = new Task;|nextTask->getTaskState().value() = 0;|nextTask->getTaskID().value() = taskIDCounter->getNextTaskID().value()++;````````````, ,
20141121_1429_25, Notification, XTEAM Engine, participant_0, 11, Simulation execution beginning, ,
20141121_1429_27, Design, FLAME Client, participant_0, 14, X`3f426f4b.6d164164.816fe575.67a4324f`ATTR`generate`Task`MON::Model [Task]`Aspect=xADLBehaviorAspect&Position=301.259`37598ce1.81784bb5.996843e8.1d554a61`Process`MON::Model [Process]`executionTime=8&memoryUsage=3&taskInstruction=nextTask = new Task;|nextTask->getTaskState().value() = 0;|nextTask->getTaskID().value() = taskIDCounter->getNextTaskID().value()++;````````````, ,
20141121_1429_28, Notification, XTEAM Engine, participant_0, 12, Simulation execution beginning, ,
20141121_1429_30, Notification, XTEAM Engine, participant_0, 9, Simulation execution completion, ,
20141121_1429_30, XTEAM, XTEAM Engine, participant_0, , ,
20141121_1429_30, XTEAM, XTEAM Engine, participant_0, , ,
20141121_1429_30, XTEAM, XTEAM Engine, participant_0, , ,
20141121_1429_41, Design, FLAME Client, participant_0, 15, X`de311a94.5ac54159.8e7ae434.321ec71e`ATTR`HostSAT`Host`MON::Set [Host]`Aspect=xADLCoreAspect&Position=1610.497`bb42af9e.ee894de6.a8870ee2.566cbbfe`Architecture`MON::Model [Architecture]`receiveEnergyCost=101.280000&receiveEnergyOverhead=64.990000&transmitEnergyCost=330.000000&transmitEnergyOverhead=217.000000````````````, ,
20141121_1429_42, Notification, XTEAM Engine, participant_0, 13, Simulation execution beginning, ,
20141121_1429_47, Design, FLAME Client, participant_0, 16, X`de311a94.5ac54159.8e7ae434.321ec71e`ATTR`HostSAT`Host`MON::Set [Host]`Aspect=xADLCoreAspect&Position=1610.497`bb42af9e.ee894de6.a8870ee2.566cbbfe`Architecture`MON::Model [Architecture]`receiveEnergyCost=101.280000&receiveEnergyOverhead=64.990000&transmitEnergyCost=330.000000&transmitEnergyOverhead=429.000000````````````, ,
20141121_1429_48, Notification, XTEAM Engine, participant_0, 14, Simulation execution beginning, ,
20141121_1429_49, Notification, XTEAM Engine, participant_0, 10, Simulation execution completion, ,
20141121_1429_49, XTEAM, XTEAM Engine, participant_0, , ,
20141121_1429_49, XTEAM, XTEAM Engine, participant_0, , ,
20141121_1429_49, XTEAM, XTEAM Engine, participant_0, , ,
20141121_1430_00, Notification, XTEAM Engine, participant_0, 11, Simulation execution completion, ,
20141121_1430_00, XTEAM, XTEAM Engine, participant_0, , ,
20141121_1430_00, XTEAM, XTEAM Engine, participant_0, , ,
20141121_1430_00, XTEAM, XTEAM Engine, participant_0, , ,
20141121_1430_03, Notification, XTEAM Engine, participant_0, 12, Simulation execution completion, ,
20141121_1430_03, XTEAM, XTEAM Engine, participant_0, , ,
20141121_1430_03, XTEAM, XTEAM Engine, participant_0, , ,
20141121_1430_03, XTEAM, XTEAM Engine, participant_0, , ,
20141121_1430_05, Design, FLAME Client, participant_0, 17, X`3a60805b.3a524f70.a064acd1.88108a11`ATTR`generate`Task`MON::Model [Task]`Aspect=xADLBehaviorAspect&Position=301.259`fd961ab4.712348fe.91a8653d.18529735`Process`MON::Model [Process]`executionTime=6&memoryUsage=5500&taskInstruction=nextTask = new Task;|nextTask->getTaskState().value() = 0;|nextTask->getTaskID().value() = taskIDCounter->getNextTaskID().value()++;````````````, ,
20141121_1430_05, Notification, XTEAM Engine, participant_0, 15, Simulation execution beginning, ,
20141121_1430_14, Notification, XTEAM Engine, participant_0, 13, Simulation execution completion, ,
20141121_1430_14, XTEAM, XTEAM Engine, participant_0, , ,
20141121_1430_14, XTEAM, XTEAM Engine, participant_0, , ,
20141121_1430_14, XTEAM, XTEAM Engine, participant_0, , ,
20141121_1430_19, Notification, XTEAM Engine, participant_0, 14, Simulation execution completion, ,
20141121_1430_19, XTEAM, XTEAM Engine, participant_0, , ,
20141121_1430_19, XTEAM, XTEAM Engine, participant_0, , ,
20141121_1430_19, XTEAM, XTEAM Engine, participant_0, , ,
20141121_1430_33, Notification, XTEAM Engine, participant_0, 15, Simulation execution completion, ,
20141121_1430_33, XTEAM, XTEAM Engine, participant_0, , ,
20141121_1430_33, XTEAM, XTEAM Engine, participant_0, , ,
20141121_1430_33, XTEAM, XTEAM Engine, participant_0, , ,
20141121_1430_38, Design, FLAME Client, participant_0, 18, X`3a60805b.3a524f70.a064acd1.88108a11`ATTR`generate`Task`MON::Model [Task]`Aspect=xADLBehaviorAspect&Position=301.259`fd961ab4.712348fe.91a8653d.18529735`Process`MON::Model [Process]`executionTime=6&memoryUsage=11000&taskInstruction=nextTask = new Task;|nextTask->getTaskState().value() = 0;|nextTask->getTaskID().value() = taskIDCounter->getNextTaskID().value()++;````````````, ,
20141121_1430_39, Notification, XTEAM Engine, participant_0, 16, Simulation execution beginning, ,
20141121_1430_55, Snapshot, FLAME Client, participant_0, 19, ,
20141121_1430_57, Notification, XTEAM Engine, participant_1, 19, Simulation execution beginning, ,
20141121_1431_07, Notification, XTEAM Engine, participant_0, 16, Simulation execution completion, ,
20141121_1431_07, XTEAM, XTEAM Engine, participant_0, , ,
20141121_1431_07, XTEAM, XTEAM Engine, participant_0, , ,
20141121_1431_07, XTEAM, XTEAM Engine, participant_0, , ,
20141121_1431_24, Notification, XTEAM Engine, participant_1, 19, Simulation execution completion, ,
20141121_1431_24, XTEAM, XTEAM Engine, participant_1, , ,
20141121_1431_24, XTEAM, XTEAM Engine, participant_1, , ,
20141121_1431_24, XTEAM, XTEAM Engine, participant_1, , ,
20141121_1431_27, Update, FLAME Client, participant_1, 19, ,
20141121_1434_52, Design, FLAME Client, participant_1, 20, X`cdc6010e.7cf74d31.85daf3c3.1e9a4be8`ATTR`Host_Client`Host`MON::Set [Host]`Aspect=xADLCoreAspect&Position=28.560`bb42af9e.ee894de6.a8870ee2.566cbbfe`Architecture`MON::Model [Architecture]`receiveEnergyCost=150.010000&receiveEnergyOverhead=101.860000&transmitEnergyCost=312.000000&transmitEnergyOverhead=755.000000````````````, ,
20141121_1434_53, Notification, XTEAM Engine, participant_1, 20, Simulation execution beginning, ,
20141121_1434_56, Design, FLAME Client, participant_1, 21, X`cdc6010e.7cf74d31.85daf3c3.1e9a4be8`ATTR`Host_Client`Host`MON::Set [Host]`Aspect=xADLCoreAspect&Position=28.560`bb42af9e.ee894de6.a8870ee2.566cbbfe`Architecture`MON::Model [Architecture]`receiveEnergyCost=150.010000&receiveEnergyOverhead=101.860000&transmitEnergyCost=312.000000&transmitEnergyOverhead=341.000000````````````, ,
20141121_1434_57, Notification, XTEAM Engine, participant_1, 21, Simulation execution beginning, ,
20141121_1434_59, Design, FLAME Client, participant_1, 22, X`25fea250.79aa4baf.b62be506.e9d1819a`ATTR`Host_GCE`Host`MON::Set [Host]`Aspect=xADLCoreAspect&Position=161.560`bb42af9e.ee894de6.a8870ee2.566cbbfe`Architecture`MON::Model [Architecture]`receiveEnergyCost=150.010000&receiveEnergyOverhead=101.860000&transmitEnergyCost=312.000000&transmitEnergyOverhead=755.000000````````````, ,
20141121_1435_00, Notification, XTEAM Engine, participant_1, 22, Simulation execution beginning, ,
20141121_1435_03, Design, FLAME Client, participant_1, 23, X`25fea250.79aa4baf.b62be506.e9d1819a`ATTR`Host_GCE`Host`MON::Set [Host]`Aspect=xADLCoreAspect&Position=161.560`bb42af9e.ee894de6.a8870ee2.566cbbfe`Architecture`MON::Model [Architecture]`receiveEnergyCost=150.010000&receiveEnergyOverhead=101.860000&transmitEnergyCost=312.000000&transmitEnergyOverhead=341.000000````````````, ,
20141121_1435_05, Notification, XTEAM Engine, participant_1, 23, Simulation execution beginning, ,
20141121_1435_15, Design, FLAME Client, participant_1, 24, X`4c379791.2eea468a.a8abbb1d.e5fba9bb`ATTR`perform`Task`MON::Model [Task]`Aspect=xADLBehaviorAspect&Position=336.217`c270ab26.2fff4b88.bf50a288.2d000ee5`Process`MON::Model [Process]`executionTime=350&memoryUsage=65&taskInstruction=nextResult[thread_id] = new Result;|nextResult[thread_id]->getResultState().value() = 0;|nextResult[thread_id]->getResultID().value() = nextTask[thread_id]->getTaskID().value();|nextResult[thread_id]->getResultValue().value() = 1;````````````, ,
20141121_1435_16, Notification, XTEAM Engine, participant_1, 24, Simulation execution beginning, ,
20141121_1435_21, Design, FLAME Client, participant_1, 25, X`4c379791.2eea468a.a8abbb1d.e5fba9bb`ATTR`perform`Task`MON::Model [Task]`Aspect=xADLBehaviorAspect&Position=336.217`c270ab26.2fff4b88.bf50a288.2d000ee5`Process`MON::Model [Process]`executionTime=350&memoryUsage=32&taskInstruction=nextResult[thread_id] = new Result;|nextResult[thread_id]->getResultState().value() = 0;|nextResult[thread_id]->getResultID().value() = nextTask[thread_id]->getTaskID().value();|nextResult[thread_id]->getResultValue().value() = 1;````````````, ,
20141121_1435_22, Notification, XTEAM Engine, participant_1, 25, Simulation execution beginning, ,
20141121_1435_25, Design, FLAME Client, participant_1, 26, X`64e3f498.f1114939.ba695f73.d07188e3`ATTR`perform`Task`MON::Model [Task]`Aspect=xADLBehaviorAspect&Position=308.301`d640f4b9.22e14264.b459176e.af6b895e`Process`MON::Model [Process]`executionTime=350&memoryUsage=65&taskInstruction=nextResult[thread_id] = new Result;|nextResult[thread_id]->getResultState().value() = 0;|nextResult[thread_id]->getResultID().value() = nextTask[thread_id]->getTaskID().value();|nextResult[thread_id]->getResultValue().value() = 1;````````````, ,
20141121_1435_27, Notification, XTEAM Engine, participant_1, 26, Simulation execution beginning, ,
20141121_1435_29, Design, FLAME Client, participant_1, 27, X`64e3f498.f1114939.ba695f73.d07188e3`ATTR`perform`Task`MON::Model [Task]`Aspect=xADLBehaviorAspect&Position=308.301`d640f4b9.22e14264.b459176e.af6b895e`Process`MON::Model [Process]`executionTime=350&memoryUsage=32&taskInstruction=nextResult[thread_id] = new Result;|nextResult[thread_id]->getResultState().value() = 0;|nextResult[thread_id]->getResultID().value() = nextTask[thread_id]->getTaskID().value();|nextResult[thread_id]->getResultValue().value() = 1;````````````, ,
20141121_1435_29, Notification, XTEAM Engine, participant_1, 20, Simulation execution completion, ,
20141121_1435_29, XTEAM, XTEAM Engine, participant_1, , ,
20141121_1435_29, XTEAM, XTEAM Engine, participant_1, , ,
20141121_1435_29, XTEAM, XTEAM Engine, participant_1, , ,
20141121_1435_30, Notification, XTEAM Engine, participant_1, 27, Simulation execution beginning, ,
20141121_1435_34, Notification, XTEAM Engine, participant_1, 21, Simulation execution completion, ,
20141121_1435_34, XTEAM, XTEAM Engine, participant_1, , ,
20141121_1435_34, XTEAM, XTEAM Engine, participant_1, , ,
20141121_1435_34, XTEAM, XTEAM Engine, participant_1, , ,
20141121_1435_39, Notification, XTEAM Engine, participant_1, 22, Simulation execution completion, ,
20141121_1435_40, XTEAM, XTEAM Engine, participant_1, , ,
20141121_1435_40, XTEAM, XTEAM Engine, participant_1, , ,
20141121_1435_40, XTEAM, XTEAM Engine, participant_1, , ,
20141121_1435_44, Notification, XTEAM Engine, participant_1, 23, Simulation execution completion, ,
20141121_1435_44, XTEAM, XTEAM Engine, participant_1, , ,
20141121_1435_44, XTEAM, XTEAM Engine, participant_1, , ,
20141121_1435_44, XTEAM, XTEAM Engine, participant_1, , ,
20141121_1436_03, Notification, XTEAM Engine, participant_1, 24, Simulation execution completion, ,
20141121_1436_03, XTEAM, XTEAM Engine, participant_1, , ,
20141121_1436_03, XTEAM, XTEAM Engine, participant_1, , ,
20141121_1436_03, XTEAM, XTEAM Engine, participant_1, , ,
20141121_1436_07, Notification, XTEAM Engine, participant_1, 25, Simulation execution completion, ,
20141121_1436_07, XTEAM, XTEAM Engine, participant_1, , ,
20141121_1436_07, XTEAM, XTEAM Engine, participant_1, , ,
20141121_1436_07, XTEAM, XTEAM Engine, participant_1, , ,
20141121_1436_10, Notification, XTEAM Engine, participant_1, 26, Simulation execution completion, ,
20141121_1436_10, XTEAM, XTEAM Engine, participant_1, , ,
20141121_1436_10, XTEAM, XTEAM Engine, participant_1, , ,
20141121_1436_10, XTEAM, XTEAM Engine, participant_1, , ,
20141121_1436_13, Notification, XTEAM Engine, participant_1, 27, Simulation execution completion, ,
20141121_1436_13, XTEAM, XTEAM Engine, participant_1, , ,
20141121_1436_13, XTEAM, XTEAM Engine, participant_1, , ,
20141121_1436_13, XTEAM, XTEAM Engine, participant_1, , ,
20141121_1436_26, Design, FLAME Client, participant_0, 20, X`176369f9.b385435c.b2d59a0f.66ba660c`ATTR`Host_SubsetSum`Host`MON::Set [Host]`Aspect=xADLCoreAspect&Position=1610.385`bb42af9e.ee894de6.a8870ee2.566cbbfe`Architecture`MON::Model [Architecture]`receiveEnergyCost=101.280000&receiveEnergyOverhead=64.990000&transmitEnergyCost=182.000000&transmitEnergyOverhead=82.450000````````````, ,
20141121_1436_27, Notification, XTEAM Engine, participant_0, 17, Simulation execution beginning, ,
20141121_1436_30, Design, FLAME Client, participant_0, 21, X`176369f9.b385435c.b2d59a0f.66ba660c`ATTR`Host_SubsetSum`Host`MON::Set [Host]`Aspect=xADLCoreAspect&Position=1610.385`bb42af9e.ee894de6.a8870ee2.566cbbfe`Architecture`MON::Model [Architecture]`receiveEnergyCost=101.280000&receiveEnergyOverhead=64.990000&transmitEnergyCost=182.000000&transmitEnergyOverhead=217.000000````````````, ,
20141121_1436_31, Notification, XTEAM Engine, participant_0, 18, Simulation execution beginning, ,
20141121_1436_40, Design, FLAME Client, participant_0, 22, X`3f426f4b.6d164164.816fe575.67a4324f`ATTR`generate`Task`MON::Model [Task]`Aspect=xADLBehaviorAspect&Position=301.259`37598ce1.81784bb5.996843e8.1d554a61`Process`MON::Model [Process]`executionTime=7&memoryUsage=3&taskInstruction=nextTask = new Task;|nextTask->getTaskState().value() = 0;|nextTask->getTaskID().value() = taskIDCounter->getNextTaskID().value()++;````````````, ,
20141121_1436_41, Notification, XTEAM Engine, participant_0, 19, Simulation execution beginning, ,
20141121_1436_46, Design, FLAME Client, participant_0, 23, X`3f426f4b.6d164164.816fe575.67a4324f`ATTR`generate`Task`MON::Model [Task]`Aspect=xADLBehaviorAspect&Position=301.259`37598ce1.81784bb5.996843e8.1d554a61`Process`MON::Model [Process]`executionTime=7&memoryUsage=5500&taskInstruction=nextTask = new Task;|nextTask->getTaskState().value() = 0;|nextTask->getTaskID().value() = taskIDCounter->getNextTaskID().value()++;````````````, ,
20141121_1436_47, Notification, XTEAM Engine, participant_0, 20, Simulation execution beginning, ,
20141121_1437_00, Notification, XTEAM Engine, participant_0, 17, Simulation execution completion, ,
20141121_1437_00, XTEAM, XTEAM Engine, participant_0, , ,
20141121_1437_00, XTEAM, XTEAM Engine, participant_0, , ,
20141121_1437_00, XTEAM, XTEAM Engine, participant_0, , ,
20141121_1437_06, Notification, XTEAM Engine, participant_0, 18, Simulation execution completion, ,
20141121_1437_06, XTEAM, XTEAM Engine, participant_0, , ,
20141121_1437_06, XTEAM, XTEAM Engine, participant_0, , ,
20141121_1437_06, XTEAM, XTEAM Engine, participant_0, , ,
20141121_1437_13, Notification, XTEAM Engine, participant_0, 19, Simulation execution completion, ,
20141121_1437_13, XTEAM, XTEAM Engine, participant_0, , ,
20141121_1437_13, XTEAM, XTEAM Engine, participant_0, , ,
20141121_1437_13, XTEAM, XTEAM Engine, participant_0, , ,
20141121_1437_17, Notification, XTEAM Engine, participant_0, 20, Simulation execution completion, ,
20141121_1437_17, XTEAM, XTEAM Engine, participant_0, , ,
20141121_1437_17, XTEAM, XTEAM Engine, participant_0, , ,
20141121_1437_17, XTEAM, XTEAM Engine, participant_0, , ,
20141121_1438_00, Snapshot, FLAME Client, participant_1, 28, ,
20141121_1438_04, Notification, XTEAM Engine, participant_0, 21, Simulation execution beginning, ,
20141121_1438_31, Notification, XTEAM Engine, participant_0, 21, Simulation execution completion, ,
20141121_1438_31, XTEAM, XTEAM Engine, participant_0, , ,
20141121_1438_31, XTEAM, XTEAM Engine, participant_0, , ,
20141121_1438_31, XTEAM, XTEAM Engine, participant_0, , ,
20141121_1439_06, Design, FLAME Client, participant_1, 29, X`25fea250.79aa4baf.b62be506.e9d1819a`ATTR`Host_GCE`Host`MON::Set [Host]`Aspect=xADLCoreAspect&Position=161.560`bb42af9e.ee894de6.a8870ee2.566cbbfe`Architecture`MON::Model [Architecture]`receiveEnergyCost=150.010000&receiveEnergyOverhead=101.860000&transmitEnergyCost=200.000000&transmitEnergyOverhead=341.000000````````````, ,
20141121_1439_07, Notification, XTEAM Engine, participant_1, 28, Simulation execution beginning, ,
20141121_1439_13, Design, FLAME Client, participant_1, 30, X`25fea250.79aa4baf.b62be506.e9d1819a`ATTR`Host_GCE`Host`MON::Set [Host]`Aspect=xADLCoreAspect&Position=161.560`bb42af9e.ee894de6.a8870ee2.566cbbfe`Architecture`MON::Model [Architecture]`receiveEnergyCost=150.010000&receiveEnergyOverhead=101.860000&transmitEnergyCost=200.000000&transmitEnergyOverhead=65.000000````````````, ,
20141121_1439_14, Notification, XTEAM Engine, participant_1, 29, Simulation execution beginning, ,
20141121_1439_23, Update, FLAME Client, participant_0, 24, ,
20141121_1439_28, Design, FLAME Client, participant_1, 31, X`64e3f498.f1114939.ba695f73.d07188e3`ATTR`perform`Task`MON::Model [Task]`Aspect=xADLBehaviorAspect&Position=308.301`d640f4b9.22e14264.b459176e.af6b895e`Process`MON::Model [Process]`executionTime=200&memoryUsage=32&taskInstruction=nextResult[thread_id] = new Result;|nextResult[thread_id]->getResultState().value() = 0;|nextResult[thread_id]->getResultID().value() = nextTask[thread_id]->getTaskID().value();|nextResult[thread_id]->getResultValue().value() = 1;````````````, ,
20141121_1439_28, Notification, XTEAM Engine, participant_1, 30, Simulation execution beginning, ,
20141121_1439_31, Design, FLAME Client, participant_1, 32, X`64e3f498.f1114939.ba695f73.d07188e3`ATTR`perform`Task`MON::Model [Task]`Aspect=xADLBehaviorAspect&Position=308.301`d640f4b9.22e14264.b459176e.af6b895e`Process`MON::Model [Process]`executionTime=200&memoryUsage=65&taskInstruction=nextResult[thread_id] = new Result;|nextResult[thread_id]->getResultState().value() = 0;|nextResult[thread_id]->getResultID().value() = nextTask[thread_id]->getTaskID().value();|nextResult[thread_id]->getResultValue().value() = 1;````````````, ,
20141121_1439_32, Notification, XTEAM Engine, participant_1, 31, Simulation execution beginning, ,
20141121_1439_38, Notification, XTEAM Engine, participant_1, 28, Simulation execution completion, ,
20141121_1439_38, XTEAM, XTEAM Engine, participant_1, , ,
20141121_1439_38, XTEAM, XTEAM Engine, participant_1, , ,
20141121_1439_38, XTEAM, XTEAM Engine, participant_1, , ,
20141121_1439_39, Design, FLAME Client, participant_1, 33, X`25fea250.79aa4baf.b62be506.e9d1819a`ATTR`Host_GCE`Host`MON::Set [Host]`Aspect=xADLCoreAspect&Position=161.560`bb42af9e.ee894de6.a8870ee2.566cbbfe`Architecture`MON::Model [Architecture]`receiveEnergyCost=150.010000&receiveEnergyOverhead=101.860000&transmitEnergyCost=514.000000&transmitEnergyOverhead=65.000000````````````, ,
20141121_1439_40, Notification, XTEAM Engine, participant_1, 32, Simulation execution beginning, ,
20141121_1439_46, Design, FLAME Client, participant_1, 34, X`25fea250.79aa4baf.b62be506.e9d1819a`ATTR`Host_GCE`Host`MON::Set [Host]`Aspect=xADLCoreAspect&Position=161.560`bb42af9e.ee894de6.a8870ee2.566cbbfe`Architecture`MON::Model [Architecture]`receiveEnergyCost=150.010000&receiveEnergyOverhead=101.860000&transmitEnergyCost=514.000000&transmitEnergyOverhead=755.000000````````````, ,
20141121_1439_47, Notification, XTEAM Engine, participant_1, 33, Simulation execution beginning, ,
20141121_1439_49, Notification, XTEAM Engine, participant_1, 29, Simulation execution completion, ,
20141121_1439_49, XTEAM, XTEAM Engine, participant_1, , ,
20141121_1439_49, XTEAM, XTEAM Engine, participant_1, , ,
20141121_1439_49, XTEAM, XTEAM Engine, participant_1, , ,
20141121_1440_01, Snapshot, FLAME Client, participant_0, 25, ,
20141121_1440_03, Notification, XTEAM Engine, participant_1, 34, Simulation execution beginning, ,
20141121_1440_04, Notification, XTEAM Engine, participant_1, 30, Simulation execution completion, ,
20141121_1440_04, XTEAM, XTEAM Engine, participant_1, , ,
20141121_1440_04, XTEAM, XTEAM Engine, participant_1, , ,
20141121_1440_04, XTEAM, XTEAM Engine, participant_1, , ,
20141121_1440_08, Notification, XTEAM Engine, participant_1, 31, Simulation execution completion, ,
20141121_1440_08, XTEAM, XTEAM Engine, participant_1, , ,
20141121_1440_08, XTEAM, XTEAM Engine, participant_1, , ,
20141121_1440_08, XTEAM, XTEAM Engine, participant_1, , ,
20141121_1440_15, Notification, XTEAM Engine, participant_1, 32, Simulation execution completion, ,
20141121_1440_15, XTEAM, XTEAM Engine, participant_1, , ,
20141121_1440_15, XTEAM, XTEAM Engine, participant_1, , ,
20141121_1440_15, XTEAM, XTEAM Engine, participant_1, , ,
20141121_1440_20, Notification, XTEAM Engine, participant_1, 33, Simulation execution completion, ,
20141121_1440_20, XTEAM, XTEAM Engine, participant_1, , ,
20141121_1440_20, XTEAM, XTEAM Engine, participant_1, , ,
20141121_1440_20, XTEAM, XTEAM Engine, participant_1, , ,
20141121_1440_32, Notification, XTEAM Engine, participant_1, 34, Simulation execution completion, ,
20141121_1440_32, XTEAM, XTEAM Engine, participant_1, , ,
20141121_1440_32, XTEAM, XTEAM Engine, participant_1, , ,
20141121_1440_32, XTEAM, XTEAM Engine, participant_1, , ,
20141121_1442_59, Snapshot, FLAME Client, participant_1, 35, ,
20141121_1443_00, Notification, XTEAM Engine, participant_0, 22, Simulation execution beginning, ,
20141121_1443_27, Notification, XTEAM Engine, participant_0, 22, Simulation execution completion, ,
20141121_1443_27, XTEAM, XTEAM Engine, participant_0, , ,
20141121_1443_27, XTEAM, XTEAM Engine, participant_0, , ,
20141121_1443_27, XTEAM, XTEAM Engine, participant_0, , ,
20141121_1444_17, Update, FLAME Client, participant_0, 26, ,
