session_begin, conflict_type, username, time_created, number_of_commits, time_first_committed, number_of_updates, time_first_updated, time_resolved, resolved, lifetime_in_sec, value, ,
02/16/2015 13:45:51, syntactic, MRSV, 02/16/2015 14:09:11, 0, , 0, , 02/16/2015 14:09:14, 1, 3, SubsetSumGen_0000002e.cpp:52:32: error: value was not declared in this scope, ,
02/16/2015 13:45:51, syntactic, MRSV, 02/16/2015 14:09:11, 0, , 0, , 02/16/2015 14:09:14, 1, 3, SubsetSumGen_0000002e.cpp:200:32: error: value was not declared in this scope, ,
02/16/2015 13:45:51, semantic_overall, MRSV, 02/16/2015 14:04:05, 1, 02/16/2015 14:04:44, 0, , 02/16/2015 14:04:48, 1, 43, Energy: Overall Total violates requirement [4092906.361 < 4000000.0], ,
02/16/2015 13:45:51, semantic_overall, MRSV, 02/16/2015 14:02:10, 1, 02/16/2015 14:04:44, 0, , 02/16/2015 14:09:14, 1, 424, Memory: Overall Maximum violates requirement [31494.0 < 30000.0], ,
