TIME, Event name, OriginComponent, SenderUsername, EventID, Value, ,
20141120_1630_53, Login, FLAME Client, participant_0, , ,
20141120_1630_56, Login, XTEAM Engine, participant_0, , ,
20141120_1632_25, Login, FLAME Client, participant_1, , ,
20141120_1632_28, Login, XTEAM Engine, participant_1, , ,
20141120_1634_21, Design, FLAME Client, participant_1, 1, X`4c379791.2eea468a.a8abbb1d.e5fba9bb`ATTR`perform`Task`MON::Model [Task]`Aspect=xADLBehaviorAspect&Position=336.217`c270ab26.2fff4b88.bf50a288.2d000ee5`Process`MON::Model [Process]`executionTime=200&memoryUsage=27&taskInstruction=nextResult[thread_id] = new Result;|nextResult[thread_id]->getResultState().value() = 0;|nextResult[thread_id]->getResultID().value() = nextTask[thread_id]->getTaskID().value();|nextResult[thread_id]->getResultValue().value() = 1;````````````, ,
20141120_1634_22, Notification, XTEAM Engine, participant_1, 1, Simulation execution beginning, ,
20141120_1634_28, Design, FLAME Client, participant_1, 2, X`4c379791.2eea468a.a8abbb1d.e5fba9bb`ATTR`perform`Task`MON::Model [Task]`Aspect=xADLBehaviorAspect&Position=336.217`c270ab26.2fff4b88.bf50a288.2d000ee5`Process`MON::Model [Process]`executionTime=200&memoryUsage=65&taskInstruction=nextResult[thread_id] = new Result;|nextResult[thread_id]->getResultState().value() = 0;|nextResult[thread_id]->getResultID().value() = nextTask[thread_id]->getTaskID().value();|nextResult[thread_id]->getResultValue().value() = 1;````````````, ,
20141120_1634_29, Notification, XTEAM Engine, participant_1, 2, Simulation execution beginning, ,
20141120_1634_52, Notification, XTEAM Engine, participant_1, 1, Simulation execution completion, ,
20141120_1634_52, XTEAM, XTEAM Engine, participant_1, , ,
20141120_1634_52, XTEAM, XTEAM Engine, participant_1, , ,
20141120_1634_52, XTEAM, XTEAM Engine, participant_1, , ,
20141120_1634_57, Notification, XTEAM Engine, participant_1, 2, Simulation execution completion, ,
20141120_1634_57, XTEAM, XTEAM Engine, participant_1, , ,
20141120_1634_57, XTEAM, XTEAM Engine, participant_1, , ,
20141120_1634_57, XTEAM, XTEAM Engine, participant_1, , ,
20141120_1635_06, Design, FLAME Client, participant_1, 3, X`cdc6010e.7cf74d31.85daf3c3.1e9a4be8`ATTR`Host_Client`Host`MON::Set [Host]`Aspect=xADLCoreAspect&Position=28.560`bb42af9e.ee894de6.a8870ee2.566cbbfe`Architecture`MON::Model [Architecture]`receiveEnergyCost=150.010000&receiveEnergyOverhead=101.860000&transmitEnergyCost=514.000000&transmitEnergyOverhead=129.870000````````````, ,
20141120_1635_07, Notification, XTEAM Engine, participant_1, 3, Simulation execution beginning, ,
20141120_1635_12, Design, FLAME Client, participant_1, 4, X`cdc6010e.7cf74d31.85daf3c3.1e9a4be8`ATTR`Host_Client`Host`MON::Set [Host]`Aspect=xADLCoreAspect&Position=28.560`bb42af9e.ee894de6.a8870ee2.566cbbfe`Architecture`MON::Model [Architecture]`receiveEnergyCost=150.010000&receiveEnergyOverhead=101.860000&transmitEnergyCost=514.000000&transmitEnergyOverhead=755.000000````````````, ,
20141120_1635_13, Notification, XTEAM Engine, participant_1, 4, Simulation execution beginning, ,
20141120_1635_20, Design, FLAME Client, participant_0, 1, X`3f426f4b.6d164164.816fe575.67a4324f`ATTR`generate`Task`MON::Model [Task]`Aspect=xADLBehaviorAspect&Position=301.259`37598ce1.81784bb5.996843e8.1d554a61`Process`MON::Model [Process]`executionTime=7&memoryUsage=3&taskInstruction=nextTask = new Task;|nextTask->getTaskState().value() = 0;|nextTask->getTaskID().value() = taskIDCounter->getNextTaskID().value()++;````````````, ,
20141120_1635_22, Notification, XTEAM Engine, participant_0, 1, Simulation execution beginning, ,
20141120_1635_39, Notification, XTEAM Engine, participant_1, 3, Simulation execution completion, ,
20141120_1635_39, XTEAM, XTEAM Engine, participant_1, , ,
20141120_1635_39, XTEAM, XTEAM Engine, participant_1, , ,
20141120_1635_39, XTEAM, XTEAM Engine, participant_1, , ,
20141120_1635_44, Notification, XTEAM Engine, participant_1, 4, Simulation execution completion, ,
20141120_1635_44, XTEAM, XTEAM Engine, participant_1, , ,
20141120_1635_44, XTEAM, XTEAM Engine, participant_1, , ,
20141120_1635_44, XTEAM, XTEAM Engine, participant_1, , ,
20141120_1635_45, Design, FLAME Client, participant_0, 2, X`3f426f4b.6d164164.816fe575.67a4324f`ATTR`generate`Task`MON::Model [Task]`Aspect=xADLBehaviorAspect&Position=301.259`37598ce1.81784bb5.996843e8.1d554a61`Process`MON::Model [Process]`executionTime=7&memoryUsage=5500&taskInstruction=nextTask = new Task;|nextTask->getTaskState().value() = 0;|nextTask->getTaskID().value() = taskIDCounter->getNextTaskID().value()++;````````````, ,
20141120_1635_46, Notification, XTEAM Engine, participant_0, 2, Simulation execution beginning, ,
20141120_1635_51, Notification, XTEAM Engine, participant_0, 1, Simulation execution completion, ,
20141120_1635_51, XTEAM, XTEAM Engine, participant_0, , ,
20141120_1635_51, XTEAM, XTEAM Engine, participant_0, , ,
20141120_1635_51, XTEAM, XTEAM Engine, participant_0, , ,
20141120_1635_55, Design, FLAME Client, participant_0, 3, X`3a60805b.3a524f70.a064acd1.88108a11`ATTR`generate`Task`MON::Model [Task]`Aspect=xADLBehaviorAspect&Position=301.259`fd961ab4.712348fe.91a8653d.18529735`Process`MON::Model [Process]`executionTime=6&memoryUsage=3&taskInstruction=nextTask = new Task;|nextTask->getTaskState().value() = 0;|nextTask->getTaskID().value() = taskIDCounter->getNextTaskID().value()++;````````````, ,
20141120_1635_56, Notification, XTEAM Engine, participant_0, 3, Simulation execution beginning, ,
20141120_1636_01, Design, FLAME Client, participant_0, 4, X`3a60805b.3a524f70.a064acd1.88108a11`ATTR`generate`Task`MON::Model [Task]`Aspect=xADLBehaviorAspect&Position=301.259`fd961ab4.712348fe.91a8653d.18529735`Process`MON::Model [Process]`executionTime=6&memoryUsage=11000&taskInstruction=nextTask = new Task;|nextTask->getTaskState().value() = 0;|nextTask->getTaskID().value() = taskIDCounter->getNextTaskID().value()++;````````````, ,
20141120_1636_02, Notification, XTEAM Engine, participant_0, 4, Simulation execution beginning, ,
20141120_1636_04, Design, FLAME Client, participant_1, 5, X`64e3f498.f1114939.ba695f73.d07188e3`ATTR`perform`Task`MON::Model [Task]`Aspect=xADLBehaviorAspect&Position=308.301`d640f4b9.22e14264.b459176e.af6b895e`Process`MON::Model [Process]`executionTime=200&memoryUsage=27&taskInstruction=nextResult[thread_id] = new Result;|nextResult[thread_id]->getResultState().value() = 0;|nextResult[thread_id]->getResultID().value() = nextTask[thread_id]->getTaskID().value();|nextResult[thread_id]->getResultValue().value() = 1;````````````, ,
20141120_1636_05, Notification, XTEAM Engine, participant_1, 5, Simulation execution beginning, ,
20141120_1636_09, Design, FLAME Client, participant_0, 5, X`176369f9.b385435c.b2d59a0f.66ba660c`ATTR`Host_SubsetSum`Host`MON::Set [Host]`Aspect=xADLCoreAspect&Position=1610.385`bb42af9e.ee894de6.a8870ee2.566cbbfe`Architecture`MON::Model [Architecture]`receiveEnergyCost=101.280000&receiveEnergyOverhead=64.990000&transmitEnergyCost=182.000000&transmitEnergyOverhead=82.450000````````````, ,
20141120_1636_10, Design, FLAME Client, participant_1, 6, X`64e3f498.f1114939.ba695f73.d07188e3`ATTR`perform`Task`MON::Model [Task]`Aspect=xADLBehaviorAspect&Position=308.301`d640f4b9.22e14264.b459176e.af6b895e`Process`MON::Model [Process]`executionTime=200&memoryUsage=65&taskInstruction=nextResult[thread_id] = new Result;|nextResult[thread_id]->getResultState().value() = 0;|nextResult[thread_id]->getResultID().value() = nextTask[thread_id]->getTaskID().value();|nextResult[thread_id]->getResultValue().value() = 1;````````````, ,
20141120_1636_11, Notification, XTEAM Engine, participant_0, 5, Simulation execution beginning, ,
20141120_1636_11, Notification, XTEAM Engine, participant_1, 6, Simulation execution beginning, ,
20141120_1636_21, Design, FLAME Client, participant_0, 6, X`176369f9.b385435c.b2d59a0f.66ba660c`ATTR`Host_SubsetSum`Host`MON::Set [Host]`Aspect=xADLCoreAspect&Position=1610.385`bb42af9e.ee894de6.a8870ee2.566cbbfe`Architecture`MON::Model [Architecture]`receiveEnergyCost=101.280000&receiveEnergyOverhead=64.990000&transmitEnergyCost=182.000000&transmitEnergyOverhead=217.000000````````````, ,
20141120_1636_21, Design, FLAME Client, participant_0, 7, X`de311a94.5ac54159.8e7ae434.321ec71e`REGISTRY`HostSAT`Host`MON::Set [Host]`Aspect=xADLCoreAspect&Position=1610.483`bb42af9e.ee894de6.a8870ee2.566cbbfe`Architecture`MON::Model [Architecture]`receiveEnergyCost=101.280000&receiveEnergyOverhead=64.990000&transmitEnergyCost=55.240000&transmitEnergyOverhead=82.450000````````````, ,
20141120_1636_22, Notification, XTEAM Engine, participant_0, 2, Simulation execution completion, ,
20141120_1636_23, XTEAM, XTEAM Engine, participant_0, , ,
20141120_1636_23, XTEAM, XTEAM Engine, participant_0, , ,
20141120_1636_23, XTEAM, XTEAM Engine, participant_0, , ,
20141120_1636_23, Notification, XTEAM Engine, participant_0, 6, Simulation execution beginning, ,
20141120_1636_26, Notification, XTEAM Engine, participant_0, 7, Simulation execution beginning, ,
20141120_1636_36, Design, FLAME Client, participant_0, 8, X`de311a94.5ac54159.8e7ae434.321ec71e`ATTR`HostSAT`Host`MON::Set [Host]`Aspect=xADLCoreAspect&Position=1610.483`bb42af9e.ee894de6.a8870ee2.566cbbfe`Architecture`MON::Model [Architecture]`receiveEnergyCost=101.280000&receiveEnergyOverhead=64.990000&transmitEnergyCost=330.000000&transmitEnergyOverhead=82.450000````````````, ,
20141120_1636_37, Notification, XTEAM Engine, participant_0, 3, Simulation execution completion, ,
20141120_1636_37, XTEAM, XTEAM Engine, participant_0, , ,
20141120_1636_37, XTEAM, XTEAM Engine, participant_0, , ,
20141120_1636_37, XTEAM, XTEAM Engine, participant_0, , ,
20141120_1636_37, Notification, XTEAM Engine, participant_0, 8, Simulation execution beginning, ,
20141120_1636_43, Design, FLAME Client, participant_0, 9, X`de311a94.5ac54159.8e7ae434.321ec71e`ATTR`HostSAT`Host`MON::Set [Host]`Aspect=xADLCoreAspect&Position=1610.483`bb42af9e.ee894de6.a8870ee2.566cbbfe`Architecture`MON::Model [Architecture]`receiveEnergyCost=101.280000&receiveEnergyOverhead=64.990000&transmitEnergyCost=330.000000&transmitEnergyOverhead=429.000000````````````, ,
20141120_1636_44, Notification, XTEAM Engine, participant_0, 9, Simulation execution beginning, ,
20141120_1636_44, Design, FLAME Client, participant_1, 7, X`25fea250.79aa4baf.b62be506.e9d1819a`ATTR`Host_GCE`Host`MON::Set [Host]`Aspect=xADLCoreAspect&Position=161.560`bb42af9e.ee894de6.a8870ee2.566cbbfe`Architecture`MON::Model [Architecture]`receiveEnergyCost=150.010000&receiveEnergyOverhead=101.860000&transmitEnergyCost=514.000000&transmitEnergyOverhead=129.870000````````````, ,
20141120_1636_45, Notification, XTEAM Engine, participant_0, 4, Simulation execution completion, ,
20141120_1636_45, XTEAM, XTEAM Engine, participant_0, , ,
20141120_1636_45, XTEAM, XTEAM Engine, participant_0, , ,
20141120_1636_45, XTEAM, XTEAM Engine, participant_0, , ,
20141120_1636_45, Notification, XTEAM Engine, participant_1, 7, Simulation execution beginning, ,
20141120_1636_48, Notification, XTEAM Engine, participant_1, 5, Simulation execution completion, ,
20141120_1636_48, XTEAM, XTEAM Engine, participant_1, , ,
20141120_1636_48, XTEAM, XTEAM Engine, participant_1, , ,
20141120_1636_48, XTEAM, XTEAM Engine, participant_1, , ,
20141120_1636_51, Design, FLAME Client, participant_1, 8, X`25fea250.79aa4baf.b62be506.e9d1819a`ATTR`Host_GCE`Host`MON::Set [Host]`Aspect=xADLCoreAspect&Position=161.560`bb42af9e.ee894de6.a8870ee2.566cbbfe`Architecture`MON::Model [Architecture]`receiveEnergyCost=150.010000&receiveEnergyOverhead=101.860000&transmitEnergyCost=514.000000&transmitEnergyOverhead=755.000000````````````, ,
20141120_1636_52, Notification, XTEAM Engine, participant_1, 8, Simulation execution beginning, ,
20141120_1636_53, Notification, XTEAM Engine, participant_0, 5, Simulation execution completion, ,
20141120_1636_53, XTEAM, XTEAM Engine, participant_0, , ,
20141120_1636_53, XTEAM, XTEAM Engine, participant_0, , ,
20141120_1636_53, XTEAM, XTEAM Engine, participant_0, , ,
20141120_1636_54, Notification, XTEAM Engine, participant_1, 6, Simulation execution completion, ,
20141120_1636_54, XTEAM, XTEAM Engine, participant_1, , ,
20141120_1636_54, XTEAM, XTEAM Engine, participant_1, , ,
20141120_1636_54, XTEAM, XTEAM Engine, participant_1, , ,
20141120_1637_06, Notification, XTEAM Engine, participant_0, 6, Simulation execution completion, ,
20141120_1637_06, XTEAM, XTEAM Engine, participant_0, , ,
20141120_1637_06, XTEAM, XTEAM Engine, participant_0, , ,
20141120_1637_06, XTEAM, XTEAM Engine, participant_0, , ,
20141120_1637_12, Notification, XTEAM Engine, participant_0, 7, Simulation execution completion, ,
20141120_1637_12, XTEAM, XTEAM Engine, participant_0, , ,
20141120_1637_12, XTEAM, XTEAM Engine, participant_0, , ,
20141120_1637_12, XTEAM, XTEAM Engine, participant_0, , ,
20141120_1637_18, Notification, XTEAM Engine, participant_0, 8, Simulation execution completion, ,
20141120_1637_18, XTEAM, XTEAM Engine, participant_0, , ,
20141120_1637_18, XTEAM, XTEAM Engine, participant_0, , ,
20141120_1637_18, XTEAM, XTEAM Engine, participant_0, , ,
20141120_1637_22, Notification, XTEAM Engine, participant_1, 7, Simulation execution completion, ,
20141120_1637_22, XTEAM, XTEAM Engine, participant_1, , ,
20141120_1637_22, XTEAM, XTEAM Engine, participant_1, , ,
20141120_1637_22, XTEAM, XTEAM Engine, participant_1, , ,
20141120_1637_24, Notification, XTEAM Engine, participant_0, 9, Simulation execution completion, ,
20141120_1637_24, XTEAM, XTEAM Engine, participant_0, , ,
20141120_1637_24, XTEAM, XTEAM Engine, participant_0, , ,
20141120_1637_24, XTEAM, XTEAM Engine, participant_0, , ,
20141120_1637_26, Notification, XTEAM Engine, participant_1, 8, Simulation execution completion, ,
20141120_1637_26, XTEAM, XTEAM Engine, participant_1, , ,
20141120_1637_26, XTEAM, XTEAM Engine, participant_1, , ,
20141120_1637_26, XTEAM, XTEAM Engine, participant_1, , ,
20141120_1638_02, Snapshot, FLAME Client, participant_0, 10, ,
20141120_1638_04, Notification, XTEAM Engine, participant_1, 9, Simulation execution beginning, ,
20141120_1638_06, Update, FLAME Client, participant_1, 9, ,
20141120_1638_15, Snapshot, FLAME Client, participant_1, 10, ,
20141120_1638_17, Notification, XTEAM Engine, participant_0, 10, Simulation execution beginning, ,
20141120_1638_33, Notification, XTEAM Engine, participant_1, 9, Simulation execution completion, ,
20141120_1638_33, XTEAM, XTEAM Engine, participant_1, , ,
20141120_1638_33, XTEAM, XTEAM Engine, participant_1, , ,
20141120_1638_33, XTEAM, XTEAM Engine, participant_1, , ,
20141120_1638_44, Notification, XTEAM Engine, participant_0, 10, Simulation execution completion, ,
20141120_1638_44, XTEAM, XTEAM Engine, participant_0, , ,
20141120_1638_44, XTEAM, XTEAM Engine, participant_0, , ,
20141120_1638_44, XTEAM, XTEAM Engine, participant_0, , ,
20141120_1641_12, Design, FLAME Client, participant_0, 11, X`3f426f4b.6d164164.816fe575.67a4324f`ATTR`generate`Task`MON::Model [Task]`Aspect=xADLBehaviorAspect&Position=301.259`37598ce1.81784bb5.996843e8.1d554a61`Process`MON::Model [Process]`executionTime=6&memoryUsage=5500&taskInstruction=nextTask = new Task;|nextTask->getTaskState().value() = 0;|nextTask->getTaskID().value() = taskIDCounter->getNextTaskID().value()++;````````````, ,
20141120_1641_13, Notification, XTEAM Engine, participant_0, 11, Simulation execution beginning, ,
20141120_1641_18, Design, FLAME Client, participant_1, 11, X`64e3f498.f1114939.ba695f73.d07188e3`ATTR`perform`Task`MON::Model [Task]`Aspect=xADLBehaviorAspect&Position=308.301`d640f4b9.22e14264.b459176e.af6b895e`Process`MON::Model [Process]`executionTime=350&memoryUsage=65&taskInstruction=nextResult[thread_id] = new Result;|nextResult[thread_id]->getResultState().value() = 0;|nextResult[thread_id]->getResultID().value() = nextTask[thread_id]->getTaskID().value();|nextResult[thread_id]->getResultValue().value() = 1;````````````, ,
20141120_1641_19, Notification, XTEAM Engine, participant_1, 10, Simulation execution beginning, ,
20141120_1641_21, Design, FLAME Client, participant_1, 12, X`64e3f498.f1114939.ba695f73.d07188e3`ATTR`perform`Task`MON::Model [Task]`Aspect=xADLBehaviorAspect&Position=308.301`d640f4b9.22e14264.b459176e.af6b895e`Process`MON::Model [Process]`executionTime=350&memoryUsage=32&taskInstruction=nextResult[thread_id] = new Result;|nextResult[thread_id]->getResultState().value() = 0;|nextResult[thread_id]->getResultID().value() = nextTask[thread_id]->getTaskID().value();|nextResult[thread_id]->getResultValue().value() = 1;````````````, ,
20141120_1641_22, Notification, XTEAM Engine, participant_1, 11, Simulation execution beginning, ,
20141120_1641_33, Design, FLAME Client, participant_1, 13, X`25fea250.79aa4baf.b62be506.e9d1819a`ATTR`Host_GCE`Host`MON::Set [Host]`Aspect=xADLCoreAspect&Position=161.560`bb42af9e.ee894de6.a8870ee2.566cbbfe`Architecture`MON::Model [Architecture]`receiveEnergyCost=150.010000&receiveEnergyOverhead=101.860000&transmitEnergyCost=312.000000&transmitEnergyOverhead=755.000000````````````, ,
20141120_1641_34, Notification, XTEAM Engine, participant_1, 12, Simulation execution beginning, ,
20141120_1641_40, Design, FLAME Client, participant_0, 12, X`3f426f4b.6d164164.816fe575.67a4324f`ATTR`generate`Task`MON::Model [Task]`Aspect=xADLBehaviorAspect&Position=301.259`37598ce1.81784bb5.996843e8.1d554a61`Process`MON::Model [Process]`executionTime=7&memoryUsage=11000&taskInstruction=nextTask = new Task;|nextTask->getTaskState().value() = 0;|nextTask->getTaskID().value() = taskIDCounter->getNextTaskID().value()++;````````````, ,
20141120_1641_41, Notification, XTEAM Engine, participant_0, 12, Simulation execution beginning, ,
20141120_1641_45, Design, FLAME Client, participant_1, 14, X`25fea250.79aa4baf.b62be506.e9d1819a`ATTR`Host_GCE`Host`MON::Set [Host]`Aspect=xADLCoreAspect&Position=161.560`bb42af9e.ee894de6.a8870ee2.566cbbfe`Architecture`MON::Model [Architecture]`receiveEnergyCost=150.010000&receiveEnergyOverhead=101.860000&transmitEnergyCost=312.000000&transmitEnergyOverhead=341.000000````````````, ,
20141120_1641_47, Notification, XTEAM Engine, participant_1, 13, Simulation execution beginning, ,
20141120_1641_49, Notification, XTEAM Engine, participant_0, 11, Simulation execution completion, ,
20141120_1641_49, XTEAM, XTEAM Engine, participant_0, , ,
20141120_1641_49, XTEAM, XTEAM Engine, participant_0, , ,
20141120_1641_49, XTEAM, XTEAM Engine, participant_0, , ,
20141120_1641_54, Design, FLAME Client, participant_0, 13, X`3f426f4b.6d164164.816fe575.67a4324f`ATTR`generate`Task`MON::Model [Task]`Aspect=xADLBehaviorAspect&Position=301.259`37598ce1.81784bb5.996843e8.1d554a61`Process`MON::Model [Process]`executionTime=6&memoryUsage=11000&taskInstruction=nextTask = new Task;|nextTask->getTaskState().value() = 0;|nextTask->getTaskID().value() = taskIDCounter->getNextTaskID().value()++;````````````, ,
20141120_1641_55, Notification, XTEAM Engine, participant_0, 13, Simulation execution beginning, ,
20141120_1641_57, Notification, XTEAM Engine, participant_1, 10, Simulation execution completion, ,
20141120_1641_57, XTEAM, XTEAM Engine, participant_1, , ,
20141120_1641_57, XTEAM, XTEAM Engine, participant_1, , ,
20141120_1641_57, XTEAM, XTEAM Engine, participant_1, , ,
20141120_1642_01, Design, FLAME Client, participant_0, 14, X`3a60805b.3a524f70.a064acd1.88108a11`ATTR`generate`Task`MON::Model [Task]`Aspect=xADLBehaviorAspect&Position=301.259`fd961ab4.712348fe.91a8653d.18529735`Process`MON::Model [Process]`executionTime=7&memoryUsage=11000&taskInstruction=nextTask = new Task;|nextTask->getTaskState().value() = 0;|nextTask->getTaskID().value() = taskIDCounter->getNextTaskID().value()++;````````````, ,
20141120_1642_01, Notification, XTEAM Engine, participant_1, 11, Simulation execution completion, ,
20141120_1642_01, XTEAM, XTEAM Engine, participant_1, , ,
20141120_1642_01, XTEAM, XTEAM Engine, participant_1, , ,
20141120_1642_01, XTEAM, XTEAM Engine, participant_1, , ,
20141120_1642_02, Notification, XTEAM Engine, participant_0, 14, Simulation execution beginning, ,
20141120_1642_05, Design, FLAME Client, participant_0, 15, X`3a60805b.3a524f70.a064acd1.88108a11`ATTR`generate`Task`MON::Model [Task]`Aspect=xADLBehaviorAspect&Position=301.259`fd961ab4.712348fe.91a8653d.18529735`Process`MON::Model [Process]`executionTime=7&memoryUsage=5500&taskInstruction=nextTask = new Task;|nextTask->getTaskState().value() = 0;|nextTask->getTaskID().value() = taskIDCounter->getNextTaskID().value()++;````````````, ,
20141120_1642_06, Notification, XTEAM Engine, participant_0, 15, Simulation execution beginning, ,
20141120_1642_11, Design, FLAME Client, participant_0, 16, X`176369f9.b385435c.b2d59a0f.66ba660c`ATTR`Host_SubsetSum`Host`MON::Set [Host]`Aspect=xADLCoreAspect&Position=1610.385`bb42af9e.ee894de6.a8870ee2.566cbbfe`Architecture`MON::Model [Architecture]`receiveEnergyCost=101.280000&receiveEnergyOverhead=64.990000&transmitEnergyCost=330.000000&transmitEnergyOverhead=217.000000````````````, ,
20141120_1642_12, Notification, XTEAM Engine, participant_0, 16, Simulation execution beginning, ,
20141120_1642_16, Notification, XTEAM Engine, participant_1, 12, Simulation execution completion, ,
20141120_1642_16, XTEAM, XTEAM Engine, participant_1, , ,
20141120_1642_16, XTEAM, XTEAM Engine, participant_1, , ,
20141120_1642_16, XTEAM, XTEAM Engine, participant_1, , ,
20141120_1642_18, Design, FLAME Client, participant_0, 17, X`176369f9.b385435c.b2d59a0f.66ba660c`ATTR`Host_SubsetSum`Host`MON::Set [Host]`Aspect=xADLCoreAspect&Position=1610.385`bb42af9e.ee894de6.a8870ee2.566cbbfe`Architecture`MON::Model [Architecture]`receiveEnergyCost=101.280000&receiveEnergyOverhead=64.990000&transmitEnergyCost=330.000000&transmitEnergyOverhead=429.000000````````````, ,
20141120_1642_19, Notification, XTEAM Engine, participant_0, 17, Simulation execution beginning, ,
20141120_1642_23, Notification, XTEAM Engine, participant_0, 12, Simulation execution completion, ,
20141120_1642_23, XTEAM, XTEAM Engine, participant_0, , ,
20141120_1642_23, XTEAM, XTEAM Engine, participant_0, , ,
20141120_1642_23, XTEAM, XTEAM Engine, participant_0, , ,
20141120_1642_24, Design, FLAME Client, participant_0, 18, X`de311a94.5ac54159.8e7ae434.321ec71e`ATTR`HostSAT`Host`MON::Set [Host]`Aspect=xADLCoreAspect&Position=1610.483`bb42af9e.ee894de6.a8870ee2.566cbbfe`Architecture`MON::Model [Architecture]`receiveEnergyCost=101.280000&receiveEnergyOverhead=64.990000&transmitEnergyCost=182.000000&transmitEnergyOverhead=429.000000````````````, ,
20141120_1642_26, Notification, XTEAM Engine, participant_0, 18, Simulation execution beginning, ,
20141120_1642_29, Design, FLAME Client, participant_0, 19, X`de311a94.5ac54159.8e7ae434.321ec71e`ATTR`HostSAT`Host`MON::Set [Host]`Aspect=xADLCoreAspect&Position=1610.483`bb42af9e.ee894de6.a8870ee2.566cbbfe`Architecture`MON::Model [Architecture]`receiveEnergyCost=101.280000&receiveEnergyOverhead=64.990000&transmitEnergyCost=182.000000&transmitEnergyOverhead=217.000000````````````, ,
20141120_1642_29, Notification, XTEAM Engine, participant_1, 13, Simulation execution completion, ,
20141120_1642_29, XTEAM, XTEAM Engine, participant_1, , ,
20141120_1642_29, XTEAM, XTEAM Engine, participant_1, , ,
20141120_1642_29, XTEAM, XTEAM Engine, participant_1, , ,
20141120_1642_30, Notification, XTEAM Engine, participant_0, 19, Simulation execution beginning, ,
20141120_1642_36, Notification, XTEAM Engine, participant_0, 13, Simulation execution completion, ,
20141120_1642_36, XTEAM, XTEAM Engine, participant_0, , ,
20141120_1642_36, XTEAM, XTEAM Engine, participant_0, , ,
20141120_1642_36, XTEAM, XTEAM Engine, participant_0, , ,
20141120_1642_42, Notification, XTEAM Engine, participant_0, 14, Simulation execution completion, ,
20141120_1642_42, XTEAM, XTEAM Engine, participant_0, , ,
20141120_1642_42, XTEAM, XTEAM Engine, participant_0, , ,
20141120_1642_42, XTEAM, XTEAM Engine, participant_0, , ,
20141120_1642_43, Design, FLAME Client, participant_1, 15, X`25fea250.79aa4baf.b62be506.e9d1819a`ATTR`Host_GCE`Host`MON::Set [Host]`Aspect=xADLCoreAspect&Position=161.560`bb42af9e.ee894de6.a8870ee2.566cbbfe`Architecture`MON::Model [Architecture]`receiveEnergyCost=150.010000&receiveEnergyOverhead=101.860000&transmitEnergyCost=105.110000&transmitEnergyOverhead=341.000000````````````, ,
20141120_1642_44, Update, FLAME Client, participant_0, 20, ,
20141120_1642_45, Notification, XTEAM Engine, participant_0, 15, Simulation execution completion, ,
20141120_1642_45, XTEAM, XTEAM Engine, participant_0, , ,
20141120_1642_45, XTEAM, XTEAM Engine, participant_0, , ,
20141120_1642_45, XTEAM, XTEAM Engine, participant_0, , ,
20141120_1642_45, Notification, XTEAM Engine, participant_1, 14, Simulation execution beginning, ,
20141120_1642_58, Notification, XTEAM Engine, participant_0, 16, Simulation execution completion, ,
20141120_1642_58, XTEAM, XTEAM Engine, participant_0, , ,
20141120_1642_58, XTEAM, XTEAM Engine, participant_0, , ,
20141120_1642_58, XTEAM, XTEAM Engine, participant_0, , ,
20141120_1643_09, Notification, XTEAM Engine, participant_0, 17, Simulation execution completion, ,
20141120_1643_09, XTEAM, XTEAM Engine, participant_0, , ,
20141120_1643_09, XTEAM, XTEAM Engine, participant_0, , ,
20141120_1643_09, XTEAM, XTEAM Engine, participant_0, , ,
20141120_1643_13, Notification, XTEAM Engine, participant_0, 18, Simulation execution completion, ,
20141120_1643_13, XTEAM, XTEAM Engine, participant_0, , ,
20141120_1643_13, XTEAM, XTEAM Engine, participant_0, , ,
20141120_1643_13, XTEAM, XTEAM Engine, participant_0, , ,
20141120_1643_16, Notification, XTEAM Engine, participant_0, 19, Simulation execution completion, ,
20141120_1643_16, XTEAM, XTEAM Engine, participant_0, , ,
20141120_1643_16, XTEAM, XTEAM Engine, participant_0, , ,
20141120_1643_16, XTEAM, XTEAM Engine, participant_0, , ,
20141120_1643_19, Notification, XTEAM Engine, participant_1, 14, Simulation execution completion, ,
20141120_1643_19, XTEAM, XTEAM Engine, participant_1, , ,
20141120_1643_19, XTEAM, XTEAM Engine, participant_1, , ,
20141120_1643_19, XTEAM, XTEAM Engine, participant_1, , ,
20141120_1644_09, Design, FLAME Client, participant_1, 16, X`25fea250.79aa4baf.b62be506.e9d1819a`ATTR`Host_GCE`Host`MON::Set [Host]`Aspect=xADLCoreAspect&Position=161.560`bb42af9e.ee894de6.a8870ee2.566cbbfe`Architecture`MON::Model [Architecture]`receiveEnergyCost=150.010000&receiveEnergyOverhead=101.860000&transmitEnergyCost=105.110000&transmitEnergyOverhead=129.870000````````````, ,
20141120_1644_10, Notification, XTEAM Engine, participant_1, 15, Simulation execution beginning, ,
20141120_1644_21, Design, FLAME Client, participant_1, 17, X`64e3f498.f1114939.ba695f73.d07188e3`ATTR`perform`Task`MON::Model [Task]`Aspect=xADLBehaviorAspect&Position=308.301`d640f4b9.22e14264.b459176e.af6b895e`Process`MON::Model [Process]`executionTime=500&memoryUsage=32&taskInstruction=nextResult[thread_id] = new Result;|nextResult[thread_id]->getResultState().value() = 0;|nextResult[thread_id]->getResultID().value() = nextTask[thread_id]->getTaskID().value();|nextResult[thread_id]->getResultValue().value() = 1;````````````, ,
20141120_1644_23, Notification, XTEAM Engine, participant_1, 16, Simulation execution beginning, ,
20141120_1644_27, Design, FLAME Client, participant_1, 18, X`64e3f498.f1114939.ba695f73.d07188e3`ATTR`perform`Task`MON::Model [Task]`Aspect=xADLBehaviorAspect&Position=308.301`d640f4b9.22e14264.b459176e.af6b895e`Process`MON::Model [Process]`executionTime=500&memoryUsage=27&taskInstruction=nextResult[thread_id] = new Result;|nextResult[thread_id]->getResultState().value() = 0;|nextResult[thread_id]->getResultID().value() = nextTask[thread_id]->getTaskID().value();|nextResult[thread_id]->getResultValue().value() = 1;````````````, ,
20141120_1644_28, Notification, XTEAM Engine, participant_1, 17, Simulation execution beginning, ,
20141120_1644_39, Notification, XTEAM Engine, participant_1, 15, Simulation execution completion, ,
20141120_1644_40, XTEAM, XTEAM Engine, participant_1, , ,
20141120_1644_40, XTEAM, XTEAM Engine, participant_1, , ,
20141120_1644_40, XTEAM, XTEAM Engine, participant_1, , ,
20141120_1644_52, Notification, XTEAM Engine, participant_1, 16, Simulation execution completion, ,
20141120_1644_52, XTEAM, XTEAM Engine, participant_1, , ,
20141120_1644_52, XTEAM, XTEAM Engine, participant_1, , ,
20141120_1644_52, XTEAM, XTEAM Engine, participant_1, , ,
20141120_1644_57, Notification, XTEAM Engine, participant_1, 17, Simulation execution completion, ,
20141120_1644_57, XTEAM, XTEAM Engine, participant_1, , ,
20141120_1644_57, XTEAM, XTEAM Engine, participant_1, , ,
20141120_1644_57, XTEAM, XTEAM Engine, participant_1, , ,
20141120_1645_31, Snapshot, FLAME Client, participant_1, 19, ,
20141120_1645_32, Notification, XTEAM Engine, participant_0, 20, Simulation execution beginning, ,
20141120_1645_56, Design, FLAME Client, participant_0, 21, X`3f426f4b.6d164164.816fe575.67a4324f`REGISTRY`generate`Task`MON::Model [Task]`Aspect=xADLBehaviorAspect&Position=294.259`37598ce1.81784bb5.996843e8.1d554a61`Process`MON::Model [Process]`executionTime=6&memoryUsage=11000&taskInstruction=nextTask = new Task;|nextTask->getTaskState().value() = 0;|nextTask->getTaskID().value() = taskIDCounter->getNextTaskID().value()++;````````````, ,
20141120_1645_57, Notification, XTEAM Engine, participant_0, 21, Simulation execution beginning, ,
20141120_1645_58, Notification, XTEAM Engine, participant_0, 20, Simulation execution completion, ,
20141120_1645_58, XTEAM, XTEAM Engine, participant_0, , ,
20141120_1645_58, XTEAM, XTEAM Engine, participant_0, , ,
20141120_1645_58, XTEAM, XTEAM Engine, participant_0, , ,
20141120_1646_03, Design, FLAME Client, participant_0, 22, X`3f426f4b.6d164164.816fe575.67a4324f`ATTR`generate`Task`MON::Model [Task]`Aspect=xADLBehaviorAspect&Position=294.259`37598ce1.81784bb5.996843e8.1d554a61`Process`MON::Model [Process]`executionTime=8&memoryUsage=11000&taskInstruction=nextTask = new Task;|nextTask->getTaskState().value() = 0;|nextTask->getTaskID().value() = taskIDCounter->getNextTaskID().value()++;````````````, ,
20141120_1646_04, Notification, XTEAM Engine, participant_0, 22, Simulation execution beginning, ,
20141120_1646_11, Design, FLAME Client, participant_0, 23, X`3f426f4b.6d164164.816fe575.67a4324f`ATTR`generate`Task`MON::Model [Task]`Aspect=xADLBehaviorAspect&Position=294.259`37598ce1.81784bb5.996843e8.1d554a61`Process`MON::Model [Process]`executionTime=8&memoryUsage=3&taskInstruction=nextTask = new Task;|nextTask->getTaskState().value() = 0;|nextTask->getTaskID().value() = taskIDCounter->getNextTaskID().value()++;````````````, ,
20141120_1646_13, Notification, XTEAM Engine, participant_0, 23, Simulation execution beginning, ,
20141120_1646_27, Design, FLAME Client, participant_0, 24, X`3f426f4b.6d164164.816fe575.67a4324f`ATTR`generate`Task`MON::Model [Task]`Aspect=xADLBehaviorAspect&Position=294.259`37598ce1.81784bb5.996843e8.1d554a61`Process`MON::Model [Process]`executionTime=6&memoryUsage=3&taskInstruction=nextTask = new Task;|nextTask->getTaskState().value() = 0;|nextTask->getTaskID().value() = taskIDCounter->getNextTaskID().value()++;````````````, ,
20141120_1646_28, Notification, XTEAM Engine, participant_0, 24, Simulation execution beginning, ,
20141120_1646_29, Notification, XTEAM Engine, participant_0, 21, Simulation execution completion, ,
20141120_1646_29, XTEAM, XTEAM Engine, participant_0, , ,
20141120_1646_29, XTEAM, XTEAM Engine, participant_0, , ,
20141120_1646_29, XTEAM, XTEAM Engine, participant_0, , ,
20141120_1646_36, Notification, XTEAM Engine, participant_0, 22, Simulation execution completion, ,
20141120_1646_36, XTEAM, XTEAM Engine, participant_0, , ,
20141120_1646_36, XTEAM, XTEAM Engine, participant_0, , ,
20141120_1646_36, XTEAM, XTEAM Engine, participant_0, , ,
20141120_1646_44, Notification, XTEAM Engine, participant_0, 23, Simulation execution completion, ,
20141120_1646_44, XTEAM, XTEAM Engine, participant_0, , ,
20141120_1646_44, XTEAM, XTEAM Engine, participant_0, , ,
20141120_1646_44, XTEAM, XTEAM Engine, participant_0, , ,
20141120_1646_49, Design, FLAME Client, participant_0, 25, X`3f426f4b.6d164164.816fe575.67a4324f`ATTR`generate`Task`MON::Model [Task]`Aspect=xADLBehaviorAspect&Position=294.259`37598ce1.81784bb5.996843e8.1d554a61`Process`MON::Model [Process]`executionTime=6&memoryUsage=11000&taskInstruction=nextTask = new Task;|nextTask->getTaskState().value() = 0;|nextTask->getTaskID().value() = taskIDCounter->getNextTaskID().value()++;````````````, ,
20141120_1646_50, Notification, XTEAM Engine, participant_0, 25, Simulation execution beginning, ,
20141120_1646_56, Notification, XTEAM Engine, participant_0, 24, Simulation execution completion, ,
20141120_1646_56, XTEAM, XTEAM Engine, participant_0, , ,
20141120_1646_56, XTEAM, XTEAM Engine, participant_0, , ,
20141120_1646_56, XTEAM, XTEAM Engine, participant_0, , ,
20141120_1646_58, Update, FLAME Client, participant_0, 26, ,
20141120_1647_18, Notification, XTEAM Engine, participant_0, 25, Simulation execution completion, ,
20141120_1647_18, XTEAM, XTEAM Engine, participant_0, , ,
20141120_1647_18, XTEAM, XTEAM Engine, participant_0, , ,
20141120_1647_18, XTEAM, XTEAM Engine, participant_0, , ,
20141120_1647_20, Snapshot, FLAME Client, participant_0, 27, ,
20141120_1647_23, Notification, XTEAM Engine, participant_1, 18, Simulation execution beginning, ,
20141120_1647_36, Design, FLAME Client, participant_0, 28, X`3f426f4b.6d164164.816fe575.67a4324f`ATTR`generate`Task`MON::Model [Task]`Aspect=xADLBehaviorAspect&Position=294.259`37598ce1.81784bb5.996843e8.1d554a61`Process`MON::Model [Process]`executionTime=8&memoryUsage=11000&taskInstruction=nextTask = new Task;|nextTask->getTaskState().value() = 0;|nextTask->getTaskID().value() = taskIDCounter->getNextTaskID().value()++;````````````, ,
20141120_1647_37, Notification, XTEAM Engine, participant_0, 26, Simulation execution beginning, ,
20141120_1647_41, Design, FLAME Client, participant_0, 29, X`3f426f4b.6d164164.816fe575.67a4324f`ATTR`generate`Task`MON::Model [Task]`Aspect=xADLBehaviorAspect&Position=294.259`37598ce1.81784bb5.996843e8.1d554a61`Process`MON::Model [Process]`executionTime=8&memoryUsage=3&taskInstruction=nextTask = new Task;|nextTask->getTaskState().value() = 0;|nextTask->getTaskID().value() = taskIDCounter->getNextTaskID().value()++;````````````, ,
20141120_1647_42, Notification, XTEAM Engine, participant_0, 27, Simulation execution beginning, ,
20141120_1647_48, Design, FLAME Client, participant_0, 30, X`3a60805b.3a524f70.a064acd1.88108a11`ATTR`generate`Task`MON::Model [Task]`Aspect=xADLBehaviorAspect&Position=301.259`fd961ab4.712348fe.91a8653d.18529735`Process`MON::Model [Process]`executionTime=6&memoryUsage=5500&taskInstruction=nextTask = new Task;|nextTask->getTaskState().value() = 0;|nextTask->getTaskID().value() = taskIDCounter->getNextTaskID().value()++;````````````, ,
20141120_1647_49, Notification, XTEAM Engine, participant_0, 28, Simulation execution beginning, ,
20141120_1647_52, Design, FLAME Client, participant_0, 31, X`3a60805b.3a524f70.a064acd1.88108a11`ATTR`generate`Task`MON::Model [Task]`Aspect=xADLBehaviorAspect&Position=301.259`fd961ab4.712348fe.91a8653d.18529735`Process`MON::Model [Process]`executionTime=6&memoryUsage=11000&taskInstruction=nextTask = new Task;|nextTask->getTaskState().value() = 0;|nextTask->getTaskID().value() = taskIDCounter->getNextTaskID().value()++;````````````, ,
20141120_1647_53, Notification, XTEAM Engine, participant_0, 29, Simulation execution beginning, ,
20141120_1647_56, Notification, XTEAM Engine, participant_1, 18, Simulation execution completion, ,
20141120_1647_56, XTEAM, XTEAM Engine, participant_1, , ,
20141120_1647_56, XTEAM, XTEAM Engine, participant_1, , ,
20141120_1647_56, XTEAM, XTEAM Engine, participant_1, , ,
20141120_1647_58, Design, FLAME Client, participant_0, 32, X`176369f9.b385435c.b2d59a0f.66ba660c`ATTR`Host_SubsetSum`Host`MON::Set [Host]`Aspect=xADLCoreAspect&Position=1610.385`bb42af9e.ee894de6.a8870ee2.566cbbfe`Architecture`MON::Model [Architecture]`receiveEnergyCost=101.280000&receiveEnergyOverhead=64.990000&transmitEnergyCost=55.240000&transmitEnergyOverhead=429.000000````````````, ,
20141120_1648_00, Notification, XTEAM Engine, participant_0, 30, Simulation execution beginning, ,
20141120_1648_05, Design, FLAME Client, participant_0, 33, X`176369f9.b385435c.b2d59a0f.66ba660c`ATTR`Host_SubsetSum`Host`MON::Set [Host]`Aspect=xADLCoreAspect&Position=1610.385`bb42af9e.ee894de6.a8870ee2.566cbbfe`Architecture`MON::Model [Architecture]`receiveEnergyCost=101.280000&receiveEnergyOverhead=64.990000&transmitEnergyCost=55.240000&transmitEnergyOverhead=82.450000````````````, ,
20141120_1648_07, Notification, XTEAM Engine, participant_0, 31, Simulation execution beginning, ,
20141120_1648_12, Design, FLAME Client, participant_0, 34, X`de311a94.5ac54159.8e7ae434.321ec71e`ATTR`HostSAT`Host`MON::Set [Host]`Aspect=xADLCoreAspect&Position=1610.483`bb42af9e.ee894de6.a8870ee2.566cbbfe`Architecture`MON::Model [Architecture]`receiveEnergyCost=101.280000&receiveEnergyOverhead=64.990000&transmitEnergyCost=330.000000&transmitEnergyOverhead=217.000000````````````, ,
20141120_1648_13, Notification, XTEAM Engine, participant_0, 26, Simulation execution completion, ,
20141120_1648_13, XTEAM, XTEAM Engine, participant_0, , ,
20141120_1648_13, XTEAM, XTEAM Engine, participant_0, , ,
20141120_1648_13, XTEAM, XTEAM Engine, participant_0, , ,
20141120_1648_14, Notification, XTEAM Engine, participant_0, 32, Simulation execution beginning, ,
20141120_1648_18, Design, FLAME Client, participant_0, 35, X`de311a94.5ac54159.8e7ae434.321ec71e`ATTR`HostSAT`Host`MON::Set [Host]`Aspect=xADLCoreAspect&Position=1610.483`bb42af9e.ee894de6.a8870ee2.566cbbfe`Architecture`MON::Model [Architecture]`receiveEnergyCost=101.280000&receiveEnergyOverhead=64.990000&transmitEnergyCost=330.000000&transmitEnergyOverhead=429.000000````````````, ,
20141120_1648_19, Notification, XTEAM Engine, participant_0, 33, Simulation execution beginning, ,
20141120_1648_20, Notification, XTEAM Engine, participant_0, 27, Simulation execution completion, ,
20141120_1648_20, XTEAM, XTEAM Engine, participant_0, , ,
20141120_1648_20, XTEAM, XTEAM Engine, participant_0, , ,
20141120_1648_20, XTEAM, XTEAM Engine, participant_0, , ,
20141120_1648_27, Notification, XTEAM Engine, participant_0, 28, Simulation execution completion, ,
20141120_1648_27, XTEAM, XTEAM Engine, participant_0, , ,
20141120_1648_27, XTEAM, XTEAM Engine, participant_0, , ,
20141120_1648_27, XTEAM, XTEAM Engine, participant_0, , ,
20141120_1648_32, Notification, XTEAM Engine, participant_0, 29, Simulation execution completion, ,
20141120_1648_32, XTEAM, XTEAM Engine, participant_0, , ,
20141120_1648_32, XTEAM, XTEAM Engine, participant_0, , ,
20141120_1648_32, XTEAM, XTEAM Engine, participant_0, , ,
20141120_1648_46, Notification, XTEAM Engine, participant_0, 30, Simulation execution completion, ,
20141120_1648_46, XTEAM, XTEAM Engine, participant_0, , ,
20141120_1648_46, XTEAM, XTEAM Engine, participant_0, , ,
20141120_1648_46, XTEAM, XTEAM Engine, participant_0, , ,
20141120_1648_51, Notification, XTEAM Engine, participant_0, 31, Simulation execution completion, ,
20141120_1648_51, XTEAM, XTEAM Engine, participant_0, , ,
20141120_1648_51, XTEAM, XTEAM Engine, participant_0, , ,
20141120_1648_51, XTEAM, XTEAM Engine, participant_0, , ,
20141120_1648_55, Notification, XTEAM Engine, participant_0, 32, Simulation execution completion, ,
20141120_1648_55, XTEAM, XTEAM Engine, participant_0, , ,
20141120_1648_55, XTEAM, XTEAM Engine, participant_0, , ,
20141120_1648_55, XTEAM, XTEAM Engine, participant_0, , ,
20141120_1649_00, Notification, XTEAM Engine, participant_0, 33, Simulation execution completion, ,
20141120_1649_00, XTEAM, XTEAM Engine, participant_0, , ,
20141120_1649_00, XTEAM, XTEAM Engine, participant_0, , ,
20141120_1649_00, XTEAM, XTEAM Engine, participant_0, , ,
20141120_1649_05, Snapshot, FLAME Client, participant_0, 36, ,
20141120_1649_06, Notification, XTEAM Engine, participant_1, 19, Simulation execution beginning, ,
20141120_1649_34, Notification, XTEAM Engine, participant_1, 19, Simulation execution completion, ,
20141120_1649_34, XTEAM, XTEAM Engine, participant_1, , ,
20141120_1649_34, XTEAM, XTEAM Engine, participant_1, , ,
20141120_1649_34, XTEAM, XTEAM Engine, participant_1, , ,
20141120_1649_37, Update, FLAME Client, participant_1, 20, ,
20141120_1650_34, Design, FLAME Client, participant_0, 37, X`3a60805b.3a524f70.a064acd1.88108a11`ATTR`generate`Task`MON::Model [Task]`Aspect=xADLBehaviorAspect&Position=301.259`fd961ab4.712348fe.91a8653d.18529735`Process`MON::Model [Process]`executionTime=7&memoryUsage=11000&taskInstruction=nextTask = new Task;|nextTask->getTaskState().value() = 0;|nextTask->getTaskID().value() = taskIDCounter->getNextTaskID().value()++;````````````, ,
20141120_1650_35, Notification, XTEAM Engine, participant_0, 34, Simulation execution beginning, ,
20141120_1650_39, Design, FLAME Client, participant_0, 38, X`3a60805b.3a524f70.a064acd1.88108a11`ATTR`generate`Task`MON::Model [Task]`Aspect=xADLBehaviorAspect&Position=301.259`fd961ab4.712348fe.91a8653d.18529735`Process`MON::Model [Process]`executionTime=7&memoryUsage=5500&taskInstruction=nextTask = new Task;|nextTask->getTaskState().value() = 0;|nextTask->getTaskID().value() = taskIDCounter->getNextTaskID().value()++;````````````, ,
20141120_1650_41, Notification, XTEAM Engine, participant_0, 35, Simulation execution beginning, ,
20141120_1650_48, Design, FLAME Client, participant_0, 39, X`de311a94.5ac54159.8e7ae434.321ec71e`ATTR`HostSAT`Host`MON::Set [Host]`Aspect=xADLCoreAspect&Position=1610.483`bb42af9e.ee894de6.a8870ee2.566cbbfe`Architecture`MON::Model [Architecture]`receiveEnergyCost=101.280000&receiveEnergyOverhead=64.990000&transmitEnergyCost=182.000000&transmitEnergyOverhead=429.000000````````````, ,
20141120_1650_49, Notification, XTEAM Engine, participant_0, 36, Simulation execution beginning, ,
20141120_1650_56, Design, FLAME Client, participant_0, 40, X`de311a94.5ac54159.8e7ae434.321ec71e`ATTR`HostSAT`Host`MON::Set [Host]`Aspect=xADLCoreAspect&Position=1610.483`bb42af9e.ee894de6.a8870ee2.566cbbfe`Architecture`MON::Model [Architecture]`receiveEnergyCost=101.280000&receiveEnergyOverhead=64.990000&transmitEnergyCost=182.000000&transmitEnergyOverhead=217.000000````````````, ,
20141120_1650_58, Notification, XTEAM Engine, participant_0, 37, Simulation execution beginning, ,
20141120_1651_08, Notification, XTEAM Engine, participant_0, 34, Simulation execution completion, ,
20141120_1651_08, XTEAM, XTEAM Engine, participant_0, , ,
20141120_1651_08, XTEAM, XTEAM Engine, participant_0, , ,
20141120_1651_08, XTEAM, XTEAM Engine, participant_0, , ,
20141120_1651_14, Notification, XTEAM Engine, participant_0, 35, Simulation execution completion, ,
20141120_1651_14, XTEAM, XTEAM Engine, participant_0, , ,
20141120_1651_14, XTEAM, XTEAM Engine, participant_0, , ,
20141120_1651_14, XTEAM, XTEAM Engine, participant_0, , ,
20141120_1651_21, Notification, XTEAM Engine, participant_0, 36, Simulation execution completion, ,
20141120_1651_21, XTEAM, XTEAM Engine, participant_0, , ,
20141120_1651_21, XTEAM, XTEAM Engine, participant_0, , ,
20141120_1651_21, XTEAM, XTEAM Engine, participant_0, , ,
20141120_1651_26, Notification, XTEAM Engine, participant_0, 37, Simulation execution completion, ,
20141120_1651_26, XTEAM, XTEAM Engine, participant_0, , ,
20141120_1651_26, XTEAM, XTEAM Engine, participant_0, , ,
20141120_1651_26, XTEAM, XTEAM Engine, participant_0, , ,
20141120_1651_33, Snapshot, FLAME Client, participant_0, 41, ,
20141120_1651_35, Notification, XTEAM Engine, participant_1, 20, Simulation execution beginning, ,
20141120_1652_01, Notification, XTEAM Engine, participant_1, 20, Simulation execution completion, ,
20141120_1652_01, XTEAM, XTEAM Engine, participant_1, , ,
20141120_1652_01, XTEAM, XTEAM Engine, participant_1, , ,
20141120_1652_01, XTEAM, XTEAM Engine, participant_1, , ,
20141120_1652_20, Update, FLAME Client, participant_1, 21, ,
20141120_1653_20, Design, FLAME Client, participant_1, 22, X`64e3f498.f1114939.ba695f73.d07188e3`ATTR`perform`Task`MON::Model [Task]`Aspect=xADLBehaviorAspect&Position=308.301`d640f4b9.22e14264.b459176e.af6b895e`Process`MON::Model [Process]`executionTime=350&memoryUsage=27&taskInstruction=nextResult[thread_id] = new Result;|nextResult[thread_id]->getResultState().value() = 0;|nextResult[thread_id]->getResultID().value() = nextTask[thread_id]->getTaskID().value();|nextResult[thread_id]->getResultValue().value() = 1;````````````, ,
20141120_1653_21, Notification, XTEAM Engine, participant_1, 21, Simulation execution beginning, ,
20141120_1653_23, Design, FLAME Client, participant_1, 23, X`64e3f498.f1114939.ba695f73.d07188e3`ATTR`perform`Task`MON::Model [Task]`Aspect=xADLBehaviorAspect&Position=308.301`d640f4b9.22e14264.b459176e.af6b895e`Process`MON::Model [Process]`executionTime=350&memoryUsage=32&taskInstruction=nextResult[thread_id] = new Result;|nextResult[thread_id]->getResultState().value() = 0;|nextResult[thread_id]->getResultID().value() = nextTask[thread_id]->getTaskID().value();|nextResult[thread_id]->getResultValue().value() = 1;````````````, ,
20141120_1653_24, Notification, XTEAM Engine, participant_1, 22, Simulation execution beginning, ,
20141120_1653_38, Design, FLAME Client, participant_0, 42, X`3f426f4b.6d164164.816fe575.67a4324f`ATTR`generate`Task`MON::Model [Task]`Aspect=xADLBehaviorAspect&Position=294.259`37598ce1.81784bb5.996843e8.1d554a61`Process`MON::Model [Process]`executionTime=7&memoryUsage=3&taskInstruction=nextTask = new Task;|nextTask->getTaskState().value() = 0;|nextTask->getTaskID().value() = taskIDCounter->getNextTaskID().value()++;````````````, ,
20141120_1653_39, Notification, XTEAM Engine, participant_0, 38, Simulation execution beginning, ,
20141120_1653_43, Design, FLAME Client, participant_0, 43, X`3f426f4b.6d164164.816fe575.67a4324f`ATTR`generate`Task`MON::Model [Task]`Aspect=xADLBehaviorAspect&Position=294.259`37598ce1.81784bb5.996843e8.1d554a61`Process`MON::Model [Process]`executionTime=7&memoryUsage=5500&taskInstruction=nextTask = new Task;|nextTask->getTaskState().value() = 0;|nextTask->getTaskID().value() = taskIDCounter->getNextTaskID().value()++;````````````, ,
20141120_1653_44, Notification, XTEAM Engine, participant_0, 39, Simulation execution beginning, ,
20141120_1653_45, Design, FLAME Client, participant_1, 24, X`25fea250.79aa4baf.b62be506.e9d1819a`ATTR`Host_GCE`Host`MON::Set [Host]`Aspect=xADLCoreAspect&Position=161.560`bb42af9e.ee894de6.a8870ee2.566cbbfe`Architecture`MON::Model [Architecture]`receiveEnergyCost=150.010000&receiveEnergyOverhead=101.860000&transmitEnergyCost=312.000000&transmitEnergyOverhead=129.870000````````````, ,
20141120_1653_47, Notification, XTEAM Engine, participant_1, 23, Simulation execution beginning, ,
20141120_1653_47, Design, FLAME Client, participant_0, 44, X`3a60805b.3a524f70.a064acd1.88108a11`ATTR`generate`Task`MON::Model [Task]`Aspect=xADLBehaviorAspect&Position=301.259`fd961ab4.712348fe.91a8653d.18529735`Process`MON::Model [Process]`executionTime=8&memoryUsage=5500&taskInstruction=nextTask = new Task;|nextTask->getTaskState().value() = 0;|nextTask->getTaskID().value() = taskIDCounter->getNextTaskID().value()++;````````````, ,
20141120_1653_48, Notification, XTEAM Engine, participant_0, 40, Simulation execution beginning, ,
20141120_1653_51, Design, FLAME Client, participant_1, 25, X`25fea250.79aa4baf.b62be506.e9d1819a`ATTR`Host_GCE`Host`MON::Set [Host]`Aspect=xADLCoreAspect&Position=161.560`bb42af9e.ee894de6.a8870ee2.566cbbfe`Architecture`MON::Model [Architecture]`receiveEnergyCost=150.010000&receiveEnergyOverhead=101.860000&transmitEnergyCost=312.000000&transmitEnergyOverhead=341.000000````````````, ,
20141120_1653_51, Design, FLAME Client, participant_0, 45, X`3a60805b.3a524f70.a064acd1.88108a11`ATTR`generate`Task`MON::Model [Task]`Aspect=xADLBehaviorAspect&Position=301.259`fd961ab4.712348fe.91a8653d.18529735`Process`MON::Model [Process]`executionTime=8&memoryUsage=3&taskInstruction=nextTask = new Task;|nextTask->getTaskState().value() = 0;|nextTask->getTaskID().value() = taskIDCounter->getNextTaskID().value()++;````````````, ,
20141120_1653_52, Notification, XTEAM Engine, participant_1, 24, Simulation execution beginning, ,
20141120_1653_53, Notification, XTEAM Engine, participant_0, 41, Simulation execution beginning, ,
20141120_1653_53, Design, FLAME Client, participant_0, 46, X`176369f9.b385435c.b2d59a0f.66ba660c`REGISTRY`Host_SubsetSum`Host`MON::Set [Host]`Aspect=xADLCoreAspect&Position=1610.371`bb42af9e.ee894de6.a8870ee2.566cbbfe`Architecture`MON::Model [Architecture]`receiveEnergyCost=101.280000&receiveEnergyOverhead=64.990000&transmitEnergyCost=55.240000&transmitEnergyOverhead=82.450000````````````, ,
20141120_1653_54, Notification, XTEAM Engine, participant_0, 42, Simulation execution beginning, ,
20141120_1653_57, Notification, XTEAM Engine, participant_1, 21, Simulation execution completion, ,
20141120_1653_57, XTEAM, XTEAM Engine, participant_1, , ,
20141120_1653_57, XTEAM, XTEAM Engine, participant_1, , ,
20141120_1653_57, XTEAM, XTEAM Engine, participant_1, , ,
20141120_1654_02, Design, FLAME Client, participant_0, 47, X`176369f9.b385435c.b2d59a0f.66ba660c`ATTR`Host_SubsetSum`Host`MON::Set [Host]`Aspect=xADLCoreAspect&Position=1610.371`bb42af9e.ee894de6.a8870ee2.566cbbfe`Architecture`MON::Model [Architecture]`receiveEnergyCost=101.280000&receiveEnergyOverhead=64.990000&transmitEnergyCost=182.000000&transmitEnergyOverhead=82.450000````````````, ,
20141120_1654_03, Notification, XTEAM Engine, participant_1, 22, Simulation execution completion, ,
20141120_1654_03, XTEAM, XTEAM Engine, participant_1, , ,
20141120_1654_03, XTEAM, XTEAM Engine, participant_1, , ,
20141120_1654_03, XTEAM, XTEAM Engine, participant_1, , ,
20141120_1654_04, Notification, XTEAM Engine, participant_0, 43, Simulation execution beginning, ,
20141120_1654_07, Design, FLAME Client, participant_0, 48, X`176369f9.b385435c.b2d59a0f.66ba660c`ATTR`Host_SubsetSum`Host`MON::Set [Host]`Aspect=xADLCoreAspect&Position=1610.371`bb42af9e.ee894de6.a8870ee2.566cbbfe`Architecture`MON::Model [Architecture]`receiveEnergyCost=101.280000&receiveEnergyOverhead=64.990000&transmitEnergyCost=182.000000&transmitEnergyOverhead=217.000000````````````, ,
20141120_1654_08, Notification, XTEAM Engine, participant_0, 44, Simulation execution beginning, ,
20141120_1654_12, Design, FLAME Client, participant_0, 49, X`de311a94.5ac54159.8e7ae434.321ec71e`ATTR`HostSAT`Host`MON::Set [Host]`Aspect=xADLCoreAspect&Position=1610.483`bb42af9e.ee894de6.a8870ee2.566cbbfe`Architecture`MON::Model [Architecture]`receiveEnergyCost=101.280000&receiveEnergyOverhead=64.990000&transmitEnergyCost=55.240000&transmitEnergyOverhead=217.000000````````````, ,
20141120_1654_13, Notification, XTEAM Engine, participant_0, 45, Simulation execution beginning, ,
20141120_1654_19, Design, FLAME Client, participant_0, 50, X`de311a94.5ac54159.8e7ae434.321ec71e`ATTR`HostSAT`Host`MON::Set [Host]`Aspect=xADLCoreAspect&Position=1610.483`bb42af9e.ee894de6.a8870ee2.566cbbfe`Architecture`MON::Model [Architecture]`receiveEnergyCost=101.280000&receiveEnergyOverhead=64.990000&transmitEnergyCost=55.240000&transmitEnergyOverhead=82.450000````````````, ,
20141120_1654_21, Notification, XTEAM Engine, participant_0, 38, Simulation execution completion, ,
20141120_1654_21, XTEAM, XTEAM Engine, participant_0, , ,
20141120_1654_21, XTEAM, XTEAM Engine, participant_0, , ,
20141120_1654_21, XTEAM, XTEAM Engine, participant_0, , ,
20141120_1654_21, Notification, XTEAM Engine, participant_0, 46, Simulation execution beginning, ,
20141120_1654_25, Notification, XTEAM Engine, participant_0, 39, Simulation execution completion, ,
20141120_1654_25, XTEAM, XTEAM Engine, participant_0, , ,
20141120_1654_25, XTEAM, XTEAM Engine, participant_0, , ,
20141120_1654_25, XTEAM, XTEAM Engine, participant_0, , ,
20141120_1654_28, Notification, XTEAM Engine, participant_1, 23, Simulation execution completion, ,
20141120_1654_28, XTEAM, XTEAM Engine, participant_1, , ,
20141120_1654_28, XTEAM, XTEAM Engine, participant_1, , ,
20141120_1654_28, XTEAM, XTEAM Engine, participant_1, , ,
20141120_1654_29, Notification, XTEAM Engine, participant_0, 40, Simulation execution completion, ,
20141120_1654_29, XTEAM, XTEAM Engine, participant_0, , ,
20141120_1654_29, XTEAM, XTEAM Engine, participant_0, , ,
20141120_1654_29, XTEAM, XTEAM Engine, participant_0, , ,
20141120_1654_33, Notification, XTEAM Engine, participant_0, 41, Simulation execution completion, ,
20141120_1654_33, XTEAM, XTEAM Engine, participant_0, , ,
20141120_1654_33, XTEAM, XTEAM Engine, participant_0, , ,
20141120_1654_33, XTEAM, XTEAM Engine, participant_0, , ,
20141120_1654_35, Notification, XTEAM Engine, participant_1, 24, Simulation execution completion, ,
20141120_1654_35, XTEAM, XTEAM Engine, participant_1, , ,
20141120_1654_35, XTEAM, XTEAM Engine, participant_1, , ,
20141120_1654_35, XTEAM, XTEAM Engine, participant_1, , ,
20141120_1654_42, Snapshot, FLAME Client, participant_1, 26, ,
20141120_1654_44, Notification, XTEAM Engine, participant_0, 47, Simulation execution beginning, ,
20141120_1654_50, Update, FLAME Client, participant_0, 51, ,
20141120_1654_54, Notification, XTEAM Engine, participant_0, 42, Simulation execution completion, ,
20141120_1654_54, XTEAM, XTEAM Engine, participant_0, , ,
20141120_1654_54, XTEAM, XTEAM Engine, participant_0, , ,
20141120_1654_54, XTEAM, XTEAM Engine, participant_0, , ,
20141120_1655_00, Notification, XTEAM Engine, participant_0, 43, Simulation execution completion, ,
20141120_1655_00, XTEAM, XTEAM Engine, participant_0, , ,
20141120_1655_00, XTEAM, XTEAM Engine, participant_0, , ,
20141120_1655_00, XTEAM, XTEAM Engine, participant_0, , ,
20141120_1655_03, Notification, XTEAM Engine, participant_0, 44, Simulation execution completion, ,
20141120_1655_03, XTEAM, XTEAM Engine, participant_0, , ,
20141120_1655_03, XTEAM, XTEAM Engine, participant_0, , ,
20141120_1655_03, XTEAM, XTEAM Engine, participant_0, , ,
20141120_1655_06, Notification, XTEAM Engine, participant_0, 45, Simulation execution completion, ,
20141120_1655_06, XTEAM, XTEAM Engine, participant_0, , ,
20141120_1655_06, XTEAM, XTEAM Engine, participant_0, , ,
20141120_1655_06, XTEAM, XTEAM Engine, participant_0, , ,
20141120_1655_22, Notification, XTEAM Engine, participant_0, 46, Simulation execution completion, ,
20141120_1655_22, XTEAM, XTEAM Engine, participant_0, , ,
20141120_1655_22, XTEAM, XTEAM Engine, participant_0, , ,
20141120_1655_22, XTEAM, XTEAM Engine, participant_0, , ,
20141120_1655_27, Notification, XTEAM Engine, participant_0, 47, Simulation execution completion, ,
20141120_1655_27, XTEAM, XTEAM Engine, participant_0, , ,
20141120_1655_27, XTEAM, XTEAM Engine, participant_0, , ,
20141120_1655_27, XTEAM, XTEAM Engine, participant_0, , ,
20141120_1655_47, Snapshot, FLAME Client, participant_0, 52, ,
20141120_1655_49, Notification, XTEAM Engine, participant_1, 25, Simulation execution beginning, ,
20141120_1656_08, Update, FLAME Client, participant_1, 27, ,
20141120_1656_16, Notification, XTEAM Engine, participant_1, 25, Simulation execution completion, ,
20141120_1656_16, XTEAM, XTEAM Engine, participant_1, , ,
20141120_1656_16, XTEAM, XTEAM Engine, participant_1, , ,
20141120_1656_16, XTEAM, XTEAM Engine, participant_1, , ,
20141120_1656_38, Design, FLAME Client, participant_0, 53, X`de311a94.5ac54159.8e7ae434.321ec71e`ATTR`HostSAT`Host`MON::Set [Host]`Aspect=xADLCoreAspect&Position=1610.483`bb42af9e.ee894de6.a8870ee2.566cbbfe`Architecture`MON::Model [Architecture]`receiveEnergyCost=101.280000&receiveEnergyOverhead=64.990000&transmitEnergyCost=330.000000&transmitEnergyOverhead=82.450000````````````, ,
20141120_1656_39, Notification, XTEAM Engine, participant_0, 48, Simulation execution beginning, ,
20141120_1656_45, Design, FLAME Client, participant_0, 54, X`de311a94.5ac54159.8e7ae434.321ec71e`ATTR`HostSAT`Host`MON::Set [Host]`Aspect=xADLCoreAspect&Position=1610.483`bb42af9e.ee894de6.a8870ee2.566cbbfe`Architecture`MON::Model [Architecture]`receiveEnergyCost=101.280000&receiveEnergyOverhead=64.990000&transmitEnergyCost=330.000000&transmitEnergyOverhead=429.000000````````````, ,
20141120_1656_46, Notification, XTEAM Engine, participant_0, 49, Simulation execution beginning, ,
20141120_1657_00, Design, FLAME Client, participant_0, 55, X`3a60805b.3a524f70.a064acd1.88108a11`ATTR`generate`Task`MON::Model [Task]`Aspect=xADLBehaviorAspect&Position=301.259`fd961ab4.712348fe.91a8653d.18529735`Process`MON::Model [Process]`executionTime=6&memoryUsage=3&taskInstruction=nextTask = new Task;|nextTask->getTaskState().value() = 0;|nextTask->getTaskID().value() = taskIDCounter->getNextTaskID().value()++;````````````, ,
20141120_1657_01, Notification, XTEAM Engine, participant_0, 50, Simulation execution beginning, ,
20141120_1657_03, Design, FLAME Client, participant_0, 56, X`3a60805b.3a524f70.a064acd1.88108a11`ATTR`generate`Task`MON::Model [Task]`Aspect=xADLBehaviorAspect&Position=301.259`fd961ab4.712348fe.91a8653d.18529735`Process`MON::Model [Process]`executionTime=6&memoryUsage=11000&taskInstruction=nextTask = new Task;|nextTask->getTaskState().value() = 0;|nextTask->getTaskID().value() = taskIDCounter->getNextTaskID().value()++;````````````, ,
20141120_1657_04, Notification, XTEAM Engine, participant_0, 51, Simulation execution beginning, ,
20141120_1657_11, Notification, XTEAM Engine, participant_0, 48, Simulation execution completion, ,
20141120_1657_11, XTEAM, XTEAM Engine, participant_0, , ,
20141120_1657_11, XTEAM, XTEAM Engine, participant_0, , ,
20141120_1657_11, XTEAM, XTEAM Engine, participant_0, , ,
20141120_1657_19, Notification, XTEAM Engine, participant_0, 49, Simulation execution completion, ,
20141120_1657_19, XTEAM, XTEAM Engine, participant_0, , ,
20141120_1657_19, XTEAM, XTEAM Engine, participant_0, , ,
20141120_1657_19, XTEAM, XTEAM Engine, participant_0, , ,
20141120_1657_30, Notification, XTEAM Engine, participant_0, 50, Simulation execution completion, ,
20141120_1657_30, XTEAM, XTEAM Engine, participant_0, , ,
20141120_1657_30, XTEAM, XTEAM Engine, participant_0, , ,
20141120_1657_30, XTEAM, XTEAM Engine, participant_0, , ,
20141120_1657_34, Notification, XTEAM Engine, participant_0, 51, Simulation execution completion, ,
20141120_1657_34, XTEAM, XTEAM Engine, participant_0, , ,
20141120_1657_34, XTEAM, XTEAM Engine, participant_0, , ,
20141120_1657_34, XTEAM, XTEAM Engine, participant_0, , ,
20141120_1658_13, Snapshot, FLAME Client, participant_0, 57, ,
20141120_1658_14, Notification, XTEAM Engine, participant_1, 26, Simulation execution beginning, ,
20141120_1658_41, Notification, XTEAM Engine, participant_1, 26, Simulation execution completion, ,
20141120_1658_41, XTEAM, XTEAM Engine, participant_1, , ,
20141120_1658_41, XTEAM, XTEAM Engine, participant_1, , ,
20141120_1658_41, XTEAM, XTEAM Engine, participant_1, , ,
20141120_1659_45, Design, FLAME Client, participant_0, 58, X`176369f9.b385435c.b2d59a0f.66ba660c`ATTR`Host_SubsetSum`Host`MON::Set [Host]`Aspect=xADLCoreAspect&Position=1610.371`bb42af9e.ee894de6.a8870ee2.566cbbfe`Architecture`MON::Model [Architecture]`receiveEnergyCost=101.280000&receiveEnergyOverhead=64.990000&transmitEnergyCost=55.270000&transmitEnergyOverhead=217.000000````````````, ,
20141120_1659_46, Notification, XTEAM Engine, participant_0, 52, Simulation execution beginning, ,
20141120_1659_54, Design, FLAME Client, participant_0, 59, X`176369f9.b385435c.b2d59a0f.66ba660c`ATTR`Host_SubsetSum`Host`MON::Set [Host]`Aspect=xADLCoreAspect&Position=1610.371`bb42af9e.ee894de6.a8870ee2.566cbbfe`Architecture`MON::Model [Architecture]`receiveEnergyCost=101.280000&receiveEnergyOverhead=64.990000&transmitEnergyCost=55.270000&transmitEnergyOverhead=82.450000````````````, ,
20141120_1659_55, Notification, XTEAM Engine, participant_0, 53, Simulation execution beginning, ,
20141120_1659_58, Design, FLAME Client, participant_0, 60, X`3f426f4b.6d164164.816fe575.67a4324f`ATTR`generate`Task`MON::Model [Task]`Aspect=xADLBehaviorAspect&Position=294.259`37598ce1.81784bb5.996843e8.1d554a61`Process`MON::Model [Process]`executionTime=8&memoryUsage=5500&taskInstruction=nextTask = new Task;|nextTask->getTaskState().value() = 0;|nextTask->getTaskID().value() = taskIDCounter->getNextTaskID().value()++;````````````, ,
20141120_1659_59, Notification, XTEAM Engine, participant_0, 54, Simulation execution beginning, ,
20141120_1700_01, Design, FLAME Client, participant_0, 61, X`3f426f4b.6d164164.816fe575.67a4324f`ATTR`generate`Task`MON::Model [Task]`Aspect=xADLBehaviorAspect&Position=294.259`37598ce1.81784bb5.996843e8.1d554a61`Process`MON::Model [Process]`executionTime=8&memoryUsage=3&taskInstruction=nextTask = new Task;|nextTask->getTaskState().value() = 0;|nextTask->getTaskID().value() = taskIDCounter->getNextTaskID().value()++;````````````, ,
20141120_1700_02, Notification, XTEAM Engine, participant_0, 55, Simulation execution beginning, ,
20141120_1700_20, Notification, XTEAM Engine, participant_0, 52, Simulation execution completion, ,
20141120_1700_20, XTEAM, XTEAM Engine, participant_0, , ,
20141120_1700_20, XTEAM, XTEAM Engine, participant_0, , ,
20141120_1700_20, XTEAM, XTEAM Engine, participant_0, , ,
20141120_1700_29, Notification, XTEAM Engine, participant_0, 53, Simulation execution completion, ,
20141120_1700_29, XTEAM, XTEAM Engine, participant_0, , ,
20141120_1700_29, XTEAM, XTEAM Engine, participant_0, , ,
20141120_1700_29, XTEAM, XTEAM Engine, participant_0, , ,
20141120_1700_33, Notification, XTEAM Engine, participant_0, 54, Simulation execution completion, ,
20141120_1700_33, XTEAM, XTEAM Engine, participant_0, , ,
20141120_1700_33, XTEAM, XTEAM Engine, participant_0, , ,
20141120_1700_33, XTEAM, XTEAM Engine, participant_0, , ,
20141120_1700_34, Notification, XTEAM Engine, participant_0, 55, Simulation execution completion, ,
20141120_1700_34, XTEAM, XTEAM Engine, participant_0, , ,
20141120_1700_34, XTEAM, XTEAM Engine, participant_0, , ,
20141120_1700_34, XTEAM, XTEAM Engine, participant_0, , ,
20141120_1700_37, Snapshot, FLAME Client, participant_0, 62, ,
20141120_1700_38, Notification, XTEAM Engine, participant_1, 27, Simulation execution beginning, ,
20141120_1701_06, Notification, XTEAM Engine, participant_1, 27, Simulation execution completion, ,
20141120_1701_06, XTEAM, XTEAM Engine, participant_1, , ,
20141120_1701_06, XTEAM, XTEAM Engine, participant_1, , ,
20141120_1701_06, XTEAM, XTEAM Engine, participant_1, , ,
20141120_1701_23, Update, FLAME Client, participant_1, 28, ,
