TIME, Event name, OriginComponent, SenderUsername, EventID, ,
20140401_1703_25, Snapshot, CoWare XTEAM Client, participant_0, 3, ,
20140401_1704_51, Snapshot, CoWare XTEAM Client, participant_1, 15, ,
20140401_1704_59, Snapshot, CoWare XTEAM Client, participant_0, 10, ,
20140401_1705_08, Snapshot, CoWare XTEAM Client, participant_1, 16, ,
20140401_1705_30, Snapshot, CoWare XTEAM Client, participant_0, 13, ,
20140401_1706_13, Snapshot, CoWare XTEAM Client, participant_0, 14, ,
20140401_1716_53, Snapshot, CoWare XTEAM Client, participant_0, 15, ,
20140401_1722_42, Snapshot, CoWare XTEAM Client, participant_1, 23, ,
20140401_1722_50, Snapshot, CoWare XTEAM Client, participant_1, 25, ,
20140401_1722_50, Snapshot, CoWare XTEAM Client, participant_1, 26, ,
20140401_1723_09, Snapshot, CoWare XTEAM Client, participant_1, 28, ,
20140401_1728_01, Snapshot, CoWare XTEAM Client, participant_1, 33, ,
20140401_1728_02, Snapshot, CoWare XTEAM Client, participant_1, 34, ,
