TIME, Event name, OriginComponent, SenderUsername, EventID, ,
20140329_2014_28, Snapshot, CoWare XTEAM Client, participant_0, 11, ,
20140329_2014_36, Snapshot, CoWare XTEAM Client, participant_0, 12, ,
20140329_2015_07, Snapshot, CoWare XTEAM Client, participant_0, 14, ,
20140329_2015_23, Snapshot, CoWare XTEAM Client, participant_0, 15, ,
20140329_2015_34, Snapshot, CoWare XTEAM Client, participant_0, 16, ,
20140329_2015_35, Snapshot, CoWare XTEAM Client, participant_0, 17, ,
20140329_2015_35, Snapshot, CoWare XTEAM Client, participant_0, 18, ,
20140329_2015_35, Snapshot, CoWare XTEAM Client, participant_0, 19, ,
20140329_2015_36, Snapshot, CoWare XTEAM Client, participant_0, 20, ,
20140329_2015_37, Snapshot, CoWare XTEAM Client, participant_0, 21, ,
20140329_2015_37, Snapshot, CoWare XTEAM Client, participant_0, 22, ,
20140329_2018_58, Snapshot, CoWare XTEAM Client, participant_0, 23, ,
20140329_2018_59, Snapshot, CoWare XTEAM Client, participant_0, 24, ,
