TIME, Event name, OriginComponent, SenderUsername, EventID, Value, ,
20141128_1616_50, Login, FLAME Client, participant_0, , ,
20141128_1616_53, Login, XTEAM Engine, participant_0, , ,
20141128_1617_12, Login, FLAME Client, participant_1, , ,
20141128_1617_15, Login, XTEAM Engine, participant_1, , ,
20141128_1618_50, Design, FLAME Client, participant_1, 1, X`de311a94.5ac54159.8e7ae434.321ec71e`ATTR`HostSAT`Host`MON::Set [Host]`Aspect=xADLCoreAspect&Position=1610.497`bb42af9e.ee894de6.a8870ee2.566cbbfe`Architecture`MON::Model [Architecture]`receiveEnergyCost=101.280000&receiveEnergyOverhead=64.990000&transmitEnergyCost=182.000000&transmitEnergyOverhead=82.450000````````````, ,
20141128_1618_51, Notification, XTEAM Engine, participant_1, 1, Simulation execution beginning, ,
20141128_1618_55, Design, FLAME Client, participant_1, 2, X`de311a94.5ac54159.8e7ae434.321ec71e`ATTR`HostSAT`Host`MON::Set [Host]`Aspect=xADLCoreAspect&Position=1610.497`bb42af9e.ee894de6.a8870ee2.566cbbfe`Architecture`MON::Model [Architecture]`receiveEnergyCost=101.280000&receiveEnergyOverhead=64.990000&transmitEnergyCost=182.000000&transmitEnergyOverhead=217.000000````````````, ,
20141128_1618_56, Notification, XTEAM Engine, participant_1, 2, Simulation execution beginning, ,
20141128_1618_59, Design, FLAME Client, participant_1, 3, X`176369f9.b385435c.b2d59a0f.66ba660c`ATTR`Host_SubsetSum`Host`MON::Set [Host]`Aspect=xADLCoreAspect&Position=1610.385`bb42af9e.ee894de6.a8870ee2.566cbbfe`Architecture`MON::Model [Architecture]`receiveEnergyCost=101.280000&receiveEnergyOverhead=64.990000&transmitEnergyCost=182.000000&transmitEnergyOverhead=82.450000````````````, ,
20141128_1619_00, Notification, XTEAM Engine, participant_1, 3, Simulation execution beginning, ,
20141128_1619_03, Design, FLAME Client, participant_1, 4, X`176369f9.b385435c.b2d59a0f.66ba660c`ATTR`Host_SubsetSum`Host`MON::Set [Host]`Aspect=xADLCoreAspect&Position=1610.385`bb42af9e.ee894de6.a8870ee2.566cbbfe`Architecture`MON::Model [Architecture]`receiveEnergyCost=101.280000&receiveEnergyOverhead=64.990000&transmitEnergyCost=182.000000&transmitEnergyOverhead=217.000000````````````, ,
20141128_1619_04, Notification, XTEAM Engine, participant_1, 4, Simulation execution beginning, ,
20141128_1619_30, Design, FLAME Client, participant_1, 5, X`3f426f4b.6d164164.816fe575.67a4324f`ATTR`generate`Task`MON::Model [Task]`Aspect=xADLBehaviorAspect&Position=301.259`37598ce1.81784bb5.996843e8.1d554a61`Process`MON::Model [Process]`executionTime=7&memoryUsage=3&taskInstruction=nextTask = new Task;|nextTask->getTaskState().value() = 0;|nextTask->getTaskID().value() = taskIDCounter->getNextTaskID().value()++;````````````, ,
20141128_1619_31, Notification, XTEAM Engine, participant_1, 5, Simulation execution beginning, ,
20141128_1619_32, Notification, XTEAM Engine, participant_1, 1, Simulation execution completion, ,
20141128_1619_32, XTEAM, XTEAM Engine, participant_1, , ,
20141128_1619_32, XTEAM, XTEAM Engine, participant_1, , ,
20141128_1619_32, XTEAM, XTEAM Engine, participant_1, , ,
20141128_1619_35, Design, FLAME Client, participant_1, 6, X`3f426f4b.6d164164.816fe575.67a4324f`ATTR`generate`Task`MON::Model [Task]`Aspect=xADLBehaviorAspect&Position=301.259`37598ce1.81784bb5.996843e8.1d554a61`Process`MON::Model [Process]`executionTime=7&memoryUsage=5500&taskInstruction=nextTask = new Task;|nextTask->getTaskState().value() = 0;|nextTask->getTaskID().value() = taskIDCounter->getNextTaskID().value()++;````````````, ,
20141128_1619_37, Notification, XTEAM Engine, participant_1, 2, Simulation execution completion, ,
20141128_1619_37, XTEAM, XTEAM Engine, participant_1, , ,
20141128_1619_37, XTEAM, XTEAM Engine, participant_1, , ,
20141128_1619_37, XTEAM, XTEAM Engine, participant_1, , ,
20141128_1619_37, Notification, XTEAM Engine, participant_1, 6, Simulation execution beginning, ,
20141128_1619_40, Notification, XTEAM Engine, participant_1, 3, Simulation execution completion, ,
20141128_1619_40, XTEAM, XTEAM Engine, participant_1, , ,
20141128_1619_40, XTEAM, XTEAM Engine, participant_1, , ,
20141128_1619_40, XTEAM, XTEAM Engine, participant_1, , ,
20141128_1619_43, Notification, XTEAM Engine, participant_1, 4, Simulation execution completion, ,
20141128_1619_43, XTEAM, XTEAM Engine, participant_1, , ,
20141128_1619_43, XTEAM, XTEAM Engine, participant_1, , ,
20141128_1619_43, XTEAM, XTEAM Engine, participant_1, , ,
20141128_1619_45, Design, FLAME Client, participant_1, 7, X`3a60805b.3a524f70.a064acd1.88108a11`ATTR`generate`Task`MON::Model [Task]`Aspect=xADLBehaviorAspect&Position=301.259`fd961ab4.712348fe.91a8653d.18529735`Process`MON::Model [Process]`executionTime=7&memoryUsage=3&taskInstruction=nextTask = new Task;|nextTask->getTaskState().value() = 0;|nextTask->getTaskID().value() = taskIDCounter->getNextTaskID().value()++;````````````, ,
20141128_1619_46, Notification, XTEAM Engine, participant_1, 7, Simulation execution beginning, ,
20141128_1619_49, Design, FLAME Client, participant_1, 8, X`3a60805b.3a524f70.a064acd1.88108a11`ATTR`generate`Task`MON::Model [Task]`Aspect=xADLBehaviorAspect&Position=301.259`fd961ab4.712348fe.91a8653d.18529735`Process`MON::Model [Process]`executionTime=7&memoryUsage=5500&taskInstruction=nextTask = new Task;|nextTask->getTaskState().value() = 0;|nextTask->getTaskID().value() = taskIDCounter->getNextTaskID().value()++;````````````, ,
20141128_1619_51, Notification, XTEAM Engine, participant_1, 8, Simulation execution beginning, ,
20141128_1620_09, Notification, XTEAM Engine, participant_1, 5, Simulation execution completion, ,
20141128_1620_09, XTEAM, XTEAM Engine, participant_1, , ,
20141128_1620_09, XTEAM, XTEAM Engine, participant_1, , ,
20141128_1620_09, XTEAM, XTEAM Engine, participant_1, , ,
20141128_1620_13, Notification, XTEAM Engine, participant_1, 6, Simulation execution completion, ,
20141128_1620_13, XTEAM, XTEAM Engine, participant_1, , ,
20141128_1620_13, XTEAM, XTEAM Engine, participant_1, , ,
20141128_1620_13, XTEAM, XTEAM Engine, participant_1, , ,
20141128_1620_21, Notification, XTEAM Engine, participant_1, 7, Simulation execution completion, ,
20141128_1620_21, XTEAM, XTEAM Engine, participant_1, , ,
20141128_1620_21, XTEAM, XTEAM Engine, participant_1, , ,
20141128_1620_21, XTEAM, XTEAM Engine, participant_1, , ,
20141128_1620_24, Notification, XTEAM Engine, participant_1, 8, Simulation execution completion, ,
20141128_1620_24, XTEAM, XTEAM Engine, participant_1, , ,
20141128_1620_24, XTEAM, XTEAM Engine, participant_1, , ,
20141128_1620_24, XTEAM, XTEAM Engine, participant_1, , ,
20141128_1626_02, Design, FLAME Client, participant_0, 1, X`3f426f4b.6d164164.816fe575.67a4324f`ATTR`generate`Task`MON::Model [Task]`Aspect=xADLBehaviorAspect&Position=301.259`37598ce1.81784bb5.996843e8.1d554a61`Process`MON::Model [Process]`executionTime=350&memoryUsage=3&taskInstruction=nextTask = new Task;|nextTask->getTaskState().value() = 0;|nextTask->getTaskID().value() = taskIDCounter->getNextTaskID().value()++;````````````, ,
20141128_1626_03, Notification, XTEAM Engine, participant_0, 1, Simulation execution beginning, ,
20141128_1626_11, Design, FLAME Client, participant_0, 2, X`3f426f4b.6d164164.816fe575.67a4324f`ATTR`generate`Task`MON::Model [Task]`Aspect=xADLBehaviorAspect&Position=301.259`37598ce1.81784bb5.996843e8.1d554a61`Process`MON::Model [Process]`executionTime=350&memoryUsage=32&taskInstruction=nextTask = new Task;|nextTask->getTaskState().value() = 0;|nextTask->getTaskID().value() = taskIDCounter->getNextTaskID().value()++;````````````, ,
20141128_1626_12, Notification, XTEAM Engine, participant_0, 2, Simulation execution beginning, ,
20141128_1626_24, Design, FLAME Client, participant_0, 3, X`176369f9.b385435c.b2d59a0f.66ba660c`ATTR`Host_SubsetSum`Host`MON::Set [Host]`Aspect=xADLCoreAspect&Position=1610.385`bb42af9e.ee894de6.a8870ee2.566cbbfe`Architecture`MON::Model [Architecture]`receiveEnergyCost=101.280000&receiveEnergyOverhead=64.990000&transmitEnergyCost=312.000000&transmitEnergyOverhead=82.450000````````````, ,
20141128_1626_25, Notification, XTEAM Engine, participant_0, 3, Simulation execution beginning, ,
20141128_1626_30, Design, FLAME Client, participant_0, 4, X`176369f9.b385435c.b2d59a0f.66ba660c`ATTR`Host_SubsetSum`Host`MON::Set [Host]`Aspect=xADLCoreAspect&Position=1610.385`bb42af9e.ee894de6.a8870ee2.566cbbfe`Architecture`MON::Model [Architecture]`receiveEnergyCost=101.280000&receiveEnergyOverhead=64.990000&transmitEnergyCost=312.000000&transmitEnergyOverhead=341.000000````````````, ,
20141128_1626_31, Notification, XTEAM Engine, participant_0, 4, Simulation execution beginning, ,
20141128_1626_39, Notification, XTEAM Engine, participant_0, 1, Simulation execution completion, ,
20141128_1626_39, XTEAM, XTEAM Engine, participant_0, , ,
20141128_1626_39, XTEAM, XTEAM Engine, participant_0, , ,
20141128_1626_39, XTEAM, XTEAM Engine, participant_0, , ,
20141128_1626_47, Notification, XTEAM Engine, participant_0, 2, Simulation execution completion, ,
20141128_1626_47, XTEAM, XTEAM Engine, participant_0, , ,
20141128_1626_47, XTEAM, XTEAM Engine, participant_0, , ,
20141128_1626_47, XTEAM, XTEAM Engine, participant_0, , ,
20141128_1626_47, Design, FLAME Client, participant_0, 5, X`176369f9.b385435c.b2d59a0f.66ba660c`ATTR`Host_SubsetSum`Host`MON::Set [Host]`Aspect=xADLCoreAspect&Position=1610.385`bb42af9e.ee894de6.a8870ee2.566cbbfe`Architecture`MON::Model [Architecture]`receiveEnergyCost=150.010000&receiveEnergyOverhead=64.990000&transmitEnergyCost=312.000000&transmitEnergyOverhead=341.000000````````````, ,
20141128_1626_49, Notification, XTEAM Engine, participant_0, 5, Simulation execution beginning, ,
20141128_1626_58, Notification, XTEAM Engine, participant_0, 3, Simulation execution completion, ,
20141128_1626_58, XTEAM, XTEAM Engine, participant_0, , ,
20141128_1626_58, XTEAM, XTEAM Engine, participant_0, , ,
20141128_1626_58, XTEAM, XTEAM Engine, participant_0, , ,
20141128_1626_59, Design, FLAME Client, participant_0, 6, X`176369f9.b385435c.b2d59a0f.66ba660c`ATTR`Host_SubsetSum`Host`MON::Set [Host]`Aspect=xADLCoreAspect&Position=1610.385`bb42af9e.ee894de6.a8870ee2.566cbbfe`Architecture`MON::Model [Architecture]`receiveEnergyCost=150.010000&receiveEnergyOverhead=101.860000&transmitEnergyCost=312.000000&transmitEnergyOverhead=341.000000````````````, ,
20141128_1627_01, Notification, XTEAM Engine, participant_0, 6, Simulation execution beginning, ,
20141128_1627_03, Notification, XTEAM Engine, participant_0, 4, Simulation execution completion, ,
20141128_1627_03, XTEAM, XTEAM Engine, participant_0, , ,
20141128_1627_03, XTEAM, XTEAM Engine, participant_0, , ,
20141128_1627_03, XTEAM, XTEAM Engine, participant_0, , ,
20141128_1627_09, Design, FLAME Client, participant_0, 7, X`3a60805b.3a524f70.a064acd1.88108a11`ATTR`generate`Task`MON::Model [Task]`Aspect=xADLBehaviorAspect&Position=301.259`fd961ab4.712348fe.91a8653d.18529735`Process`MON::Model [Process]`executionTime=350&memoryUsage=3&taskInstruction=nextTask = new Task;|nextTask->getTaskState().value() = 0;|nextTask->getTaskID().value() = taskIDCounter->getNextTaskID().value()++;````````````, ,
20141128_1627_11, Design, FLAME Client, participant_0, 8, X`3a60805b.3a524f70.a064acd1.88108a11`ATTR`generate`Task`MON::Model [Task]`Aspect=xADLBehaviorAspect&Position=301.259`fd961ab4.712348fe.91a8653d.18529735`Process`MON::Model [Process]`executionTime=350&memoryUsage=32&taskInstruction=nextTask = new Task;|nextTask->getTaskState().value() = 0;|nextTask->getTaskID().value() = taskIDCounter->getNextTaskID().value()++;````````````, ,
20141128_1627_11, Notification, XTEAM Engine, participant_0, 7, Simulation execution beginning, ,
20141128_1627_13, Notification, XTEAM Engine, participant_0, 8, Simulation execution beginning, ,
20141128_1627_22, Notification, XTEAM Engine, participant_0, 5, Simulation execution completion, ,
20141128_1627_23, XTEAM, XTEAM Engine, participant_0, , ,
20141128_1627_23, XTEAM, XTEAM Engine, participant_0, , ,
20141128_1627_23, XTEAM, XTEAM Engine, participant_0, , ,
20141128_1627_27, Design, FLAME Client, participant_0, 9, X`de311a94.5ac54159.8e7ae434.321ec71e`ATTR`HostSAT`Host`MON::Set [Host]`Aspect=xADLCoreAspect&Position=1610.497`bb42af9e.ee894de6.a8870ee2.566cbbfe`Architecture`MON::Model [Architecture]`receiveEnergyCost=101.280000&receiveEnergyOverhead=64.990000&transmitEnergyCost=312.000000&transmitEnergyOverhead=82.450000````````````, ,
20141128_1627_28, Notification, XTEAM Engine, participant_0, 9, Simulation execution beginning, ,
20141128_1627_30, Design, FLAME Client, participant_0, 10, X`de311a94.5ac54159.8e7ae434.321ec71e`ATTR`HostSAT`Host`MON::Set [Host]`Aspect=xADLCoreAspect&Position=1610.497`bb42af9e.ee894de6.a8870ee2.566cbbfe`Architecture`MON::Model [Architecture]`receiveEnergyCost=101.280000&receiveEnergyOverhead=64.990000&transmitEnergyCost=312.000000&transmitEnergyOverhead=341.000000````````````, ,
20141128_1627_31, Notification, XTEAM Engine, participant_0, 10, Simulation execution beginning, ,
20141128_1627_38, Notification, XTEAM Engine, participant_0, 6, Simulation execution completion, ,
20141128_1627_38, Design, FLAME Client, participant_0, 11, X`de311a94.5ac54159.8e7ae434.321ec71e`ATTR`HostSAT`Host`MON::Set [Host]`Aspect=xADLCoreAspect&Position=1610.497`bb42af9e.ee894de6.a8870ee2.566cbbfe`Architecture`MON::Model [Architecture]`receiveEnergyCost=150.010000&receiveEnergyOverhead=64.990000&transmitEnergyCost=312.000000&transmitEnergyOverhead=341.000000````````````, ,
20141128_1627_38, XTEAM, XTEAM Engine, participant_0, , ,
20141128_1627_38, XTEAM, XTEAM Engine, participant_0, , ,
20141128_1627_38, XTEAM, XTEAM Engine, participant_0, , ,
20141128_1627_39, Notification, XTEAM Engine, participant_0, 11, Simulation execution beginning, ,
20141128_1627_47, Design, FLAME Client, participant_0, 12, X`de311a94.5ac54159.8e7ae434.321ec71e`ATTR`HostSAT`Host`MON::Set [Host]`Aspect=xADLCoreAspect&Position=1610.497`bb42af9e.ee894de6.a8870ee2.566cbbfe`Architecture`MON::Model [Architecture]`receiveEnergyCost=150.010000&receiveEnergyOverhead=101.860000&transmitEnergyCost=312.000000&transmitEnergyOverhead=341.000000````````````, ,
20141128_1627_48, Notification, XTEAM Engine, participant_0, 7, Simulation execution completion, ,
20141128_1627_48, XTEAM, XTEAM Engine, participant_0, , ,
20141128_1627_48, XTEAM, XTEAM Engine, participant_0, , ,
20141128_1627_48, XTEAM, XTEAM Engine, participant_0, , ,
20141128_1627_48, Notification, XTEAM Engine, participant_0, 12, Simulation execution beginning, ,
20141128_1627_50, Notification, XTEAM Engine, participant_0, 8, Simulation execution completion, ,
20141128_1627_50, XTEAM, XTEAM Engine, participant_0, , ,
20141128_1627_50, XTEAM, XTEAM Engine, participant_0, , ,
20141128_1627_50, XTEAM, XTEAM Engine, participant_0, , ,
20141128_1628_07, Notification, XTEAM Engine, participant_0, 9, Simulation execution completion, ,
20141128_1628_07, XTEAM, XTEAM Engine, participant_0, , ,
20141128_1628_07, XTEAM, XTEAM Engine, participant_0, , ,
20141128_1628_07, XTEAM, XTEAM Engine, participant_0, , ,
20141128_1628_12, Notification, XTEAM Engine, participant_0, 10, Simulation execution completion, ,
20141128_1628_12, XTEAM, XTEAM Engine, participant_0, , ,
20141128_1628_12, XTEAM, XTEAM Engine, participant_0, , ,
20141128_1628_12, XTEAM, XTEAM Engine, participant_0, , ,
20141128_1628_20, Notification, XTEAM Engine, participant_0, 11, Simulation execution completion, ,
20141128_1628_20, XTEAM, XTEAM Engine, participant_0, , ,
20141128_1628_21, XTEAM, XTEAM Engine, participant_0, , ,
20141128_1628_21, XTEAM, XTEAM Engine, participant_0, , ,
20141128_1628_21, Notification, XTEAM Engine, participant_0, 12, Simulation execution completion, ,
20141128_1628_21, XTEAM, XTEAM Engine, participant_0, , ,
20141128_1628_21, XTEAM, XTEAM Engine, participant_0, , ,
20141128_1628_21, XTEAM, XTEAM Engine, participant_0, , ,
20141128_1630_26, Snapshot, FLAME Client, participant_0, 13, ,
20141128_1630_29, Notification, XTEAM Engine, participant_1, 9, Simulation execution beginning, ,
20141128_1630_57, Notification, XTEAM Engine, participant_1, 9, Simulation execution completion, ,
20141128_1630_57, XTEAM, XTEAM Engine, participant_1, , ,
20141128_1630_57, XTEAM, XTEAM Engine, participant_1, , ,
20141128_1630_57, XTEAM, XTEAM Engine, participant_1, , ,
20141128_1631_16, Update, FLAME Client, participant_1, 9, ,
20141128_1633_32, Design, FLAME Client, participant_1, 10, X`cdc6010e.7cf74d31.85daf3c3.1e9a4be8`REGISTRY`Host_Client`Host`MON::Set [Host]`Aspect=xADLCoreAspect&Position=14.553`bb42af9e.ee894de6.a8870ee2.566cbbfe`Architecture`MON::Model [Architecture]`receiveEnergyCost=150.010000&receiveEnergyOverhead=101.860000&transmitEnergyCost=105.110000&transmitEnergyOverhead=129.870000````````````, ,
20141128_1633_33, Notification, XTEAM Engine, participant_1, 10, Simulation execution beginning, ,
20141128_1634_02, Notification, XTEAM Engine, participant_1, 10, Simulation execution completion, ,
20141128_1634_02, XTEAM, XTEAM Engine, participant_1, , ,
20141128_1634_02, XTEAM, XTEAM Engine, participant_1, , ,
20141128_1634_02, XTEAM, XTEAM Engine, participant_1, , ,
20141128_1634_33, Design, FLAME Client, participant_0, 14, X`4c379791.2eea468a.a8abbb1d.e5fba9bb`ATTR`perform`Task`MON::Model [Task]`Aspect=xADLBehaviorAspect&Position=336.217`c270ab26.2fff4b88.bf50a288.2d000ee5`Process`MON::Model [Process]`executionTime=350&memoryUsage=27&taskInstruction=nextResult[thread_id] = new Result;|nextResult[thread_id]->getResultState().value() = 0;|nextResult[thread_id]->getResultID().value() = nextTask[thread_id]->getTaskID().value();|nextResult[thread_id]->getResultValue().value() = 1;````````````, ,
20141128_1634_34, Notification, XTEAM Engine, participant_0, 13, Simulation execution beginning, ,
20141128_1634_36, Design, FLAME Client, participant_0, 15, X`4c379791.2eea468a.a8abbb1d.e5fba9bb`ATTR`perform`Task`MON::Model [Task]`Aspect=xADLBehaviorAspect&Position=336.217`c270ab26.2fff4b88.bf50a288.2d000ee5`Process`MON::Model [Process]`executionTime=350&memoryUsage=32&taskInstruction=nextResult[thread_id] = new Result;|nextResult[thread_id]->getResultState().value() = 0;|nextResult[thread_id]->getResultID().value() = nextTask[thread_id]->getTaskID().value();|nextResult[thread_id]->getResultValue().value() = 1;````````````, ,
20141128_1634_37, Notification, XTEAM Engine, participant_0, 14, Simulation execution beginning, ,
20141128_1634_50, Design, FLAME Client, participant_1, 11, X`176369f9.b385435c.b2d59a0f.66ba660c`ATTR`Host_SubsetSum`Host`MON::Set [Host]`Aspect=xADLCoreAspect&Position=1610.385`bb42af9e.ee894de6.a8870ee2.566cbbfe`Architecture`MON::Model [Architecture]`receiveEnergyCost=150.010000&receiveEnergyOverhead=101.860000&transmitEnergyCost=182.000000&transmitEnergyOverhead=341.000000````````````, ,
20141128_1634_51, Notification, XTEAM Engine, participant_1, 11, Simulation execution beginning, ,
20141128_1634_55, Design, FLAME Client, participant_1, 12, X`176369f9.b385435c.b2d59a0f.66ba660c`ATTR`Host_SubsetSum`Host`MON::Set [Host]`Aspect=xADLCoreAspect&Position=1610.385`bb42af9e.ee894de6.a8870ee2.566cbbfe`Architecture`MON::Model [Architecture]`receiveEnergyCost=150.010000&receiveEnergyOverhead=101.860000&transmitEnergyCost=182.000000&transmitEnergyOverhead=217.000000````````````, ,
20141128_1634_56, Notification, XTEAM Engine, participant_1, 12, Simulation execution beginning, ,
20141128_1635_07, Design, FLAME Client, participant_1, 13, X`176369f9.b385435c.b2d59a0f.66ba660c`ATTR`Host_SubsetSum`Host`MON::Set [Host]`Aspect=xADLCoreAspect&Position=1610.385`bb42af9e.ee894de6.a8870ee2.566cbbfe`Architecture`MON::Model [Architecture]`receiveEnergyCost=101.280000&receiveEnergyOverhead=101.860000&transmitEnergyCost=182.000000&transmitEnergyOverhead=217.000000````````````, ,
20141128_1635_09, Notification, XTEAM Engine, participant_1, 13, Simulation execution beginning, ,
20141128_1635_09, Notification, XTEAM Engine, participant_0, 13, Simulation execution completion, ,
20141128_1635_09, XTEAM, XTEAM Engine, participant_0, , ,
20141128_1635_09, XTEAM, XTEAM Engine, participant_0, , ,
20141128_1635_09, XTEAM, XTEAM Engine, participant_0, , ,
20141128_1635_11, Design, FLAME Client, participant_1, 14, X`176369f9.b385435c.b2d59a0f.66ba660c`ATTR`Host_SubsetSum`Host`MON::Set [Host]`Aspect=xADLCoreAspect&Position=1610.385`bb42af9e.ee894de6.a8870ee2.566cbbfe`Architecture`MON::Model [Architecture]`receiveEnergyCost=101.280000&receiveEnergyOverhead=6.000000&transmitEnergyCost=182.000000&transmitEnergyOverhead=217.000000````````````, ,
20141128_1635_13, Notification, XTEAM Engine, participant_1, 14, Simulation execution beginning, ,
20141128_1635_14, Notification, XTEAM Engine, participant_0, 14, Simulation execution completion, ,
20141128_1635_14, Design, FLAME Client, participant_1, 15, X`176369f9.b385435c.b2d59a0f.66ba660c`ATTR`Host_SubsetSum`Host`MON::Set [Host]`Aspect=xADLCoreAspect&Position=1610.385`bb42af9e.ee894de6.a8870ee2.566cbbfe`Architecture`MON::Model [Architecture]`receiveEnergyCost=101.280000&receiveEnergyOverhead=6.000000&transmitEnergyCost=182.000000&transmitEnergyOverhead=217.000000````````````, ,
20141128_1635_14, XTEAM, XTEAM Engine, participant_0, , ,
20141128_1635_14, XTEAM, XTEAM Engine, participant_0, , ,
20141128_1635_14, XTEAM, XTEAM Engine, participant_0, , ,
20141128_1635_15, Notification, XTEAM Engine, participant_1, 15, Simulation execution beginning, ,
20141128_1635_18, Design, FLAME Client, participant_1, 16, X`176369f9.b385435c.b2d59a0f.66ba660c`ATTR`Host_SubsetSum`Host`MON::Set [Host]`Aspect=xADLCoreAspect&Position=1610.385`bb42af9e.ee894de6.a8870ee2.566cbbfe`Architecture`MON::Model [Architecture]`receiveEnergyCost=101.280000&receiveEnergyOverhead=64.990000&transmitEnergyCost=182.000000&transmitEnergyOverhead=217.000000````````````, ,
20141128_1635_19, Design, FLAME Client, participant_0, 16, X`cdc6010e.7cf74d31.85daf3c3.1e9a4be8`ATTR`Host_Client`Host`MON::Set [Host]`Aspect=xADLCoreAspect&Position=28.560`bb42af9e.ee894de6.a8870ee2.566cbbfe`Architecture`MON::Model [Architecture]`receiveEnergyCost=150.010000&receiveEnergyOverhead=101.860000&transmitEnergyCost=312.000000&transmitEnergyOverhead=129.870000````````````, ,
20141128_1635_20, Notification, XTEAM Engine, participant_1, 16, Simulation execution beginning, ,
20141128_1635_20, Notification, XTEAM Engine, participant_0, 15, Simulation execution beginning, ,
20141128_1635_22, Design, FLAME Client, participant_1, 17, X`de311a94.5ac54159.8e7ae434.321ec71e`ATTR`HostSAT`Host`MON::Set [Host]`Aspect=xADLCoreAspect&Position=1610.497`bb42af9e.ee894de6.a8870ee2.566cbbfe`Architecture`MON::Model [Architecture]`receiveEnergyCost=150.010000&receiveEnergyOverhead=101.860000&transmitEnergyCost=182.000000&transmitEnergyOverhead=341.000000````````````, ,
20141128_1635_23, Design, FLAME Client, participant_0, 17, X`cdc6010e.7cf74d31.85daf3c3.1e9a4be8`ATTR`Host_Client`Host`MON::Set [Host]`Aspect=xADLCoreAspect&Position=28.560`bb42af9e.ee894de6.a8870ee2.566cbbfe`Architecture`MON::Model [Architecture]`receiveEnergyCost=150.010000&receiveEnergyOverhead=101.860000&transmitEnergyCost=312.000000&transmitEnergyOverhead=341.000000````````````, ,
20141128_1635_24, Notification, XTEAM Engine, participant_1, 17, Simulation execution beginning, ,
20141128_1635_25, Notification, XTEAM Engine, participant_0, 16, Simulation execution beginning, ,
20141128_1635_26, Design, FLAME Client, participant_1, 18, X`de311a94.5ac54159.8e7ae434.321ec71e`ATTR`HostSAT`Host`MON::Set [Host]`Aspect=xADLCoreAspect&Position=1610.497`bb42af9e.ee894de6.a8870ee2.566cbbfe`Architecture`MON::Model [Architecture]`receiveEnergyCost=150.010000&receiveEnergyOverhead=101.860000&transmitEnergyCost=182.000000&transmitEnergyOverhead=217.000000````````````, ,
20141128_1635_27, Notification, XTEAM Engine, participant_1, 18, Simulation execution beginning, ,
20141128_1635_31, Notification, XTEAM Engine, participant_1, 11, Simulation execution completion, ,
20141128_1635_31, XTEAM, XTEAM Engine, participant_1, , ,
20141128_1635_31, XTEAM, XTEAM Engine, participant_1, , ,
20141128_1635_31, XTEAM, XTEAM Engine, participant_1, , ,
20141128_1635_32, Design, FLAME Client, participant_1, 19, X`de311a94.5ac54159.8e7ae434.321ec71e`ATTR`HostSAT`Host`MON::Set [Host]`Aspect=xADLCoreAspect&Position=1610.497`bb42af9e.ee894de6.a8870ee2.566cbbfe`Architecture`MON::Model [Architecture]`receiveEnergyCost=101.280000&receiveEnergyOverhead=101.860000&transmitEnergyCost=182.000000&transmitEnergyOverhead=217.000000````````````, ,
20141128_1635_34, Notification, XTEAM Engine, participant_1, 19, Simulation execution beginning, ,
20141128_1635_37, Notification, XTEAM Engine, participant_1, 12, Simulation execution completion, ,
20141128_1635_37, XTEAM, XTEAM Engine, participant_1, , ,
20141128_1635_37, Design, FLAME Client, participant_1, 20, X`de311a94.5ac54159.8e7ae434.321ec71e`ATTR`HostSAT`Host`MON::Set [Host]`Aspect=xADLCoreAspect&Position=1610.497`bb42af9e.ee894de6.a8870ee2.566cbbfe`Architecture`MON::Model [Architecture]`receiveEnergyCost=101.280000&receiveEnergyOverhead=64.990000&transmitEnergyCost=182.000000&transmitEnergyOverhead=217.000000````````````, ,
20141128_1635_37, XTEAM, XTEAM Engine, participant_1, , ,
20141128_1635_37, XTEAM, XTEAM Engine, participant_1, , ,
20141128_1635_38, Notification, XTEAM Engine, participant_1, 20, Simulation execution beginning, ,
20141128_1635_51, Notification, XTEAM Engine, participant_1, 13, Simulation execution completion, ,
20141128_1635_51, XTEAM, XTEAM Engine, participant_1, , ,
20141128_1635_51, XTEAM, XTEAM Engine, participant_1, , ,
20141128_1635_51, XTEAM, XTEAM Engine, participant_1, , ,
20141128_1635_54, Notification, XTEAM Engine, participant_1, 14, Simulation execution completion, ,
20141128_1635_54, XTEAM, XTEAM Engine, participant_1, , ,
20141128_1635_54, XTEAM, XTEAM Engine, participant_1, , ,
20141128_1635_54, XTEAM, XTEAM Engine, participant_1, , ,
20141128_1636_02, Notification, XTEAM Engine, participant_0, 15, Simulation execution completion, ,
20141128_1636_02, XTEAM, XTEAM Engine, participant_0, , ,
20141128_1636_02, XTEAM, XTEAM Engine, participant_0, , ,
20141128_1636_02, XTEAM, XTEAM Engine, participant_0, , ,
20141128_1636_06, Notification, XTEAM Engine, participant_0, 16, Simulation execution completion, ,
20141128_1636_06, XTEAM, XTEAM Engine, participant_0, , ,
20141128_1636_06, XTEAM, XTEAM Engine, participant_0, , ,
20141128_1636_06, XTEAM, XTEAM Engine, participant_0, , ,
20141128_1636_10, Notification, XTEAM Engine, participant_1, 15, Simulation execution completion, ,
20141128_1636_10, XTEAM, XTEAM Engine, participant_1, , ,
20141128_1636_10, XTEAM, XTEAM Engine, participant_1, , ,
20141128_1636_11, XTEAM, XTEAM Engine, participant_1, , ,
20141128_1636_13, Notification, XTEAM Engine, participant_1, 16, Simulation execution completion, ,
20141128_1636_13, XTEAM, XTEAM Engine, participant_1, , ,
20141128_1636_13, XTEAM, XTEAM Engine, participant_1, , ,
20141128_1636_13, XTEAM, XTEAM Engine, participant_1, , ,
20141128_1636_15, Design, FLAME Client, participant_0, 18, X`25fea250.79aa4baf.b62be506.e9d1819a`ATTR`Host_GCE`Host`MON::Set [Host]`Aspect=xADLCoreAspect&Position=161.560`bb42af9e.ee894de6.a8870ee2.566cbbfe`Architecture`MON::Model [Architecture]`receiveEnergyCost=150.010000&receiveEnergyOverhead=101.860000&transmitEnergyCost=312.000000&transmitEnergyOverhead=129.870000````````````, ,
20141128_1636_16, Notification, XTEAM Engine, participant_0, 17, Simulation execution beginning, ,
20141128_1636_18, Design, FLAME Client, participant_0, 19, X`25fea250.79aa4baf.b62be506.e9d1819a`ATTR`Host_GCE`Host`MON::Set [Host]`Aspect=xADLCoreAspect&Position=161.560`bb42af9e.ee894de6.a8870ee2.566cbbfe`Architecture`MON::Model [Architecture]`receiveEnergyCost=150.010000&receiveEnergyOverhead=101.860000&transmitEnergyCost=312.000000&transmitEnergyOverhead=341.000000````````````, ,
20141128_1636_19, Notification, XTEAM Engine, participant_0, 18, Simulation execution beginning, ,
20141128_1636_20, Design, FLAME Client, participant_1, 21, X`3f426f4b.6d164164.816fe575.67a4324f`ATTR`generate`Task`MON::Model [Task]`Aspect=xADLBehaviorAspect&Position=301.259`37598ce1.81784bb5.996843e8.1d554a61`Process`MON::Model [Process]`executionTime=7.0&memoryUsage=32&taskInstruction=nextTask = new Task;|nextTask->getTaskState().value() = 0;|nextTask->getTaskID().value() = taskIDCounter->getNextTaskID().value()++;````````````, ,
20141128_1636_21, Notification, XTEAM Engine, participant_1, 21, Simulation execution beginning, ,
20141128_1636_24, Design, FLAME Client, participant_1, 22, X`3f426f4b.6d164164.816fe575.67a4324f`ATTR`generate`Task`MON::Model [Task]`Aspect=xADLBehaviorAspect&Position=301.259`37598ce1.81784bb5.996843e8.1d554a61`Process`MON::Model [Process]`executionTime=7.0&memoryUsage=5500&taskInstruction=nextTask = new Task;|nextTask->getTaskState().value() = 0;|nextTask->getTaskID().value() = taskIDCounter->getNextTaskID().value()++;````````````, ,
20141128_1636_25, Notification, XTEAM Engine, participant_1, 22, Simulation execution beginning, ,
20141128_1636_29, Design, FLAME Client, participant_1, 23, X`3a60805b.3a524f70.a064acd1.88108a11`ATTR`generate`Task`MON::Model [Task]`Aspect=xADLBehaviorAspect&Position=301.259`fd961ab4.712348fe.91a8653d.18529735`Process`MON::Model [Process]`executionTime=7&memoryUsage=32&taskInstruction=nextTask = new Task;|nextTask->getTaskState().value() = 0;|nextTask->getTaskID().value() = taskIDCounter->getNextTaskID().value()++;````````````, ,
20141128_1636_29, Notification, XTEAM Engine, participant_1, 17, Simulation execution completion, ,
20141128_1636_29, XTEAM, XTEAM Engine, participant_1, , ,
20141128_1636_29, XTEAM, XTEAM Engine, participant_1, , ,
20141128_1636_29, XTEAM, XTEAM Engine, participant_1, , ,
20141128_1636_30, Notification, XTEAM Engine, participant_1, 23, Simulation execution beginning, ,
20141128_1636_32, Design, FLAME Client, participant_1, 24, X`3a60805b.3a524f70.a064acd1.88108a11`ATTR`generate`Task`MON::Model [Task]`Aspect=xADLBehaviorAspect&Position=301.259`fd961ab4.712348fe.91a8653d.18529735`Process`MON::Model [Process]`executionTime=7&memoryUsage=5500&taskInstruction=nextTask = new Task;|nextTask->getTaskState().value() = 0;|nextTask->getTaskID().value() = taskIDCounter->getNextTaskID().value()++;````````````, ,
20141128_1636_34, Notification, XTEAM Engine, participant_1, 24, Simulation execution beginning, ,
20141128_1636_34, Design, FLAME Client, participant_0, 20, X`64e3f498.f1114939.ba695f73.d07188e3`ATTR`perform`Task`MON::Model [Task]`Aspect=xADLBehaviorAspect&Position=308.301`d640f4b9.22e14264.b459176e.af6b895e`Process`MON::Model [Process]`executionTime=350&memoryUsage=27&taskInstruction=nextResult[thread_id] = new Result;|nextResult[thread_id]->getResultState().value() = 0;|nextResult[thread_id]->getResultID().value() = nextTask[thread_id]->getTaskID().value();|nextResult[thread_id]->getResultValue().value() = 1;````````````, ,
20141128_1636_35, Notification, XTEAM Engine, participant_0, 19, Simulation execution beginning, ,
20141128_1636_36, Notification, XTEAM Engine, participant_1, 18, Simulation execution completion, ,
20141128_1636_36, XTEAM, XTEAM Engine, participant_1, , ,
20141128_1636_36, XTEAM, XTEAM Engine, participant_1, , ,
20141128_1636_36, XTEAM, XTEAM Engine, participant_1, , ,
20141128_1636_36, Design, FLAME Client, participant_0, 21, X`64e3f498.f1114939.ba695f73.d07188e3`ATTR`perform`Task`MON::Model [Task]`Aspect=xADLBehaviorAspect&Position=308.301`d640f4b9.22e14264.b459176e.af6b895e`Process`MON::Model [Process]`executionTime=350&memoryUsage=32&taskInstruction=nextResult[thread_id] = new Result;|nextResult[thread_id]->getResultState().value() = 0;|nextResult[thread_id]->getResultID().value() = nextTask[thread_id]->getTaskID().value();|nextResult[thread_id]->getResultValue().value() = 1;````````````, ,
20141128_1636_38, Notification, XTEAM Engine, participant_0, 20, Simulation execution beginning, ,
20141128_1636_49, Notification, XTEAM Engine, participant_1, 19, Simulation execution completion, ,
20141128_1636_49, XTEAM, XTEAM Engine, participant_1, , ,
20141128_1636_49, XTEAM, XTEAM Engine, participant_1, , ,
20141128_1636_49, XTEAM, XTEAM Engine, participant_1, , ,
20141128_1636_52, Notification, XTEAM Engine, participant_1, 20, Simulation execution completion, ,
20141128_1636_52, XTEAM, XTEAM Engine, participant_1, , ,
20141128_1636_52, XTEAM, XTEAM Engine, participant_1, , ,
20141128_1636_52, XTEAM, XTEAM Engine, participant_1, , ,
20141128_1636_56, Notification, XTEAM Engine, participant_0, 17, Simulation execution completion, ,
20141128_1636_56, XTEAM, XTEAM Engine, participant_0, , ,
20141128_1636_56, XTEAM, XTEAM Engine, participant_0, , ,
20141128_1636_56, XTEAM, XTEAM Engine, participant_0, , ,
20141128_1636_58, Notification, XTEAM Engine, participant_0, 18, Simulation execution completion, ,
20141128_1636_58, XTEAM, XTEAM Engine, participant_0, , ,
20141128_1636_58, XTEAM, XTEAM Engine, participant_0, , ,
20141128_1636_58, XTEAM, XTEAM Engine, participant_0, , ,
20141128_1637_02, Design, FLAME Client, participant_0, 22, X`25fea250.79aa4baf.b62be506.e9d1819a`ATTR`Host_GCE`Host`MON::Set [Host]`Aspect=xADLCoreAspect&Position=161.560`bb42af9e.ee894de6.a8870ee2.566cbbfe`Architecture`MON::Model [Architecture]`receiveEnergyCost=150.010000&receiveEnergyOverhead=101.860000&transmitEnergyCost=524.000000&transmitEnergyOverhead=341.000000````````````, ,
20141128_1637_03, Notification, XTEAM Engine, participant_0, 21, Simulation execution beginning, ,
20141128_1637_05, Design, FLAME Client, participant_0, 23, X`25fea250.79aa4baf.b62be506.e9d1819a`ATTR`Host_GCE`Host`MON::Set [Host]`Aspect=xADLCoreAspect&Position=161.560`bb42af9e.ee894de6.a8870ee2.566cbbfe`Architecture`MON::Model [Architecture]`receiveEnergyCost=150.010000&receiveEnergyOverhead=101.860000&transmitEnergyCost=514.000000&transmitEnergyOverhead=341.000000````````````, ,
20141128_1637_07, Notification, XTEAM Engine, participant_0, 22, Simulation execution beginning, ,
20141128_1637_07, Notification, XTEAM Engine, participant_1, 21, Simulation execution completion, ,
20141128_1637_07, XTEAM, XTEAM Engine, participant_1, , ,
20141128_1637_07, XTEAM, XTEAM Engine, participant_1, , ,
20141128_1637_07, XTEAM, XTEAM Engine, participant_1, , ,
20141128_1637_09, Design, FLAME Client, participant_0, 24, X`25fea250.79aa4baf.b62be506.e9d1819a`ATTR`Host_GCE`Host`MON::Set [Host]`Aspect=xADLCoreAspect&Position=161.560`bb42af9e.ee894de6.a8870ee2.566cbbfe`Architecture`MON::Model [Architecture]`receiveEnergyCost=150.010000&receiveEnergyOverhead=101.860000&transmitEnergyCost=514.000000&transmitEnergyOverhead=755.000000````````````, ,
20141128_1637_10, Notification, XTEAM Engine, participant_0, 23, Simulation execution beginning, ,
20141128_1637_12, Notification, XTEAM Engine, participant_0, 19, Simulation execution completion, ,
20141128_1637_12, XTEAM, XTEAM Engine, participant_0, , ,
20141128_1637_12, XTEAM, XTEAM Engine, participant_0, , ,
20141128_1637_12, XTEAM, XTEAM Engine, participant_0, , ,
20141128_1637_13, Notification, XTEAM Engine, participant_0, 20, Simulation execution completion, ,
20141128_1637_13, XTEAM, XTEAM Engine, participant_0, , ,
20141128_1637_13, XTEAM, XTEAM Engine, participant_0, , ,
20141128_1637_13, XTEAM, XTEAM Engine, participant_0, , ,
20141128_1637_13, XTEAM, XTEAM Engine, participant_1, , ,
20141128_1637_13, Notification, XTEAM Engine, participant_1, 22, Simulation execution completion, ,
20141128_1637_13, XTEAM, XTEAM Engine, participant_1, , ,
20141128_1637_13, XTEAM, XTEAM Engine, participant_1, , ,
20141128_1637_25, Notification, XTEAM Engine, participant_1, 23, Simulation execution completion, ,
20141128_1637_25, XTEAM, XTEAM Engine, participant_1, , ,
20141128_1637_25, XTEAM, XTEAM Engine, participant_1, , ,
20141128_1637_25, XTEAM, XTEAM Engine, participant_1, , ,
20141128_1637_30, Notification, XTEAM Engine, participant_1, 24, Simulation execution completion, ,
20141128_1637_30, XTEAM, XTEAM Engine, participant_1, , ,
20141128_1637_30, XTEAM, XTEAM Engine, participant_1, , ,
20141128_1637_30, XTEAM, XTEAM Engine, participant_1, , ,
20141128_1637_30, Design, FLAME Client, participant_0, 25, X`64e3f498.f1114939.ba695f73.d07188e3`ATTR`perform`Task`MON::Model [Task]`Aspect=xADLBehaviorAspect&Position=308.301`d640f4b9.22e14264.b459176e.af6b895e`Process`MON::Model [Process]`executionTime=200&memoryUsage=32&taskInstruction=nextResult[thread_id] = new Result;|nextResult[thread_id]->getResultState().value() = 0;|nextResult[thread_id]->getResultID().value() = nextTask[thread_id]->getTaskID().value();|nextResult[thread_id]->getResultValue().value() = 1;````````````, ,
20141128_1637_31, Notification, XTEAM Engine, participant_0, 24, Simulation execution beginning, ,
20141128_1637_33, Design, FLAME Client, participant_0, 26, X`64e3f498.f1114939.ba695f73.d07188e3`ATTR`perform`Task`MON::Model [Task]`Aspect=xADLBehaviorAspect&Position=308.301`d640f4b9.22e14264.b459176e.af6b895e`Process`MON::Model [Process]`executionTime=200&memoryUsage=65&taskInstruction=nextResult[thread_id] = new Result;|nextResult[thread_id]->getResultState().value() = 0;|nextResult[thread_id]->getResultID().value() = nextTask[thread_id]->getTaskID().value();|nextResult[thread_id]->getResultValue().value() = 1;````````````, ,
20141128_1637_34, Design, FLAME Client, participant_1, 25, X`4c379791.2eea468a.a8abbb1d.e5fba9bb`ATTR`perform`Task`MON::Model [Task]`Aspect=xADLBehaviorAspect&Position=336.217`c270ab26.2fff4b88.bf50a288.2d000ee5`Process`MON::Model [Process]`executionTime=350&memoryUsage=27&taskInstruction=nextResult[thread_id] = new Result;|nextResult[thread_id]->getResultState().value() = 0;|nextResult[thread_id]->getResultID().value() = nextTask[thread_id]->getTaskID().value();|nextResult[thread_id]->getResultValue().value() = 1;````````````, ,
20141128_1637_34, Notification, XTEAM Engine, participant_0, 25, Simulation execution beginning, ,
20141128_1637_35, Notification, XTEAM Engine, participant_1, 25, Simulation execution beginning, ,
20141128_1637_39, Notification, XTEAM Engine, participant_0, 21, Simulation execution completion, ,
20141128_1637_39, XTEAM, XTEAM Engine, participant_0, , ,
20141128_1637_39, XTEAM, XTEAM Engine, participant_0, , ,
20141128_1637_39, XTEAM, XTEAM Engine, participant_0, , ,
20141128_1637_42, Design, FLAME Client, participant_1, 26, X`4c379791.2eea468a.a8abbb1d.e5fba9bb`ATTR`perform`Task`MON::Model [Task]`Aspect=xADLBehaviorAspect&Position=336.217`c270ab26.2fff4b88.bf50a288.2d000ee5`Process`MON::Model [Process]`executionTime=350&memoryUsage=32&taskInstruction=nextResult[thread_id] = new Result;|nextResult[thread_id]->getResultState().value() = 0;|nextResult[thread_id]->getResultID().value() = nextTask[thread_id]->getTaskID().value();|nextResult[thread_id]->getResultValue().value() = 1;````````````, ,
20141128_1637_43, Notification, XTEAM Engine, participant_0, 22, Simulation execution completion, ,
20141128_1637_43, XTEAM, XTEAM Engine, participant_0, , ,
20141128_1637_43, XTEAM, XTEAM Engine, participant_0, , ,
20141128_1637_43, XTEAM, XTEAM Engine, participant_0, , ,
20141128_1637_44, Notification, XTEAM Engine, participant_1, 26, Simulation execution beginning, ,
20141128_1637_47, Design, FLAME Client, participant_1, 27, X`64e3f498.f1114939.ba695f73.d07188e3`ATTR`perform`Task`MON::Model [Task]`Aspect=xADLBehaviorAspect&Position=308.301`d640f4b9.22e14264.b459176e.af6b895e`Process`MON::Model [Process]`executionTime=350&memoryUsage=27&taskInstruction=nextResult[thread_id] = new Result;|nextResult[thread_id]->getResultState().value() = 0;|nextResult[thread_id]->getResultID().value() = nextTask[thread_id]->getTaskID().value();|nextResult[thread_id]->getResultValue().value() = 1;````````````, ,
20141128_1637_48, Notification, XTEAM Engine, participant_1, 27, Simulation execution beginning, ,
20141128_1637_48, Notification, XTEAM Engine, participant_0, 23, Simulation execution completion, ,
20141128_1637_48, XTEAM, XTEAM Engine, participant_0, , ,
20141128_1637_50, Design, FLAME Client, participant_1, 28, X`64e3f498.f1114939.ba695f73.d07188e3`ATTR`perform`Task`MON::Model [Task]`Aspect=xADLBehaviorAspect&Position=308.301`d640f4b9.22e14264.b459176e.af6b895e`Process`MON::Model [Process]`executionTime=350&memoryUsage=32&taskInstruction=nextResult[thread_id] = new Result;|nextResult[thread_id]->getResultState().value() = 0;|nextResult[thread_id]->getResultID().value() = nextTask[thread_id]->getTaskID().value();|nextResult[thread_id]->getResultValue().value() = 1;````````````, ,
20141128_1637_48, XTEAM, XTEAM Engine, participant_0, , ,
20141128_1637_48, XTEAM, XTEAM Engine, participant_0, , ,
20141128_1637_51, Snapshot, FLAME Client, participant_1, 29, ,
20141128_1637_52, Notification, XTEAM Engine, participant_1, 28, Simulation execution beginning, ,
20141128_1637_58, Notification, XTEAM Engine, participant_0, 26, Simulation execution beginning, ,
20141128_1638_14, Notification, XTEAM Engine, participant_0, 24, Simulation execution completion, ,
20141128_1638_14, XTEAM, XTEAM Engine, participant_0, , ,
20141128_1638_14, XTEAM, XTEAM Engine, participant_0, , ,
20141128_1638_14, XTEAM, XTEAM Engine, participant_0, , ,
20141128_1638_20, Notification, XTEAM Engine, participant_0, 25, Simulation execution completion, ,
20141128_1638_20, XTEAM, XTEAM Engine, participant_0, , ,
20141128_1638_20, XTEAM, XTEAM Engine, participant_0, , ,
20141128_1638_20, XTEAM, XTEAM Engine, participant_0, , ,
20141128_1638_24, Notification, XTEAM Engine, participant_1, 25, Simulation execution completion, ,
20141128_1638_24, XTEAM, XTEAM Engine, participant_1, , ,
20141128_1638_24, XTEAM, XTEAM Engine, participant_1, , ,
20141128_1638_24, XTEAM, XTEAM Engine, participant_1, , ,
20141128_1638_27, Notification, XTEAM Engine, participant_1, 26, Simulation execution completion, ,
20141128_1638_27, XTEAM, XTEAM Engine, participant_1, , ,
20141128_1638_27, XTEAM, XTEAM Engine, participant_1, , ,
20141128_1638_27, XTEAM, XTEAM Engine, participant_1, , ,
20141128_1638_30, Notification, XTEAM Engine, participant_1, 27, Simulation execution completion, ,
20141128_1638_30, XTEAM, XTEAM Engine, participant_1, , ,
20141128_1638_30, XTEAM, XTEAM Engine, participant_1, , ,
20141128_1638_30, XTEAM, XTEAM Engine, participant_1, , ,
20141128_1638_32, Notification, XTEAM Engine, participant_1, 28, Simulation execution completion, ,
20141128_1638_32, XTEAM, XTEAM Engine, participant_1, , ,
20141128_1638_32, XTEAM, XTEAM Engine, participant_1, , ,
20141128_1638_32, XTEAM, XTEAM Engine, participant_1, , ,
20141128_1638_34, Notification, XTEAM Engine, participant_0, 26, Simulation execution completion, ,
20141128_1638_34, XTEAM, XTEAM Engine, participant_0, , ,
20141128_1638_34, XTEAM, XTEAM Engine, participant_0, , ,
20141128_1638_34, XTEAM, XTEAM Engine, participant_0, , ,
20141128_1638_40, Design, FLAME Client, participant_1, 30, X`64e3f498.f1114939.ba695f73.d07188e3`ATTR`perform`Task`MON::Model [Task]`Aspect=xADLBehaviorAspect&Position=308.301`d640f4b9.22e14264.b459176e.af6b895e`Process`MON::Model [Process]`executionTime=350&memoryUsage=3&taskInstruction=nextResult[thread_id] = new Result;|nextResult[thread_id]->getResultState().value() = 0;|nextResult[thread_id]->getResultID().value() = nextTask[thread_id]->getTaskID().value();|nextResult[thread_id]->getResultValue().value() = 1;````````````, ,
20141128_1638_41, Notification, XTEAM Engine, participant_1, 29, Simulation execution beginning, ,
20141128_1638_46, Design, FLAME Client, participant_1, 31, X`64e3f498.f1114939.ba695f73.d07188e3`ATTR`perform`Task`MON::Model [Task]`Aspect=xADLBehaviorAspect&Position=308.301`d640f4b9.22e14264.b459176e.af6b895e`Process`MON::Model [Process]`executionTime=350&memoryUsage=32&taskInstruction=nextResult[thread_id] = new Result;|nextResult[thread_id]->getResultState().value() = 0;|nextResult[thread_id]->getResultID().value() = nextTask[thread_id]->getTaskID().value();|nextResult[thread_id]->getResultValue().value() = 1;````````````, ,
20141128_1638_48, Notification, XTEAM Engine, participant_1, 30, Simulation execution beginning, ,
20141128_1639_15, Notification, XTEAM Engine, participant_1, 29, Simulation execution completion, ,
20141128_1639_15, XTEAM, XTEAM Engine, participant_1, , ,
20141128_1639_15, XTEAM, XTEAM Engine, participant_1, , ,
20141128_1639_15, XTEAM, XTEAM Engine, participant_1, , ,
20141128_1639_20, Notification, XTEAM Engine, participant_1, 30, Simulation execution completion, ,
20141128_1639_20, XTEAM, XTEAM Engine, participant_1, , ,
20141128_1639_20, XTEAM, XTEAM Engine, participant_1, , ,
20141128_1639_20, XTEAM, XTEAM Engine, participant_1, , ,
20141128_1639_31, Update, FLAME Client, participant_0, 27, ,
20141128_1639_33, Design, FLAME Client, participant_0, 28, X`cdc6010e.7cf74d31.85daf3c3.1e9a4be8`REGISTRY`Host_Client`Host`MON::Set [Host]`Aspect=xADLCoreAspect&Position=14.553`bb42af9e.ee894de6.a8870ee2.566cbbfe`Architecture`MON::Model [Architecture]`receiveEnergyCost=150.010000&receiveEnergyOverhead=101.860000&transmitEnergyCost=312.000000&transmitEnergyOverhead=341.000000````````````, ,
20141128_1639_34, Notification, XTEAM Engine, participant_0, 27, Simulation execution beginning, ,
20141128_1639_45, Design, FLAME Client, participant_1, 32, X`25fea250.79aa4baf.b62be506.e9d1819a`ATTR`Host_GCE`Host`MON::Set [Host]`Aspect=xADLCoreAspect&Position=161.560`bb42af9e.ee894de6.a8870ee2.566cbbfe`Architecture`MON::Model [Architecture]`receiveEnergyCost=150.010000&receiveEnergyOverhead=101.860000&transmitEnergyCost=312.000000&transmitEnergyOverhead=129.870000````````````, ,
20141128_1639_46, Notification, XTEAM Engine, participant_1, 31, Simulation execution beginning, ,
20141128_1639_48, Design, FLAME Client, participant_1, 33, X`25fea250.79aa4baf.b62be506.e9d1819a`ATTR`Host_GCE`Host`MON::Set [Host]`Aspect=xADLCoreAspect&Position=161.560`bb42af9e.ee894de6.a8870ee2.566cbbfe`Architecture`MON::Model [Architecture]`receiveEnergyCost=150.010000&receiveEnergyOverhead=101.860000&transmitEnergyCost=312.000000&transmitEnergyOverhead=341.000000````````````, ,
20141128_1639_50, Notification, XTEAM Engine, participant_1, 32, Simulation execution beginning, ,
20141128_1639_53, Design, FLAME Client, participant_1, 34, X`cdc6010e.7cf74d31.85daf3c3.1e9a4be8`ATTR`Host_Client`Host`MON::Set [Host]`Aspect=xADLCoreAspect&Position=14.553`bb42af9e.ee894de6.a8870ee2.566cbbfe`Architecture`MON::Model [Architecture]`receiveEnergyCost=150.010000&receiveEnergyOverhead=101.860000&transmitEnergyCost=312.000000&transmitEnergyOverhead=129.870000````````````, ,
20141128_1639_54, Notification, XTEAM Engine, participant_1, 33, Simulation execution beginning, ,
20141128_1639_56, Design, FLAME Client, participant_1, 35, X`cdc6010e.7cf74d31.85daf3c3.1e9a4be8`ATTR`Host_Client`Host`MON::Set [Host]`Aspect=xADLCoreAspect&Position=14.553`bb42af9e.ee894de6.a8870ee2.566cbbfe`Architecture`MON::Model [Architecture]`receiveEnergyCost=150.010000&receiveEnergyOverhead=101.860000&transmitEnergyCost=312.000000&transmitEnergyOverhead=341.000000````````````, ,
20141128_1639_57, Notification, XTEAM Engine, participant_1, 34, Simulation execution beginning, ,
20141128_1640_14, Notification, XTEAM Engine, participant_0, 27, Simulation execution completion, ,
20141128_1640_14, XTEAM, XTEAM Engine, participant_0, , ,
20141128_1640_14, XTEAM, XTEAM Engine, participant_0, , ,
20141128_1640_14, XTEAM, XTEAM Engine, participant_0, , ,
20141128_1640_21, Snapshot, FLAME Client, participant_1, 36, ,
20141128_1640_23, Notification, XTEAM Engine, participant_0, 28, Simulation execution beginning, ,
20141128_1640_26, Notification, XTEAM Engine, participant_1, 31, Simulation execution completion, ,
20141128_1640_26, XTEAM, XTEAM Engine, participant_1, , ,
20141128_1640_26, XTEAM, XTEAM Engine, participant_1, , ,
20141128_1640_26, XTEAM, XTEAM Engine, participant_1, , ,
20141128_1640_28, Notification, XTEAM Engine, participant_1, 32, Simulation execution completion, ,
20141128_1640_28, XTEAM, XTEAM Engine, participant_1, , ,
20141128_1640_28, XTEAM, XTEAM Engine, participant_1, , ,
20141128_1640_28, XTEAM, XTEAM Engine, participant_1, , ,
20141128_1640_33, Notification, XTEAM Engine, participant_1, 33, Simulation execution completion, ,
20141128_1640_33, XTEAM, XTEAM Engine, participant_1, , ,
20141128_1640_33, XTEAM, XTEAM Engine, participant_1, , ,
20141128_1640_33, XTEAM, XTEAM Engine, participant_1, , ,
20141128_1640_34, Notification, XTEAM Engine, participant_1, 34, Simulation execution completion, ,
20141128_1640_34, XTEAM, XTEAM Engine, participant_1, , ,
20141128_1640_34, XTEAM, XTEAM Engine, participant_1, , ,
20141128_1640_34, XTEAM, XTEAM Engine, participant_1, , ,
20141128_1640_53, Notification, XTEAM Engine, participant_0, 28, Simulation execution completion, ,
20141128_1640_53, XTEAM, XTEAM Engine, participant_0, , ,
20141128_1640_53, XTEAM, XTEAM Engine, participant_0, , ,
20141128_1640_53, XTEAM, XTEAM Engine, participant_0, , ,
20141128_1641_12, Update, FLAME Client, participant_0, 29, ,
20141128_1642_26, Design, FLAME Client, participant_0, 30, X`25fea250.79aa4baf.b62be506.e9d1819a`ATTR`Host_GCE`Host`MON::Set [Host]`Aspect=xADLCoreAspect&Position=161.560`bb42af9e.ee894de6.a8870ee2.566cbbfe`Architecture`MON::Model [Architecture]`receiveEnergyCost=150.010000&receiveEnergyOverhead=101.860000&transmitEnergyCost=514.000000&transmitEnergyOverhead=341.000000````````````, ,
20141128_1642_27, Notification, XTEAM Engine, participant_0, 29, Simulation execution beginning, ,
20141128_1642_31, Design, FLAME Client, participant_0, 31, X`25fea250.79aa4baf.b62be506.e9d1819a`ATTR`Host_GCE`Host`MON::Set [Host]`Aspect=xADLCoreAspect&Position=161.560`bb42af9e.ee894de6.a8870ee2.566cbbfe`Architecture`MON::Model [Architecture]`receiveEnergyCost=150.010000&receiveEnergyOverhead=101.860000&transmitEnergyCost=514.000000&transmitEnergyOverhead=755.000000````````````, ,
20141128_1642_32, Notification, XTEAM Engine, participant_0, 30, Simulation execution beginning, ,
20141128_1642_44, Design, FLAME Client, participant_0, 32, X`64e3f498.f1114939.ba695f73.d07188e3`ATTR`perform`Task`MON::Model [Task]`Aspect=xADLBehaviorAspect&Position=308.301`d640f4b9.22e14264.b459176e.af6b895e`Process`MON::Model [Process]`executionTime=200&memoryUsage=32&taskInstruction=nextResult[thread_id] = new Result;|nextResult[thread_id]->getResultState().value() = 0;|nextResult[thread_id]->getResultID().value() = nextTask[thread_id]->getTaskID().value();|nextResult[thread_id]->getResultValue().value() = 1;````````````, ,
20141128_1642_45, Notification, XTEAM Engine, participant_0, 31, Simulation execution beginning, ,
20141128_1642_47, Design, FLAME Client, participant_0, 33, X`64e3f498.f1114939.ba695f73.d07188e3`ATTR`perform`Task`MON::Model [Task]`Aspect=xADLBehaviorAspect&Position=308.301`d640f4b9.22e14264.b459176e.af6b895e`Process`MON::Model [Process]`executionTime=200&memoryUsage=65&taskInstruction=nextResult[thread_id] = new Result;|nextResult[thread_id]->getResultState().value() = 0;|nextResult[thread_id]->getResultID().value() = nextTask[thread_id]->getTaskID().value();|nextResult[thread_id]->getResultValue().value() = 1;````````````, ,
20141128_1642_48, Notification, XTEAM Engine, participant_0, 32, Simulation execution beginning, ,
20141128_1642_53, Snapshot, FLAME Client, participant_0, 34, ,
20141128_1642_57, Notification, XTEAM Engine, participant_1, 35, Simulation execution beginning, ,
20141128_1643_07, Notification, XTEAM Engine, participant_0, 29, Simulation execution completion, ,
20141128_1643_07, XTEAM, XTEAM Engine, participant_0, , ,
20141128_1643_07, XTEAM, XTEAM Engine, participant_0, , ,
20141128_1643_07, XTEAM, XTEAM Engine, participant_0, , ,
20141128_1643_13, Notification, XTEAM Engine, participant_0, 30, Simulation execution completion, ,
20141128_1643_13, XTEAM, XTEAM Engine, participant_0, , ,
20141128_1643_13, XTEAM, XTEAM Engine, participant_0, , ,
20141128_1643_13, XTEAM, XTEAM Engine, participant_0, , ,
20141128_1643_24, Notification, XTEAM Engine, participant_0, 31, Simulation execution completion, ,
20141128_1643_24, XTEAM, XTEAM Engine, participant_0, , ,
20141128_1643_24, XTEAM, XTEAM Engine, participant_0, , ,
20141128_1643_24, XTEAM, XTEAM Engine, participant_0, , ,
20141128_1643_25, Notification, XTEAM Engine, participant_0, 32, Simulation execution completion, ,
20141128_1643_25, XTEAM, XTEAM Engine, participant_0, , ,
20141128_1643_25, XTEAM, XTEAM Engine, participant_0, , ,
20141128_1643_25, XTEAM, XTEAM Engine, participant_0, , ,
20141128_1643_31, Notification, XTEAM Engine, participant_1, 35, Simulation execution completion, ,
20141128_1643_31, XTEAM, XTEAM Engine, participant_1, , ,
20141128_1643_31, XTEAM, XTEAM Engine, participant_1, , ,
20141128_1643_31, XTEAM, XTEAM Engine, participant_1, , ,
20141128_1644_39, Update, FLAME Client, participant_1, 37, ,
20141128_1644_39, Design, FLAME Client, participant_1, 38, X`cdc6010e.7cf74d31.85daf3c3.1e9a4be8`ATTR`Host_Client`Host`MON::Set [Host]`Aspect=xADLCoreAspect&Position=14.553`bb42af9e.ee894de6.a8870ee2.566cbbfe`Architecture`MON::Model [Architecture]`receiveEnergyCost=150.010000&receiveEnergyOverhead=101.860000&transmitEnergyCost=312.000000&transmitEnergyOverhead=129.870000````````````, ,
20141128_1644_39, Design, FLAME Client, participant_1, 39, X`cdc6010e.7cf74d31.85daf3c3.1e9a4be8`ATTR`Host_Client`Host`MON::Set [Host]`Aspect=xADLCoreAspect&Position=14.553`bb42af9e.ee894de6.a8870ee2.566cbbfe`Architecture`MON::Model [Architecture]`receiveEnergyCost=150.010000&receiveEnergyOverhead=101.860000&transmitEnergyCost=312.000000&transmitEnergyOverhead=341.000000````````````, ,
20141128_1644_40, Notification, XTEAM Engine, participant_1, 36, Simulation execution beginning, ,
20141128_1644_41, Notification, XTEAM Engine, participant_1, 37, Simulation execution beginning, ,
20141128_1645_13, Notification, XTEAM Engine, participant_1, 36, Simulation execution completion, ,
20141128_1645_13, XTEAM, XTEAM Engine, participant_1, , ,
20141128_1645_13, XTEAM, XTEAM Engine, participant_1, , ,
20141128_1645_13, XTEAM, XTEAM Engine, participant_1, , ,
20141128_1645_15, Notification, XTEAM Engine, participant_1, 37, Simulation execution completion, ,
20141128_1645_15, XTEAM, XTEAM Engine, participant_1, , ,
20141128_1645_15, XTEAM, XTEAM Engine, participant_1, , ,
20141128_1645_15, XTEAM, XTEAM Engine, participant_1, , ,
