TIME, Event name, OriginComponent, SenderUsername, EventID, Value, ,
20141129_1539_47, Login, FLAME Client, participant_0, , ,
20141129_1539_49, Login, XTEAM Engine, participant_0, , ,
20141129_1540_04, Login, FLAME Client, participant_1, , ,
20141129_1540_06, Login, XTEAM Engine, participant_1, , ,
20141129_1541_31, Design, FLAME Client, participant_0, 1, X`3f426f4b.6d164164.816fe575.67a4324f`ATTR`generate`Task`MON::Model [Task]`Aspect=xADLBehaviorAspect&Position=301.259`37598ce1.81784bb5.996843e8.1d554a61`Process`MON::Model [Process]`executionTime=7.5&memoryUsage=3&taskInstruction=nextTask = new Task;|nextTask->getTaskState().value() = 0;|nextTask->getTaskID().value() = taskIDCounter->getNextTaskID().value()++;````````````, ,
20141129_1541_33, Notification, XTEAM Engine, participant_0, 1, Simulation execution beginning, ,
20141129_1541_48, Design, FLAME Client, participant_0, 2, X`3f426f4b.6d164164.816fe575.67a4324f`ATTR`generate`Task`MON::Model [Task]`Aspect=xADLBehaviorAspect&Position=301.259`37598ce1.81784bb5.996843e8.1d554a61`Process`MON::Model [Process]`executionTime=7.5&memoryUsage=5500&taskInstruction=nextTask = new Task;|nextTask->getTaskState().value() = 0;|nextTask->getTaskID().value() = taskIDCounter->getNextTaskID().value()++;````````````, ,
20141129_1541_50, Notification, XTEAM Engine, participant_0, 2, Simulation execution beginning, ,
20141129_1541_55, Design, FLAME Client, participant_0, 3, X`5f6f2608.44344561.8ba2e4f1.98ed9e78`REGISTRY`SubsetSumGen`Component`MON::Model [Component]`Aspect=xADLCoreAspect&Position=1358.385`bb42af9e.ee894de6.a8870ee2.566cbbfe`Architecture`MON::Model [Architecture]`description=````````````, ,
20141129_1541_55, Design, FLAME Client, participant_1, 1, X`64e3f498.f1114939.ba695f73.d07188e3`ATTR`perform`Task`MON::Model [Task]`Aspect=xADLBehaviorAspect&Position=308.301`d640f4b9.22e14264.b459176e.af6b895e`Process`MON::Model [Process]`executionTime=350&memoryUsage=27&taskInstruction=nextResult[thread_id] = new Result;|nextResult[thread_id]->getResultState().value() = 0;|nextResult[thread_id]->getResultID().value() = nextTask[thread_id]->getTaskID().value();|nextResult[thread_id]->getResultValue().value() = 1;````````````, ,
20141129_1541_57, Notification, XTEAM Engine, participant_1, 1, Simulation execution beginning, ,
20141129_1541_57, Notification, XTEAM Engine, participant_0, 3, Simulation execution beginning, ,
20141129_1542_00, Design, FLAME Client, participant_1, 2, X`64e3f498.f1114939.ba695f73.d07188e3`ATTR`perform`Task`MON::Model [Task]`Aspect=xADLBehaviorAspect&Position=308.301`d640f4b9.22e14264.b459176e.af6b895e`Process`MON::Model [Process]`executionTime=350&memoryUsage=39&taskInstruction=nextResult[thread_id] = new Result;|nextResult[thread_id]->getResultState().value() = 0;|nextResult[thread_id]->getResultID().value() = nextTask[thread_id]->getTaskID().value();|nextResult[thread_id]->getResultValue().value() = 1;````````````, ,
20141129_1542_01, Notification, XTEAM Engine, participant_1, 2, Simulation execution beginning, ,
20141129_1542_16, Notification, XTEAM Engine, participant_0, 1, Simulation execution completion, ,
20141129_1542_16, XTEAM, XTEAM Engine, participant_0, , ,
20141129_1542_16, XTEAM, XTEAM Engine, participant_0, , ,
20141129_1542_16, XTEAM, XTEAM Engine, participant_0, , ,
20141129_1542_30, Notification, XTEAM Engine, participant_0, 2, Simulation execution completion, ,
20141129_1542_30, XTEAM, XTEAM Engine, participant_0, , ,
20141129_1542_30, XTEAM, XTEAM Engine, participant_0, , ,
20141129_1542_30, XTEAM, XTEAM Engine, participant_0, , ,
20141129_1542_30, Design, FLAME Client, participant_0, 4, X`176369f9.b385435c.b2d59a0f.66ba660c`ATTR`Host_SubsetSum`Host`MON::Set [Host]`Aspect=xADLCoreAspect&Position=1610.385`bb42af9e.ee894de6.a8870ee2.566cbbfe`Architecture`MON::Model [Architecture]`receiveEnergyCost=101.280000&receiveEnergyOverhead=64.990000&transmitEnergyCost=182.000000&transmitEnergyOverhead=82.450000````````````, ,
20141129_1542_31, Notification, XTEAM Engine, participant_0, 4, Simulation execution beginning, ,
20141129_1542_36, Notification, XTEAM Engine, participant_0, 3, Simulation execution completion, ,
20141129_1542_36, XTEAM, XTEAM Engine, participant_0, , ,
20141129_1542_36, XTEAM, XTEAM Engine, participant_0, , ,
20141129_1542_36, XTEAM, XTEAM Engine, participant_0, , ,
20141129_1542_38, Notification, XTEAM Engine, participant_1, 1, Simulation execution completion, ,
20141129_1542_38, XTEAM, XTEAM Engine, participant_1, , ,
20141129_1542_38, XTEAM, XTEAM Engine, participant_1, , ,
20141129_1542_38, XTEAM, XTEAM Engine, participant_1, , ,
20141129_1542_38, Design, FLAME Client, participant_0, 5, X`176369f9.b385435c.b2d59a0f.66ba660c`ATTR`Host_SubsetSum`Host`MON::Set [Host]`Aspect=xADLCoreAspect&Position=1610.385`bb42af9e.ee894de6.a8870ee2.566cbbfe`Architecture`MON::Model [Architecture]`receiveEnergyCost=101.280000&receiveEnergyOverhead=64.990000&transmitEnergyCost=182.000000&transmitEnergyOverhead=182.000000````````````, ,
20141129_1542_38, Design, FLAME Client, participant_1, 3, X`cdc6010e.7cf74d31.85daf3c3.1e9a4be8`ATTR`Host_Client`Host`MON::Set [Host]`Aspect=xADLCoreAspect&Position=28.560`bb42af9e.ee894de6.a8870ee2.566cbbfe`Architecture`MON::Model [Architecture]`receiveEnergyCost=150.010000&receiveEnergyOverhead=101.860000&transmitEnergyCost=0.000000&transmitEnergyOverhead=129.870000````````````, ,
20141129_1542_39, Notification, XTEAM Engine, participant_0, 5, Simulation execution beginning, ,
20141129_1542_39, Notification, XTEAM Engine, participant_1, 3, Simulation execution beginning, ,
20141129_1542_42, Notification, XTEAM Engine, participant_1, 2, Simulation execution completion, ,
20141129_1542_42, XTEAM, XTEAM Engine, participant_1, , ,
20141129_1542_42, XTEAM, XTEAM Engine, participant_1, , ,
20141129_1542_42, XTEAM, XTEAM Engine, participant_1, , ,
20141129_1542_50, Design, FLAME Client, participant_1, 4, X`cdc6010e.7cf74d31.85daf3c3.1e9a4be8`ATTR`Host_Client`Host`MON::Set [Host]`Aspect=xADLCoreAspect&Position=28.560`bb42af9e.ee894de6.a8870ee2.566cbbfe`Architecture`MON::Model [Architecture]`receiveEnergyCost=150.010000&receiveEnergyOverhead=101.860000&transmitEnergyCost=312.000000&transmitEnergyOverhead=129.870000````````````, ,
20141129_1542_52, Notification, XTEAM Engine, participant_1, 4, Simulation execution beginning, ,
20141129_1542_59, Design, FLAME Client, participant_1, 5, X`cdc6010e.7cf74d31.85daf3c3.1e9a4be8`ATTR`Host_Client`Host`MON::Set [Host]`Aspect=xADLCoreAspect&Position=28.560`bb42af9e.ee894de6.a8870ee2.566cbbfe`Architecture`MON::Model [Architecture]`receiveEnergyCost=150.010000&receiveEnergyOverhead=101.860000&transmitEnergyCost=312.000000&transmitEnergyOverhead=341.000000````````````, ,
20141129_1543_00, Notification, XTEAM Engine, participant_1, 5, Simulation execution beginning, ,
20141129_1543_09, Design, FLAME Client, participant_0, 6, X`3a60805b.3a524f70.a064acd1.88108a11`ATTR`generate`Task`MON::Model [Task]`Aspect=xADLBehaviorAspect&Position=301.259`fd961ab4.712348fe.91a8653d.18529735`Process`MON::Model [Process]`executionTime=7&memoryUsage=3&taskInstruction=nextTask = new Task;|nextTask->getTaskState().value() = 0;|nextTask->getTaskID().value() = taskIDCounter->getNextTaskID().value()++;````````````, ,
20141129_1543_10, Notification, XTEAM Engine, participant_0, 6, Simulation execution beginning, ,
20141129_1543_11, Notification, XTEAM Engine, participant_0, 4, Simulation execution completion, ,
20141129_1543_11, XTEAM, XTEAM Engine, participant_0, , ,
20141129_1543_11, XTEAM, XTEAM Engine, participant_0, , ,
20141129_1543_11, XTEAM, XTEAM Engine, participant_0, , ,
20141129_1543_17, Design, FLAME Client, participant_0, 7, X`3a60805b.3a524f70.a064acd1.88108a11`ATTR`generate`Task`MON::Model [Task]`Aspect=xADLBehaviorAspect&Position=301.259`fd961ab4.712348fe.91a8653d.18529735`Process`MON::Model [Process]`executionTime=7&memoryUsage=11000&taskInstruction=nextTask = new Task;|nextTask->getTaskState().value() = 0;|nextTask->getTaskID().value() = taskIDCounter->getNextTaskID().value()++;````````````, ,
20141129_1543_18, Notification, XTEAM Engine, participant_0, 7, Simulation execution beginning, ,
20141129_1543_20, Notification, XTEAM Engine, participant_1, 3, Simulation execution completion, ,
20141129_1543_20, XTEAM, XTEAM Engine, participant_1, , ,
20141129_1543_20, XTEAM, XTEAM Engine, participant_1, , ,
20141129_1543_20, XTEAM, XTEAM Engine, participant_1, , ,
20141129_1543_22, Notification, XTEAM Engine, participant_0, 5, Simulation execution completion, ,
20141129_1543_22, XTEAM, XTEAM Engine, participant_0, , ,
20141129_1543_22, XTEAM, XTEAM Engine, participant_0, , ,
20141129_1543_22, XTEAM, XTEAM Engine, participant_0, , ,
20141129_1543_29, Design, FLAME Client, participant_0, 8, X`de311a94.5ac54159.8e7ae434.321ec71e`ATTR`HostSAT`Host`MON::Set [Host]`Aspect=xADLCoreAspect&Position=1610.497`bb42af9e.ee894de6.a8870ee2.566cbbfe`Architecture`MON::Model [Architecture]`receiveEnergyCost=101.280000&receiveEnergyOverhead=64.990000&transmitEnergyCost=330.000000&transmitEnergyOverhead=82.450000````````````, ,
20141129_1543_30, Notification, XTEAM Engine, participant_0, 8, Simulation execution beginning, ,
20141129_1543_32, Notification, XTEAM Engine, participant_1, 4, Simulation execution completion, ,
20141129_1543_32, XTEAM, XTEAM Engine, participant_1, , ,
20141129_1543_32, XTEAM, XTEAM Engine, participant_1, , ,
20141129_1543_32, XTEAM, XTEAM Engine, participant_1, , ,
20141129_1543_36, Design, FLAME Client, participant_0, 9, X`de311a94.5ac54159.8e7ae434.321ec71e`ATTR`HostSAT`Host`MON::Set [Host]`Aspect=xADLCoreAspect&Position=1610.497`bb42af9e.ee894de6.a8870ee2.566cbbfe`Architecture`MON::Model [Architecture]`receiveEnergyCost=101.280000&receiveEnergyOverhead=64.990000&transmitEnergyCost=330.000000&transmitEnergyOverhead=429.000000````````````, ,
20141129_1543_38, Notification, XTEAM Engine, participant_0, 9, Simulation execution beginning, ,
20141129_1543_39, Notification, XTEAM Engine, participant_1, 5, Simulation execution completion, ,
20141129_1543_39, XTEAM, XTEAM Engine, participant_1, , ,
20141129_1543_39, XTEAM, XTEAM Engine, participant_1, , ,
20141129_1543_39, XTEAM, XTEAM Engine, participant_1, , ,
20141129_1543_48, Notification, XTEAM Engine, participant_0, 6, Simulation execution completion, ,
20141129_1543_48, XTEAM, XTEAM Engine, participant_0, , ,
20141129_1543_48, XTEAM, XTEAM Engine, participant_0, , ,
20141129_1543_48, XTEAM, XTEAM Engine, participant_0, , ,
20141129_1543_49, Snapshot, FLAME Client, participant_0, 10, ,
20141129_1543_52, Notification, XTEAM Engine, participant_1, 6, Simulation execution beginning, ,
20141129_1543_57, Notification, XTEAM Engine, participant_0, 7, Simulation execution completion, ,
20141129_1543_57, XTEAM, XTEAM Engine, participant_0, , ,
20141129_1543_57, XTEAM, XTEAM Engine, participant_0, , ,
20141129_1543_57, XTEAM, XTEAM Engine, participant_0, , ,
20141129_1544_09, Notification, XTEAM Engine, participant_0, 8, Simulation execution completion, ,
20141129_1544_09, XTEAM, XTEAM Engine, participant_0, , ,
20141129_1544_09, XTEAM, XTEAM Engine, participant_0, , ,
20141129_1544_09, XTEAM, XTEAM Engine, participant_0, , ,
20141129_1544_15, Notification, XTEAM Engine, participant_0, 9, Simulation execution completion, ,
20141129_1544_15, XTEAM, XTEAM Engine, participant_0, , ,
20141129_1544_15, XTEAM, XTEAM Engine, participant_0, , ,
20141129_1544_15, XTEAM, XTEAM Engine, participant_0, , ,
20141129_1544_26, Notification, XTEAM Engine, participant_1, 6, Simulation execution completion, ,
20141129_1544_27, XTEAM, XTEAM Engine, participant_1, , ,
20141129_1544_27, XTEAM, XTEAM Engine, participant_1, , ,
20141129_1544_27, XTEAM, XTEAM Engine, participant_1, , ,
20141129_1550_30, Design, FLAME Client, participant_1, 6, X`cdc6010e.7cf74d31.85daf3c3.1e9a4be8`SETINCLUDED`Host_Client`Host`MON::Set [Host]`Aspect=xADLCoreAspect&Position=28.560`bb42af9e.ee894de6.a8870ee2.566cbbfe`Architecture`MON::Model [Architecture]`receiveEnergyCost=150.010000&receiveEnergyOverhead=101.860000&transmitEnergyCost=312.000000&transmitEnergyOverhead=341.000000```````56c0109d.8cd8436e.a4ee0eb1.96457ac8`Component`MON::Model [Component]```, ,
20141129_1550_31, Notification, XTEAM Engine, participant_1, 7, Simulation execution beginning, ,
20141129_1550_32, Design, FLAME Client, participant_1, 7, X`cdc6010e.7cf74d31.85daf3c3.1e9a4be8`SETEXCLUDED`Host_Client`Host`MON::Set [Host]`Aspect=xADLCoreAspect&Position=28.560`bb42af9e.ee894de6.a8870ee2.566cbbfe`Architecture`MON::Model [Architecture]`receiveEnergyCost=150.010000&receiveEnergyOverhead=101.860000&transmitEnergyCost=312.000000&transmitEnergyOverhead=341.000000```````56c0109d.8cd8436e.a4ee0eb1.96457ac8`Component`MON::Model [Component]```, ,
20141129_1550_33, Notification, XTEAM Engine, participant_1, 8, Simulation execution beginning, ,
20141129_1550_56, Design, FLAME Client, participant_1, 8, X`cdc6010e.7cf74d31.85daf3c3.1e9a4be8`ATTR`Host_Client`Host`MON::Set [Host]`Aspect=xADLCoreAspect&Position=28.560`bb42af9e.ee894de6.a8870ee2.566cbbfe`Architecture`MON::Model [Architecture]`receiveEnergyCost=150.010000&receiveEnergyOverhead=101.860000&transmitEnergyCost=105.110000&transmitEnergyOverhead=341.000000````````````, ,
20141129_1550_57, Notification, XTEAM Engine, participant_1, 9, Simulation execution beginning, ,
20141129_1551_05, Design, FLAME Client, participant_1, 9, X`cdc6010e.7cf74d31.85daf3c3.1e9a4be8`ATTR`Host_Client`Host`MON::Set [Host]`Aspect=xADLCoreAspect&Position=28.560`bb42af9e.ee894de6.a8870ee2.566cbbfe`Architecture`MON::Model [Architecture]`receiveEnergyCost=150.010000&receiveEnergyOverhead=101.860000&transmitEnergyCost=105.110000&transmitEnergyOverhead=129.870000````````````, ,
20141129_1551_06, Notification, XTEAM Engine, participant_1, 10, Simulation execution beginning, ,
20141129_1551_07, Notification, XTEAM Engine, participant_1, 7, Simulation execution completion, ,
20141129_1551_07, XTEAM, XTEAM Engine, participant_1, , ,
20141129_1551_07, XTEAM, XTEAM Engine, participant_1, , ,
20141129_1551_07, XTEAM, XTEAM Engine, participant_1, , ,
20141129_1551_08, Notification, XTEAM Engine, participant_1, 8, Simulation execution completion, ,
20141129_1551_08, XTEAM, XTEAM Engine, participant_1, , ,
20141129_1551_08, XTEAM, XTEAM Engine, participant_1, , ,
20141129_1551_09, XTEAM, XTEAM Engine, participant_1, , ,
20141129_1551_29, Notification, XTEAM Engine, participant_1, 9, Simulation execution completion, ,
20141129_1551_29, XTEAM, XTEAM Engine, participant_1, , ,
20141129_1551_29, XTEAM, XTEAM Engine, participant_1, , ,
20141129_1551_29, XTEAM, XTEAM Engine, participant_1, , ,
20141129_1551_37, Notification, XTEAM Engine, participant_1, 10, Simulation execution completion, ,
20141129_1551_37, XTEAM, XTEAM Engine, participant_1, , ,
20141129_1551_37, XTEAM, XTEAM Engine, participant_1, , ,
20141129_1551_37, XTEAM, XTEAM Engine, participant_1, , ,
20141129_1551_55, Design, FLAME Client, participant_0, 11, X`176369f9.b385435c.b2d59a0f.66ba660c`ATTR`Host_SubsetSum`Host`MON::Set [Host]`Aspect=xADLCoreAspect&Position=1610.385`bb42af9e.ee894de6.a8870ee2.566cbbfe`Architecture`MON::Model [Architecture]`receiveEnergyCost=101.280000&receiveEnergyOverhead=64.990000&transmitEnergyCost=330.000000&transmitEnergyOverhead=182.000000````````````, ,
20141129_1551_56, Notification, XTEAM Engine, participant_0, 10, Simulation execution beginning, ,
20141129_1552_06, Design, FLAME Client, participant_0, 12, X`176369f9.b385435c.b2d59a0f.66ba660c`ATTR`Host_SubsetSum`Host`MON::Set [Host]`Aspect=xADLCoreAspect&Position=1610.385`bb42af9e.ee894de6.a8870ee2.566cbbfe`Architecture`MON::Model [Architecture]`receiveEnergyCost=101.280000&receiveEnergyOverhead=64.990000&transmitEnergyCost=330.000000&transmitEnergyOverhead=429.000000````````````, ,
20141129_1552_07, Notification, XTEAM Engine, participant_0, 11, Simulation execution beginning, ,
20141129_1552_11, Design, FLAME Client, participant_1, 10, X`25fea250.79aa4baf.b62be506.e9d1819a`ATTR`Host_GCE`Host`MON::Set [Host]`Aspect=xADLCoreAspect&Position=161.560`bb42af9e.ee894de6.a8870ee2.566cbbfe`Architecture`MON::Model [Architecture]`receiveEnergyCost=150.010000&receiveEnergyOverhead=101.860000&transmitEnergyCost=312.000000&transmitEnergyOverhead=129.870000````````````, ,
20141129_1552_12, Notification, XTEAM Engine, participant_1, 11, Simulation execution beginning, ,
20141129_1552_16, Design, FLAME Client, participant_1, 11, X`25fea250.79aa4baf.b62be506.e9d1819a`ATTR`Host_GCE`Host`MON::Set [Host]`Aspect=xADLCoreAspect&Position=161.560`bb42af9e.ee894de6.a8870ee2.566cbbfe`Architecture`MON::Model [Architecture]`receiveEnergyCost=150.010000&receiveEnergyOverhead=101.860000&transmitEnergyCost=312.000000&transmitEnergyOverhead=341.000000````````````, ,
20141129_1552_18, Notification, XTEAM Engine, participant_1, 12, Simulation execution beginning, ,
20141129_1552_34, Notification, XTEAM Engine, participant_0, 10, Simulation execution completion, ,
20141129_1552_34, XTEAM, XTEAM Engine, participant_0, , ,
20141129_1552_34, XTEAM, XTEAM Engine, participant_0, , ,
20141129_1552_34, XTEAM, XTEAM Engine, participant_0, , ,
20141129_1552_44, Notification, XTEAM Engine, participant_0, 11, Simulation execution completion, ,
20141129_1552_44, XTEAM, XTEAM Engine, participant_0, , ,
20141129_1552_44, XTEAM, XTEAM Engine, participant_0, , ,
20141129_1552_44, XTEAM, XTEAM Engine, participant_0, , ,
20141129_1552_48, Notification, XTEAM Engine, participant_1, 11, Simulation execution completion, ,
20141129_1552_48, XTEAM, XTEAM Engine, participant_1, , ,
20141129_1552_48, XTEAM, XTEAM Engine, participant_1, , ,
20141129_1552_48, XTEAM, XTEAM Engine, participant_1, , ,
20141129_1552_52, Notification, XTEAM Engine, participant_1, 12, Simulation execution completion, ,
20141129_1552_52, XTEAM, XTEAM Engine, participant_1, , ,
20141129_1552_52, XTEAM, XTEAM Engine, participant_1, , ,
20141129_1552_52, XTEAM, XTEAM Engine, participant_1, , ,
20141129_1552_52, Design, FLAME Client, participant_0, 13, X`3f426f4b.6d164164.816fe575.67a4324f`ATTR`generate`Task`MON::Model [Task]`Aspect=xADLBehaviorAspect&Position=301.259`37598ce1.81784bb5.996843e8.1d554a61`Process`MON::Model [Process]`executionTime=8&memoryUsage=5500&taskInstruction=nextTask = new Task;|nextTask->getTaskState().value() = 0;|nextTask->getTaskID().value() = taskIDCounter->getNextTaskID().value()++;````````````, ,
20141129_1552_53, Notification, XTEAM Engine, participant_0, 12, Simulation execution beginning, ,
20141129_1552_57, Design, FLAME Client, participant_0, 14, X`3f426f4b.6d164164.816fe575.67a4324f`ATTR`generate`Task`MON::Model [Task]`Aspect=xADLBehaviorAspect&Position=301.259`37598ce1.81784bb5.996843e8.1d554a61`Process`MON::Model [Process]`executionTime=8&memoryUsage=11000&taskInstruction=nextTask = new Task;|nextTask->getTaskState().value() = 0;|nextTask->getTaskID().value() = taskIDCounter->getNextTaskID().value()++;````````````, ,
20141129_1552_58, Notification, XTEAM Engine, participant_0, 13, Simulation execution beginning, ,
20141129_1553_03, Design, FLAME Client, participant_0, 15, X`3f426f4b.6d164164.816fe575.67a4324f`ATTR`generate`Task`MON::Model [Task]`Aspect=xADLBehaviorAspect&Position=301.259`37598ce1.81784bb5.996843e8.1d554a61`Process`MON::Model [Process]`executionTime=7&memoryUsage=11000&taskInstruction=nextTask = new Task;|nextTask->getTaskState().value() = 0;|nextTask->getTaskID().value() = taskIDCounter->getNextTaskID().value()++;````````````, ,
20141129_1553_04, Notification, XTEAM Engine, participant_0, 14, Simulation execution beginning, ,
20141129_1553_30, Notification, XTEAM Engine, participant_0, 12, Simulation execution completion, ,
20141129_1553_30, XTEAM, XTEAM Engine, participant_0, , ,
20141129_1553_30, XTEAM, XTEAM Engine, participant_0, , ,
20141129_1553_30, XTEAM, XTEAM Engine, participant_0, , ,
20141129_1553_33, Notification, XTEAM Engine, participant_0, 13, Simulation execution completion, ,
20141129_1553_33, XTEAM, XTEAM Engine, participant_0, , ,
20141129_1553_33, XTEAM, XTEAM Engine, participant_0, , ,
20141129_1553_33, XTEAM, XTEAM Engine, participant_0, , ,
20141129_1553_39, Notification, XTEAM Engine, participant_0, 14, Simulation execution completion, ,
20141129_1553_39, XTEAM, XTEAM Engine, participant_0, , ,
20141129_1553_39, XTEAM, XTEAM Engine, participant_0, , ,
20141129_1553_39, XTEAM, XTEAM Engine, participant_0, , ,
20141129_1553_40, Update, FLAME Client, participant_1, 12, ,
20141129_1556_06, Snapshot, FLAME Client, participant_1, 13, ,
20141129_1556_09, Notification, XTEAM Engine, participant_0, 15, Simulation execution beginning, ,
20141129_1556_41, Notification, XTEAM Engine, participant_0, 15, Simulation execution completion, ,
20141129_1556_41, XTEAM, XTEAM Engine, participant_0, , ,
20141129_1556_41, XTEAM, XTEAM Engine, participant_0, , ,
20141129_1556_41, XTEAM, XTEAM Engine, participant_0, , ,
20141129_1559_21, Update, FLAME Client, participant_0, 16, ,
20141129_1604_28, Design, FLAME Client, participant_0, 17, X`176369f9.b385435c.b2d59a0f.66ba660c`ATTR`Host_SubsetSum`Host`MON::Set [Host]`Aspect=xADLCoreAspect&Position=1610.385`bb42af9e.ee894de6.a8870ee2.566cbbfe`Architecture`MON::Model [Architecture]`receiveEnergyCost=101.280000&receiveEnergyOverhead=64.990000&transmitEnergyCost=182.000000&transmitEnergyOverhead=429.000000````````````, ,
20141129_1604_28, Notification, XTEAM Engine, participant_0, 16, Simulation execution beginning, ,
20141129_1604_34, Design, FLAME Client, participant_0, 18, X`176369f9.b385435c.b2d59a0f.66ba660c`ATTR`Host_SubsetSum`Host`MON::Set [Host]`Aspect=xADLCoreAspect&Position=1610.385`bb42af9e.ee894de6.a8870ee2.566cbbfe`Architecture`MON::Model [Architecture]`receiveEnergyCost=101.280000&receiveEnergyOverhead=64.990000&transmitEnergyCost=182.000000&transmitEnergyOverhead=182.000000````````````, ,
20141129_1604_35, Notification, XTEAM Engine, participant_0, 17, Simulation execution beginning, ,
20141129_1604_44, Design, FLAME Client, participant_0, 19, X`176369f9.b385435c.b2d59a0f.66ba660c`ATTR`Host_SubsetSum`Host`MON::Set [Host]`Aspect=xADLCoreAspect&Position=1610.385`bb42af9e.ee894de6.a8870ee2.566cbbfe`Architecture`MON::Model [Architecture]`receiveEnergyCost=101.280000&receiveEnergyOverhead=64.990000&transmitEnergyCost=182.000000&transmitEnergyOverhead=217.000000````````````, ,
20141129_1604_45, Notification, XTEAM Engine, participant_0, 18, Simulation execution beginning, ,
20141129_1604_53, Design, FLAME Client, participant_0, 20, X`3f426f4b.6d164164.816fe575.67a4324f`ATTR`generate`Task`MON::Model [Task]`Aspect=xADLBehaviorAspect&Position=301.259`37598ce1.81784bb5.996843e8.1d554a61`Process`MON::Model [Process]`executionTime=7.5&memoryUsage=11000&taskInstruction=nextTask = new Task;|nextTask->getTaskState().value() = 0;|nextTask->getTaskID().value() = taskIDCounter->getNextTaskID().value()++;````````````, ,
20141129_1604_54, Notification, XTEAM Engine, participant_0, 19, Simulation execution beginning, ,
20141129_1604_59, Design, FLAME Client, participant_0, 21, X`3f426f4b.6d164164.816fe575.67a4324f`ATTR`generate`Task`MON::Model [Task]`Aspect=xADLBehaviorAspect&Position=301.259`37598ce1.81784bb5.996843e8.1d554a61`Process`MON::Model [Process]`executionTime=7.5&memoryUsage=5500&taskInstruction=nextTask = new Task;|nextTask->getTaskState().value() = 0;|nextTask->getTaskID().value() = taskIDCounter->getNextTaskID().value()++;````````````, ,
20141129_1605_00, Notification, XTEAM Engine, participant_0, 20, Simulation execution beginning, ,
20141129_1605_05, Notification, XTEAM Engine, participant_0, 16, Simulation execution completion, ,
20141129_1605_05, XTEAM, XTEAM Engine, participant_0, , ,
20141129_1605_05, XTEAM, XTEAM Engine, participant_0, , ,
20141129_1605_05, XTEAM, XTEAM Engine, participant_0, , ,
20141129_1605_13, Notification, XTEAM Engine, participant_0, 17, Simulation execution completion, ,
20141129_1605_13, XTEAM, XTEAM Engine, participant_0, , ,
20141129_1605_13, XTEAM, XTEAM Engine, participant_0, , ,
20141129_1605_13, XTEAM, XTEAM Engine, participant_0, , ,
20141129_1605_22, Notification, XTEAM Engine, participant_0, 18, Simulation execution completion, ,
20141129_1605_22, XTEAM, XTEAM Engine, participant_0, , ,
20141129_1605_22, XTEAM, XTEAM Engine, participant_0, , ,
20141129_1605_22, XTEAM, XTEAM Engine, participant_0, , ,
20141129_1605_29, Notification, XTEAM Engine, participant_0, 19, Simulation execution completion, ,
20141129_1605_29, XTEAM, XTEAM Engine, participant_0, , ,
20141129_1605_29, XTEAM, XTEAM Engine, participant_0, , ,
20141129_1605_29, XTEAM, XTEAM Engine, participant_0, , ,
20141129_1605_35, Notification, XTEAM Engine, participant_0, 20, Simulation execution completion, ,
20141129_1605_35, XTEAM, XTEAM Engine, participant_0, , ,
20141129_1605_35, XTEAM, XTEAM Engine, participant_0, , ,
20141129_1605_35, XTEAM, XTEAM Engine, participant_0, , ,
20141129_1608_20, Snapshot, FLAME Client, participant_0, 22, ,
20141129_1608_23, Notification, XTEAM Engine, participant_1, 13, Simulation execution beginning, ,
20141129_1608_55, Notification, XTEAM Engine, participant_1, 13, Simulation execution completion, ,
20141129_1608_55, XTEAM, XTEAM Engine, participant_1, , ,
20141129_1608_55, XTEAM, XTEAM Engine, participant_1, , ,
20141129_1608_55, XTEAM, XTEAM Engine, participant_1, , ,
20141129_1609_44, Update, FLAME Client, participant_1, 14, ,
