TIME, Event name, OriginComponent, SenderUsername, EventID, Value, ,
20141129_1040_02, Login, FLAME Client, participant_0, , ,
20141129_1040_05, Login, XTEAM Engine, participant_0, , ,
20141129_1040_08, Login, FLAME Client, participant_1, , ,
20141129_1040_11, Login, XTEAM Engine, participant_1, , ,
20141129_1040_29, Design, FLAME Client, participant_0, 1, X`d676d709.fc564319.83d71565.666ccd84`REGISTRY`Group_GCE`Group`MON::Set [Group]`Aspect=xADLCoreAspect&Position=490.392`bb42af9e.ee894de6.a8870ee2.566cbbfe`Architecture`MON::Model [Architecture]`description=&threadPoolSize=150````````````, ,
20141129_1040_30, Notification, XTEAM Engine, participant_0, 1, Simulation execution beginning, ,
20141129_1040_34, Design, FLAME Client, participant_1, 1, X`4c379791.2eea468a.a8abbb1d.e5fba9bb`ATTR`perform`Task`MON::Model [Task]`Aspect=xADLBehaviorAspect&Position=336.217`c270ab26.2fff4b88.bf50a288.2d000ee5`Process`MON::Model [Process]`executionTime=350&memoryUsage=27&taskInstruction=nextResult[thread_id] = new Result;|nextResult[thread_id]->getResultState().value() = 0;|nextResult[thread_id]->getResultID().value() = nextTask[thread_id]->getTaskID().value();|nextResult[thread_id]->getResultValue().value() = 1;````````````, ,
20141129_1040_36, Notification, XTEAM Engine, participant_1, 1, Simulation execution beginning, ,
20141129_1040_40, Design, FLAME Client, participant_1, 2, X`4c379791.2eea468a.a8abbb1d.e5fba9bb`ATTR`perform`Task`MON::Model [Task]`Aspect=xADLBehaviorAspect&Position=336.217`c270ab26.2fff4b88.bf50a288.2d000ee5`Process`MON::Model [Process]`executionTime=350&memoryUsage=32&taskInstruction=nextResult[thread_id] = new Result;|nextResult[thread_id]->getResultState().value() = 0;|nextResult[thread_id]->getResultID().value() = nextTask[thread_id]->getTaskID().value();|nextResult[thread_id]->getResultValue().value() = 1;````````````, ,
20141129_1040_41, Notification, XTEAM Engine, participant_1, 2, Simulation execution beginning, ,
20141129_1040_52, Design, FLAME Client, participant_1, 3, X`64e3f498.f1114939.ba695f73.d07188e3`ATTR`perform`Task`MON::Model [Task]`Aspect=xADLBehaviorAspect&Position=308.301`d640f4b9.22e14264.b459176e.af6b895e`Process`MON::Model [Process]`executionTime=350&memoryUsage=27&taskInstruction=nextResult[thread_id] = new Result;|nextResult[thread_id]->getResultState().value() = 0;|nextResult[thread_id]->getResultID().value() = nextTask[thread_id]->getTaskID().value();|nextResult[thread_id]->getResultValue().value() = 1;````````````, ,
20141129_1040_53, Notification, XTEAM Engine, participant_1, 3, Simulation execution beginning, ,
20141129_1040_54, Design, FLAME Client, participant_1, 4, X`64e3f498.f1114939.ba695f73.d07188e3`ATTR`perform`Task`MON::Model [Task]`Aspect=xADLBehaviorAspect&Position=308.301`d640f4b9.22e14264.b459176e.af6b895e`Process`MON::Model [Process]`executionTime=350&memoryUsage=32&taskInstruction=nextResult[thread_id] = new Result;|nextResult[thread_id]->getResultState().value() = 0;|nextResult[thread_id]->getResultID().value() = nextTask[thread_id]->getTaskID().value();|nextResult[thread_id]->getResultValue().value() = 1;````````````, ,
20141129_1040_56, Notification, XTEAM Engine, participant_1, 4, Simulation execution beginning, ,
20141129_1041_05, Design, FLAME Client, participant_0, 2, X`3f426f4b.6d164164.816fe575.67a4324f`ATTR`generate`Task`MON::Model [Task]`Aspect=xADLBehaviorAspect&Position=301.259`37598ce1.81784bb5.996843e8.1d554a61`Process`MON::Model [Process]`executionTime=7&memoryUsage=3&taskInstruction=nextTask = new Task;|nextTask->getTaskState().value() = 0;|nextTask->getTaskID().value() = taskIDCounter->getNextTaskID().value()++;````````````, ,
20141129_1041_06, Notification, XTEAM Engine, participant_0, 2, Simulation execution beginning, ,
20141129_1041_09, Design, FLAME Client, participant_0, 3, X`3f426f4b.6d164164.816fe575.67a4324f`ATTR`generate`Task`MON::Model [Task]`Aspect=xADLBehaviorAspect&Position=301.259`37598ce1.81784bb5.996843e8.1d554a61`Process`MON::Model [Process]`executionTime=7&memoryUsage=5550&taskInstruction=nextTask = new Task;|nextTask->getTaskState().value() = 0;|nextTask->getTaskID().value() = taskIDCounter->getNextTaskID().value()++;````````````, ,
20141129_1041_10, Notification, XTEAM Engine, participant_0, 3, Simulation execution beginning, ,
20141129_1041_12, Notification, XTEAM Engine, participant_0, 1, Simulation execution completion, ,
20141129_1041_12, XTEAM, XTEAM Engine, participant_0, , ,
20141129_1041_12, XTEAM, XTEAM Engine, participant_0, , ,
20141129_1041_12, XTEAM, XTEAM Engine, participant_0, , ,
20141129_1041_13, Design, FLAME Client, participant_1, 5, X`cdc6010e.7cf74d31.85daf3c3.1e9a4be8`ATTR`Host_Client`Host`MON::Set [Host]`Aspect=xADLCoreAspect&Position=28.560`bb42af9e.ee894de6.a8870ee2.566cbbfe`Architecture`MON::Model [Architecture]`receiveEnergyCost=150.010000&receiveEnergyOverhead=101.860000&transmitEnergyCost=312.000000&transmitEnergyOverhead=129.870000````````````, ,
20141129_1041_14, Notification, XTEAM Engine, participant_1, 5, Simulation execution beginning, ,
20141129_1041_15, Design, FLAME Client, participant_0, 4, X`3f426f4b.6d164164.816fe575.67a4324f`ATTR`generate`Task`MON::Model [Task]`Aspect=xADLBehaviorAspect&Position=301.259`37598ce1.81784bb5.996843e8.1d554a61`Process`MON::Model [Process]`executionTime=7&memoryUsage=5500&taskInstruction=nextTask = new Task;|nextTask->getTaskState().value() = 0;|nextTask->getTaskID().value() = taskIDCounter->getNextTaskID().value()++;````````````, ,
20141129_1041_16, Notification, XTEAM Engine, participant_0, 4, Simulation execution beginning, ,
20141129_1041_17, Design, FLAME Client, participant_1, 6, X`cdc6010e.7cf74d31.85daf3c3.1e9a4be8`ATTR`Host_Client`Host`MON::Set [Host]`Aspect=xADLCoreAspect&Position=28.560`bb42af9e.ee894de6.a8870ee2.566cbbfe`Architecture`MON::Model [Architecture]`receiveEnergyCost=150.010000&receiveEnergyOverhead=101.860000&transmitEnergyCost=312.000000&transmitEnergyOverhead=341.000000````````````, ,
20141129_1041_18, Notification, XTEAM Engine, participant_1, 6, Simulation execution beginning, ,
20141129_1041_19, Notification, XTEAM Engine, participant_1, 1, Simulation execution completion, ,
20141129_1041_19, XTEAM, XTEAM Engine, participant_1, , ,
20141129_1041_19, XTEAM, XTEAM Engine, participant_1, , ,
20141129_1041_19, XTEAM, XTEAM Engine, participant_1, , ,
20141129_1041_21, Design, FLAME Client, participant_1, 7, X`25fea250.79aa4baf.b62be506.e9d1819a`ATTR`Host_GCE`Host`MON::Set [Host]`Aspect=xADLCoreAspect&Position=161.560`bb42af9e.ee894de6.a8870ee2.566cbbfe`Architecture`MON::Model [Architecture]`receiveEnergyCost=150.010000&receiveEnergyOverhead=101.860000&transmitEnergyCost=312.000000&transmitEnergyOverhead=129.870000````````````, ,
20141129_1041_22, Notification, XTEAM Engine, participant_1, 7, Simulation execution beginning, ,
20141129_1041_23, Notification, XTEAM Engine, participant_1, 2, Simulation execution completion, ,
20141129_1041_23, XTEAM, XTEAM Engine, participant_1, , ,
20141129_1041_23, XTEAM, XTEAM Engine, participant_1, , ,
20141129_1041_23, XTEAM, XTEAM Engine, participant_1, , ,
20141129_1041_25, Design, FLAME Client, participant_1, 8, X`25fea250.79aa4baf.b62be506.e9d1819a`ATTR`Host_GCE`Host`MON::Set [Host]`Aspect=xADLCoreAspect&Position=161.560`bb42af9e.ee894de6.a8870ee2.566cbbfe`Architecture`MON::Model [Architecture]`receiveEnergyCost=150.010000&receiveEnergyOverhead=101.860000&transmitEnergyCost=312.000000&transmitEnergyOverhead=341.000000````````````, ,
20141129_1041_26, Notification, XTEAM Engine, participant_1, 8, Simulation execution beginning, ,
20141129_1041_30, Design, FLAME Client, participant_0, 5, X`176369f9.b385435c.b2d59a0f.66ba660c`ATTR`Host_SubsetSum`Host`MON::Set [Host]`Aspect=xADLCoreAspect&Position=1610.385`bb42af9e.ee894de6.a8870ee2.566cbbfe`Architecture`MON::Model [Architecture]`receiveEnergyCost=101.280000&receiveEnergyOverhead=64.990000&transmitEnergyCost=182.000000&transmitEnergyOverhead=82.450000````````````, ,
20141129_1041_31, Notification, XTEAM Engine, participant_0, 5, Simulation execution beginning, ,
20141129_1041_33, Snapshot, FLAME Client, participant_1, 9, ,
20141129_1041_34, Notification, XTEAM Engine, participant_1, 3, Simulation execution completion, ,
20141129_1041_34, XTEAM, XTEAM Engine, participant_1, , ,
20141129_1041_34, XTEAM, XTEAM Engine, participant_1, , ,
20141129_1041_34, XTEAM, XTEAM Engine, participant_1, , ,
20141129_1041_35, Notification, XTEAM Engine, participant_0, 6, Simulation execution beginning, ,
20141129_1041_35, Notification, XTEAM Engine, participant_1, 4, Simulation execution completion, ,
20141129_1041_35, Design, FLAME Client, participant_0, 6, X`176369f9.b385435c.b2d59a0f.66ba660c`ATTR`Host_SubsetSum`Host`MON::Set [Host]`Aspect=xADLCoreAspect&Position=1610.385`bb42af9e.ee894de6.a8870ee2.566cbbfe`Architecture`MON::Model [Architecture]`receiveEnergyCost=101.280000&receiveEnergyOverhead=64.990000&transmitEnergyCost=182.000000&transmitEnergyOverhead=217.000000````````````, ,
20141129_1041_35, XTEAM, XTEAM Engine, participant_1, , ,
20141129_1041_35, XTEAM, XTEAM Engine, participant_1, , ,
20141129_1041_35, XTEAM, XTEAM Engine, participant_1, , ,
20141129_1041_37, Notification, XTEAM Engine, participant_0, 7, Simulation execution beginning, ,
20141129_1041_44, Notification, XTEAM Engine, participant_0, 2, Simulation execution completion, ,
20141129_1041_44, XTEAM, XTEAM Engine, participant_0, , ,
20141129_1041_44, XTEAM, XTEAM Engine, participant_0, , ,
20141129_1041_44, XTEAM, XTEAM Engine, participant_0, , ,
20141129_1041_48, Notification, XTEAM Engine, participant_0, 3, Simulation execution completion, ,
20141129_1041_48, XTEAM, XTEAM Engine, participant_0, , ,
20141129_1041_48, XTEAM, XTEAM Engine, participant_0, , ,
20141129_1041_48, XTEAM, XTEAM Engine, participant_0, , ,
20141129_1041_51, Notification, XTEAM Engine, participant_1, 5, Simulation execution completion, ,
20141129_1041_51, XTEAM, XTEAM Engine, participant_1, , ,
20141129_1041_51, XTEAM, XTEAM Engine, participant_1, , ,
20141129_1041_51, XTEAM, XTEAM Engine, participant_1, , ,
20141129_1041_53, Notification, XTEAM Engine, participant_0, 4, Simulation execution completion, ,
20141129_1041_53, XTEAM, XTEAM Engine, participant_0, , ,
20141129_1041_53, XTEAM, XTEAM Engine, participant_0, , ,
20141129_1041_53, XTEAM, XTEAM Engine, participant_0, , ,
20141129_1041_56, Notification, XTEAM Engine, participant_1, 6, Simulation execution completion, ,
20141129_1041_56, XTEAM, XTEAM Engine, participant_1, , ,
20141129_1041_56, XTEAM, XTEAM Engine, participant_1, , ,
20141129_1041_56, XTEAM, XTEAM Engine, participant_1, , ,
20141129_1041_57, Design, FLAME Client, participant_0, 7, X`5f6f2608.44344561.8ba2e4f1.98ed9e78`REGISTRY`SubsetSumGen`Component`MON::Model [Component]`Aspect=xADLCoreAspect&Position=1358.385`bb42af9e.ee894de6.a8870ee2.566cbbfe`Architecture`MON::Model [Architecture]`description=````````````, ,
20141129_1042_00, Notification, XTEAM Engine, participant_0, 8, Simulation execution beginning, ,
20141129_1042_05, Notification, XTEAM Engine, participant_1, 7, Simulation execution completion, ,
20141129_1042_05, XTEAM, XTEAM Engine, participant_1, , ,
20141129_1042_05, XTEAM, XTEAM Engine, participant_1, , ,
20141129_1042_05, XTEAM, XTEAM Engine, participant_1, , ,
20141129_1042_07, Notification, XTEAM Engine, participant_0, 5, Simulation execution completion, ,
20141129_1042_07, XTEAM, XTEAM Engine, participant_0, , ,
20141129_1042_07, XTEAM, XTEAM Engine, participant_0, , ,
20141129_1042_07, XTEAM, XTEAM Engine, participant_0, , ,
20141129_1042_08, Notification, XTEAM Engine, participant_1, 8, Simulation execution completion, ,
20141129_1042_08, XTEAM, XTEAM Engine, participant_1, , ,
20141129_1042_08, XTEAM, XTEAM Engine, participant_1, , ,
20141129_1042_08, XTEAM, XTEAM Engine, participant_1, , ,
20141129_1042_16, Notification, XTEAM Engine, participant_0, 6, Simulation execution completion, ,
20141129_1042_16, XTEAM, XTEAM Engine, participant_0, , ,
20141129_1042_16, XTEAM, XTEAM Engine, participant_0, , ,
20141129_1042_16, XTEAM, XTEAM Engine, participant_0, , ,
20141129_1042_22, Notification, XTEAM Engine, participant_0, 7, Simulation execution completion, ,
20141129_1042_22, XTEAM, XTEAM Engine, participant_0, , ,
20141129_1042_22, XTEAM, XTEAM Engine, participant_0, , ,
20141129_1042_22, XTEAM, XTEAM Engine, participant_0, , ,
20141129_1042_34, Design, FLAME Client, participant_0, 8, X`3a60805b.3a524f70.a064acd1.88108a11`ATTR`generate`Task`MON::Model [Task]`Aspect=xADLBehaviorAspect&Position=301.259`fd961ab4.712348fe.91a8653d.18529735`Process`MON::Model [Process]`executionTime=7&memoryUsage=3&taskInstruction=nextTask = new Task;|nextTask->getTaskState().value() = 0;|nextTask->getTaskID().value() = taskIDCounter->getNextTaskID().value()++;````````````, ,
20141129_1042_35, Notification, XTEAM Engine, participant_0, 8, Simulation execution completion, ,
20141129_1042_35, XTEAM, XTEAM Engine, participant_0, , ,
20141129_1042_35, XTEAM, XTEAM Engine, participant_0, , ,
20141129_1042_35, XTEAM, XTEAM Engine, participant_0, , ,
20141129_1042_35, Notification, XTEAM Engine, participant_0, 9, Simulation execution beginning, ,
20141129_1042_38, Update, FLAME Client, participant_0, 9, ,
20141129_1042_46, Design, FLAME Client, participant_0, 10, X`3a60805b.3a524f70.a064acd1.88108a11`ATTR`generate`Task`MON::Model [Task]`Aspect=xADLBehaviorAspect&Position=301.259`fd961ab4.712348fe.91a8653d.18529735`Process`MON::Model [Process]`executionTime=7&memoryUsage=5500&taskInstruction=nextTask = new Task;|nextTask->getTaskState().value() = 0;|nextTask->getTaskID().value() = taskIDCounter->getNextTaskID().value()++;````````````, ,
20141129_1042_48, Notification, XTEAM Engine, participant_0, 10, Simulation execution beginning, ,
20141129_1043_07, Design, FLAME Client, participant_0, 11, X`de311a94.5ac54159.8e7ae434.321ec71e`ATTR`HostSAT`Host`MON::Set [Host]`Aspect=xADLCoreAspect&Position=1610.497`bb42af9e.ee894de6.a8870ee2.566cbbfe`Architecture`MON::Model [Architecture]`receiveEnergyCost=101.280000&receiveEnergyOverhead=64.990000&transmitEnergyCost=182.000000&transmitEnergyOverhead=82.450000````````````, ,
20141129_1043_08, Notification, XTEAM Engine, participant_0, 11, Simulation execution beginning, ,
20141129_1043_11, Notification, XTEAM Engine, participant_0, 9, Simulation execution completion, ,
20141129_1043_11, XTEAM, XTEAM Engine, participant_0, , ,
20141129_1043_11, XTEAM, XTEAM Engine, participant_0, , ,
20141129_1043_11, XTEAM, XTEAM Engine, participant_0, , ,
20141129_1043_20, Design, FLAME Client, participant_0, 12, X`de311a94.5ac54159.8e7ae434.321ec71e`ATTR`HostSAT`Host`MON::Set [Host]`Aspect=xADLCoreAspect&Position=1610.497`bb42af9e.ee894de6.a8870ee2.566cbbfe`Architecture`MON::Model [Architecture]`receiveEnergyCost=101.280000&receiveEnergyOverhead=64.990000&transmitEnergyCost=182.000000&transmitEnergyOverhead=217.000000````````````, ,
20141129_1043_21, Notification, XTEAM Engine, participant_0, 12, Simulation execution beginning, ,
20141129_1043_22, Notification, XTEAM Engine, participant_0, 10, Simulation execution completion, ,
20141129_1043_22, XTEAM, XTEAM Engine, participant_0, , ,
20141129_1043_22, XTEAM, XTEAM Engine, participant_0, , ,
20141129_1043_22, XTEAM, XTEAM Engine, participant_0, , ,
20141129_1043_43, Notification, XTEAM Engine, participant_0, 11, Simulation execution completion, ,
20141129_1043_43, XTEAM, XTEAM Engine, participant_0, , ,
20141129_1043_43, XTEAM, XTEAM Engine, participant_0, , ,
20141129_1043_43, XTEAM, XTEAM Engine, participant_0, , ,
20141129_1043_56, Notification, XTEAM Engine, participant_0, 12, Simulation execution completion, ,
20141129_1043_56, XTEAM, XTEAM Engine, participant_0, , ,
20141129_1043_56, XTEAM, XTEAM Engine, participant_0, , ,
20141129_1043_56, XTEAM, XTEAM Engine, participant_0, , ,
20141129_1048_02, Snapshot, FLAME Client, participant_0, 13, ,
20141129_1048_05, Notification, XTEAM Engine, participant_1, 9, Simulation execution beginning, ,
20141129_1048_37, Notification, XTEAM Engine, participant_1, 9, Simulation execution completion, ,
20141129_1048_37, XTEAM, XTEAM Engine, participant_1, , ,
20141129_1048_37, XTEAM, XTEAM Engine, participant_1, , ,
20141129_1048_37, XTEAM, XTEAM Engine, participant_1, , ,
20141129_1048_54, Update, FLAME Client, participant_1, 10, ,
20141129_1050_13, Design, FLAME Client, participant_1, 11, X`4c379791.2eea468a.a8abbb1d.e5fba9bb`ATTR`perform`Task`MON::Model [Task]`Aspect=xADLBehaviorAspect&Position=336.217`c270ab26.2fff4b88.bf50a288.2d000ee5`Process`MON::Model [Process]`executionTime=200&memoryUsage=32&taskInstruction=nextResult[thread_id] = new Result;|nextResult[thread_id]->getResultState().value() = 0;|nextResult[thread_id]->getResultID().value() = nextTask[thread_id]->getTaskID().value();|nextResult[thread_id]->getResultValue().value() = 1;````````````, ,
20141129_1050_14, Notification, XTEAM Engine, participant_1, 10, Simulation execution beginning, ,
20141129_1050_17, Design, FLAME Client, participant_1, 12, X`4c379791.2eea468a.a8abbb1d.e5fba9bb`ATTR`perform`Task`MON::Model [Task]`Aspect=xADLBehaviorAspect&Position=336.217`c270ab26.2fff4b88.bf50a288.2d000ee5`Process`MON::Model [Process]`executionTime=200&memoryUsage=65&taskInstruction=nextResult[thread_id] = new Result;|nextResult[thread_id]->getResultState().value() = 0;|nextResult[thread_id]->getResultID().value() = nextTask[thread_id]->getTaskID().value();|nextResult[thread_id]->getResultValue().value() = 1;````````````, ,
20141129_1050_19, Notification, XTEAM Engine, participant_1, 11, Simulation execution beginning, ,
20141129_1050_41, Design, FLAME Client, participant_1, 13, X`cdc6010e.7cf74d31.85daf3c3.1e9a4be8`ATTR`Host_Client`Host`MON::Set [Host]`Aspect=xADLCoreAspect&Position=28.560`bb42af9e.ee894de6.a8870ee2.566cbbfe`Architecture`MON::Model [Architecture]`receiveEnergyCost=150.010000&receiveEnergyOverhead=101.860000&transmitEnergyCost=514.000000&transmitEnergyOverhead=341.000000````````````, ,
20141129_1050_42, Notification, XTEAM Engine, participant_1, 12, Simulation execution beginning, ,
20141129_1050_46, Design, FLAME Client, participant_1, 14, X`cdc6010e.7cf74d31.85daf3c3.1e9a4be8`ATTR`Host_Client`Host`MON::Set [Host]`Aspect=xADLCoreAspect&Position=28.560`bb42af9e.ee894de6.a8870ee2.566cbbfe`Architecture`MON::Model [Architecture]`receiveEnergyCost=150.010000&receiveEnergyOverhead=101.860000&transmitEnergyCost=514.000000&transmitEnergyOverhead=755.000000````````````, ,
20141129_1050_47, Notification, XTEAM Engine, participant_1, 13, Simulation execution beginning, ,
20141129_1050_52, Notification, XTEAM Engine, participant_1, 10, Simulation execution completion, ,
20141129_1050_52, XTEAM, XTEAM Engine, participant_1, , ,
20141129_1050_52, XTEAM, XTEAM Engine, participant_1, , ,
20141129_1050_52, XTEAM, XTEAM Engine, participant_1, , ,
20141129_1050_56, Notification, XTEAM Engine, participant_1, 11, Simulation execution completion, ,
20141129_1050_56, XTEAM, XTEAM Engine, participant_1, , ,
20141129_1050_56, XTEAM, XTEAM Engine, participant_1, , ,
20141129_1050_56, XTEAM, XTEAM Engine, participant_1, , ,
20141129_1051_16, Notification, XTEAM Engine, participant_1, 12, Simulation execution completion, ,
20141129_1051_16, XTEAM, XTEAM Engine, participant_1, , ,
20141129_1051_16, XTEAM, XTEAM Engine, participant_1, , ,
20141129_1051_16, XTEAM, XTEAM Engine, participant_1, , ,
20141129_1051_21, Notification, XTEAM Engine, participant_1, 13, Simulation execution completion, ,
20141129_1051_21, XTEAM, XTEAM Engine, participant_1, , ,
20141129_1051_21, XTEAM, XTEAM Engine, participant_1, , ,
20141129_1051_21, XTEAM, XTEAM Engine, participant_1, , ,
20141129_1052_04, Design, FLAME Client, participant_0, 14, X`3f426f4b.6d164164.816fe575.67a4324f`ATTR`generate`Task`MON::Model [Task]`Aspect=xADLBehaviorAspect&Position=301.259`37598ce1.81784bb5.996843e8.1d554a61`Process`MON::Model [Process]`executionTime=6.0&memoryUsage=5500&taskInstruction=nextTask = new Task;|nextTask->getTaskState().value() = 0;|nextTask->getTaskID().value() = taskIDCounter->getNextTaskID().value()++;````````````, ,
20141129_1052_06, Notification, XTEAM Engine, participant_0, 13, Simulation execution beginning, ,
20141129_1052_10, Design, FLAME Client, participant_0, 15, X`3f426f4b.6d164164.816fe575.67a4324f`ATTR`generate`Task`MON::Model [Task]`Aspect=xADLBehaviorAspect&Position=301.259`37598ce1.81784bb5.996843e8.1d554a61`Process`MON::Model [Process]`executionTime=6.0&memoryUsage=11000&taskInstruction=nextTask = new Task;|nextTask->getTaskState().value() = 0;|nextTask->getTaskID().value() = taskIDCounter->getNextTaskID().value()++;````````````, ,
20141129_1052_11, Notification, XTEAM Engine, participant_0, 14, Simulation execution beginning, ,
20141129_1052_22, Design, FLAME Client, participant_0, 16, X`176369f9.b385435c.b2d59a0f.66ba660c`ATTR`Host_SubsetSum`Host`MON::Set [Host]`Aspect=xADLCoreAspect&Position=1610.385`bb42af9e.ee894de6.a8870ee2.566cbbfe`Architecture`MON::Model [Architecture]`receiveEnergyCost=101.280000&receiveEnergyOverhead=64.990000&transmitEnergyCost=330.000000&transmitEnergyOverhead=217.000000````````````, ,
20141129_1052_23, Notification, XTEAM Engine, participant_0, 15, Simulation execution beginning, ,
20141129_1052_26, Design, FLAME Client, participant_0, 17, X`176369f9.b385435c.b2d59a0f.66ba660c`ATTR`Host_SubsetSum`Host`MON::Set [Host]`Aspect=xADLCoreAspect&Position=1610.385`bb42af9e.ee894de6.a8870ee2.566cbbfe`Architecture`MON::Model [Architecture]`receiveEnergyCost=101.280000&receiveEnergyOverhead=64.990000&transmitEnergyCost=330.000000&transmitEnergyOverhead=429.000000````````````, ,
20141129_1052_28, Notification, XTEAM Engine, participant_0, 16, Simulation execution beginning, ,
20141129_1052_47, Notification, XTEAM Engine, participant_0, 13, Simulation execution completion, ,
20141129_1052_47, XTEAM, XTEAM Engine, participant_0, , ,
20141129_1052_47, XTEAM, XTEAM Engine, participant_0, , ,
20141129_1052_47, XTEAM, XTEAM Engine, participant_0, , ,
20141129_1052_51, Notification, XTEAM Engine, participant_0, 14, Simulation execution completion, ,
20141129_1052_51, XTEAM, XTEAM Engine, participant_0, , ,
20141129_1052_51, XTEAM, XTEAM Engine, participant_0, , ,
20141129_1052_51, XTEAM, XTEAM Engine, participant_0, , ,
20141129_1053_00, Notification, XTEAM Engine, participant_0, 15, Simulation execution completion, ,
20141129_1053_00, XTEAM, XTEAM Engine, participant_0, , ,
20141129_1053_00, XTEAM, XTEAM Engine, participant_0, , ,
20141129_1053_00, XTEAM, XTEAM Engine, participant_0, , ,
20141129_1053_03, Notification, XTEAM Engine, participant_0, 16, Simulation execution completion, ,
20141129_1053_03, XTEAM, XTEAM Engine, participant_0, , ,
20141129_1053_03, XTEAM, XTEAM Engine, participant_0, , ,
20141129_1053_03, XTEAM, XTEAM Engine, participant_0, , ,
20141129_1058_05, Design, FLAME Client, participant_1, 15, X`64e3f498.f1114939.ba695f73.d07188e3`ATTR`perform`Task`MON::Model [Task]`Aspect=xADLBehaviorAspect&Position=308.301`d640f4b9.22e14264.b459176e.af6b895e`Process`MON::Model [Process]`executionTime=200&memoryUsage=32&taskInstruction=nextResult[thread_id] = new Result;|nextResult[thread_id]->getResultState().value() = 0;|nextResult[thread_id]->getResultID().value() = nextTask[thread_id]->getTaskID().value();|nextResult[thread_id]->getResultValue().value() = 1;````````````, ,
20141129_1058_06, Notification, XTEAM Engine, participant_1, 14, Simulation execution beginning, ,
20141129_1058_09, Design, FLAME Client, participant_1, 16, X`64e3f498.f1114939.ba695f73.d07188e3`ATTR`perform`Task`MON::Model [Task]`Aspect=xADLBehaviorAspect&Position=308.301`d640f4b9.22e14264.b459176e.af6b895e`Process`MON::Model [Process]`executionTime=200&memoryUsage=65&taskInstruction=nextResult[thread_id] = new Result;|nextResult[thread_id]->getResultState().value() = 0;|nextResult[thread_id]->getResultID().value() = nextTask[thread_id]->getTaskID().value();|nextResult[thread_id]->getResultValue().value() = 1;````````````, ,
20141129_1058_10, Notification, XTEAM Engine, participant_1, 15, Simulation execution beginning, ,
20141129_1058_39, Notification, XTEAM Engine, participant_1, 14, Simulation execution completion, ,
20141129_1058_39, XTEAM, XTEAM Engine, participant_1, , ,
20141129_1058_39, XTEAM, XTEAM Engine, participant_1, , ,
20141129_1058_39, XTEAM, XTEAM Engine, participant_1, , ,
20141129_1058_41, Notification, XTEAM Engine, participant_1, 15, Simulation execution completion, ,
20141129_1058_41, XTEAM, XTEAM Engine, participant_1, , ,
20141129_1058_41, XTEAM, XTEAM Engine, participant_1, , ,
20141129_1058_41, XTEAM, XTEAM Engine, participant_1, , ,
20141129_1058_45, Design, FLAME Client, participant_1, 17, X`cdc6010e.7cf74d31.85daf3c3.1e9a4be8`ATTR`Host_Client`Host`MON::Set [Host]`Aspect=xADLCoreAspect&Position=28.560`bb42af9e.ee894de6.a8870ee2.566cbbfe`Architecture`MON::Model [Architecture]`receiveEnergyCost=150.010000&receiveEnergyOverhead=101.860000&transmitEnergyCost=514.000000&transmitEnergyOverhead=755.000000````````````, ,
20141129_1058_47, Notification, XTEAM Engine, participant_1, 16, Simulation execution beginning, ,
20141129_1059_08, Design, FLAME Client, participant_1, 18, X`64e3f498.f1114939.ba695f73.d07188e3`ATTR`perform`Task`MON::Model [Task]`Aspect=xADLBehaviorAspect&Position=308.301`d640f4b9.22e14264.b459176e.af6b895e`Process`MON::Model [Process]`executionTime=350&memoryUsage=65&taskInstruction=nextResult[thread_id] = new Result;|nextResult[thread_id]->getResultState().value() = 0;|nextResult[thread_id]->getResultID().value() = nextTask[thread_id]->getTaskID().value();|nextResult[thread_id]->getResultValue().value() = 1;````````````, ,
20141129_1059_09, Notification, XTEAM Engine, participant_1, 17, Simulation execution beginning, ,
20141129_1059_12, Design, FLAME Client, participant_1, 19, X`64e3f498.f1114939.ba695f73.d07188e3`ATTR`perform`Task`MON::Model [Task]`Aspect=xADLBehaviorAspect&Position=308.301`d640f4b9.22e14264.b459176e.af6b895e`Process`MON::Model [Process]`executionTime=350&memoryUsage=32&taskInstruction=nextResult[thread_id] = new Result;|nextResult[thread_id]->getResultState().value() = 0;|nextResult[thread_id]->getResultID().value() = nextTask[thread_id]->getTaskID().value();|nextResult[thread_id]->getResultValue().value() = 1;````````````, ,
20141129_1059_14, Notification, XTEAM Engine, participant_1, 18, Simulation execution beginning, ,
20141129_1059_20, Notification, XTEAM Engine, participant_1, 16, Simulation execution completion, ,
20141129_1059_20, XTEAM, XTEAM Engine, participant_1, , ,
20141129_1059_20, XTEAM, XTEAM Engine, participant_1, , ,
20141129_1059_20, XTEAM, XTEAM Engine, participant_1, , ,
20141129_1059_30, Design, FLAME Client, participant_0, 18, X`3a60805b.3a524f70.a064acd1.88108a11`ATTR`generate`Task`MON::Model [Task]`Aspect=xADLBehaviorAspect&Position=301.259`fd961ab4.712348fe.91a8653d.18529735`Process`MON::Model [Process]`executionTime=6.0&memoryUsage=5500&taskInstruction=nextTask = new Task;|nextTask->getTaskState().value() = 0;|nextTask->getTaskID().value() = taskIDCounter->getNextTaskID().value()++;````````````, ,
20141129_1059_31, Notification, XTEAM Engine, participant_0, 17, Simulation execution beginning, ,
20141129_1059_40, Notification, XTEAM Engine, participant_1, 17, Simulation execution completion, ,
20141129_1059_40, XTEAM, XTEAM Engine, participant_1, , ,
20141129_1059_40, XTEAM, XTEAM Engine, participant_1, , ,
20141129_1059_40, XTEAM, XTEAM Engine, participant_1, , ,
20141129_1059_41, Design, FLAME Client, participant_0, 19, X`3a60805b.3a524f70.a064acd1.88108a11`ATTR`generate`Task`MON::Model [Task]`Aspect=xADLBehaviorAspect&Position=301.259`fd961ab4.712348fe.91a8653d.18529735`Process`MON::Model [Process]`executionTime=6.0&memoryUsage=11000&taskInstruction=nextTask = new Task;|nextTask->getTaskState().value() = 0;|nextTask->getTaskID().value() = taskIDCounter->getNextTaskID().value()++;````````````, ,
20141129_1059_42, Notification, XTEAM Engine, participant_0, 18, Simulation execution beginning, ,
20141129_1059_46, Notification, XTEAM Engine, participant_1, 18, Simulation execution completion, ,
20141129_1059_46, XTEAM, XTEAM Engine, participant_1, , ,
20141129_1059_46, XTEAM, XTEAM Engine, participant_1, , ,
20141129_1059_46, XTEAM, XTEAM Engine, participant_1, , ,
20141129_1059_55, Design, FLAME Client, participant_0, 20, X`de311a94.5ac54159.8e7ae434.321ec71e`ATTR`HostSAT`Host`MON::Set [Host]`Aspect=xADLCoreAspect&Position=1610.497`bb42af9e.ee894de6.a8870ee2.566cbbfe`Architecture`MON::Model [Architecture]`receiveEnergyCost=101.280000&receiveEnergyOverhead=64.990000&transmitEnergyCost=330.000000&transmitEnergyOverhead=217.000000````````````, ,
20141129_1059_56, Notification, XTEAM Engine, participant_0, 19, Simulation execution beginning, ,
20141129_1100_00, Design, FLAME Client, participant_0, 21, X`de311a94.5ac54159.8e7ae434.321ec71e`ATTR`HostSAT`Host`MON::Set [Host]`Aspect=xADLCoreAspect&Position=1610.497`bb42af9e.ee894de6.a8870ee2.566cbbfe`Architecture`MON::Model [Architecture]`receiveEnergyCost=101.280000&receiveEnergyOverhead=64.990000&transmitEnergyCost=330.000000&transmitEnergyOverhead=429.000000````````````, ,
20141129_1100_01, Notification, XTEAM Engine, participant_0, 20, Simulation execution beginning, ,
20141129_1100_03, Notification, XTEAM Engine, participant_0, 17, Simulation execution completion, ,
20141129_1100_03, XTEAM, XTEAM Engine, participant_0, , ,
20141129_1100_03, XTEAM, XTEAM Engine, participant_0, , ,
20141129_1100_03, XTEAM, XTEAM Engine, participant_0, , ,
20141129_1100_18, Notification, XTEAM Engine, participant_0, 18, Simulation execution completion, ,
20141129_1100_18, XTEAM, XTEAM Engine, participant_0, , ,
20141129_1100_18, XTEAM, XTEAM Engine, participant_0, , ,
20141129_1100_18, XTEAM, XTEAM Engine, participant_0, , ,
20141129_1100_29, Notification, XTEAM Engine, participant_0, 19, Simulation execution completion, ,
20141129_1100_30, XTEAM, XTEAM Engine, participant_0, , ,
20141129_1100_30, XTEAM, XTEAM Engine, participant_0, , ,
20141129_1100_30, XTEAM, XTEAM Engine, participant_0, , ,
20141129_1100_33, Notification, XTEAM Engine, participant_0, 20, Simulation execution completion, ,
20141129_1100_33, XTEAM, XTEAM Engine, participant_0, , ,
20141129_1100_33, XTEAM, XTEAM Engine, participant_0, , ,
20141129_1100_33, XTEAM, XTEAM Engine, participant_0, , ,
20141129_1100_43, Design, FLAME Client, participant_0, 22, X`176369f9.b385435c.b2d59a0f.66ba660c`ATTR`Host_SubsetSum`Host`MON::Set [Host]`Aspect=xADLCoreAspect&Position=1610.385`bb42af9e.ee894de6.a8870ee2.566cbbfe`Architecture`MON::Model [Architecture]`receiveEnergyCost=101.280000&receiveEnergyOverhead=64.990000&transmitEnergyCost=182.000000&transmitEnergyOverhead=429.000000````````````, ,
20141129_1100_44, Notification, XTEAM Engine, participant_0, 21, Simulation execution beginning, ,
20141129_1100_47, Design, FLAME Client, participant_0, 23, X`176369f9.b385435c.b2d59a0f.66ba660c`ATTR`Host_SubsetSum`Host`MON::Set [Host]`Aspect=xADLCoreAspect&Position=1610.385`bb42af9e.ee894de6.a8870ee2.566cbbfe`Architecture`MON::Model [Architecture]`receiveEnergyCost=101.280000&receiveEnergyOverhead=64.990000&transmitEnergyCost=182.000000&transmitEnergyOverhead=217.000000````````````, ,
20141129_1100_49, Notification, XTEAM Engine, participant_0, 22, Simulation execution beginning, ,
20141129_1101_03, Design, FLAME Client, participant_0, 24, X`176369f9.b385435c.b2d59a0f.66ba660c`ATTR`Host_SubsetSum`Host`MON::Set [Host]`Aspect=xADLCoreAspect&Position=1610.385`bb42af9e.ee894de6.a8870ee2.566cbbfe`Architecture`MON::Model [Architecture]`receiveEnergyCost=101.280000&receiveEnergyOverhead=64.990000&transmitEnergyCost=330.000000&transmitEnergyOverhead=217.000000````````````, ,
20141129_1101_04, Notification, XTEAM Engine, participant_0, 23, Simulation execution beginning, ,
20141129_1101_07, Design, FLAME Client, participant_0, 25, X`176369f9.b385435c.b2d59a0f.66ba660c`ATTR`Host_SubsetSum`Host`MON::Set [Host]`Aspect=xADLCoreAspect&Position=1610.385`bb42af9e.ee894de6.a8870ee2.566cbbfe`Architecture`MON::Model [Architecture]`receiveEnergyCost=101.280000&receiveEnergyOverhead=64.990000&transmitEnergyCost=330.000000&transmitEnergyOverhead=429.000000````````````, ,
20141129_1101_09, Notification, XTEAM Engine, participant_0, 24, Simulation execution beginning, ,
20141129_1101_13, Design, FLAME Client, participant_0, 26, X`de311a94.5ac54159.8e7ae434.321ec71e`ATTR`HostSAT`Host`MON::Set [Host]`Aspect=xADLCoreAspect&Position=1610.497`bb42af9e.ee894de6.a8870ee2.566cbbfe`Architecture`MON::Model [Architecture]`receiveEnergyCost=101.280000&receiveEnergyOverhead=64.990000&transmitEnergyCost=182.000000&transmitEnergyOverhead=429.000000````````````, ,
20141129_1101_15, Notification, XTEAM Engine, participant_0, 25, Simulation execution beginning, ,
20141129_1101_17, Design, FLAME Client, participant_0, 27, X`de311a94.5ac54159.8e7ae434.321ec71e`ATTR`HostSAT`Host`MON::Set [Host]`Aspect=xADLCoreAspect&Position=1610.497`bb42af9e.ee894de6.a8870ee2.566cbbfe`Architecture`MON::Model [Architecture]`receiveEnergyCost=101.280000&receiveEnergyOverhead=64.990000&transmitEnergyCost=182.000000&transmitEnergyOverhead=217.000000````````````, ,
20141129_1101_18, Notification, XTEAM Engine, participant_0, 26, Simulation execution beginning, ,
20141129_1101_21, Notification, XTEAM Engine, participant_0, 21, Simulation execution completion, ,
20141129_1101_21, XTEAM, XTEAM Engine, participant_0, , ,
20141129_1101_21, XTEAM, XTEAM Engine, participant_0, , ,
20141129_1101_21, XTEAM, XTEAM Engine, participant_0, , ,
20141129_1101_28, Notification, XTEAM Engine, participant_0, 22, Simulation execution completion, ,
20141129_1101_28, XTEAM, XTEAM Engine, participant_0, , ,
20141129_1101_28, XTEAM, XTEAM Engine, participant_0, , ,
20141129_1101_28, XTEAM, XTEAM Engine, participant_0, , ,
20141129_1101_31, Design, FLAME Client, participant_0, 28, X`3a60805b.3a524f70.a064acd1.88108a11`ATTR`generate`Task`MON::Model [Task]`Aspect=xADLBehaviorAspect&Position=301.259`fd961ab4.712348fe.91a8653d.18529735`Process`MON::Model [Process]`executionTime=6.0&memoryUsage=5500&taskInstruction=nextTask = new Task;|nextTask->getTaskState().value() = 0;|nextTask->getTaskID().value() = taskIDCounter->getNextTaskID().value()++;````````````, ,
20141129_1101_32, Notification, XTEAM Engine, participant_0, 27, Simulation execution beginning, ,
20141129_1101_36, Design, FLAME Client, participant_0, 29, X`3a60805b.3a524f70.a064acd1.88108a11`ATTR`generate`Task`MON::Model [Task]`Aspect=xADLBehaviorAspect&Position=301.259`fd961ab4.712348fe.91a8653d.18529735`Process`MON::Model [Process]`executionTime=7.0&memoryUsage=5500&taskInstruction=nextTask = new Task;|nextTask->getTaskState().value() = 0;|nextTask->getTaskID().value() = taskIDCounter->getNextTaskID().value()++;````````````, ,
20141129_1101_38, Notification, XTEAM Engine, participant_0, 28, Simulation execution beginning, ,
20141129_1101_43, Notification, XTEAM Engine, participant_0, 23, Simulation execution completion, ,
20141129_1101_43, XTEAM, XTEAM Engine, participant_0, , ,
20141129_1101_43, XTEAM, XTEAM Engine, participant_0, , ,
20141129_1101_43, XTEAM, XTEAM Engine, participant_0, , ,
20141129_1101_48, Notification, XTEAM Engine, participant_0, 24, Simulation execution completion, ,
20141129_1101_48, XTEAM, XTEAM Engine, participant_0, , ,
20141129_1101_48, XTEAM, XTEAM Engine, participant_0, , ,
20141129_1101_48, XTEAM, XTEAM Engine, participant_0, , ,
20141129_1101_55, Notification, XTEAM Engine, participant_0, 25, Simulation execution completion, ,
20141129_1101_55, XTEAM, XTEAM Engine, participant_0, , ,
20141129_1101_55, XTEAM, XTEAM Engine, participant_0, , ,
20141129_1101_55, XTEAM, XTEAM Engine, participant_0, , ,
20141129_1102_00, Notification, XTEAM Engine, participant_0, 26, Simulation execution completion, ,
20141129_1102_00, XTEAM, XTEAM Engine, participant_0, , ,
20141129_1102_00, XTEAM, XTEAM Engine, participant_0, , ,
20141129_1102_00, XTEAM, XTEAM Engine, participant_0, , ,
20141129_1102_12, Notification, XTEAM Engine, participant_0, 27, Simulation execution completion, ,
20141129_1102_12, XTEAM, XTEAM Engine, participant_0, , ,
20141129_1102_12, XTEAM, XTEAM Engine, participant_0, , ,
20141129_1102_12, XTEAM, XTEAM Engine, participant_0, , ,
20141129_1102_15, Notification, XTEAM Engine, participant_0, 28, Simulation execution completion, ,
20141129_1102_15, XTEAM, XTEAM Engine, participant_0, , ,
20141129_1102_15, XTEAM, XTEAM Engine, participant_0, , ,
20141129_1102_15, XTEAM, XTEAM Engine, participant_0, , ,
20141129_1102_19, Snapshot, FLAME Client, participant_0, 30, ,
20141129_1102_22, Notification, XTEAM Engine, participant_1, 19, Simulation execution beginning, ,
20141129_1102_27, Update, FLAME Client, participant_1, 20, ,
20141129_1102_54, Notification, XTEAM Engine, participant_1, 19, Simulation execution completion, ,
20141129_1102_54, XTEAM, XTEAM Engine, participant_1, , ,
20141129_1102_54, XTEAM, XTEAM Engine, participant_1, , ,
20141129_1102_54, XTEAM, XTEAM Engine, participant_1, , ,
20141129_1103_19, Design, FLAME Client, participant_0, 31, X`3a60805b.3a524f70.a064acd1.88108a11`ATTR`generate`Task`MON::Model [Task]`Aspect=xADLBehaviorAspect&Position=301.259`fd961ab4.712348fe.91a8653d.18529735`Process`MON::Model [Process]`executionTime=7.0&memoryUsage=11000&taskInstruction=nextTask = new Task;|nextTask->getTaskState().value() = 0;|nextTask->getTaskID().value() = taskIDCounter->getNextTaskID().value()++;````````````, ,
20141129_1103_20, Notification, XTEAM Engine, participant_0, 29, Simulation execution beginning, ,
20141129_1103_23, Design, FLAME Client, participant_0, 32, X`3a60805b.3a524f70.a064acd1.88108a11`ATTR`generate`Task`MON::Model [Task]`Aspect=xADLBehaviorAspect&Position=301.259`fd961ab4.712348fe.91a8653d.18529735`Process`MON::Model [Process]`executionTime=6.0&memoryUsage=11000&taskInstruction=nextTask = new Task;|nextTask->getTaskState().value() = 0;|nextTask->getTaskID().value() = taskIDCounter->getNextTaskID().value()++;````````````, ,
20141129_1103_24, Notification, XTEAM Engine, participant_0, 30, Simulation execution beginning, ,
20141129_1103_35, Design, FLAME Client, participant_0, 33, X`de311a94.5ac54159.8e7ae434.321ec71e`ATTR`HostSAT`Host`MON::Set [Host]`Aspect=xADLCoreAspect&Position=1610.497`bb42af9e.ee894de6.a8870ee2.566cbbfe`Architecture`MON::Model [Architecture]`receiveEnergyCost=101.280000&receiveEnergyOverhead=64.990000&transmitEnergyCost=330.000000&transmitEnergyOverhead=217.000000````````````, ,
20141129_1103_36, Notification, XTEAM Engine, participant_0, 31, Simulation execution beginning, ,
20141129_1103_39, Design, FLAME Client, participant_0, 34, X`de311a94.5ac54159.8e7ae434.321ec71e`ATTR`HostSAT`Host`MON::Set [Host]`Aspect=xADLCoreAspect&Position=1610.497`bb42af9e.ee894de6.a8870ee2.566cbbfe`Architecture`MON::Model [Architecture]`receiveEnergyCost=101.280000&receiveEnergyOverhead=64.990000&transmitEnergyCost=330.000000&transmitEnergyOverhead=429.000000````````````, ,
20141129_1103_41, Notification, XTEAM Engine, participant_0, 32, Simulation execution beginning, ,
20141129_1103_58, Notification, XTEAM Engine, participant_0, 29, Simulation execution completion, ,
20141129_1103_58, XTEAM, XTEAM Engine, participant_0, , ,
20141129_1103_58, XTEAM, XTEAM Engine, participant_0, , ,
20141129_1103_58, XTEAM, XTEAM Engine, participant_0, , ,
20141129_1104_01, Notification, XTEAM Engine, participant_0, 30, Simulation execution completion, ,
20141129_1104_01, XTEAM, XTEAM Engine, participant_0, , ,
20141129_1104_01, XTEAM, XTEAM Engine, participant_0, , ,
20141129_1104_01, XTEAM, XTEAM Engine, participant_0, , ,
20141129_1104_10, Notification, XTEAM Engine, participant_0, 31, Simulation execution completion, ,
20141129_1104_10, XTEAM, XTEAM Engine, participant_0, , ,
20141129_1104_10, XTEAM, XTEAM Engine, participant_0, , ,
20141129_1104_10, XTEAM, XTEAM Engine, participant_0, , ,
20141129_1104_14, Notification, XTEAM Engine, participant_0, 32, Simulation execution completion, ,
20141129_1104_14, XTEAM, XTEAM Engine, participant_0, , ,
20141129_1104_14, XTEAM, XTEAM Engine, participant_0, , ,
20141129_1104_14, XTEAM, XTEAM Engine, participant_0, , ,
20141129_1108_21, Design, FLAME Client, participant_0, 35, X`3a60805b.3a524f70.a064acd1.88108a11`ATTR`generate`Task`MON::Model [Task]`Aspect=xADLBehaviorAspect&Position=301.259`fd961ab4.712348fe.91a8653d.18529735`Process`MON::Model [Process]`executionTime=7.0&memoryUsage=11000&taskInstruction=nextTask = new Task;|nextTask->getTaskState().value() = 0;|nextTask->getTaskID().value() = taskIDCounter->getNextTaskID().value()++;````````````, ,
20141129_1108_22, Notification, XTEAM Engine, participant_0, 33, Simulation execution beginning, ,
20141129_1108_33, Design, FLAME Client, participant_0, 36, X`3a60805b.3a524f70.a064acd1.88108a11`ATTR`generate`Task`MON::Model [Task]`Aspect=xADLBehaviorAspect&Position=301.259`fd961ab4.712348fe.91a8653d.18529735`Process`MON::Model [Process]`executionTime=7.0&memoryUsage=5500&taskInstruction=nextTask = new Task;|nextTask->getTaskState().value() = 0;|nextTask->getTaskID().value() = taskIDCounter->getNextTaskID().value()++;````````````, ,
20141129_1108_35, Notification, XTEAM Engine, participant_0, 34, Simulation execution beginning, ,
20141129_1108_51, Design, FLAME Client, participant_0, 37, X`de311a94.5ac54159.8e7ae434.321ec71e`ATTR`HostSAT`Host`MON::Set [Host]`Aspect=xADLCoreAspect&Position=1610.497`bb42af9e.ee894de6.a8870ee2.566cbbfe`Architecture`MON::Model [Architecture]`receiveEnergyCost=101.280000&receiveEnergyOverhead=64.990000&transmitEnergyCost=182.000000&transmitEnergyOverhead=429.000000````````````, ,
20141129_1108_52, Notification, XTEAM Engine, participant_0, 35, Simulation execution beginning, ,
20141129_1108_54, Design, FLAME Client, participant_0, 38, X`de311a94.5ac54159.8e7ae434.321ec71e`ATTR`HostSAT`Host`MON::Set [Host]`Aspect=xADLCoreAspect&Position=1610.497`bb42af9e.ee894de6.a8870ee2.566cbbfe`Architecture`MON::Model [Architecture]`receiveEnergyCost=101.280000&receiveEnergyOverhead=64.990000&transmitEnergyCost=182.000000&transmitEnergyOverhead=429.000000````````````, ,
20141129_1108_55, Notification, XTEAM Engine, participant_0, 33, Simulation execution completion, ,
20141129_1108_55, XTEAM, XTEAM Engine, participant_0, , ,
20141129_1108_55, XTEAM, XTEAM Engine, participant_0, , ,
20141129_1108_55, Notification, XTEAM Engine, participant_0, 36, Simulation execution beginning, ,
20141129_1108_55, XTEAM, XTEAM Engine, participant_0, , ,
20141129_1108_57, Design, FLAME Client, participant_0, 39, X`de311a94.5ac54159.8e7ae434.321ec71e`ATTR`HostSAT`Host`MON::Set [Host]`Aspect=xADLCoreAspect&Position=1610.497`bb42af9e.ee894de6.a8870ee2.566cbbfe`Architecture`MON::Model [Architecture]`receiveEnergyCost=101.280000&receiveEnergyOverhead=64.990000&transmitEnergyCost=182.000000&transmitEnergyOverhead=271.000000````````````, ,
20141129_1108_58, Notification, XTEAM Engine, participant_0, 37, Simulation execution beginning, ,
20141129_1109_09, Notification, XTEAM Engine, participant_0, 34, Simulation execution completion, ,
20141129_1109_09, XTEAM, XTEAM Engine, participant_0, , ,
20141129_1109_09, XTEAM, XTEAM Engine, participant_0, , ,
20141129_1109_09, XTEAM, XTEAM Engine, participant_0, , ,
20141129_1109_27, Notification, XTEAM Engine, participant_0, 35, Simulation execution completion, ,
20141129_1109_27, XTEAM, XTEAM Engine, participant_0, , ,
20141129_1109_27, XTEAM, XTEAM Engine, participant_0, , ,
20141129_1109_27, XTEAM, XTEAM Engine, participant_0, , ,
20141129_1109_30, Notification, XTEAM Engine, participant_0, 36, Simulation execution completion, ,
20141129_1109_30, XTEAM, XTEAM Engine, participant_0, , ,
20141129_1109_30, XTEAM, XTEAM Engine, participant_0, , ,
20141129_1109_30, XTEAM, XTEAM Engine, participant_0, , ,
20141129_1109_34, Notification, XTEAM Engine, participant_0, 37, Simulation execution completion, ,
20141129_1109_34, XTEAM, XTEAM Engine, participant_0, , ,
20141129_1109_34, XTEAM, XTEAM Engine, participant_0, , ,
20141129_1109_34, XTEAM, XTEAM Engine, participant_0, , ,
20141129_1109_40, Design, FLAME Client, participant_1, 21, X`cdc6010e.7cf74d31.85daf3c3.1e9a4be8`ATTR`Host_Client`Host`MON::Set [Host]`Aspect=xADLCoreAspect&Position=28.560`bb42af9e.ee894de6.a8870ee2.566cbbfe`Architecture`MON::Model [Architecture]`receiveEnergyCost=150.010000&receiveEnergyOverhead=101.860000&transmitEnergyCost=312.000000&transmitEnergyOverhead=755.000000````````````, ,
20141129_1109_41, Notification, XTEAM Engine, participant_1, 20, Simulation execution beginning, ,
20141129_1109_45, Design, FLAME Client, participant_1, 22, X`cdc6010e.7cf74d31.85daf3c3.1e9a4be8`ATTR`Host_Client`Host`MON::Set [Host]`Aspect=xADLCoreAspect&Position=28.560`bb42af9e.ee894de6.a8870ee2.566cbbfe`Architecture`MON::Model [Architecture]`receiveEnergyCost=150.010000&receiveEnergyOverhead=101.860000&transmitEnergyCost=312.000000&transmitEnergyOverhead=341.000000````````````, ,
20141129_1109_46, Notification, XTEAM Engine, participant_1, 21, Simulation execution beginning, ,
20141129_1109_54, Design, FLAME Client, participant_1, 23, X`4c379791.2eea468a.a8abbb1d.e5fba9bb`ATTR`perform`Task`MON::Model [Task]`Aspect=xADLBehaviorAspect&Position=336.217`c270ab26.2fff4b88.bf50a288.2d000ee5`Process`MON::Model [Process]`executionTime=350&memoryUsage=65&taskInstruction=nextResult[thread_id] = new Result;|nextResult[thread_id]->getResultState().value() = 0;|nextResult[thread_id]->getResultID().value() = nextTask[thread_id]->getTaskID().value();|nextResult[thread_id]->getResultValue().value() = 1;````````````, ,
20141129_1109_56, Notification, XTEAM Engine, participant_1, 22, Simulation execution beginning, ,
20141129_1110_03, Design, FLAME Client, participant_1, 24, X`4c379791.2eea468a.a8abbb1d.e5fba9bb`ATTR`perform`Task`MON::Model [Task]`Aspect=xADLBehaviorAspect&Position=336.217`c270ab26.2fff4b88.bf50a288.2d000ee5`Process`MON::Model [Process]`executionTime=350&memoryUsage=32&taskInstruction=nextResult[thread_id] = new Result;|nextResult[thread_id]->getResultState().value() = 0;|nextResult[thread_id]->getResultID().value() = nextTask[thread_id]->getTaskID().value();|nextResult[thread_id]->getResultValue().value() = 1;````````````, ,
20141129_1110_04, Notification, XTEAM Engine, participant_1, 23, Simulation execution beginning, ,
20141129_1110_18, Notification, XTEAM Engine, participant_1, 20, Simulation execution completion, ,
20141129_1110_18, XTEAM, XTEAM Engine, participant_1, , ,
20141129_1110_18, XTEAM, XTEAM Engine, participant_1, , ,
20141129_1110_18, XTEAM, XTEAM Engine, participant_1, , ,
20141129_1110_23, Notification, XTEAM Engine, participant_1, 21, Simulation execution completion, ,
20141129_1110_23, XTEAM, XTEAM Engine, participant_1, , ,
20141129_1110_23, XTEAM, XTEAM Engine, participant_1, , ,
20141129_1110_23, XTEAM, XTEAM Engine, participant_1, , ,
20141129_1110_30, Notification, XTEAM Engine, participant_1, 22, Simulation execution completion, ,
20141129_1110_30, XTEAM, XTEAM Engine, participant_1, , ,
20141129_1110_30, XTEAM, XTEAM Engine, participant_1, , ,
20141129_1110_30, XTEAM, XTEAM Engine, participant_1, , ,
20141129_1110_35, Notification, XTEAM Engine, participant_1, 23, Simulation execution completion, ,
20141129_1110_35, XTEAM, XTEAM Engine, participant_1, , ,
20141129_1110_35, XTEAM, XTEAM Engine, participant_1, , ,
20141129_1110_35, XTEAM, XTEAM Engine, participant_1, , ,
