TIME, Event name, OriginComponent, SenderUsername, EventID, Value, ,
20141126_1355_57, Login, FLAME Client, participant_0, , ,
20141126_1355_59, Login, XTEAM Engine, participant_0, , ,
20141126_1356_07, Login, FLAME Client, participant_1, , ,
20141126_1356_10, Login, XTEAM Engine, participant_1, , ,
20141126_1402_11, Design, FLAME Client, participant_1, 1, X`176369f9.b385435c.b2d59a0f.66ba660c`ATTR`Host_SubsetSum`Host`MON::Set [Host]`Aspect=xADLCoreAspect&Position=1610.385`bb42af9e.ee894de6.a8870ee2.566cbbfe`Architecture`MON::Model [Architecture]`receiveEnergyCost=101.280000&receiveEnergyOverhead=64.990000&transmitEnergyCost=182.000000&transmitEnergyOverhead=82.450000````````````, ,
20141126_1402_12, Notification, XTEAM Engine, participant_1, 1, Simulation execution beginning, ,
20141126_1402_17, Design, FLAME Client, participant_1, 2, X`176369f9.b385435c.b2d59a0f.66ba660c`ATTR`Host_SubsetSum`Host`MON::Set [Host]`Aspect=xADLCoreAspect&Position=1610.385`bb42af9e.ee894de6.a8870ee2.566cbbfe`Architecture`MON::Model [Architecture]`receiveEnergyCost=101.280000&receiveEnergyOverhead=64.990000&transmitEnergyCost=182.000000&transmitEnergyOverhead=217.000000````````````, ,
20141126_1402_19, Notification, XTEAM Engine, participant_1, 2, Simulation execution beginning, ,
20141126_1402_48, Notification, XTEAM Engine, participant_1, 1, Simulation execution completion, ,
20141126_1402_48, XTEAM, XTEAM Engine, participant_1, , ,
20141126_1402_48, XTEAM, XTEAM Engine, participant_1, , ,
20141126_1402_48, XTEAM, XTEAM Engine, participant_1, , ,
20141126_1402_51, Notification, XTEAM Engine, participant_1, 2, Simulation execution completion, ,
20141126_1402_51, XTEAM, XTEAM Engine, participant_1, , ,
20141126_1402_51, XTEAM, XTEAM Engine, participant_1, , ,
20141126_1402_51, XTEAM, XTEAM Engine, participant_1, , ,
20141126_1403_07, Design, FLAME Client, participant_1, 3, X`3f426f4b.6d164164.816fe575.67a4324f`ATTR`generate`Task`MON::Model [Task]`Aspect=xADLBehaviorAspect&Position=301.259`37598ce1.81784bb5.996843e8.1d554a61`Process`MON::Model [Process]`executionTime=7.5&memoryUsage=3&taskInstruction=nextTask = new Task;|nextTask->getTaskState().value() = 0;|nextTask->getTaskID().value() = taskIDCounter->getNextTaskID().value()++;````````````, ,
20141126_1403_08, Notification, XTEAM Engine, participant_1, 3, Simulation execution beginning, ,
20141126_1403_13, Design, FLAME Client, participant_1, 4, X`3f426f4b.6d164164.816fe575.67a4324f`ATTR`generate`Task`MON::Model [Task]`Aspect=xADLBehaviorAspect&Position=301.259`37598ce1.81784bb5.996843e8.1d554a61`Process`MON::Model [Process]`executionTime=7.5&memoryUsage=5500&taskInstruction=nextTask = new Task;|nextTask->getTaskState().value() = 0;|nextTask->getTaskID().value() = taskIDCounter->getNextTaskID().value()++;````````````, ,
20141126_1403_15, Notification, XTEAM Engine, participant_1, 4, Simulation execution beginning, ,
20141126_1403_40, Notification, XTEAM Engine, participant_1, 3, Simulation execution completion, ,
20141126_1403_40, XTEAM, XTEAM Engine, participant_1, , ,
20141126_1403_40, XTEAM, XTEAM Engine, participant_1, , ,
20141126_1403_40, XTEAM, XTEAM Engine, participant_1, , ,
20141126_1403_45, Notification, XTEAM Engine, participant_1, 4, Simulation execution completion, ,
20141126_1403_45, XTEAM, XTEAM Engine, participant_1, , ,
20141126_1403_45, XTEAM, XTEAM Engine, participant_1, , ,
20141126_1403_45, XTEAM, XTEAM Engine, participant_1, , ,
20141126_1405_24, Design, FLAME Client, participant_0, 1, X`64e3f498.f1114939.ba695f73.d07188e3`ATTR`perform`Task`MON::Model [Task]`Aspect=xADLBehaviorAspect&Position=308.301`d640f4b9.22e14264.b459176e.af6b895e`Process`MON::Model [Process]`executionTime=350&memoryUsage=27&taskInstruction=nextResult[thread_id] = new Result;|nextResult[thread_id]->getResultState().value() = 0;|nextResult[thread_id]->getResultID().value() = nextTask[thread_id]->getTaskID().value();|nextResult[thread_id]->getResultValue().value() = 1;````````````, ,
20141126_1405_25, Notification, XTEAM Engine, participant_0, 1, Simulation execution beginning, ,
20141126_1405_27, Design, FLAME Client, participant_0, 2, X`64e3f498.f1114939.ba695f73.d07188e3`ATTR`perform`Task`MON::Model [Task]`Aspect=xADLBehaviorAspect&Position=308.301`d640f4b9.22e14264.b459176e.af6b895e`Process`MON::Model [Process]`executionTime=350&memoryUsage=39&taskInstruction=nextResult[thread_id] = new Result;|nextResult[thread_id]->getResultState().value() = 0;|nextResult[thread_id]->getResultID().value() = nextTask[thread_id]->getTaskID().value();|nextResult[thread_id]->getResultValue().value() = 1;````````````, ,
20141126_1405_28, Notification, XTEAM Engine, participant_0, 2, Simulation execution beginning, ,
20141126_1405_58, Notification, XTEAM Engine, participant_0, 1, Simulation execution completion, ,
20141126_1405_58, XTEAM, XTEAM Engine, participant_0, , ,
20141126_1405_58, XTEAM, XTEAM Engine, participant_0, , ,
20141126_1405_58, XTEAM, XTEAM Engine, participant_0, , ,
20141126_1406_00, Notification, XTEAM Engine, participant_0, 2, Simulation execution completion, ,
20141126_1406_00, XTEAM, XTEAM Engine, participant_0, , ,
20141126_1406_00, XTEAM, XTEAM Engine, participant_0, , ,
20141126_1406_00, XTEAM, XTEAM Engine, participant_0, , ,
20141126_1406_02, Design, FLAME Client, participant_0, 3, X`25fea250.79aa4baf.b62be506.e9d1819a`ATTR`Host_GCE`Host`MON::Set [Host]`Aspect=xADLCoreAspect&Position=161.560`bb42af9e.ee894de6.a8870ee2.566cbbfe`Architecture`MON::Model [Architecture]`receiveEnergyCost=150.010000&receiveEnergyOverhead=101.860000&transmitEnergyCost=312.000000&transmitEnergyOverhead=129.870000````````````, ,
20141126_1406_03, Notification, XTEAM Engine, participant_0, 3, Simulation execution beginning, ,
20141126_1406_08, Design, FLAME Client, participant_0, 4, X`25fea250.79aa4baf.b62be506.e9d1819a`ATTR`Host_GCE`Host`MON::Set [Host]`Aspect=xADLCoreAspect&Position=161.560`bb42af9e.ee894de6.a8870ee2.566cbbfe`Architecture`MON::Model [Architecture]`receiveEnergyCost=150.010000&receiveEnergyOverhead=101.860000&transmitEnergyCost=312.000000&transmitEnergyOverhead=341.000000````````````, ,
20141126_1406_10, Notification, XTEAM Engine, participant_0, 4, Simulation execution beginning, ,
20141126_1406_19, Design, FLAME Client, participant_0, 5, X`25fea250.79aa4baf.b62be506.e9d1819a`ATTR`Host_GCE`Host`MON::Set [Host]`Aspect=xADLCoreAspect&Position=161.560`bb42af9e.ee894de6.a8870ee2.566cbbfe`Architecture`MON::Model [Architecture]`receiveEnergyCost=150.010000&receiveEnergyOverhead=101.860000&transmitEnergyCost=312.000000&transmitEnergyOverhead=341.000000````````````, ,
20141126_1406_21, Notification, XTEAM Engine, participant_0, 5, Simulation execution beginning, ,
20141126_1406_39, Notification, XTEAM Engine, participant_0, 3, Simulation execution completion, ,
20141126_1406_39, XTEAM, XTEAM Engine, participant_0, , ,
20141126_1406_39, XTEAM, XTEAM Engine, participant_0, , ,
20141126_1406_39, XTEAM, XTEAM Engine, participant_0, , ,
20141126_1406_44, Notification, XTEAM Engine, participant_0, 4, Simulation execution completion, ,
20141126_1406_44, XTEAM, XTEAM Engine, participant_0, , ,
20141126_1406_44, XTEAM, XTEAM Engine, participant_0, , ,
20141126_1406_44, XTEAM, XTEAM Engine, participant_0, , ,
20141126_1406_52, Notification, XTEAM Engine, participant_0, 5, Simulation execution completion, ,
20141126_1406_52, XTEAM, XTEAM Engine, participant_0, , ,
20141126_1406_52, XTEAM, XTEAM Engine, participant_0, , ,
20141126_1406_52, XTEAM, XTEAM Engine, participant_0, , ,
20141126_1407_11, Snapshot, FLAME Client, participant_1, 5, ,
20141126_1407_12, Notification, XTEAM Engine, participant_0, 6, Simulation execution beginning, ,
20141126_1407_43, Notification, XTEAM Engine, participant_0, 6, Simulation execution completion, ,
20141126_1407_43, XTEAM, XTEAM Engine, participant_0, , ,
20141126_1407_43, XTEAM, XTEAM Engine, participant_0, , ,
20141126_1407_43, XTEAM, XTEAM Engine, participant_0, , ,
20141126_1408_04, Update, FLAME Client, participant_0, 6, ,
20141126_1408_10, Snapshot, FLAME Client, participant_0, 7, ,
20141126_1408_12, Notification, XTEAM Engine, participant_1, 5, Simulation execution beginning, ,
20141126_1408_14, Design, FLAME Client, participant_1, 6, X`176369f9.b385435c.b2d59a0f.66ba660c`ATTR`Host_SubsetSum`Host`MON::Set [Host]`Aspect=xADLCoreAspect&Position=1610.385`bb42af9e.ee894de6.a8870ee2.566cbbfe`Architecture`MON::Model [Architecture]`receiveEnergyCost=101.280000&receiveEnergyOverhead=64.990000&transmitEnergyCost=330.000000&transmitEnergyOverhead=217.000000````````````, ,
20141126_1408_15, Notification, XTEAM Engine, participant_1, 6, Simulation execution beginning, ,
20141126_1408_33, Design, FLAME Client, participant_1, 7, X`176369f9.b385435c.b2d59a0f.66ba660c`ATTR`Host_SubsetSum`Host`MON::Set [Host]`Aspect=xADLCoreAspect&Position=1610.385`bb42af9e.ee894de6.a8870ee2.566cbbfe`Architecture`MON::Model [Architecture]`receiveEnergyCost=101.280000&receiveEnergyOverhead=64.990000&transmitEnergyCost=330.000000&transmitEnergyOverhead=429.000000````````````, ,
20141126_1408_34, Notification, XTEAM Engine, participant_1, 7, Simulation execution beginning, ,
20141126_1408_48, Notification, XTEAM Engine, participant_1, 5, Simulation execution completion, ,
20141126_1408_48, XTEAM, XTEAM Engine, participant_1, , ,
20141126_1408_48, XTEAM, XTEAM Engine, participant_1, , ,
20141126_1408_48, XTEAM, XTEAM Engine, participant_1, , ,
20141126_1408_50, Notification, XTEAM Engine, participant_1, 6, Simulation execution completion, ,
20141126_1408_50, XTEAM, XTEAM Engine, participant_1, , ,
20141126_1408_50, XTEAM, XTEAM Engine, participant_1, , ,
20141126_1408_50, XTEAM, XTEAM Engine, participant_1, , ,
20141126_1409_03, Update, FLAME Client, participant_1, 8, ,
20141126_1409_05, Notification, XTEAM Engine, participant_1, 7, Simulation execution completion, ,
20141126_1409_05, XTEAM, XTEAM Engine, participant_1, , ,
20141126_1409_05, XTEAM, XTEAM Engine, participant_1, , ,
20141126_1409_05, XTEAM, XTEAM Engine, participant_1, , ,
20141126_1409_19, Design, FLAME Client, participant_1, 9, X`3f426f4b.6d164164.816fe575.67a4324f`ATTR`generate`Task`MON::Model [Task]`Aspect=xADLBehaviorAspect&Position=301.259`37598ce1.81784bb5.996843e8.1d554a61`Process`MON::Model [Process]`executionTime=7&memoryUsage=5500&taskInstruction=nextTask = new Task;|nextTask->getTaskState().value() = 0;|nextTask->getTaskID().value() = taskIDCounter->getNextTaskID().value()++;````````````, ,
20141126_1409_20, Notification, XTEAM Engine, participant_1, 8, Simulation execution beginning, ,
20141126_1409_32, Design, FLAME Client, participant_1, 10, X`3f426f4b.6d164164.816fe575.67a4324f`ATTR`generate`Task`MON::Model [Task]`Aspect=xADLBehaviorAspect&Position=301.259`37598ce1.81784bb5.996843e8.1d554a61`Process`MON::Model [Process]`executionTime=7&memoryUsage=11000&taskInstruction=nextTask = new Task;|nextTask->getTaskState().value() = 0;|nextTask->getTaskID().value() = taskIDCounter->getNextTaskID().value()++;````````````, ,
20141126_1409_33, Notification, XTEAM Engine, participant_1, 9, Simulation execution beginning, ,
20141126_1409_52, Notification, XTEAM Engine, participant_1, 8, Simulation execution completion, ,
20141126_1409_52, XTEAM, XTEAM Engine, participant_1, , ,
20141126_1409_52, XTEAM, XTEAM Engine, participant_1, , ,
20141126_1409_52, XTEAM, XTEAM Engine, participant_1, , ,
20141126_1410_04, Notification, XTEAM Engine, participant_1, 9, Simulation execution completion, ,
20141126_1410_04, XTEAM, XTEAM Engine, participant_1, , ,
20141126_1410_04, XTEAM, XTEAM Engine, participant_1, , ,
20141126_1410_04, XTEAM, XTEAM Engine, participant_1, , ,
20141126_1415_07, Design, FLAME Client, participant_0, 8, X`4c379791.2eea468a.a8abbb1d.e5fba9bb`ATTR`perform`Task`MON::Model [Task]`Aspect=xADLBehaviorAspect&Position=336.217`c270ab26.2fff4b88.bf50a288.2d000ee5`Process`MON::Model [Process]`executionTime=&memoryUsage=27&taskInstruction=nextResult[thread_id] = new Result;|nextResult[thread_id]->getResultState().value() = 0;|nextResult[thread_id]->getResultID().value() = nextTask[thread_id]->getTaskID().value();|nextResult[thread_id]->getResultValue().value() = 1;````````````, ,
20141126_1415_08, XTEAM, XTEAM Engine, participant_0, , ,
20141126_1415_21, Design, FLAME Client, participant_0, 9, X`4c379791.2eea468a.a8abbb1d.e5fba9bb`ATTR`perform`Task`MON::Model [Task]`Aspect=xADLBehaviorAspect&Position=336.217`c270ab26.2fff4b88.bf50a288.2d000ee5`Process`MON::Model [Process]`executionTime=500&memoryUsage=27&taskInstruction=nextResult[thread_id] = new Result;|nextResult[thread_id]->getResultState().value() = 0;|nextResult[thread_id]->getResultID().value() = nextTask[thread_id]->getTaskID().value();|nextResult[thread_id]->getResultValue().value() = 1;````````````, ,
20141126_1415_22, Notification, XTEAM Engine, participant_0, 7, Simulation execution beginning, ,
20141126_1415_31, Snapshot, FLAME Client, participant_1, 11, ,
20141126_1415_33, Notification, XTEAM Engine, participant_0, 8, Simulation execution beginning, ,
20141126_1415_56, Notification, XTEAM Engine, participant_0, 7, Simulation execution completion, ,
20141126_1415_56, XTEAM, XTEAM Engine, participant_0, , ,
20141126_1415_56, XTEAM, XTEAM Engine, participant_0, , ,
20141126_1415_56, XTEAM, XTEAM Engine, participant_0, , ,
20141126_1415_59, Design, FLAME Client, participant_0, 10, X`4c379791.2eea468a.a8abbb1d.e5fba9bb`ATTR`perform`Task`MON::Model [Task]`Aspect=xADLBehaviorAspect&Position=336.217`c270ab26.2fff4b88.bf50a288.2d000ee5`Process`MON::Model [Process]`executionTime=350&memoryUsage=27&taskInstruction=nextResult[thread_id] = new Result;|nextResult[thread_id]->getResultState().value() = 0;|nextResult[thread_id]->getResultID().value() = nextTask[thread_id]->getTaskID().value();|nextResult[thread_id]->getResultValue().value() = 1;````````````, ,
20141126_1416_00, Notification, XTEAM Engine, participant_0, 9, Simulation execution beginning, ,
20141126_1416_02, Design, FLAME Client, participant_0, 11, X`4c379791.2eea468a.a8abbb1d.e5fba9bb`ATTR`perform`Task`MON::Model [Task]`Aspect=xADLBehaviorAspect&Position=336.217`c270ab26.2fff4b88.bf50a288.2d000ee5`Process`MON::Model [Process]`executionTime=350&memoryUsage=39&taskInstruction=nextResult[thread_id] = new Result;|nextResult[thread_id]->getResultState().value() = 0;|nextResult[thread_id]->getResultID().value() = nextTask[thread_id]->getTaskID().value();|nextResult[thread_id]->getResultValue().value() = 1;````````````, ,
20141126_1416_03, Notification, XTEAM Engine, participant_0, 10, Simulation execution beginning, ,
20141126_1416_06, Notification, XTEAM Engine, participant_0, 8, Simulation execution completion, ,
20141126_1416_06, XTEAM, XTEAM Engine, participant_0, , ,
20141126_1416_06, XTEAM, XTEAM Engine, participant_0, , ,
20141126_1416_06, XTEAM, XTEAM Engine, participant_0, , ,
20141126_1416_25, Design, FLAME Client, participant_0, 12, X`cdc6010e.7cf74d31.85daf3c3.1e9a4be8`ATTR`Host_Client`Host`MON::Set [Host]`Aspect=xADLCoreAspect&Position=28.560`bb42af9e.ee894de6.a8870ee2.566cbbfe`Architecture`MON::Model [Architecture]`receiveEnergyCost=150.010000&receiveEnergyOverhead=101.860000&transmitEnergyCost=312.000000&transmitEnergyOverhead=129.870000````````````, ,
20141126_1416_26, Notification, XTEAM Engine, participant_0, 11, Simulation execution beginning, ,
20141126_1416_29, Design, FLAME Client, participant_0, 13, X`cdc6010e.7cf74d31.85daf3c3.1e9a4be8`ATTR`Host_Client`Host`MON::Set [Host]`Aspect=xADLCoreAspect&Position=28.560`bb42af9e.ee894de6.a8870ee2.566cbbfe`Architecture`MON::Model [Architecture]`receiveEnergyCost=150.010000&receiveEnergyOverhead=101.860000&transmitEnergyCost=312.000000&transmitEnergyOverhead=341.000000````````````, ,
20141126_1416_30, Notification, XTEAM Engine, participant_0, 12, Simulation execution beginning, ,
20141126_1416_33, Notification, XTEAM Engine, participant_0, 9, Simulation execution completion, ,
20141126_1416_33, XTEAM, XTEAM Engine, participant_0, , ,
20141126_1416_33, XTEAM, XTEAM Engine, participant_0, , ,
20141126_1416_33, XTEAM, XTEAM Engine, participant_0, , ,
20141126_1416_37, Notification, XTEAM Engine, participant_0, 10, Simulation execution completion, ,
20141126_1416_37, XTEAM, XTEAM Engine, participant_0, , ,
20141126_1416_37, XTEAM, XTEAM Engine, participant_0, , ,
20141126_1416_37, XTEAM, XTEAM Engine, participant_0, , ,
20141126_1416_37, Update, FLAME Client, participant_0, 14, ,
20141126_1416_58, Notification, XTEAM Engine, participant_0, 11, Simulation execution completion, ,
20141126_1416_58, XTEAM, XTEAM Engine, participant_0, , ,
20141126_1416_58, XTEAM, XTEAM Engine, participant_0, , ,
20141126_1416_58, XTEAM, XTEAM Engine, participant_0, , ,
20141126_1417_01, Design, FLAME Client, participant_1, 12, X`de311a94.5ac54159.8e7ae434.321ec71e`ATTR`HostSAT`Host`MON::Set [Host]`Aspect=xADLCoreAspect&Position=1610.497`bb42af9e.ee894de6.a8870ee2.566cbbfe`Architecture`MON::Model [Architecture]`receiveEnergyCost=101.280000&receiveEnergyOverhead=64.990000&transmitEnergyCost=182.000000&transmitEnergyOverhead=82.450000````````````, ,
20141126_1417_02, Notification, XTEAM Engine, participant_0, 12, Simulation execution completion, ,
20141126_1417_02, XTEAM, XTEAM Engine, participant_0, , ,
20141126_1417_02, XTEAM, XTEAM Engine, participant_0, , ,
20141126_1417_02, XTEAM, XTEAM Engine, participant_0, , ,
20141126_1417_02, Notification, XTEAM Engine, participant_1, 10, Simulation execution beginning, ,
20141126_1417_13, Design, FLAME Client, participant_1, 13, X`de311a94.5ac54159.8e7ae434.321ec71e`ATTR`HostSAT`Host`MON::Set [Host]`Aspect=xADLCoreAspect&Position=1610.497`bb42af9e.ee894de6.a8870ee2.566cbbfe`Architecture`MON::Model [Architecture]`receiveEnergyCost=101.280000&receiveEnergyOverhead=64.990000&transmitEnergyCost=182.000000&transmitEnergyOverhead=217.000000````````````, ,
20141126_1417_14, Notification, XTEAM Engine, participant_1, 11, Simulation execution beginning, ,
20141126_1417_22, Design, FLAME Client, participant_1, 14, X`3a60805b.3a524f70.a064acd1.88108a11`ATTR`generate`Task`MON::Model [Task]`Aspect=xADLBehaviorAspect&Position=301.259`fd961ab4.712348fe.91a8653d.18529735`Process`MON::Model [Process]`executionTime=7.5&memoryUsage=3&taskInstruction=nextTask = new Task;|nextTask->getTaskState().value() = 0;|nextTask->getTaskID().value() = taskIDCounter->getNextTaskID().value()++;````````````, ,
20141126_1417_23, Notification, XTEAM Engine, participant_1, 12, Simulation execution beginning, ,
20141126_1417_24, Snapshot, FLAME Client, participant_0, 15, ,
20141126_1417_26, Notification, XTEAM Engine, participant_1, 13, Simulation execution beginning, ,
20141126_1417_36, Design, FLAME Client, participant_1, 15, X`3a60805b.3a524f70.a064acd1.88108a11`ATTR`generate`Task`MON::Model [Task]`Aspect=xADLBehaviorAspect&Position=301.259`fd961ab4.712348fe.91a8653d.18529735`Process`MON::Model [Process]`executionTime=7.5&memoryUsage=5500&taskInstruction=nextTask = new Task;|nextTask->getTaskState().value() = 0;|nextTask->getTaskID().value() = taskIDCounter->getNextTaskID().value()++;````````````, ,
20141126_1417_38, Notification, XTEAM Engine, participant_1, 14, Simulation execution beginning, ,
20141126_1417_39, Notification, XTEAM Engine, participant_1, 10, Simulation execution completion, ,
20141126_1417_39, XTEAM, XTEAM Engine, participant_1, , ,
20141126_1417_39, XTEAM, XTEAM Engine, participant_1, , ,
20141126_1417_39, XTEAM, XTEAM Engine, participant_1, , ,
20141126_1417_53, Notification, XTEAM Engine, participant_1, 11, Simulation execution completion, ,
20141126_1417_53, XTEAM, XTEAM Engine, participant_1, , ,
20141126_1417_53, XTEAM, XTEAM Engine, participant_1, , ,
20141126_1417_53, XTEAM, XTEAM Engine, participant_1, , ,
20141126_1417_59, Notification, XTEAM Engine, participant_1, 12, Simulation execution completion, ,
20141126_1417_59, XTEAM, XTEAM Engine, participant_1, , ,
20141126_1417_59, XTEAM, XTEAM Engine, participant_1, , ,
20141126_1417_59, XTEAM, XTEAM Engine, participant_1, , ,
20141126_1418_01, Notification, XTEAM Engine, participant_1, 13, Simulation execution completion, ,
20141126_1418_01, XTEAM, XTEAM Engine, participant_1, , ,
20141126_1418_01, XTEAM, XTEAM Engine, participant_1, , ,
20141126_1418_01, XTEAM, XTEAM Engine, participant_1, , ,
20141126_1418_10, Notification, XTEAM Engine, participant_1, 14, Simulation execution completion, ,
20141126_1418_10, XTEAM, XTEAM Engine, participant_1, , ,
20141126_1418_10, XTEAM, XTEAM Engine, participant_1, , ,
20141126_1418_10, XTEAM, XTEAM Engine, participant_1, , ,
20141126_1418_15, Update, FLAME Client, participant_1, 16, ,
20141126_1421_38, Design, FLAME Client, participant_0, 16, X`64e3f498.f1114939.ba695f73.d07188e3`ATTR`perform`Task`MON::Model [Task]`Aspect=xADLBehaviorAspect&Position=308.301`d640f4b9.22e14264.b459176e.af6b895e`Process`MON::Model [Process]`executionTime=200&memoryUsage=39&taskInstruction=nextResult[thread_id] = new Result;|nextResult[thread_id]->getResultState().value() = 0;|nextResult[thread_id]->getResultID().value() = nextTask[thread_id]->getTaskID().value();|nextResult[thread_id]->getResultValue().value() = 1;````````````, ,
20141126_1421_39, Notification, XTEAM Engine, participant_0, 13, Simulation execution beginning, ,
20141126_1421_43, Design, FLAME Client, participant_0, 17, X`64e3f498.f1114939.ba695f73.d07188e3`ATTR`perform`Task`MON::Model [Task]`Aspect=xADLBehaviorAspect&Position=308.301`d640f4b9.22e14264.b459176e.af6b895e`Process`MON::Model [Process]`executionTime=200&memoryUsage=91&taskInstruction=nextResult[thread_id] = new Result;|nextResult[thread_id]->getResultState().value() = 0;|nextResult[thread_id]->getResultID().value() = nextTask[thread_id]->getTaskID().value();|nextResult[thread_id]->getResultValue().value() = 1;````````````, ,
20141126_1421_44, Notification, XTEAM Engine, participant_0, 14, Simulation execution beginning, ,
20141126_1421_50, Snapshot, FLAME Client, participant_1, 17, ,
20141126_1421_51, Notification, XTEAM Engine, participant_0, 15, Simulation execution beginning, ,
20141126_1422_00, Design, FLAME Client, participant_0, 18, X`25fea250.79aa4baf.b62be506.e9d1819a`ATTR`Host_GCE`Host`MON::Set [Host]`Aspect=xADLCoreAspect&Position=161.560`bb42af9e.ee894de6.a8870ee2.566cbbfe`Architecture`MON::Model [Architecture]`receiveEnergyCost=150.010000&receiveEnergyOverhead=101.860000&transmitEnergyCost=514.000000&transmitEnergyOverhead=341.000000````````````, ,
20141126_1422_01, Notification, XTEAM Engine, participant_0, 16, Simulation execution beginning, ,
20141126_1422_03, Design, FLAME Client, participant_0, 19, X`25fea250.79aa4baf.b62be506.e9d1819a`ATTR`Host_GCE`Host`MON::Set [Host]`Aspect=xADLCoreAspect&Position=161.560`bb42af9e.ee894de6.a8870ee2.566cbbfe`Architecture`MON::Model [Architecture]`receiveEnergyCost=150.010000&receiveEnergyOverhead=101.860000&transmitEnergyCost=514.000000&transmitEnergyOverhead=755.000000````````````, ,
20141126_1422_05, Notification, XTEAM Engine, participant_0, 17, Simulation execution beginning, ,
20141126_1422_17, Notification, XTEAM Engine, participant_0, 13, Simulation execution completion, ,
20141126_1422_17, XTEAM, XTEAM Engine, participant_0, , ,
20141126_1422_17, XTEAM, XTEAM Engine, participant_0, , ,
20141126_1422_17, XTEAM, XTEAM Engine, participant_0, , ,
20141126_1422_19, Update, FLAME Client, participant_0, 20, ,
20141126_1422_22, Notification, XTEAM Engine, participant_0, 14, Simulation execution completion, ,
20141126_1422_22, XTEAM, XTEAM Engine, participant_0, , ,
20141126_1422_22, XTEAM, XTEAM Engine, participant_0, , ,
20141126_1422_22, XTEAM, XTEAM Engine, participant_0, , ,
20141126_1422_29, Notification, XTEAM Engine, participant_0, 15, Simulation execution completion, ,
20141126_1422_29, XTEAM, XTEAM Engine, participant_0, , ,
20141126_1422_29, XTEAM, XTEAM Engine, participant_0, , ,
20141126_1422_29, XTEAM, XTEAM Engine, participant_0, , ,
20141126_1422_35, Notification, XTEAM Engine, participant_0, 16, Simulation execution completion, ,
20141126_1422_35, XTEAM, XTEAM Engine, participant_0, , ,
20141126_1422_35, XTEAM, XTEAM Engine, participant_0, , ,
20141126_1422_35, XTEAM, XTEAM Engine, participant_0, , ,
20141126_1422_44, Notification, XTEAM Engine, participant_0, 17, Simulation execution completion, ,
20141126_1422_44, XTEAM, XTEAM Engine, participant_0, , ,
20141126_1422_44, XTEAM, XTEAM Engine, participant_0, , ,
20141126_1422_44, XTEAM, XTEAM Engine, participant_0, , ,
20141126_1423_08, Design, FLAME Client, participant_0, 21, X`25fea250.79aa4baf.b62be506.e9d1819a`ATTR`Host_GCE`Host`MON::Set [Host]`Aspect=xADLCoreAspect&Position=161.560`bb42af9e.ee894de6.a8870ee2.566cbbfe`Architecture`MON::Model [Architecture]`receiveEnergyCost=150.010000&receiveEnergyOverhead=101.860000&transmitEnergyCost=312.000000&transmitEnergyOverhead=755.000000````````````, ,
20141126_1423_09, Design, FLAME Client, participant_1, 18, X`176369f9.b385435c.b2d59a0f.66ba660c`ATTR`Host_SubsetSum`Host`MON::Set [Host]`Aspect=xADLCoreAspect&Position=1610.385`bb42af9e.ee894de6.a8870ee2.566cbbfe`Architecture`MON::Model [Architecture]`receiveEnergyCost=101.280000&receiveEnergyOverhead=64.990000&transmitEnergyCost=182.000000&transmitEnergyOverhead=429.000000````````````, ,
20141126_1423_09, Notification, XTEAM Engine, participant_0, 18, Simulation execution beginning, ,
20141126_1423_10, Notification, XTEAM Engine, participant_1, 15, Simulation execution beginning, ,
20141126_1423_14, Design, FLAME Client, participant_0, 22, X`25fea250.79aa4baf.b62be506.e9d1819a`ATTR`Host_GCE`Host`MON::Set [Host]`Aspect=xADLCoreAspect&Position=161.560`bb42af9e.ee894de6.a8870ee2.566cbbfe`Architecture`MON::Model [Architecture]`receiveEnergyCost=150.010000&receiveEnergyOverhead=101.860000&transmitEnergyCost=312.000000&transmitEnergyOverhead=341.000000````````````, ,
20141126_1423_15, Design, FLAME Client, participant_1, 19, X`176369f9.b385435c.b2d59a0f.66ba660c`ATTR`Host_SubsetSum`Host`MON::Set [Host]`Aspect=xADLCoreAspect&Position=1610.385`bb42af9e.ee894de6.a8870ee2.566cbbfe`Architecture`MON::Model [Architecture]`receiveEnergyCost=101.280000&receiveEnergyOverhead=64.990000&transmitEnergyCost=182.000000&transmitEnergyOverhead=217.000000````````````, ,
20141126_1423_15, Notification, XTEAM Engine, participant_0, 19, Simulation execution beginning, ,
20141126_1423_16, Notification, XTEAM Engine, participant_1, 16, Simulation execution beginning, ,
20141126_1423_26, Design, FLAME Client, participant_1, 20, X`3f426f4b.6d164164.816fe575.67a4324f`ATTR`generate`Task`MON::Model [Task]`Aspect=xADLBehaviorAspect&Position=301.259`37598ce1.81784bb5.996843e8.1d554a61`Process`MON::Model [Process]`executionTime=7.5&memoryUsage=11000&taskInstruction=nextTask = new Task;|nextTask->getTaskState().value() = 0;|nextTask->getTaskID().value() = taskIDCounter->getNextTaskID().value()++;````````````, ,
20141126_1423_27, Notification, XTEAM Engine, participant_1, 17, Simulation execution beginning, ,
20141126_1423_28, Design, FLAME Client, participant_0, 23, X`64e3f498.f1114939.ba695f73.d07188e3`ATTR`perform`Task`MON::Model [Task]`Aspect=xADLBehaviorAspect&Position=308.301`d640f4b9.22e14264.b459176e.af6b895e`Process`MON::Model [Process]`executionTime=30&memoryUsage=91&taskInstruction=nextResult[thread_id] = new Result;|nextResult[thread_id]->getResultState().value() = 0;|nextResult[thread_id]->getResultID().value() = nextTask[thread_id]->getTaskID().value();|nextResult[thread_id]->getResultValue().value() = 1;````````````, ,
20141126_1423_29, Notification, XTEAM Engine, participant_0, 20, Simulation execution beginning, ,
20141126_1423_31, Design, FLAME Client, participant_0, 24, X`64e3f498.f1114939.ba695f73.d07188e3`ATTR`perform`Task`MON::Model [Task]`Aspect=xADLBehaviorAspect&Position=308.301`d640f4b9.22e14264.b459176e.af6b895e`Process`MON::Model [Process]`executionTime=30&memoryUsage=39&taskInstruction=nextResult[thread_id] = new Result;|nextResult[thread_id]->getResultState().value() = 0;|nextResult[thread_id]->getResultID().value() = nextTask[thread_id]->getTaskID().value();|nextResult[thread_id]->getResultValue().value() = 1;````````````, ,
20141126_1423_32, Notification, XTEAM Engine, participant_0, 21, Simulation execution beginning, ,
20141126_1423_37, Design, FLAME Client, participant_0, 25, X`64e3f498.f1114939.ba695f73.d07188e3`ATTR`perform`Task`MON::Model [Task]`Aspect=xADLBehaviorAspect&Position=308.301`d640f4b9.22e14264.b459176e.af6b895e`Process`MON::Model [Process]`executionTime=350&memoryUsage=39&taskInstruction=nextResult[thread_id] = new Result;|nextResult[thread_id]->getResultState().value() = 0;|nextResult[thread_id]->getResultID().value() = nextTask[thread_id]->getTaskID().value();|nextResult[thread_id]->getResultValue().value() = 1;````````````, ,
20141126_1423_37, Design, FLAME Client, participant_1, 21, X`3f426f4b.6d164164.816fe575.67a4324f`ATTR`generate`Task`MON::Model [Task]`Aspect=xADLBehaviorAspect&Position=301.259`37598ce1.81784bb5.996843e8.1d554a61`Process`MON::Model [Process]`executionTime=7.5&memoryUsage=5500&taskInstruction=nextTask = new Task;|nextTask->getTaskState().value() = 0;|nextTask->getTaskID().value() = taskIDCounter->getNextTaskID().value()++;````````````, ,
20141126_1423_38, Notification, XTEAM Engine, participant_0, 22, Simulation execution beginning, ,
20141126_1423_38, Notification, XTEAM Engine, participant_1, 18, Simulation execution beginning, ,
20141126_1423_53, Notification, XTEAM Engine, participant_0, 18, Simulation execution completion, ,
20141126_1423_53, XTEAM, XTEAM Engine, participant_0, , ,
20141126_1423_53, XTEAM, XTEAM Engine, participant_0, , ,
20141126_1423_53, XTEAM, XTEAM Engine, participant_0, , ,
20141126_1423_54, Notification, XTEAM Engine, participant_1, 15, Simulation execution completion, ,
20141126_1423_54, XTEAM, XTEAM Engine, participant_1, , ,
20141126_1423_54, XTEAM, XTEAM Engine, participant_1, , ,
20141126_1423_54, XTEAM, XTEAM Engine, participant_1, , ,
20141126_1423_58, Notification, XTEAM Engine, participant_0, 19, Simulation execution completion, ,
20141126_1423_58, XTEAM, XTEAM Engine, participant_0, , ,
20141126_1423_58, XTEAM, XTEAM Engine, participant_0, , ,
20141126_1423_58, XTEAM, XTEAM Engine, participant_0, , ,
20141126_1423_59, Notification, XTEAM Engine, participant_1, 16, Simulation execution completion, ,
20141126_1423_59, XTEAM, XTEAM Engine, participant_1, , ,
20141126_1423_59, XTEAM, XTEAM Engine, participant_1, , ,
20141126_1423_59, XTEAM, XTEAM Engine, participant_1, , ,
20141126_1424_06, Notification, XTEAM Engine, participant_1, 17, Simulation execution completion, ,
20141126_1424_06, XTEAM, XTEAM Engine, participant_1, , ,
20141126_1424_06, XTEAM, XTEAM Engine, participant_1, , ,
20141126_1424_06, XTEAM, XTEAM Engine, participant_1, , ,
20141126_1424_08, Notification, XTEAM Engine, participant_0, 20, Simulation execution completion, ,
20141126_1424_08, XTEAM, XTEAM Engine, participant_0, , ,
20141126_1424_09, Notification, XTEAM Engine, participant_0, 21, Simulation execution completion, ,
20141126_1424_08, XTEAM, XTEAM Engine, participant_0, , ,
20141126_1424_08, XTEAM, XTEAM Engine, participant_0, , ,
20141126_1424_09, XTEAM, XTEAM Engine, participant_0, , ,
20141126_1424_09, XTEAM, XTEAM Engine, participant_0, , ,
20141126_1424_09, XTEAM, XTEAM Engine, participant_0, , ,
20141126_1424_12, Notification, XTEAM Engine, participant_1, 18, Simulation execution completion, ,
20141126_1424_12, XTEAM, XTEAM Engine, participant_1, , ,
20141126_1424_12, XTEAM, XTEAM Engine, participant_1, , ,
20141126_1424_12, XTEAM, XTEAM Engine, participant_1, , ,
20141126_1424_20, Notification, XTEAM Engine, participant_0, 22, Simulation execution completion, ,
20141126_1424_20, XTEAM, XTEAM Engine, participant_0, , ,
20141126_1424_20, XTEAM, XTEAM Engine, participant_0, , ,
20141126_1424_20, XTEAM, XTEAM Engine, participant_0, , ,
20141126_1424_35, Snapshot, FLAME Client, participant_0, 26, ,
20141126_1424_36, Notification, XTEAM Engine, participant_1, 19, Simulation execution beginning, ,
20141126_1424_42, Update, FLAME Client, participant_1, 22, ,
20141126_1425_06, Notification, XTEAM Engine, participant_1, 19, Simulation execution completion, ,
20141126_1425_06, XTEAM, XTEAM Engine, participant_1, , ,
20141126_1425_06, XTEAM, XTEAM Engine, participant_1, , ,
20141126_1425_06, XTEAM, XTEAM Engine, participant_1, , ,
