TIME, Event name, OriginComponent, SenderUsername, EventID, Value, ,
20140329_0935_49, Login, XTEAM Engine, MRSV, , ,
20140329_0936_38, Login, CoWare XTEAM Client, participant_0, , ,
20140329_0938_16, Login, CoWare XTEAM Client, participant_1, , ,
20140329_0939_18, Design, CoWare XTEAM Client, participant_0, 1, X`94210f92.7f2948b5.85ae7022.b47edab9`ATTR`forward`Task`MON::Model [Task]`Aspect=xADLBehaviorAspect&Position=280.196`bae5c031.c23642cf.9833b82f.3b18d72d`Process`MON::Model [Process]`executionTime=7&memoryUsage=1&taskInstruction=````````````, ,
20140329_0939_19, Notification, XTEAM Engine, MRSV, 1, Simulation execution beginning, ,
20140329_0939_43, Design, CoWare XTEAM Client, participant_0, 2, X`94210f92.7f2948b5.85ae7022.b47edab9`ATTR`forward`Task`MON::Model [Task]`Aspect=xADLBehaviorAspect&Position=280.196`bae5c031.c23642cf.9833b82f.3b18d72d`Process`MON::Model [Process]`executionTime=7&memoryUsage=15&taskInstruction=````````````, ,
20140329_0939_44, Notification, XTEAM Engine, MRSV, 2, Simulation execution beginning, ,
20140329_0939_46, Notification, XTEAM Engine, MRSV, 1, Simulation execution completion, ,
20140329_0939_46, XTEAM, XTEAM Engine, MRSV, , ,
20140329_0939_46, XTEAM, XTEAM Engine, MRSV, , ,
20140329_0939_46, XTEAM, XTEAM Engine, MRSV, , ,
20140329_0940_09, Notification, XTEAM Engine, MRSV, 2, Simulation execution completion, ,
20140329_0940_09, XTEAM, XTEAM Engine, MRSV, , ,
20140329_0940_09, XTEAM, XTEAM Engine, MRSV, , ,
20140329_0940_09, XTEAM, XTEAM Engine, MRSV, , ,
20140329_0941_02, Design, CoWare XTEAM Client, participant_1, 1, X`26cde46c.9c5842b6.86a460a7.9af47b0b`ATTR`generate`Task`MON::Model [Task]`Aspect=xADLBehaviorAspect&Position=231.196`8bf46823.a38b47d7.afbbc04e.7988ae39`Process`MON::Model [Process]`executionTime=4&memoryUsage=3&taskInstruction=nextRequest = new Request;|nextRequest->getRequestKind().value() = "Salinity";````````````, ,
20140329_0941_03, Notification, XTEAM Engine, MRSV, 3, Simulation execution beginning, ,
20140329_0941_25, Design, CoWare XTEAM Client, participant_0, 3, X`f603f85b.e43844a4.b3627b58.f951dcdf`ATTR`Host_Temp`Host`MON::Set [Host]`Aspect=xADLCoreAspect&Position=1106.763`53c8e4c.6bec48b1.8f5efd8e.55e34f54`Architecture`MON::Model [Architecture]`receiveEnergyCost=13.000000&receiveEnergyOverhead=45.000000&transmitEnergyCost=12.000000&transmitEnergyOverhead=40.000000````````````, ,
20140329_0941_26, Notification, XTEAM Engine, MRSV, 4, Simulation execution beginning, ,
20140329_0941_27, Design, CoWare XTEAM Client, participant_1, 2, X`6e9c8fd6.f1e64dd2.b80f329b.5eaf84d5`ATTR`generate`Task`MON::Model [Task]`Aspect=xADLBehaviorAspect&Position=231.196`949ce290.11ad4a14.a3b729fe.76f3e91a`Process`MON::Model [Process]`executionTime=4&memoryUsage=3&taskInstruction=nextRequest = new Request;|nextRequest->getRequestKind().value() = "Salinity";````````````, ,
20140329_0941_29, Notification, XTEAM Engine, MRSV, 5, Simulation execution beginning, ,
20140329_0941_29, Design, CoWare XTEAM Client, participant_0, 4, X`f603f85b.e43844a4.b3627b58.f951dcdf`ATTR`Host_Temp`Host`MON::Set [Host]`Aspect=xADLCoreAspect&Position=1106.763`53c8e4c.6bec48b1.8f5efd8e.55e34f54`Architecture`MON::Model [Architecture]`receiveEnergyCost=20.000000&receiveEnergyOverhead=45.000000&transmitEnergyCost=12.000000&transmitEnergyOverhead=40.000000````````````, ,
20140329_0941_31, Notification, XTEAM Engine, MRSV, 6, Simulation execution beginning, ,
20140329_0941_32, Notification, XTEAM Engine, MRSV, 3, Simulation execution completion, ,
20140329_0941_32, XTEAM, XTEAM Engine, MRSV, , ,
20140329_0941_32, XTEAM, XTEAM Engine, MRSV, , ,
20140329_0941_32, XTEAM, XTEAM Engine, MRSV, , ,
20140329_0941_33, Design, CoWare XTEAM Client, participant_0, 5, X`f603f85b.e43844a4.b3627b58.f951dcdf`ATTR`Host_Temp`Host`MON::Set [Host]`Aspect=xADLCoreAspect&Position=1106.763`53c8e4c.6bec48b1.8f5efd8e.55e34f54`Architecture`MON::Model [Architecture]`receiveEnergyCost=20.000000&receiveEnergyOverhead=70.000000&transmitEnergyCost=12.000000&transmitEnergyOverhead=40.000000````````````, ,
20140329_0941_43, Notification, XTEAM Engine, MRSV, 7, Simulation execution beginning, ,
20140329_0941_46, Design, CoWare XTEAM Client, participant_1, 3, X`422c11c0.c89a428f.838be7f4.7ffbcbd6`ATTR`generate`Task`MON::Model [Task]`Aspect=xADLBehaviorAspect&Position=231.196`f5e3fc53.9152438c.8adc2b0b.e095f1c6`Process`MON::Model [Process]`executionTime=4&memoryUsage=3&taskInstruction=nextRequest = new Request;|nextRequest->getRequestKind().value() = "Salinity";````````````, ,
20140329_0941_48, Notification, XTEAM Engine, MRSV, 8, Simulation execution beginning, ,
20140329_0942_03, Notification, XTEAM Engine, MRSV, 4, Simulation execution completion, ,
20140329_0942_03, XTEAM, XTEAM Engine, MRSV, , ,
20140329_0942_03, XTEAM, XTEAM Engine, MRSV, , ,
20140329_0942_03, XTEAM, XTEAM Engine, MRSV, , ,
20140329_0942_10, Notification, XTEAM Engine, MRSV, 5, Simulation execution completion, ,
20140329_0942_10, XTEAM, XTEAM Engine, MRSV, , ,
20140329_0942_10, XTEAM, XTEAM Engine, MRSV, , ,
20140329_0942_10, XTEAM, XTEAM Engine, MRSV, , ,
20140329_0942_12, Notification, XTEAM Engine, MRSV, 6, Simulation execution completion, ,
20140329_0942_12, XTEAM, XTEAM Engine, MRSV, , ,
20140329_0942_12, XTEAM, XTEAM Engine, MRSV, , ,
20140329_0942_12, XTEAM, XTEAM Engine, MRSV, , ,
20140329_0942_14, Design, CoWare XTEAM Client, participant_1, 4, X`26cde46c.9c5842b6.86a460a7.9af47b0b`ATTR`generate`Task`MON::Model [Task]`Aspect=xADLBehaviorAspect&Position=231.196`8bf46823.a38b47d7.afbbc04e.7988ae39`Process`MON::Model [Process]`executionTime=4&memoryUsage=250&taskInstruction=nextRequest = new Request;|nextRequest->getRequestKind().value() = "Salinity";````````````, ,
20140329_0942_16, Notification, XTEAM Engine, MRSV, 7, Simulation execution completion, ,
20140329_0942_16, XTEAM, XTEAM Engine, MRSV, , ,
20140329_0942_16, XTEAM, XTEAM Engine, MRSV, , ,
20140329_0942_16, XTEAM, XTEAM Engine, MRSV, , ,
20140329_0942_16, Notification, XTEAM Engine, MRSV, 9, Simulation execution beginning, ,
20140329_0942_20, Notification, XTEAM Engine, MRSV, 8, Simulation execution completion, ,
20140329_0942_20, XTEAM, XTEAM Engine, MRSV, , ,
20140329_0942_20, XTEAM, XTEAM Engine, MRSV, , ,
20140329_0942_20, XTEAM, XTEAM Engine, MRSV, , ,
20140329_0942_23, Design, CoWare XTEAM Client, participant_1, 5, X`6e9c8fd6.f1e64dd2.b80f329b.5eaf84d5`ATTR`generate`Task`MON::Model [Task]`Aspect=xADLBehaviorAspect&Position=231.196`949ce290.11ad4a14.a3b729fe.76f3e91a`Process`MON::Model [Process]`executionTime=4&memoryUsage=250&taskInstruction=nextRequest = new Request;|nextRequest->getRequestKind().value() = "Salinity";````````````, ,
20140329_0942_25, Notification, XTEAM Engine, MRSV, 10, Simulation execution beginning, ,
20140329_0942_30, Design, CoWare XTEAM Client, participant_1, 6, X`422c11c0.c89a428f.838be7f4.7ffbcbd6`ATTR`generate`Task`MON::Model [Task]`Aspect=xADLBehaviorAspect&Position=231.196`f5e3fc53.9152438c.8adc2b0b.e095f1c6`Process`MON::Model [Process]`executionTime=4&memoryUsage=250&taskInstruction=nextRequest = new Request;|nextRequest->getRequestKind().value() = "Salinity";````````````, ,
20140329_0942_32, Notification, XTEAM Engine, MRSV, 11, Simulation execution beginning, ,
20140329_0942_42, Notification, XTEAM Engine, MRSV, 9, Simulation execution completion, ,
20140329_0942_42, XTEAM, XTEAM Engine, MRSV, , ,
20140329_0942_42, XTEAM, XTEAM Engine, MRSV, , ,
20140329_0942_42, XTEAM, XTEAM Engine, MRSV, , ,
20140329_0942_56, Notification, XTEAM Engine, MRSV, 10, Simulation execution completion, ,
20140329_0942_56, XTEAM, XTEAM Engine, MRSV, , ,
20140329_0942_56, XTEAM, XTEAM Engine, MRSV, , ,
20140329_0942_56, XTEAM, XTEAM Engine, MRSV, , ,
20140329_0943_02, Notification, XTEAM Engine, MRSV, 11, Simulation execution completion, ,
20140329_0943_02, XTEAM, XTEAM Engine, MRSV, , ,
20140329_0943_02, XTEAM, XTEAM Engine, MRSV, , ,
20140329_0943_02, XTEAM, XTEAM Engine, MRSV, , ,
20140329_0943_19, Design, CoWare XTEAM Client, participant_1, 7, X`3709314b.7a93486e.8dc9b26c.f4772d70`ATTR`Host_1`Host`MON::Set [Host]`Aspect=xADLCoreAspect&Position=42.49`53c8e4c.6bec48b1.8f5efd8e.55e34f54`Architecture`MON::Model [Architecture]`receiveEnergyCost=18.000000&receiveEnergyOverhead=48.000000&transmitEnergyCost=50.000000&transmitEnergyOverhead=45.000000````````````, ,
20140329_0943_20, Notification, XTEAM Engine, MRSV, 12, Simulation execution beginning, ,
20140329_0943_24, Design, CoWare XTEAM Client, participant_1, 8, X`3709314b.7a93486e.8dc9b26c.f4772d70`ATTR`Host_1`Host`MON::Set [Host]`Aspect=xADLCoreAspect&Position=42.49`53c8e4c.6bec48b1.8f5efd8e.55e34f54`Architecture`MON::Model [Architecture]`receiveEnergyCost=18.000000&receiveEnergyOverhead=48.000000&transmitEnergyCost=50.000000&transmitEnergyOverhead=200.000000````````````, ,
20140329_0943_25, Notification, XTEAM Engine, MRSV, 13, Simulation execution beginning, ,
20140329_0943_32, Design, CoWare XTEAM Client, participant_1, 9, X`3709314b.7a93486e.8dc9b26c.f4772d70`ATTR`Host_1`Host`MON::Set [Host]`Aspect=xADLCoreAspect&Position=42.49`53c8e4c.6bec48b1.8f5efd8e.55e34f54`Architecture`MON::Model [Architecture]`receiveEnergyCost=65.000000&receiveEnergyOverhead=48.000000&transmitEnergyCost=50.000000&transmitEnergyOverhead=200.000000````````````, ,
20140329_0943_37, Notification, XTEAM Engine, MRSV, 14, Simulation execution beginning, ,
20140329_0943_38, Design, CoWare XTEAM Client, participant_1, 10, X`3709314b.7a93486e.8dc9b26c.f4772d70`ATTR`Host_1`Host`MON::Set [Host]`Aspect=xADLCoreAspect&Position=42.49`53c8e4c.6bec48b1.8f5efd8e.55e34f54`Architecture`MON::Model [Architecture]`receiveEnergyCost=65.000000&receiveEnergyOverhead=240.000000&transmitEnergyCost=50.000000&transmitEnergyOverhead=200.000000````````````, ,
20140329_0943_41, Notification, XTEAM Engine, MRSV, 15, Simulation execution beginning, ,
20140329_0943_42, Design, CoWare XTEAM Client, participant_0, 6, X`64012bb1.f194748.9fe467dc.cb2e84f5`REGISTRY`forwardResponse`Process`MON::Model [Process]`Aspect=xADLBehaviorAspect&Position=168.364`c192c333.1db64d39.8221838a.a8025c75`Connector`MON::Model [Connector]`initialProcess=false````````````, ,
20140329_0943_44, Notification, XTEAM Engine, MRSV, 16, Simulation execution beginning, ,
20140329_0943_54, Notification, XTEAM Engine, MRSV, 12, Simulation execution completion, ,
20140329_0943_54, XTEAM, XTEAM Engine, MRSV, , ,
20140329_0943_54, XTEAM, XTEAM Engine, MRSV, , ,
20140329_0943_54, XTEAM, XTEAM Engine, MRSV, , ,
20140329_0943_55, Design, CoWare XTEAM Client, participant_0, 7, X`823be07d.a4c04349.bb5bd637.1efca24`ATTR`forward`Task`MON::Model [Task]`Aspect=xADLBehaviorAspect&Position=280.196`64012bb1.f194748.9fe467dc.cb2e84f5`Process`MON::Model [Process]`executionTime=0&memoryUsage=15&taskInstruction=````````````, ,
20140329_0943_56, Notification, XTEAM Engine, MRSV, 17, Simulation execution beginning, ,
20140329_0943_57, Notification, XTEAM Engine, MRSV, 13, Simulation execution completion, ,
20140329_0943_57, XTEAM, XTEAM Engine, MRSV, , ,
20140329_0943_57, XTEAM, XTEAM Engine, MRSV, , ,
20140329_0943_57, XTEAM, XTEAM Engine, MRSV, , ,
20140329_0944_09, Notification, XTEAM Engine, MRSV, 14, Simulation execution completion, ,
20140329_0944_09, XTEAM, XTEAM Engine, MRSV, , ,
20140329_0944_09, XTEAM, XTEAM Engine, MRSV, , ,
20140329_0944_09, XTEAM, XTEAM Engine, MRSV, , ,
20140329_0944_09, Notification, XTEAM Engine, MRSV, 15, Simulation execution completion, ,
20140329_0944_09, XTEAM, XTEAM Engine, MRSV, , ,
20140329_0944_09, XTEAM, XTEAM Engine, MRSV, , ,
20140329_0944_09, XTEAM, XTEAM Engine, MRSV, , ,
20140329_0944_16, Notification, XTEAM Engine, MRSV, 16, Simulation execution completion, ,
20140329_0944_16, XTEAM, XTEAM Engine, MRSV, , ,
20140329_0944_16, XTEAM, XTEAM Engine, MRSV, , ,
20140329_0944_16, XTEAM, XTEAM Engine, MRSV, , ,
20140329_0944_19, Snapshot, CoWare XTEAM Client, participant_1, 11, ,
20140329_0944_23, Snapshot, CoWare XTEAM Client, participant_1, 12, ,
20140329_0944_32, Notification, XTEAM Engine, MRSV, 17, Simulation execution completion, ,
20140329_0944_32, XTEAM, XTEAM Engine, MRSV, , ,
20140329_0944_32, XTEAM, XTEAM Engine, MRSV, , ,
20140329_0944_32, XTEAM, XTEAM Engine, MRSV, , ,
20140329_0947_46, Login, CoWare XTEAM Client, participant_0, , ,
20140329_0950_38, Design, CoWare XTEAM Client, participant_0, 8, X`823be07d.a4c04349.bb5bd637.1efca24`ATTR`forward`Task`MON::Model [Task]`Aspect=xADLBehaviorAspect&Position=280.196`64012bb1.f194748.9fe467dc.cb2e84f5`Process`MON::Model [Process]`executionTime=7&memoryUsage=15&taskInstruction=````````````, ,
20140329_0950_39, Notification, XTEAM Engine, MRSV, 18, Simulation execution beginning, ,
20140329_0950_59, Design, CoWare XTEAM Client, participant_0, 9, X`cc6f3a99.39734696.be3c4499.34632100`ATTR`Host_Salinity`Host`MON::Set [Host]`Aspect=xADLCoreAspect&Position=966.763`53c8e4c.6bec48b1.8f5efd8e.55e34f54`Architecture`MON::Model [Architecture]`receiveEnergyCost=13.000000&receiveEnergyOverhead=45.000000&transmitEnergyCost=12.000000&transmitEnergyOverhead=40.000000````````````, ,
20140329_0951_00, Notification, XTEAM Engine, MRSV, 19, Simulation execution beginning, ,
20140329_0951_03, Design, CoWare XTEAM Client, participant_0, 10, X`cc6f3a99.39734696.be3c4499.34632100`ATTR`Host_Salinity`Host`MON::Set [Host]`Aspect=xADLCoreAspect&Position=966.763`53c8e4c.6bec48b1.8f5efd8e.55e34f54`Architecture`MON::Model [Architecture]`receiveEnergyCost=20.000000&receiveEnergyOverhead=45.000000&transmitEnergyCost=12.000000&transmitEnergyOverhead=40.000000````````````, ,
20140329_0951_04, Notification, XTEAM Engine, MRSV, 20, Simulation execution beginning, ,
20140329_0951_09, Design, CoWare XTEAM Client, participant_0, 11, X`cc6f3a99.39734696.be3c4499.34632100`ATTR`Host_Salinity`Host`MON::Set [Host]`Aspect=xADLCoreAspect&Position=966.763`53c8e4c.6bec48b1.8f5efd8e.55e34f54`Architecture`MON::Model [Architecture]`receiveEnergyCost=20.000000&receiveEnergyOverhead=70.000000&transmitEnergyCost=12.000000&transmitEnergyOverhead=40.000000````````````, ,
20140329_0951_13, Notification, XTEAM Engine, MRSV, 18, Simulation execution completion, ,
20140329_0951_13, XTEAM, XTEAM Engine, MRSV, , ,
20140329_0951_13, XTEAM, XTEAM Engine, MRSV, , ,
20140329_0951_13, XTEAM, XTEAM Engine, MRSV, , ,
20140329_0951_13, Notification, XTEAM Engine, MRSV, 21, Simulation execution beginning, ,
20140329_0951_41, Notification, XTEAM Engine, MRSV, 19, Simulation execution completion, ,
20140329_0951_41, XTEAM, XTEAM Engine, MRSV, , ,
20140329_0951_41, XTEAM, XTEAM Engine, MRSV, , ,
20140329_0951_41, XTEAM, XTEAM Engine, MRSV, , ,
20140329_0951_44, Notification, XTEAM Engine, MRSV, 20, Simulation execution completion, ,
20140329_0951_44, XTEAM, XTEAM Engine, MRSV, , ,
20140329_0951_44, XTEAM, XTEAM Engine, MRSV, , ,
20140329_0951_44, XTEAM, XTEAM Engine, MRSV, , ,
20140329_0951_47, Notification, XTEAM Engine, MRSV, 21, Simulation execution completion, ,
20140329_0951_47, XTEAM, XTEAM Engine, MRSV, , ,
20140329_0951_47, XTEAM, XTEAM Engine, MRSV, , ,
20140329_0951_47, XTEAM, XTEAM Engine, MRSV, , ,
20140329_0955_44, Design, CoWare XTEAM Client, participant_0, 12, X`cc6f3a99.39734696.be3c4499.34632100`ATTR`Host_Salinity`Host`MON::Set [Host]`Aspect=xADLCoreAspect&Position=966.763`53c8e4c.6bec48b1.8f5efd8e.55e34f54`Architecture`MON::Model [Architecture]`receiveEnergyCost=20.000000&receiveEnergyOverhead=70.000000&transmitEnergyCost=11.000000&transmitEnergyOverhead=40.000000````````````, ,
20140329_0955_45, Notification, XTEAM Engine, MRSV, 22, Simulation execution beginning, ,
20140329_0955_48, Design, CoWare XTEAM Client, participant_0, 13, X`cc6f3a99.39734696.be3c4499.34632100`ATTR`Host_Salinity`Host`MON::Set [Host]`Aspect=xADLCoreAspect&Position=966.763`53c8e4c.6bec48b1.8f5efd8e.55e34f54`Architecture`MON::Model [Architecture]`receiveEnergyCost=13.000000&receiveEnergyOverhead=70.000000&transmitEnergyCost=11.000000&transmitEnergyOverhead=40.000000````````````, ,
20140329_0955_50, Notification, XTEAM Engine, MRSV, 23, Simulation execution beginning, ,
20140329_0955_58, Design, CoWare XTEAM Client, participant_0, 14, X`cc6f3a99.39734696.be3c4499.34632100`ATTR`Host_Salinity`Host`MON::Set [Host]`Aspect=xADLCoreAspect&Position=966.763`53c8e4c.6bec48b1.8f5efd8e.55e34f54`Architecture`MON::Model [Architecture]`receiveEnergyCost=13.000000&receiveEnergyOverhead=45.000000&transmitEnergyCost=11.000000&transmitEnergyOverhead=40.000000````````````, ,
20140329_0956_02, Notification, XTEAM Engine, MRSV, 24, Simulation execution beginning, ,
20140329_0956_08, Design, CoWare XTEAM Client, participant_0, 15, X`823be07d.a4c04349.bb5bd637.1efca24`ATTR`forward`Task`MON::Model [Task]`Aspect=xADLBehaviorAspect&Position=280.196`64012bb1.f194748.9fe467dc.cb2e84f5`Process`MON::Model [Process]`executionTime=0&memoryUsage=15&taskInstruction=````````````, ,
20140329_0956_10, Notification, XTEAM Engine, MRSV, 25, Simulation execution beginning, ,
20140329_0956_15, Notification, XTEAM Engine, MRSV, 22, Simulation execution completion, ,
20140329_0956_15, XTEAM, XTEAM Engine, MRSV, , ,
20140329_0956_15, XTEAM, XTEAM Engine, MRSV, , ,
20140329_0956_15, XTEAM, XTEAM Engine, MRSV, , ,
20140329_0956_20, Notification, XTEAM Engine, MRSV, 23, Simulation execution completion, ,
20140329_0956_20, XTEAM, XTEAM Engine, MRSV, , ,
20140329_0956_20, XTEAM, XTEAM Engine, MRSV, , ,
20140329_0956_20, XTEAM, XTEAM Engine, MRSV, , ,
20140329_0956_28, Notification, XTEAM Engine, MRSV, 24, Simulation execution completion, ,
20140329_0956_28, XTEAM, XTEAM Engine, MRSV, , ,
20140329_0956_28, XTEAM, XTEAM Engine, MRSV, , ,
20140329_0956_28, XTEAM, XTEAM Engine, MRSV, , ,
20140329_0956_37, Notification, XTEAM Engine, MRSV, 25, Simulation execution completion, ,
20140329_0956_37, XTEAM, XTEAM Engine, MRSV, , ,
20140329_0956_37, XTEAM, XTEAM Engine, MRSV, , ,
20140329_0956_37, XTEAM, XTEAM Engine, MRSV, , ,
20140329_0956_51, Design, CoWare XTEAM Client, participant_1, 13, X`26cde46c.9c5842b6.86a460a7.9af47b0b`ATTR`generate`Task`MON::Model [Task]`Aspect=xADLBehaviorAspect&Position=231.196`8bf46823.a38b47d7.afbbc04e.7988ae39`Process`MON::Model [Process]`executionTime=7&memoryUsage=250&taskInstruction=nextRequest = new Request;|nextRequest->getRequestKind().value() = "Salinity";````````````, ,
20140329_0956_52, Notification, XTEAM Engine, MRSV, 26, Simulation execution beginning, ,
20140329_0956_57, Design, CoWare XTEAM Client, participant_1, 14, X`26cde46c.9c5842b6.86a460a7.9af47b0b`ATTR`generate`Task`MON::Model [Task]`Aspect=xADLBehaviorAspect&Position=231.196`8bf46823.a38b47d7.afbbc04e.7988ae39`Process`MON::Model [Process]`executionTime=7&memoryUsage=3&taskInstruction=nextRequest = new Request;|nextRequest->getRequestKind().value() = "Salinity";````````````, ,
20140329_0957_02, Notification, XTEAM Engine, MRSV, 27, Simulation execution beginning, ,
20140329_0957_21, Design, CoWare XTEAM Client, participant_1, 15, X`6e9c8fd6.f1e64dd2.b80f329b.5eaf84d5`ATTR`generate`Task`MON::Model [Task]`Aspect=xADLBehaviorAspect&Position=231.196`949ce290.11ad4a14.a3b729fe.76f3e91a`Process`MON::Model [Process]`executionTime=7&memoryUsage=250&taskInstruction=nextRequest = new Request;|nextRequest->getRequestKind().value() = "Salinity";````````````, ,
20140329_0957_22, Notification, XTEAM Engine, MRSV, 26, Simulation execution completion, ,
20140329_0957_22, XTEAM, XTEAM Engine, MRSV, , ,
20140329_0957_22, XTEAM, XTEAM Engine, MRSV, , ,
20140329_0957_22, XTEAM, XTEAM Engine, MRSV, , ,
20140329_0957_22, Notification, XTEAM Engine, MRSV, 28, Simulation execution beginning, ,
20140329_0957_24, Design, CoWare XTEAM Client, participant_1, 16, X`6e9c8fd6.f1e64dd2.b80f329b.5eaf84d5`ATTR`generate`Task`MON::Model [Task]`Aspect=xADLBehaviorAspect&Position=231.196`949ce290.11ad4a14.a3b729fe.76f3e91a`Process`MON::Model [Process]`executionTime=7&memoryUsage=3&taskInstruction=nextRequest = new Request;|nextRequest->getRequestKind().value() = "Salinity";````````````, ,
20140329_0957_25, Notification, XTEAM Engine, MRSV, 29, Simulation execution beginning, ,
20140329_0957_34, Notification, XTEAM Engine, MRSV, 27, Simulation execution completion, ,
20140329_0957_34, XTEAM, XTEAM Engine, MRSV, , ,
20140329_0957_34, XTEAM, XTEAM Engine, MRSV, , ,
20140329_0957_34, XTEAM, XTEAM Engine, MRSV, , ,
20140329_0957_37, Design, CoWare XTEAM Client, participant_1, 17, X`422c11c0.c89a428f.838be7f4.7ffbcbd6`ATTR`generate`Task`MON::Model [Task]`Aspect=xADLBehaviorAspect&Position=231.196`f5e3fc53.9152438c.8adc2b0b.e095f1c6`Process`MON::Model [Process]`executionTime=7&memoryUsage=250&taskInstruction=nextRequest = new Request;|nextRequest->getRequestKind().value() = "Salinity";````````````, ,
20140329_0957_38, Notification, XTEAM Engine, MRSV, 30, Simulation execution beginning, ,
20140329_0957_39, Design, CoWare XTEAM Client, participant_1, 18, X`422c11c0.c89a428f.838be7f4.7ffbcbd6`ATTR`generate`Task`MON::Model [Task]`Aspect=xADLBehaviorAspect&Position=231.196`f5e3fc53.9152438c.8adc2b0b.e095f1c6`Process`MON::Model [Process]`executionTime=7&memoryUsage=3&taskInstruction=nextRequest = new Request;|nextRequest->getRequestKind().value() = "Salinity";````````````, ,
20140329_0957_41, Notification, XTEAM Engine, MRSV, 31, Simulation execution beginning, ,
20140329_0957_52, Notification, XTEAM Engine, MRSV, 28, Simulation execution completion, ,
20140329_0957_52, XTEAM, XTEAM Engine, MRSV, , ,
20140329_0957_52, XTEAM, XTEAM Engine, MRSV, , ,
20140329_0957_52, XTEAM, XTEAM Engine, MRSV, , ,
20140329_0957_54, Notification, XTEAM Engine, MRSV, 29, Simulation execution completion, ,
20140329_0957_54, XTEAM, XTEAM Engine, MRSV, , ,
20140329_0957_54, XTEAM, XTEAM Engine, MRSV, , ,
20140329_0957_54, XTEAM, XTEAM Engine, MRSV, , ,
20140329_0958_01, Notification, XTEAM Engine, MRSV, 30, Simulation execution completion, ,
20140329_0958_01, XTEAM, XTEAM Engine, MRSV, , ,
20140329_0958_01, XTEAM, XTEAM Engine, MRSV, , ,
20140329_0958_01, XTEAM, XTEAM Engine, MRSV, , ,
20140329_0958_05, Snapshot, CoWare XTEAM Client, participant_1, 19, ,
20140329_0958_14, Notification, XTEAM Engine, MRSV, 31, Simulation execution completion, ,
20140329_0958_14, XTEAM, XTEAM Engine, MRSV, , ,
20140329_0958_14, XTEAM, XTEAM Engine, MRSV, , ,
20140329_0958_14, XTEAM, XTEAM Engine, MRSV, , ,
20140329_0959_33, Snapshot, CoWare XTEAM Client, participant_0, 16, ,
20140329_0959_37, Snapshot, CoWare XTEAM Client, participant_0, 17, ,
20140329_1004_19, Design, CoWare XTEAM Client, participant_1, 20, X`3709314b.7a93486e.8dc9b26c.f4772d70`ATTR`Host_1`Host`MON::Set [Host]`Aspect=xADLCoreAspect&Position=42.49`53c8e4c.6bec48b1.8f5efd8e.55e34f54`Architecture`MON::Model [Architecture]`receiveEnergyCost=65.000000&receiveEnergyOverhead=240.000000&transmitEnergyCost=12.000000&transmitEnergyOverhead=200.000000````````````, ,
20140329_1004_20, Notification, XTEAM Engine, MRSV, 32, Simulation execution beginning, ,
20140329_1004_22, Design, CoWare XTEAM Client, participant_1, 21, X`3709314b.7a93486e.8dc9b26c.f4772d70`ATTR`Host_1`Host`MON::Set [Host]`Aspect=xADLCoreAspect&Position=42.49`53c8e4c.6bec48b1.8f5efd8e.55e34f54`Architecture`MON::Model [Architecture]`receiveEnergyCost=65.000000&receiveEnergyOverhead=240.000000&transmitEnergyCost=12.000000&transmitEnergyOverhead=45.000000````````````, ,
20140329_1004_23, Notification, XTEAM Engine, MRSV, 33, Simulation execution beginning, ,
20140329_1004_32, Design, CoWare XTEAM Client, participant_1, 22, X`3709314b.7a93486e.8dc9b26c.f4772d70`ATTR`Host_1`Host`MON::Set [Host]`Aspect=xADLCoreAspect&Position=42.49`53c8e4c.6bec48b1.8f5efd8e.55e34f54`Architecture`MON::Model [Architecture]`receiveEnergyCost=18.000000&receiveEnergyOverhead=240.000000&transmitEnergyCost=12.000000&transmitEnergyOverhead=45.000000````````````, ,
20140329_1004_35, Design, CoWare XTEAM Client, participant_1, 23, X`3709314b.7a93486e.8dc9b26c.f4772d70`ATTR`Host_1`Host`MON::Set [Host]`Aspect=xADLCoreAspect&Position=42.49`53c8e4c.6bec48b1.8f5efd8e.55e34f54`Architecture`MON::Model [Architecture]`receiveEnergyCost=18.000000&receiveEnergyOverhead=48.000000&transmitEnergyCost=12.000000&transmitEnergyOverhead=45.000000````````````, ,
20140329_1004_37, Notification, XTEAM Engine, MRSV, 34, Simulation execution beginning, ,
20140329_1004_39, Notification, XTEAM Engine, MRSV, 35, Simulation execution beginning, ,
20140329_1004_51, Notification, XTEAM Engine, MRSV, 32, Simulation execution completion, ,
20140329_1004_51, XTEAM, XTEAM Engine, MRSV, , ,
20140329_1004_51, XTEAM, XTEAM Engine, MRSV, , ,
20140329_1004_51, XTEAM, XTEAM Engine, MRSV, , ,
20140329_1004_54, Notification, XTEAM Engine, MRSV, 33, Simulation execution completion, ,
20140329_1004_54, XTEAM, XTEAM Engine, MRSV, , ,
20140329_1004_54, XTEAM, XTEAM Engine, MRSV, , ,
20140329_1004_54, XTEAM, XTEAM Engine, MRSV, , ,
20140329_1004_57, Design, CoWare XTEAM Client, participant_1, 24, X`3709314b.7a93486e.8dc9b26c.f4772d70`ATTR`Host_1`Host`MON::Set [Host]`Aspect=xADLCoreAspect&Position=42.49`53c8e4c.6bec48b1.8f5efd8e.55e34f54`Architecture`MON::Model [Architecture]`receiveEnergyCost=18.000000&receiveEnergyOverhead=48.000000&transmitEnergyCost=50.000000&transmitEnergyOverhead=45.000000````````````, ,
20140329_1004_58, Notification, XTEAM Engine, MRSV, 36, Simulation execution beginning, ,
20140329_1004_59, Notification, XTEAM Engine, MRSV, 34, Simulation execution completion, ,
20140329_1004_59, XTEAM, XTEAM Engine, MRSV, , ,
20140329_1004_59, XTEAM, XTEAM Engine, MRSV, , ,
20140329_1004_59, XTEAM, XTEAM Engine, MRSV, , ,
20140329_1004_59, Design, CoWare XTEAM Client, participant_1, 25, X`3709314b.7a93486e.8dc9b26c.f4772d70`ATTR`Host_1`Host`MON::Set [Host]`Aspect=xADLCoreAspect&Position=42.49`53c8e4c.6bec48b1.8f5efd8e.55e34f54`Architecture`MON::Model [Architecture]`receiveEnergyCost=18.000000&receiveEnergyOverhead=48.000000&transmitEnergyCost=50.000000&transmitEnergyOverhead=200.000000````````````, ,
20140329_1005_00, Notification, XTEAM Engine, MRSV, 35, Simulation execution completion, ,
20140329_1005_00, XTEAM, XTEAM Engine, MRSV, , ,
20140329_1005_00, XTEAM, XTEAM Engine, MRSV, , ,
20140329_1005_00, XTEAM, XTEAM Engine, MRSV, , ,
20140329_1005_00, Notification, XTEAM Engine, MRSV, 37, Simulation execution beginning, ,
20140329_1005_04, Design, CoWare XTEAM Client, participant_1, 26, X`3709314b.7a93486e.8dc9b26c.f4772d70`ATTR`Host_1`Host`MON::Set [Host]`Aspect=xADLCoreAspect&Position=42.49`53c8e4c.6bec48b1.8f5efd8e.55e34f54`Architecture`MON::Model [Architecture]`receiveEnergyCost=65.000000&receiveEnergyOverhead=48.000000&transmitEnergyCost=50.000000&transmitEnergyOverhead=200.000000````````````, ,
20140329_1005_08, Design, CoWare XTEAM Client, participant_1, 27, X`3709314b.7a93486e.8dc9b26c.f4772d70`ATTR`Host_1`Host`MON::Set [Host]`Aspect=xADLCoreAspect&Position=42.49`53c8e4c.6bec48b1.8f5efd8e.55e34f54`Architecture`MON::Model [Architecture]`receiveEnergyCost=65.000000&receiveEnergyOverhead=240.000000&transmitEnergyCost=50.000000&transmitEnergyOverhead=200.000000````````````, ,
20140329_1005_09, Notification, XTEAM Engine, MRSV, 38, Simulation execution beginning, ,
20140329_1005_18, Snapshot, CoWare XTEAM Client, participant_0, 18, ,
20140329_1005_32, Notification, XTEAM Engine, MRSV, 36, Simulation execution completion, ,
20140329_1005_32, XTEAM, XTEAM Engine, MRSV, , ,
20140329_1005_32, XTEAM, XTEAM Engine, MRSV, , ,
20140329_1005_32, XTEAM, XTEAM Engine, MRSV, , ,
20140329_1005_40, Design, CoWare XTEAM Client, participant_1, 28, X`1d380676.204a4521.b3bb7c52.2bae3451`ATTR`Host_2`Host`MON::Set [Host]`Aspect=xADLCoreAspect&Position=42.350`53c8e4c.6bec48b1.8f5efd8e.55e34f54`Architecture`MON::Model [Architecture]`receiveEnergyCost=18.000000&receiveEnergyOverhead=48.000000&transmitEnergyCost=50.000000&transmitEnergyOverhead=45.000000````````````, ,
20140329_1005_41, Design, CoWare XTEAM Client, participant_1, 29, X`1d380676.204a4521.b3bb7c52.2bae3451`ATTR`Host_2`Host`MON::Set [Host]`Aspect=xADLCoreAspect&Position=42.350`53c8e4c.6bec48b1.8f5efd8e.55e34f54`Architecture`MON::Model [Architecture]`receiveEnergyCost=18.000000&receiveEnergyOverhead=48.000000&transmitEnergyCost=50.000000&transmitEnergyOverhead=200.000000````````````, ,
20140329_1005_43, Notification, XTEAM Engine, MRSV, 39, Simulation execution beginning, ,
20140329_1005_45, Notification, XTEAM Engine, MRSV, 37, Simulation execution completion, ,
20140329_1005_45, XTEAM, XTEAM Engine, MRSV, , ,
20140329_1005_45, XTEAM, XTEAM Engine, MRSV, , ,
20140329_1005_45, XTEAM, XTEAM Engine, MRSV, , ,
20140329_1005_46, Notification, XTEAM Engine, MRSV, 40, Simulation execution beginning, ,
20140329_1005_47, Notification, XTEAM Engine, MRSV, 38, Simulation execution completion, ,
20140329_1005_47, XTEAM, XTEAM Engine, MRSV, , ,
20140329_1005_47, XTEAM, XTEAM Engine, MRSV, , ,
20140329_1005_47, XTEAM, XTEAM Engine, MRSV, , ,
20140329_1006_14, Design, CoWare XTEAM Client, participant_1, 30, X`1d380676.204a4521.b3bb7c52.2bae3451`ATTR`Host_2`Host`MON::Set [Host]`Aspect=xADLCoreAspect&Position=42.350`53c8e4c.6bec48b1.8f5efd8e.55e34f54`Architecture`MON::Model [Architecture]`receiveEnergyCost=0.000000&receiveEnergyOverhead=48.000000&transmitEnergyCost=50.000000&transmitEnergyOverhead=200.000000````````````, ,
20140329_1006_14, Notification, XTEAM Engine, MRSV, 40, Simulation execution completion, ,
20140329_1006_14, XTEAM, XTEAM Engine, MRSV, , ,
20140329_1006_14, XTEAM, XTEAM Engine, MRSV, , ,
20140329_1006_14, XTEAM, XTEAM Engine, MRSV, , ,
20140329_1006_15, Notification, XTEAM Engine, MRSV, 41, Simulation execution beginning, ,
20140329_1006_15, Notification, XTEAM Engine, MRSV, 39, Simulation execution completion, ,
20140329_1006_15, XTEAM, XTEAM Engine, MRSV, , ,
20140329_1006_15, XTEAM, XTEAM Engine, MRSV, , ,
20140329_1006_15, XTEAM, XTEAM Engine, MRSV, , ,
20140329_1006_22, Design, CoWare XTEAM Client, participant_1, 31, X`1d380676.204a4521.b3bb7c52.2bae3451`ATTR`Host_2`Host`MON::Set [Host]`Aspect=xADLCoreAspect&Position=42.350`53c8e4c.6bec48b1.8f5efd8e.55e34f54`Architecture`MON::Model [Architecture]`receiveEnergyCost=65.000000&receiveEnergyOverhead=48.000000&transmitEnergyCost=50.000000&transmitEnergyOverhead=200.000000````````````, ,
20140329_1006_24, Notification, XTEAM Engine, MRSV, 42, Simulation execution beginning, ,
20140329_1006_26, Design, CoWare XTEAM Client, participant_1, 32, X`1d380676.204a4521.b3bb7c52.2bae3451`ATTR`Host_2`Host`MON::Set [Host]`Aspect=xADLCoreAspect&Position=42.350`53c8e4c.6bec48b1.8f5efd8e.55e34f54`Architecture`MON::Model [Architecture]`receiveEnergyCost=65.000000&receiveEnergyOverhead=240.000000&transmitEnergyCost=50.000000&transmitEnergyOverhead=200.000000````````````, ,
20140329_1006_28, Notification, XTEAM Engine, MRSV, 43, Simulation execution beginning, ,
20140329_1006_33, Design, CoWare XTEAM Client, participant_1, 33, X`6f385993.f08a4164.b815faa2.88dc52fb`ATTR`Host_3`Host`MON::Set [Host]`Aspect=xADLCoreAspect&Position=42.630`53c8e4c.6bec48b1.8f5efd8e.55e34f54`Architecture`MON::Model [Architecture]`receiveEnergyCost=18.000000&receiveEnergyOverhead=48.000000&transmitEnergyCost=50.000000&transmitEnergyOverhead=45.000000````````````, ,
20140329_1006_34, Notification, XTEAM Engine, MRSV, 44, Simulation execution beginning, ,
20140329_1006_36, Design, CoWare XTEAM Client, participant_1, 34, X`6f385993.f08a4164.b815faa2.88dc52fb`ATTR`Host_3`Host`MON::Set [Host]`Aspect=xADLCoreAspect&Position=42.630`53c8e4c.6bec48b1.8f5efd8e.55e34f54`Architecture`MON::Model [Architecture]`receiveEnergyCost=18.000000&receiveEnergyOverhead=48.000000&transmitEnergyCost=50.000000&transmitEnergyOverhead=200.000000````````````, ,
20140329_1006_37, Notification, XTEAM Engine, MRSV, 45, Simulation execution beginning, ,
20140329_1006_41, Notification, XTEAM Engine, MRSV, 41, Simulation execution completion, ,
20140329_1006_41, XTEAM, XTEAM Engine, MRSV, , ,
20140329_1006_41, XTEAM, XTEAM Engine, MRSV, , ,
20140329_1006_41, XTEAM, XTEAM Engine, MRSV, , ,
20140329_1006_41, Design, CoWare XTEAM Client, participant_1, 35, X`6f385993.f08a4164.b815faa2.88dc52fb`ATTR`Host_3`Host`MON::Set [Host]`Aspect=xADLCoreAspect&Position=42.630`53c8e4c.6bec48b1.8f5efd8e.55e34f54`Architecture`MON::Model [Architecture]`receiveEnergyCost=65.000000&receiveEnergyOverhead=48.000000&transmitEnergyCost=50.000000&transmitEnergyOverhead=200.000000````````````, ,
20140329_1006_42, Notification, XTEAM Engine, MRSV, 46, Simulation execution beginning, ,
20140329_1006_46, Design, CoWare XTEAM Client, participant_1, 36, X`6f385993.f08a4164.b815faa2.88dc52fb`ATTR`Host_3`Host`MON::Set [Host]`Aspect=xADLCoreAspect&Position=42.630`53c8e4c.6bec48b1.8f5efd8e.55e34f54`Architecture`MON::Model [Architecture]`receiveEnergyCost=65.000000&receiveEnergyOverhead=240.000000&transmitEnergyCost=50.000000&transmitEnergyOverhead=200.000000````````````, ,
20140329_1006_46, Notification, XTEAM Engine, MRSV, 42, Simulation execution completion, ,
20140329_1006_46, XTEAM, XTEAM Engine, MRSV, , ,
20140329_1006_46, XTEAM, XTEAM Engine, MRSV, , ,
20140329_1006_46, XTEAM, XTEAM Engine, MRSV, , ,
20140329_1006_49, Notification, XTEAM Engine, MRSV, 47, Simulation execution beginning, ,
20140329_1006_54, Notification, XTEAM Engine, MRSV, 43, Simulation execution completion, ,
20140329_1006_54, XTEAM, XTEAM Engine, MRSV, , ,
20140329_1006_54, XTEAM, XTEAM Engine, MRSV, , ,
20140329_1006_54, XTEAM, XTEAM Engine, MRSV, , ,
20140329_1006_57, Notification, XTEAM Engine, MRSV, 44, Simulation execution completion, ,
20140329_1006_57, XTEAM, XTEAM Engine, MRSV, , ,
20140329_1006_57, XTEAM, XTEAM Engine, MRSV, , ,
20140329_1006_57, XTEAM, XTEAM Engine, MRSV, , ,
20140329_1007_06, Notification, XTEAM Engine, MRSV, 45, Simulation execution completion, ,
20140329_1007_06, XTEAM, XTEAM Engine, MRSV, , ,
20140329_1007_06, XTEAM, XTEAM Engine, MRSV, , ,
20140329_1007_06, XTEAM, XTEAM Engine, MRSV, , ,
20140329_1007_10, Notification, XTEAM Engine, MRSV, 46, Simulation execution completion, ,
20140329_1007_10, XTEAM, XTEAM Engine, MRSV, , ,
20140329_1007_10, XTEAM, XTEAM Engine, MRSV, , ,
20140329_1007_10, XTEAM, XTEAM Engine, MRSV, , ,
20140329_1007_16, Notification, XTEAM Engine, MRSV, 47, Simulation execution completion, ,
20140329_1007_16, XTEAM, XTEAM Engine, MRSV, , ,
20140329_1007_16, XTEAM, XTEAM Engine, MRSV, , ,
20140329_1007_16, XTEAM, XTEAM Engine, MRSV, , ,
20140329_1011_01, Snapshot, CoWare XTEAM Client, participant_1, 37, ,
