TIME, Event name, OriginComponent, SenderUsername, EventID, ,
20140329_0944_19, Snapshot, CoWare XTEAM Client, participant_1, 11, ,
20140329_0944_23, Snapshot, CoWare XTEAM Client, participant_1, 12, ,
20140329_0958_05, Snapshot, CoWare XTEAM Client, participant_1, 19, ,
20140329_0959_33, Snapshot, CoWare XTEAM Client, participant_0, 16, ,
20140329_0959_37, Snapshot, CoWare XTEAM Client, participant_0, 17, ,
20140329_1005_18, Snapshot, CoWare XTEAM Client, participant_0, 18, ,
20140329_1011_01, Snapshot, CoWare XTEAM Client, participant_1, 37, ,
