TIME, Event name, OriginComponent, SenderUsername, EventID, ,
20141120_1948_54, Snapshot, FLAME Client, participant_0, 5, ,
20141120_1950_08, Snapshot, FLAME Client, participant_1, 6, ,
20141120_1952_54, Snapshot, FLAME Client, participant_0, 11, ,
20141120_1953_54, Snapshot, FLAME Client, participant_1, 11, ,
20141120_1956_29, Snapshot, FLAME Client, participant_1, 16, ,
20141120_1958_17, Snapshot, FLAME Client, participant_1, 21, ,
20141120_2001_28, Snapshot, FLAME Client, participant_0, 20, ,
20141120_2003_24, Snapshot, FLAME Client, participant_1, 28, ,
20141120_2007_15, Snapshot, FLAME Client, participant_1, 33, ,
20141120_2009_10, Snapshot, FLAME Client, participant_0, 27, ,
20141120_2014_07, Snapshot, FLAME Client, participant_0, 32, ,
20141120_2016_23, Snapshot, FLAME Client, participant_1, 43, ,
