TIME, Event name, OriginComponent, SenderUsername, EventID, Value, ,
20141120_1946_36, Login, FLAME Client, participant_0, , ,
20141120_1946_38, Login, XTEAM Engine, participant_0, , ,
20141120_1946_43, Login, FLAME Client, participant_1, , ,
20141120_1946_45, Login, XTEAM Engine, participant_1, , ,
20141120_1948_05, Design, FLAME Client, participant_0, 1, X`64e3f498.f1114939.ba695f73.d07188e3`ATTR`perform`Task`MON::Model [Task]`Aspect=xADLBehaviorAspect&Position=308.301`d640f4b9.22e14264.b459176e.af6b895e`Process`MON::Model [Process]`executionTime=200&memoryUsage=27&taskInstruction=nextResult[thread_id] = new Result;|nextResult[thread_id]->getResultState().value() = 0;|nextResult[thread_id]->getResultID().value() = nextTask[thread_id]->getTaskID().value();|nextResult[thread_id]->getResultValue().value() = 1;````````````, ,
20141120_1948_06, Notification, XTEAM Engine, participant_0, 1, Simulation execution beginning, ,
20141120_1948_09, Design, FLAME Client, participant_0, 2, X`64e3f498.f1114939.ba695f73.d07188e3`ATTR`perform`Task`MON::Model [Task]`Aspect=xADLBehaviorAspect&Position=308.301`d640f4b9.22e14264.b459176e.af6b895e`Process`MON::Model [Process]`executionTime=200&memoryUsage=65&taskInstruction=nextResult[thread_id] = new Result;|nextResult[thread_id]->getResultState().value() = 0;|nextResult[thread_id]->getResultID().value() = nextTask[thread_id]->getTaskID().value();|nextResult[thread_id]->getResultValue().value() = 1;````````````, ,
20141120_1948_10, Notification, XTEAM Engine, participant_0, 2, Simulation execution beginning, ,
20141120_1948_36, Design, FLAME Client, participant_0, 3, X`25fea250.79aa4baf.b62be506.e9d1819a`ATTR`Host_GCE`Host`MON::Set [Host]`Aspect=xADLCoreAspect&Position=161.560`bb42af9e.ee894de6.a8870ee2.566cbbfe`Architecture`MON::Model [Architecture]`receiveEnergyCost=150.010000&receiveEnergyOverhead=101.860000&transmitEnergyCost=514.000000&transmitEnergyOverhead=129.870000````````````, ,
20141120_1948_37, Notification, XTEAM Engine, participant_0, 1, Simulation execution completion, ,
20141120_1948_37, XTEAM, XTEAM Engine, participant_0, , ,
20141120_1948_37, XTEAM, XTEAM Engine, participant_0, , ,
20141120_1948_37, XTEAM, XTEAM Engine, participant_0, , ,
20141120_1948_38, Notification, XTEAM Engine, participant_0, 3, Simulation execution beginning, ,
20141120_1948_40, Notification, XTEAM Engine, participant_0, 2, Simulation execution completion, ,
20141120_1948_40, XTEAM, XTEAM Engine, participant_0, , ,
20141120_1948_40, XTEAM, XTEAM Engine, participant_0, , ,
20141120_1948_40, XTEAM, XTEAM Engine, participant_0, , ,
20141120_1948_43, Design, FLAME Client, participant_0, 4, X`25fea250.79aa4baf.b62be506.e9d1819a`ATTR`Host_GCE`Host`MON::Set [Host]`Aspect=xADLCoreAspect&Position=161.560`bb42af9e.ee894de6.a8870ee2.566cbbfe`Architecture`MON::Model [Architecture]`receiveEnergyCost=150.010000&receiveEnergyOverhead=101.860000&transmitEnergyCost=514.000000&transmitEnergyOverhead=755.000000````````````, ,
20141120_1948_44, Notification, XTEAM Engine, participant_0, 4, Simulation execution beginning, ,
20141120_1948_54, Snapshot, FLAME Client, participant_0, 5, ,
20141120_1948_56, Notification, XTEAM Engine, participant_1, 1, Simulation execution beginning, ,
20141120_1949_01, Update, FLAME Client, participant_1, 1, ,
20141120_1949_09, Notification, XTEAM Engine, participant_0, 3, Simulation execution completion, ,
20141120_1949_09, XTEAM, XTEAM Engine, participant_0, , ,
20141120_1949_09, XTEAM, XTEAM Engine, participant_0, , ,
20141120_1949_09, XTEAM, XTEAM Engine, participant_0, , ,
20141120_1949_15, Notification, XTEAM Engine, participant_0, 4, Simulation execution completion, ,
20141120_1949_15, XTEAM, XTEAM Engine, participant_0, , ,
20141120_1949_15, XTEAM, XTEAM Engine, participant_0, , ,
20141120_1949_15, XTEAM, XTEAM Engine, participant_0, , ,
20141120_1949_17, Design, FLAME Client, participant_1, 2, X`3f426f4b.6d164164.816fe575.67a4324f`ATTR`generate`Task`MON::Model [Task]`Aspect=xADLBehaviorAspect&Position=301.259`37598ce1.81784bb5.996843e8.1d554a61`Process`MON::Model [Process]`executionTime=7.0&memoryUsage=3&taskInstruction=nextTask = new Task;|nextTask->getTaskState().value() = 0;|nextTask->getTaskID().value() = taskIDCounter->getNextTaskID().value()++;````````````, ,
20141120_1949_18, Notification, XTEAM Engine, participant_1, 2, Simulation execution beginning, ,
20141120_1949_25, Notification, XTEAM Engine, participant_1, 1, Simulation execution completion, ,
20141120_1949_25, XTEAM, XTEAM Engine, participant_1, , ,
20141120_1949_25, XTEAM, XTEAM Engine, participant_1, , ,
20141120_1949_25, XTEAM, XTEAM Engine, participant_1, , ,
20141120_1949_26, Design, FLAME Client, participant_1, 3, X`3f426f4b.6d164164.816fe575.67a4324f`ATTR`generate`Task`MON::Model [Task]`Aspect=xADLBehaviorAspect&Position=301.259`37598ce1.81784bb5.996843e8.1d554a61`Process`MON::Model [Process]`executionTime=7.0&memoryUsage=5500&taskInstruction=nextTask = new Task;|nextTask->getTaskState().value() = 0;|nextTask->getTaskID().value() = taskIDCounter->getNextTaskID().value()++;````````````, ,
20141120_1949_27, Notification, XTEAM Engine, participant_1, 3, Simulation execution beginning, ,
20141120_1949_48, Design, FLAME Client, participant_1, 4, X`176369f9.b385435c.b2d59a0f.66ba660c`ATTR`Host_SubsetSum`Host`MON::Set [Host]`Aspect=xADLCoreAspect&Position=1610.385`bb42af9e.ee894de6.a8870ee2.566cbbfe`Architecture`MON::Model [Architecture]`receiveEnergyCost=101.280000&receiveEnergyOverhead=64.990000&transmitEnergyCost=182.000000&transmitEnergyOverhead=82.450000````````````, ,
20141120_1949_48, Notification, XTEAM Engine, participant_1, 2, Simulation execution completion, ,
20141120_1949_48, XTEAM, XTEAM Engine, participant_1, , ,
20141120_1949_48, XTEAM, XTEAM Engine, participant_1, , ,
20141120_1949_48, XTEAM, XTEAM Engine, participant_1, , ,
20141120_1949_49, Notification, XTEAM Engine, participant_1, 4, Simulation execution beginning, ,
20141120_1949_56, Notification, XTEAM Engine, participant_1, 3, Simulation execution completion, ,
20141120_1949_56, XTEAM, XTEAM Engine, participant_1, , ,
20141120_1949_56, XTEAM, XTEAM Engine, participant_1, , ,
20141120_1949_56, XTEAM, XTEAM Engine, participant_1, , ,
20141120_1950_00, Design, FLAME Client, participant_1, 5, X`176369f9.b385435c.b2d59a0f.66ba660c`ATTR`Host_SubsetSum`Host`MON::Set [Host]`Aspect=xADLCoreAspect&Position=1610.385`bb42af9e.ee894de6.a8870ee2.566cbbfe`Architecture`MON::Model [Architecture]`receiveEnergyCost=101.280000&receiveEnergyOverhead=64.990000&transmitEnergyCost=182.000000&transmitEnergyOverhead=217.000000````````````, ,
20141120_1950_00, Notification, XTEAM Engine, participant_1, 5, Simulation execution beginning, ,
20141120_1950_08, Snapshot, FLAME Client, participant_1, 6, ,
20141120_1950_09, Notification, XTEAM Engine, participant_0, 5, Simulation execution beginning, ,
20141120_1950_19, Notification, XTEAM Engine, participant_1, 4, Simulation execution completion, ,
20141120_1950_19, XTEAM, XTEAM Engine, participant_1, , ,
20141120_1950_19, XTEAM, XTEAM Engine, participant_1, , ,
20141120_1950_19, XTEAM, XTEAM Engine, participant_1, , ,
20141120_1950_29, Notification, XTEAM Engine, participant_1, 5, Simulation execution completion, ,
20141120_1950_29, XTEAM, XTEAM Engine, participant_1, , ,
20141120_1950_29, XTEAM, XTEAM Engine, participant_1, , ,
20141120_1950_29, XTEAM, XTEAM Engine, participant_1, , ,
20141120_1950_37, Notification, XTEAM Engine, participant_0, 5, Simulation execution completion, ,
20141120_1950_37, XTEAM, XTEAM Engine, participant_0, , ,
20141120_1950_37, XTEAM, XTEAM Engine, participant_0, , ,
20141120_1950_37, XTEAM, XTEAM Engine, participant_0, , ,
20141120_1952_20, Design, FLAME Client, participant_0, 6, X`4c379791.2eea468a.a8abbb1d.e5fba9bb`ATTR`perform`Task`MON::Model [Task]`Aspect=xADLBehaviorAspect&Position=336.217`c270ab26.2fff4b88.bf50a288.2d000ee5`Process`MON::Model [Process]`executionTime=200&memoryUsage=27&taskInstruction=nextResult[thread_id] = new Result;|nextResult[thread_id]->getResultState().value() = 0;|nextResult[thread_id]->getResultID().value() = nextTask[thread_id]->getTaskID().value();|nextResult[thread_id]->getResultValue().value() = 1;````````````, ,
20141120_1952_20, Notification, XTEAM Engine, participant_0, 6, Simulation execution beginning, ,
20141120_1952_24, Design, FLAME Client, participant_0, 7, X`4c379791.2eea468a.a8abbb1d.e5fba9bb`ATTR`perform`Task`MON::Model [Task]`Aspect=xADLBehaviorAspect&Position=336.217`c270ab26.2fff4b88.bf50a288.2d000ee5`Process`MON::Model [Process]`executionTime=200&memoryUsage=65&taskInstruction=nextResult[thread_id] = new Result;|nextResult[thread_id]->getResultState().value() = 0;|nextResult[thread_id]->getResultID().value() = nextTask[thread_id]->getTaskID().value();|nextResult[thread_id]->getResultValue().value() = 1;````````````, ,
20141120_1952_24, Notification, XTEAM Engine, participant_0, 7, Simulation execution beginning, ,
20141120_1952_35, Design, FLAME Client, participant_0, 8, X`cdc6010e.7cf74d31.85daf3c3.1e9a4be8`ATTR`Host_Client`Host`MON::Set [Host]`Aspect=xADLCoreAspect&Position=28.560`bb42af9e.ee894de6.a8870ee2.566cbbfe`Architecture`MON::Model [Architecture]`receiveEnergyCost=150.010000&receiveEnergyOverhead=101.860000&transmitEnergyCost=514.000000&transmitEnergyOverhead=129.870000````````````, ,
20141120_1952_37, Notification, XTEAM Engine, participant_0, 8, Simulation execution beginning, ,
20141120_1952_39, Design, FLAME Client, participant_0, 9, X`cdc6010e.7cf74d31.85daf3c3.1e9a4be8`ATTR`Host_Client`Host`MON::Set [Host]`Aspect=xADLCoreAspect&Position=28.560`bb42af9e.ee894de6.a8870ee2.566cbbfe`Architecture`MON::Model [Architecture]`receiveEnergyCost=150.010000&receiveEnergyOverhead=101.860000&transmitEnergyCost=514.000000&transmitEnergyOverhead=755.000000````````````, ,
20141120_1952_40, Notification, XTEAM Engine, participant_0, 9, Simulation execution beginning, ,
20141120_1952_47, Update, FLAME Client, participant_0, 10, ,
20141120_1952_54, Snapshot, FLAME Client, participant_0, 11, ,
20141120_1952_54, Notification, XTEAM Engine, participant_0, 6, Simulation execution completion, ,
20141120_1952_54, XTEAM, XTEAM Engine, participant_0, , ,
20141120_1952_54, XTEAM, XTEAM Engine, participant_0, , ,
20141120_1952_54, XTEAM, XTEAM Engine, participant_0, , ,
20141120_1952_55, Notification, XTEAM Engine, participant_1, 6, Simulation execution beginning, ,
20141120_1952_59, Notification, XTEAM Engine, participant_0, 7, Simulation execution completion, ,
20141120_1952_59, XTEAM, XTEAM Engine, participant_0, , ,
20141120_1952_59, XTEAM, XTEAM Engine, participant_0, , ,
20141120_1952_59, XTEAM, XTEAM Engine, participant_0, , ,
20141120_1953_10, Notification, XTEAM Engine, participant_0, 8, Simulation execution completion, ,
20141120_1953_10, XTEAM, XTEAM Engine, participant_0, , ,
20141120_1953_10, XTEAM, XTEAM Engine, participant_0, , ,
20141120_1953_10, XTEAM, XTEAM Engine, participant_0, , ,
20141120_1953_13, Notification, XTEAM Engine, participant_0, 9, Simulation execution completion, ,
20141120_1953_13, XTEAM, XTEAM Engine, participant_0, , ,
20141120_1953_13, XTEAM, XTEAM Engine, participant_0, , ,
20141120_1953_13, XTEAM, XTEAM Engine, participant_0, , ,
20141120_1953_21, Design, FLAME Client, participant_1, 7, X`3a60805b.3a524f70.a064acd1.88108a11`ATTR`generate`Task`MON::Model [Task]`Aspect=xADLBehaviorAspect&Position=301.259`fd961ab4.712348fe.91a8653d.18529735`Process`MON::Model [Process]`executionTime=7&memoryUsage=3&taskInstruction=nextTask = new Task;|nextTask->getTaskState().value() = 0;|nextTask->getTaskID().value() = taskIDCounter->getNextTaskID().value()++;````````````, ,
20141120_1953_22, Notification, XTEAM Engine, participant_1, 7, Simulation execution beginning, ,
20141120_1953_24, Notification, XTEAM Engine, participant_1, 6, Simulation execution completion, ,
20141120_1953_24, XTEAM, XTEAM Engine, participant_1, , ,
20141120_1953_24, XTEAM, XTEAM Engine, participant_1, , ,
20141120_1953_24, XTEAM, XTEAM Engine, participant_1, , ,
20141120_1953_25, Design, FLAME Client, participant_1, 8, X`3a60805b.3a524f70.a064acd1.88108a11`ATTR`generate`Task`MON::Model [Task]`Aspect=xADLBehaviorAspect&Position=301.259`fd961ab4.712348fe.91a8653d.18529735`Process`MON::Model [Process]`executionTime=7&memoryUsage=5500&taskInstruction=nextTask = new Task;|nextTask->getTaskState().value() = 0;|nextTask->getTaskID().value() = taskIDCounter->getNextTaskID().value()++;````````````, ,
20141120_1953_26, Notification, XTEAM Engine, participant_1, 8, Simulation execution beginning, ,
20141120_1953_45, Design, FLAME Client, participant_1, 9, X`de311a94.5ac54159.8e7ae434.321ec71e`ATTR`HostSAT`Host`MON::Set [Host]`Aspect=xADLCoreAspect&Position=1610.497`bb42af9e.ee894de6.a8870ee2.566cbbfe`Architecture`MON::Model [Architecture]`receiveEnergyCost=101.280000&receiveEnergyOverhead=64.990000&transmitEnergyCost=182.000000&transmitEnergyOverhead=82.450000````````````, ,
20141120_1953_46, Notification, XTEAM Engine, participant_1, 9, Simulation execution beginning, ,
20141120_1953_53, Design, FLAME Client, participant_1, 10, X`de311a94.5ac54159.8e7ae434.321ec71e`ATTR`HostSAT`Host`MON::Set [Host]`Aspect=xADLCoreAspect&Position=1610.497`bb42af9e.ee894de6.a8870ee2.566cbbfe`Architecture`MON::Model [Architecture]`receiveEnergyCost=101.280000&receiveEnergyOverhead=64.990000&transmitEnergyCost=182.000000&transmitEnergyOverhead=217.000000````````````, ,
20141120_1953_54, Notification, XTEAM Engine, participant_1, 10, Simulation execution beginning, ,
20141120_1953_54, Snapshot, FLAME Client, participant_1, 11, ,
20141120_1953_56, Notification, XTEAM Engine, participant_0, 10, Simulation execution beginning, ,
20141120_1953_56, Notification, XTEAM Engine, participant_1, 7, Simulation execution completion, ,
20141120_1953_56, XTEAM, XTEAM Engine, participant_1, , ,
20141120_1953_56, XTEAM, XTEAM Engine, participant_1, , ,
20141120_1953_56, XTEAM, XTEAM Engine, participant_1, , ,
20141120_1954_01, Notification, XTEAM Engine, participant_1, 8, Simulation execution completion, ,
20141120_1954_01, XTEAM, XTEAM Engine, participant_1, , ,
20141120_1954_01, XTEAM, XTEAM Engine, participant_1, , ,
20141120_1954_01, XTEAM, XTEAM Engine, participant_1, , ,
20141120_1954_21, Notification, XTEAM Engine, participant_1, 9, Simulation execution completion, ,
20141120_1954_21, XTEAM, XTEAM Engine, participant_1, , ,
20141120_1954_21, XTEAM, XTEAM Engine, participant_1, , ,
20141120_1954_21, XTEAM, XTEAM Engine, participant_1, , ,
20141120_1954_28, Notification, XTEAM Engine, participant_1, 10, Simulation execution completion, ,
20141120_1954_28, XTEAM, XTEAM Engine, participant_1, , ,
20141120_1954_28, XTEAM, XTEAM Engine, participant_1, , ,
20141120_1954_28, XTEAM, XTEAM Engine, participant_1, , ,
20141120_1954_29, Notification, XTEAM Engine, participant_0, 10, Simulation execution completion, ,
20141120_1954_29, XTEAM, XTEAM Engine, participant_0, , ,
20141120_1954_29, XTEAM, XTEAM Engine, participant_0, , ,
20141120_1954_29, XTEAM, XTEAM Engine, participant_0, , ,
20141120_1955_08, Update, FLAME Client, participant_0, 12, ,
20141120_1955_58, Design, FLAME Client, participant_1, 12, X`3a60805b.3a524f70.a064acd1.88108a11`ATTR`generate`Task`MON::Model [Task]`Aspect=xADLBehaviorAspect&Position=301.259`fd961ab4.712348fe.91a8653d.18529735`Process`MON::Model [Process]`executionTime=6.0&memoryUsage=5500&taskInstruction=nextTask = new Task;|nextTask->getTaskState().value() = 0;|nextTask->getTaskID().value() = taskIDCounter->getNextTaskID().value()++;````````````, ,
20141120_1955_59, Notification, XTEAM Engine, participant_1, 11, Simulation execution beginning, ,
20141120_1956_07, Design, FLAME Client, participant_1, 13, X`3a60805b.3a524f70.a064acd1.88108a11`ATTR`generate`Task`MON::Model [Task]`Aspect=xADLBehaviorAspect&Position=301.259`fd961ab4.712348fe.91a8653d.18529735`Process`MON::Model [Process]`executionTime=6.0&memoryUsage=11000&taskInstruction=nextTask = new Task;|nextTask->getTaskState().value() = 0;|nextTask->getTaskID().value() = taskIDCounter->getNextTaskID().value()++;````````````, ,
20141120_1956_08, Notification, XTEAM Engine, participant_1, 12, Simulation execution beginning, ,
20141120_1956_19, Design, FLAME Client, participant_1, 14, X`de311a94.5ac54159.8e7ae434.321ec71e`ATTR`HostSAT`Host`MON::Set [Host]`Aspect=xADLCoreAspect&Position=1610.497`bb42af9e.ee894de6.a8870ee2.566cbbfe`Architecture`MON::Model [Architecture]`receiveEnergyCost=101.280000&receiveEnergyOverhead=64.990000&transmitEnergyCost=330.000000&transmitEnergyOverhead=217.000000````````````, ,
20141120_1956_20, Notification, XTEAM Engine, participant_1, 13, Simulation execution beginning, ,
20141120_1956_27, Design, FLAME Client, participant_1, 15, X`de311a94.5ac54159.8e7ae434.321ec71e`ATTR`HostSAT`Host`MON::Set [Host]`Aspect=xADLCoreAspect&Position=1610.497`bb42af9e.ee894de6.a8870ee2.566cbbfe`Architecture`MON::Model [Architecture]`receiveEnergyCost=101.280000&receiveEnergyOverhead=64.990000&transmitEnergyCost=330.000000&transmitEnergyOverhead=429.000000````````````, ,
20141120_1956_28, Notification, XTEAM Engine, participant_1, 14, Simulation execution beginning, ,
20141120_1956_29, Snapshot, FLAME Client, participant_1, 16, ,
20141120_1956_30, Notification, XTEAM Engine, participant_1, 11, Simulation execution completion, ,
20141120_1956_30, XTEAM, XTEAM Engine, participant_1, , ,
20141120_1956_30, XTEAM, XTEAM Engine, participant_1, , ,
20141120_1956_30, XTEAM, XTEAM Engine, participant_1, , ,
20141120_1956_30, Notification, XTEAM Engine, participant_0, 11, Simulation execution beginning, ,
20141120_1956_41, Notification, XTEAM Engine, participant_1, 12, Simulation execution completion, ,
20141120_1956_41, XTEAM, XTEAM Engine, participant_1, , ,
20141120_1956_41, XTEAM, XTEAM Engine, participant_1, , ,
20141120_1956_41, XTEAM, XTEAM Engine, participant_1, , ,
20141120_1956_53, Notification, XTEAM Engine, participant_1, 13, Simulation execution completion, ,
20141120_1956_53, XTEAM, XTEAM Engine, participant_1, , ,
20141120_1956_53, XTEAM, XTEAM Engine, participant_1, , ,
20141120_1956_53, XTEAM, XTEAM Engine, participant_1, , ,
20141120_1957_00, Notification, XTEAM Engine, participant_1, 14, Simulation execution completion, ,
20141120_1957_00, XTEAM, XTEAM Engine, participant_1, , ,
20141120_1957_00, XTEAM, XTEAM Engine, participant_1, , ,
20141120_1957_00, XTEAM, XTEAM Engine, participant_1, , ,
20141120_1957_02, Notification, XTEAM Engine, participant_0, 11, Simulation execution completion, ,
20141120_1957_02, XTEAM, XTEAM Engine, participant_0, , ,
20141120_1957_02, XTEAM, XTEAM Engine, participant_0, , ,
20141120_1957_02, XTEAM, XTEAM Engine, participant_0, , ,
20141120_1957_48, Design, FLAME Client, participant_1, 17, X`3f426f4b.6d164164.816fe575.67a4324f`ATTR`generate`Task`MON::Model [Task]`Aspect=xADLBehaviorAspect&Position=301.259`37598ce1.81784bb5.996843e8.1d554a61`Process`MON::Model [Process]`executionTime=8.0&memoryUsage=5500&taskInstruction=nextTask = new Task;|nextTask->getTaskState().value() = 0;|nextTask->getTaskID().value() = taskIDCounter->getNextTaskID().value()++;````````````, ,
20141120_1957_49, Notification, XTEAM Engine, participant_1, 15, Simulation execution beginning, ,
20141120_1957_56, Update, FLAME Client, participant_0, 13, ,
20141120_1957_56, Design, FLAME Client, participant_1, 18, X`3f426f4b.6d164164.816fe575.67a4324f`ATTR`generate`Task`MON::Model [Task]`Aspect=xADLBehaviorAspect&Position=301.259`37598ce1.81784bb5.996843e8.1d554a61`Process`MON::Model [Process]`executionTime=8.0&memoryUsage=3&taskInstruction=nextTask = new Task;|nextTask->getTaskState().value() = 0;|nextTask->getTaskID().value() = taskIDCounter->getNextTaskID().value()++;````````````, ,
20141120_1957_57, Notification, XTEAM Engine, participant_1, 16, Simulation execution beginning, ,
20141120_1958_07, Design, FLAME Client, participant_1, 19, X`176369f9.b385435c.b2d59a0f.66ba660c`ATTR`Host_SubsetSum`Host`MON::Set [Host]`Aspect=xADLCoreAspect&Position=1610.385`bb42af9e.ee894de6.a8870ee2.566cbbfe`Architecture`MON::Model [Architecture]`receiveEnergyCost=101.280000&receiveEnergyOverhead=64.990000&transmitEnergyCost=55.240000&transmitEnergyOverhead=217.000000````````````, ,
20141120_1958_08, Notification, XTEAM Engine, participant_1, 17, Simulation execution beginning, ,
20141120_1958_15, Design, FLAME Client, participant_1, 20, X`176369f9.b385435c.b2d59a0f.66ba660c`ATTR`Host_SubsetSum`Host`MON::Set [Host]`Aspect=xADLCoreAspect&Position=1610.385`bb42af9e.ee894de6.a8870ee2.566cbbfe`Architecture`MON::Model [Architecture]`receiveEnergyCost=101.280000&receiveEnergyOverhead=64.990000&transmitEnergyCost=55.240000&transmitEnergyOverhead=82.450000````````````, ,
20141120_1958_16, Notification, XTEAM Engine, participant_1, 18, Simulation execution beginning, ,
20141120_1958_17, Snapshot, FLAME Client, participant_1, 21, ,
20141120_1958_18, Notification, XTEAM Engine, participant_0, 12, Simulation execution beginning, ,
20141120_1958_21, Notification, XTEAM Engine, participant_1, 15, Simulation execution completion, ,
20141120_1958_21, XTEAM, XTEAM Engine, participant_1, , ,
20141120_1958_21, XTEAM, XTEAM Engine, participant_1, , ,
20141120_1958_21, XTEAM, XTEAM Engine, participant_1, , ,
20141120_1958_31, Notification, XTEAM Engine, participant_1, 16, Simulation execution completion, ,
20141120_1958_31, XTEAM, XTEAM Engine, participant_1, , ,
20141120_1958_31, XTEAM, XTEAM Engine, participant_1, , ,
20141120_1958_31, XTEAM, XTEAM Engine, participant_1, , ,
20141120_1958_43, Notification, XTEAM Engine, participant_1, 17, Simulation execution completion, ,
20141120_1958_43, XTEAM, XTEAM Engine, participant_1, , ,
20141120_1958_43, XTEAM, XTEAM Engine, participant_1, , ,
20141120_1958_43, XTEAM, XTEAM Engine, participant_1, , ,
20141120_1958_49, Notification, XTEAM Engine, participant_1, 18, Simulation execution completion, ,
20141120_1958_49, XTEAM, XTEAM Engine, participant_1, , ,
20141120_1958_49, XTEAM, XTEAM Engine, participant_1, , ,
20141120_1958_49, XTEAM, XTEAM Engine, participant_1, , ,
20141120_1958_50, Notification, XTEAM Engine, participant_0, 12, Simulation execution completion, ,
20141120_1958_50, XTEAM, XTEAM Engine, participant_0, , ,
20141120_1958_50, XTEAM, XTEAM Engine, participant_0, , ,
20141120_1958_50, XTEAM, XTEAM Engine, participant_0, , ,
20141120_1959_24, Update, FLAME Client, participant_0, 14, ,
20141120_2000_55, Design, FLAME Client, participant_0, 15, X`64e3f498.f1114939.ba695f73.d07188e3`ATTR`perform`Task`MON::Model [Task]`Aspect=xADLBehaviorAspect&Position=308.301`d640f4b9.22e14264.b459176e.af6b895e`Process`MON::Model [Process]`executionTime=350&memoryUsage=65&taskInstruction=nextResult[thread_id] = new Result;|nextResult[thread_id]->getResultState().value() = 0;|nextResult[thread_id]->getResultID().value() = nextTask[thread_id]->getTaskID().value();|nextResult[thread_id]->getResultValue().value() = 1;````````````, ,
20141120_2000_56, Notification, XTEAM Engine, participant_0, 13, Simulation execution beginning, ,
20141120_2000_58, Design, FLAME Client, participant_0, 16, X`64e3f498.f1114939.ba695f73.d07188e3`ATTR`perform`Task`MON::Model [Task]`Aspect=xADLBehaviorAspect&Position=308.301`d640f4b9.22e14264.b459176e.af6b895e`Process`MON::Model [Process]`executionTime=350&memoryUsage=32&taskInstruction=nextResult[thread_id] = new Result;|nextResult[thread_id]->getResultState().value() = 0;|nextResult[thread_id]->getResultID().value() = nextTask[thread_id]->getTaskID().value();|nextResult[thread_id]->getResultValue().value() = 1;````````````, ,
20141120_2000_59, Notification, XTEAM Engine, participant_0, 14, Simulation execution beginning, ,
20141120_2001_12, Design, FLAME Client, participant_0, 17, X`25fea250.79aa4baf.b62be506.e9d1819a`ATTR`Host_GCE`Host`MON::Set [Host]`Aspect=xADLCoreAspect&Position=161.560`bb42af9e.ee894de6.a8870ee2.566cbbfe`Architecture`MON::Model [Architecture]`receiveEnergyCost=150.010000&receiveEnergyOverhead=101.860000&transmitEnergyCost=0.000000&transmitEnergyOverhead=755.000000````````````, ,
20141120_2001_13, Notification, XTEAM Engine, participant_0, 15, Simulation execution beginning, ,
20141120_2001_18, Design, FLAME Client, participant_0, 18, X`25fea250.79aa4baf.b62be506.e9d1819a`ATTR`Host_GCE`Host`MON::Set [Host]`Aspect=xADLCoreAspect&Position=161.560`bb42af9e.ee894de6.a8870ee2.566cbbfe`Architecture`MON::Model [Architecture]`receiveEnergyCost=150.010000&receiveEnergyOverhead=101.860000&transmitEnergyCost=312.000000&transmitEnergyOverhead=755.000000````````````, ,
20141120_2001_19, Notification, XTEAM Engine, participant_0, 16, Simulation execution beginning, ,
20141120_2001_25, Design, FLAME Client, participant_0, 19, X`25fea250.79aa4baf.b62be506.e9d1819a`ATTR`Host_GCE`Host`MON::Set [Host]`Aspect=xADLCoreAspect&Position=161.560`bb42af9e.ee894de6.a8870ee2.566cbbfe`Architecture`MON::Model [Architecture]`receiveEnergyCost=150.010000&receiveEnergyOverhead=101.860000&transmitEnergyCost=312.000000&transmitEnergyOverhead=341.000000````````````, ,
20141120_2001_26, Notification, XTEAM Engine, participant_0, 17, Simulation execution beginning, ,
20141120_2001_28, Snapshot, FLAME Client, participant_0, 20, ,
20141120_2001_30, Notification, XTEAM Engine, participant_0, 13, Simulation execution completion, ,
20141120_2001_30, XTEAM, XTEAM Engine, participant_0, , ,
20141120_2001_30, XTEAM, XTEAM Engine, participant_0, , ,
20141120_2001_30, Notification, XTEAM Engine, participant_1, 19, Simulation execution beginning, ,
20141120_2001_30, XTEAM, XTEAM Engine, participant_0, , ,
20141120_2001_34, Notification, XTEAM Engine, participant_0, 14, Simulation execution completion, ,
20141120_2001_34, XTEAM, XTEAM Engine, participant_0, , ,
20141120_2001_34, XTEAM, XTEAM Engine, participant_0, , ,
20141120_2001_34, XTEAM, XTEAM Engine, participant_0, , ,
20141120_2001_49, Notification, XTEAM Engine, participant_0, 15, Simulation execution completion, ,
20141120_2001_49, XTEAM, XTEAM Engine, participant_0, , ,
20141120_2001_49, XTEAM, XTEAM Engine, participant_0, , ,
20141120_2001_49, XTEAM, XTEAM Engine, participant_0, , ,
20141120_2001_54, Notification, XTEAM Engine, participant_0, 16, Simulation execution completion, ,
20141120_2001_54, XTEAM, XTEAM Engine, participant_0, , ,
20141120_2001_54, XTEAM, XTEAM Engine, participant_0, , ,
20141120_2001_54, XTEAM, XTEAM Engine, participant_0, , ,
20141120_2001_59, Notification, XTEAM Engine, participant_0, 17, Simulation execution completion, ,
20141120_2001_59, XTEAM, XTEAM Engine, participant_0, , ,
20141120_2001_59, XTEAM, XTEAM Engine, participant_0, , ,
20141120_2001_59, XTEAM, XTEAM Engine, participant_0, , ,
20141120_2002_02, Notification, XTEAM Engine, participant_1, 19, Simulation execution completion, ,
20141120_2002_02, XTEAM, XTEAM Engine, participant_1, , ,
20141120_2002_02, XTEAM, XTEAM Engine, participant_1, , ,
20141120_2002_02, XTEAM, XTEAM Engine, participant_1, , ,
20141120_2002_53, Design, FLAME Client, participant_1, 22, X`3f426f4b.6d164164.816fe575.67a4324f`ATTR`generate`Task`MON::Model [Task]`Aspect=xADLBehaviorAspect&Position=301.259`37598ce1.81784bb5.996843e8.1d554a61`Process`MON::Model [Process]`executionTime=7.0&memoryUsage=3&taskInstruction=nextTask = new Task;|nextTask->getTaskState().value() = 0;|nextTask->getTaskID().value() = taskIDCounter->getNextTaskID().value()++;````````````, ,
20141120_2002_53, Notification, XTEAM Engine, participant_1, 20, Simulation execution beginning, ,
20141120_2003_00, Design, FLAME Client, participant_1, 23, X`3f426f4b.6d164164.816fe575.67a4324f`ATTR`generate`Task`MON::Model [Task]`Aspect=xADLBehaviorAspect&Position=301.259`37598ce1.81784bb5.996843e8.1d554a61`Process`MON::Model [Process]`executionTime=7.0&memoryUsage=5500&taskInstruction=nextTask = new Task;|nextTask->getTaskState().value() = 0;|nextTask->getTaskID().value() = taskIDCounter->getNextTaskID().value()++;````````````, ,
20141120_2003_01, Notification, XTEAM Engine, participant_1, 21, Simulation execution beginning, ,
20141120_2003_04, Design, FLAME Client, participant_1, 24, X`98d3086c.56b4561.9fc92499.db358014`REGISTRY`Group_SubsetSum`Group`MON::Set [Group]`Aspect=xADLCoreAspect&Position=1484.364`bb42af9e.ee894de6.a8870ee2.566cbbfe`Architecture`MON::Model [Architecture]`description=&threadPoolSize=10````````````, ,
20141120_2003_05, Notification, XTEAM Engine, participant_1, 22, Simulation execution beginning, ,
20141120_2003_06, Design, FLAME Client, participant_1, 25, X`98d3086c.56b4561.9fc92499.db358014`REGISTRY`Group_SubsetSum`Group`MON::Set [Group]`Aspect=xADLCoreAspect&Position=1484.378`bb42af9e.ee894de6.a8870ee2.566cbbfe`Architecture`MON::Model [Architecture]`description=&threadPoolSize=10````````````, ,
20141120_2003_07, Notification, XTEAM Engine, participant_1, 23, Simulation execution beginning, ,
20141120_2003_17, Design, FLAME Client, participant_1, 26, X`176369f9.b385435c.b2d59a0f.66ba660c`ATTR`Host_SubsetSum`Host`MON::Set [Host]`Aspect=xADLCoreAspect&Position=1610.385`bb42af9e.ee894de6.a8870ee2.566cbbfe`Architecture`MON::Model [Architecture]`receiveEnergyCost=101.280000&receiveEnergyOverhead=64.990000&transmitEnergyCost=182.000000&transmitEnergyOverhead=82.450000````````````, ,
20141120_2003_18, Notification, XTEAM Engine, participant_1, 24, Simulation execution beginning, ,
20141120_2003_23, Design, FLAME Client, participant_1, 27, X`176369f9.b385435c.b2d59a0f.66ba660c`ATTR`Host_SubsetSum`Host`MON::Set [Host]`Aspect=xADLCoreAspect&Position=1610.385`bb42af9e.ee894de6.a8870ee2.566cbbfe`Architecture`MON::Model [Architecture]`receiveEnergyCost=101.280000&receiveEnergyOverhead=64.990000&transmitEnergyCost=182.000000&transmitEnergyOverhead=217.000000````````````, ,
20141120_2003_24, Snapshot, FLAME Client, participant_1, 28, ,
20141120_2003_25, Notification, XTEAM Engine, participant_1, 25, Simulation execution beginning, ,
20141120_2003_27, Notification, XTEAM Engine, participant_0, 18, Simulation execution beginning, ,
20141120_2003_29, Notification, XTEAM Engine, participant_1, 20, Simulation execution completion, ,
20141120_2003_29, XTEAM, XTEAM Engine, participant_1, , ,
20141120_2003_29, XTEAM, XTEAM Engine, participant_1, , ,
20141120_2003_29, XTEAM, XTEAM Engine, participant_1, , ,
20141120_2003_40, Notification, XTEAM Engine, participant_1, 21, Simulation execution completion, ,
20141120_2003_40, XTEAM, XTEAM Engine, participant_1, , ,
20141120_2003_40, XTEAM, XTEAM Engine, participant_1, , ,
20141120_2003_40, XTEAM, XTEAM Engine, participant_1, , ,
20141120_2003_44, Notification, XTEAM Engine, participant_1, 22, Simulation execution completion, ,
20141120_2003_44, XTEAM, XTEAM Engine, participant_1, , ,
20141120_2003_44, XTEAM, XTEAM Engine, participant_1, , ,
20141120_2003_44, XTEAM, XTEAM Engine, participant_1, , ,
20141120_2003_46, Notification, XTEAM Engine, participant_1, 23, Simulation execution completion, ,
20141120_2003_46, XTEAM, XTEAM Engine, participant_1, , ,
20141120_2003_46, XTEAM, XTEAM Engine, participant_1, , ,
20141120_2003_46, XTEAM, XTEAM Engine, participant_1, , ,
20141120_2004_00, Notification, XTEAM Engine, participant_1, 24, Simulation execution completion, ,
20141120_2004_00, XTEAM, XTEAM Engine, participant_1, , ,
20141120_2004_00, XTEAM, XTEAM Engine, participant_1, , ,
20141120_2004_00, XTEAM, XTEAM Engine, participant_1, , ,
20141120_2004_01, Notification, XTEAM Engine, participant_0, 18, Simulation execution completion, ,
20141120_2004_01, XTEAM, XTEAM Engine, participant_0, , ,
20141120_2004_01, XTEAM, XTEAM Engine, participant_0, , ,
20141120_2004_01, XTEAM, XTEAM Engine, participant_0, , ,
20141120_2004_07, Notification, XTEAM Engine, participant_1, 25, Simulation execution completion, ,
20141120_2004_07, XTEAM, XTEAM Engine, participant_1, , ,
20141120_2004_07, XTEAM, XTEAM Engine, participant_1, , ,
20141120_2004_07, XTEAM, XTEAM Engine, participant_1, , ,
20141120_2004_11, Update, FLAME Client, participant_0, 21, ,
20141120_2006_48, Design, FLAME Client, participant_1, 29, X`3a60805b.3a524f70.a064acd1.88108a11`ATTR`generate`Task`MON::Model [Task]`Aspect=xADLBehaviorAspect&Position=301.259`fd961ab4.712348fe.91a8653d.18529735`Process`MON::Model [Process]`executionTime=7&memoryUsage=11000&taskInstruction=nextTask = new Task;|nextTask->getTaskState().value() = 0;|nextTask->getTaskID().value() = taskIDCounter->getNextTaskID().value()++;````````````, ,
20141120_2006_48, Notification, XTEAM Engine, participant_1, 26, Simulation execution beginning, ,
20141120_2006_56, Design, FLAME Client, participant_1, 30, X`3a60805b.3a524f70.a064acd1.88108a11`ATTR`generate`Task`MON::Model [Task]`Aspect=xADLBehaviorAspect&Position=301.259`fd961ab4.712348fe.91a8653d.18529735`Process`MON::Model [Process]`executionTime=7&memoryUsage=5500&taskInstruction=nextTask = new Task;|nextTask->getTaskState().value() = 0;|nextTask->getTaskID().value() = taskIDCounter->getNextTaskID().value()++;````````````, ,
20141120_2006_57, Notification, XTEAM Engine, participant_1, 27, Simulation execution beginning, ,
20141120_2007_10, Design, FLAME Client, participant_1, 31, X`de311a94.5ac54159.8e7ae434.321ec71e`ATTR`HostSAT`Host`MON::Set [Host]`Aspect=xADLCoreAspect&Position=1610.497`bb42af9e.ee894de6.a8870ee2.566cbbfe`Architecture`MON::Model [Architecture]`receiveEnergyCost=101.280000&receiveEnergyOverhead=64.990000&transmitEnergyCost=182.000000&transmitEnergyOverhead=429.000000````````````, ,
20141120_2007_11, Notification, XTEAM Engine, participant_1, 28, Simulation execution beginning, ,
20141120_2007_14, Design, FLAME Client, participant_1, 32, X`de311a94.5ac54159.8e7ae434.321ec71e`ATTR`HostSAT`Host`MON::Set [Host]`Aspect=xADLCoreAspect&Position=1610.497`bb42af9e.ee894de6.a8870ee2.566cbbfe`Architecture`MON::Model [Architecture]`receiveEnergyCost=101.280000&receiveEnergyOverhead=64.990000&transmitEnergyCost=182.000000&transmitEnergyOverhead=217.000000````````````, ,
20141120_2007_15, Notification, XTEAM Engine, participant_1, 29, Simulation execution beginning, ,
20141120_2007_15, Snapshot, FLAME Client, participant_1, 33, ,
20141120_2007_17, Notification, XTEAM Engine, participant_0, 19, Simulation execution beginning, ,
20141120_2007_20, Notification, XTEAM Engine, participant_1, 26, Simulation execution completion, ,
20141120_2007_20, XTEAM, XTEAM Engine, participant_1, , ,
20141120_2007_20, XTEAM, XTEAM Engine, participant_1, , ,
20141120_2007_20, XTEAM, XTEAM Engine, participant_1, , ,
20141120_2007_31, Notification, XTEAM Engine, participant_1, 27, Simulation execution completion, ,
20141120_2007_31, XTEAM, XTEAM Engine, participant_1, , ,
20141120_2007_31, XTEAM, XTEAM Engine, participant_1, , ,
20141120_2007_31, XTEAM, XTEAM Engine, participant_1, , ,
20141120_2007_40, Update, FLAME Client, participant_0, 22, ,
20141120_2007_43, Notification, XTEAM Engine, participant_1, 28, Simulation execution completion, ,
20141120_2007_43, XTEAM, XTEAM Engine, participant_1, , ,
20141120_2007_43, XTEAM, XTEAM Engine, participant_1, , ,
20141120_2007_43, XTEAM, XTEAM Engine, participant_1, , ,
20141120_2007_48, Notification, XTEAM Engine, participant_1, 29, Simulation execution completion, ,
20141120_2007_48, XTEAM, XTEAM Engine, participant_1, , ,
20141120_2007_48, XTEAM, XTEAM Engine, participant_1, , ,
20141120_2007_48, Notification, XTEAM Engine, participant_0, 19, Simulation execution completion, ,
20141120_2007_48, XTEAM, XTEAM Engine, participant_1, , ,
20141120_2007_48, XTEAM, XTEAM Engine, participant_0, , ,
20141120_2007_48, XTEAM, XTEAM Engine, participant_0, , ,
20141120_2007_48, XTEAM, XTEAM Engine, participant_0, , ,
20141120_2008_31, Design, FLAME Client, participant_0, 23, X`25fea250.79aa4baf.b62be506.e9d1819a`ATTR`Host_GCE`Host`MON::Set [Host]`Aspect=xADLCoreAspect&Position=161.560`bb42af9e.ee894de6.a8870ee2.566cbbfe`Architecture`MON::Model [Architecture]`receiveEnergyCost=150.010000&receiveEnergyOverhead=101.860000&transmitEnergyCost=514.000000&transmitEnergyOverhead=341.000000````````````, ,
20141120_2008_33, Notification, XTEAM Engine, participant_0, 20, Simulation execution beginning, ,
20141120_2008_35, Design, FLAME Client, participant_0, 24, X`25fea250.79aa4baf.b62be506.e9d1819a`ATTR`Host_GCE`Host`MON::Set [Host]`Aspect=xADLCoreAspect&Position=161.560`bb42af9e.ee894de6.a8870ee2.566cbbfe`Architecture`MON::Model [Architecture]`receiveEnergyCost=150.010000&receiveEnergyOverhead=101.860000&transmitEnergyCost=514.000000&transmitEnergyOverhead=755.000000````````````, ,
20141120_2008_36, Notification, XTEAM Engine, participant_0, 21, Simulation execution beginning, ,
20141120_2008_53, Design, FLAME Client, participant_0, 25, X`64e3f498.f1114939.ba695f73.d07188e3`ATTR`perform`Task`MON::Model [Task]`Aspect=xADLBehaviorAspect&Position=308.301`d640f4b9.22e14264.b459176e.af6b895e`Process`MON::Model [Process]`executionTime=200&memoryUsage=32&taskInstruction=nextResult[thread_id] = new Result;|nextResult[thread_id]->getResultState().value() = 0;|nextResult[thread_id]->getResultID().value() = nextTask[thread_id]->getTaskID().value();|nextResult[thread_id]->getResultValue().value() = 1;````````````, ,
20141120_2008_54, Notification, XTEAM Engine, participant_0, 22, Simulation execution beginning, ,
20141120_2008_57, Design, FLAME Client, participant_0, 26, X`64e3f498.f1114939.ba695f73.d07188e3`ATTR`perform`Task`MON::Model [Task]`Aspect=xADLBehaviorAspect&Position=308.301`d640f4b9.22e14264.b459176e.af6b895e`Process`MON::Model [Process]`executionTime=200&memoryUsage=65&taskInstruction=nextResult[thread_id] = new Result;|nextResult[thread_id]->getResultState().value() = 0;|nextResult[thread_id]->getResultID().value() = nextTask[thread_id]->getTaskID().value();|nextResult[thread_id]->getResultValue().value() = 1;````````````, ,
20141120_2008_58, Notification, XTEAM Engine, participant_0, 23, Simulation execution beginning, ,
20141120_2009_04, Notification, XTEAM Engine, participant_0, 20, Simulation execution completion, ,
20141120_2009_04, XTEAM, XTEAM Engine, participant_0, , ,
20141120_2009_04, XTEAM, XTEAM Engine, participant_0, , ,
20141120_2009_04, XTEAM, XTEAM Engine, participant_0, , ,
20141120_2009_09, Notification, XTEAM Engine, participant_0, 21, Simulation execution completion, ,
20141120_2009_09, XTEAM, XTEAM Engine, participant_0, , ,
20141120_2009_09, XTEAM, XTEAM Engine, participant_0, , ,
20141120_2009_09, XTEAM, XTEAM Engine, participant_0, , ,
20141120_2009_10, Snapshot, FLAME Client, participant_0, 27, ,
20141120_2009_11, Notification, XTEAM Engine, participant_1, 30, Simulation execution beginning, ,
20141120_2009_24, Notification, XTEAM Engine, participant_0, 22, Simulation execution completion, ,
20141120_2009_24, XTEAM, XTEAM Engine, participant_0, , ,
20141120_2009_24, XTEAM, XTEAM Engine, participant_0, , ,
20141120_2009_24, XTEAM, XTEAM Engine, participant_0, , ,
20141120_2009_29, Notification, XTEAM Engine, participant_0, 23, Simulation execution completion, ,
20141120_2009_29, XTEAM, XTEAM Engine, participant_0, , ,
20141120_2009_29, XTEAM, XTEAM Engine, participant_0, , ,
20141120_2009_29, XTEAM, XTEAM Engine, participant_0, , ,
20141120_2009_39, Notification, XTEAM Engine, participant_1, 30, Simulation execution completion, ,
20141120_2009_39, XTEAM, XTEAM Engine, participant_1, , ,
20141120_2009_39, XTEAM, XTEAM Engine, participant_1, , ,
20141120_2009_39, XTEAM, XTEAM Engine, participant_1, , ,
20141120_2013_10, Design, FLAME Client, participant_1, 34, X`3f426f4b.6d164164.816fe575.67a4324f`ATTR`generate`Task`MON::Model [Task]`Aspect=xADLBehaviorAspect&Position=301.259`37598ce1.81784bb5.996843e8.1d554a61`Process`MON::Model [Process]`executionTime=6.0&memoryUsage=5500&taskInstruction=nextTask = new Task;|nextTask->getTaskState().value() = 0;|nextTask->getTaskID().value() = taskIDCounter->getNextTaskID().value()++;````````````, ,
20141120_2013_10, Notification, XTEAM Engine, participant_1, 31, Simulation execution beginning, ,
20141120_2013_38, Notification, XTEAM Engine, participant_1, 31, Simulation execution completion, ,
20141120_2013_38, XTEAM, XTEAM Engine, participant_1, , ,
20141120_2013_38, XTEAM, XTEAM Engine, participant_1, , ,
20141120_2013_38, XTEAM, XTEAM Engine, participant_1, , ,
20141120_2013_43, Design, FLAME Client, participant_0, 28, X`cdc6010e.7cf74d31.85daf3c3.1e9a4be8`ATTR`Host_Client`Host`MON::Set [Host]`Aspect=xADLCoreAspect&Position=28.560`bb42af9e.ee894de6.a8870ee2.566cbbfe`Architecture`MON::Model [Architecture]`receiveEnergyCost=150.010000&receiveEnergyOverhead=101.860000&transmitEnergyCost=312.000000&transmitEnergyOverhead=755.000000````````````, ,
20141120_2013_44, Notification, XTEAM Engine, participant_0, 24, Simulation execution beginning, ,
20141120_2013_50, Design, FLAME Client, participant_0, 29, X`cdc6010e.7cf74d31.85daf3c3.1e9a4be8`ATTR`Host_Client`Host`MON::Set [Host]`Aspect=xADLCoreAspect&Position=28.560`bb42af9e.ee894de6.a8870ee2.566cbbfe`Architecture`MON::Model [Architecture]`receiveEnergyCost=150.010000&receiveEnergyOverhead=101.860000&transmitEnergyCost=312.000000&transmitEnergyOverhead=341.000000````````````, ,
20141120_2013_51, Notification, XTEAM Engine, participant_0, 25, Simulation execution beginning, ,
20141120_2014_00, Design, FLAME Client, participant_1, 35, X`3f426f4b.6d164164.816fe575.67a4324f`ATTR`generate`Task`MON::Model [Task]`Aspect=xADLBehaviorAspect&Position=301.259`37598ce1.81784bb5.996843e8.1d554a61`Process`MON::Model [Process]`executionTime=6.0&memoryUsage=&taskInstruction=nextTask = new Task;|nextTask->getTaskState().value() = 0;|nextTask->getTaskID().value() = taskIDCounter->getNextTaskID().value()++;````````````, ,
20141120_2014_01, Notification, XTEAM Engine, participant_1, 32, Simulation execution beginning, ,
20141120_2014_02, Design, FLAME Client, participant_0, 30, X`4c379791.2eea468a.a8abbb1d.e5fba9bb`ATTR`perform`Task`MON::Model [Task]`Aspect=xADLBehaviorAspect&Position=336.217`c270ab26.2fff4b88.bf50a288.2d000ee5`Process`MON::Model [Process]`executionTime=350&memoryUsage=65&taskInstruction=nextResult[thread_id] = new Result;|nextResult[thread_id]->getResultState().value() = 0;|nextResult[thread_id]->getResultID().value() = nextTask[thread_id]->getTaskID().value();|nextResult[thread_id]->getResultValue().value() = 1;````````````, ,
20141120_2014_03, Notification, XTEAM Engine, participant_0, 26, Simulation execution beginning, ,
20141120_2014_06, Design, FLAME Client, participant_0, 31, X`4c379791.2eea468a.a8abbb1d.e5fba9bb`ATTR`perform`Task`MON::Model [Task]`Aspect=xADLBehaviorAspect&Position=336.217`c270ab26.2fff4b88.bf50a288.2d000ee5`Process`MON::Model [Process]`executionTime=350&memoryUsage=32&taskInstruction=nextResult[thread_id] = new Result;|nextResult[thread_id]->getResultState().value() = 0;|nextResult[thread_id]->getResultID().value() = nextTask[thread_id]->getTaskID().value();|nextResult[thread_id]->getResultValue().value() = 1;````````````, ,
20141120_2014_07, Design, FLAME Client, participant_1, 36, X`3f426f4b.6d164164.816fe575.67a4324f`ATTR`generate`Task`MON::Model [Task]`Aspect=xADLBehaviorAspect&Position=301.259`37598ce1.81784bb5.996843e8.1d554a61`Process`MON::Model [Process]`executionTime=6.0&memoryUsage=11000&taskInstruction=nextTask = new Task;|nextTask->getTaskState().value() = 0;|nextTask->getTaskID().value() = taskIDCounter->getNextTaskID().value()++;````````````, ,
20141120_2014_07, Snapshot, FLAME Client, participant_0, 32, ,
20141120_2014_07, Notification, XTEAM Engine, participant_0, 27, Simulation execution beginning, ,
20141120_2014_08, Notification, XTEAM Engine, participant_1, 33, Simulation execution beginning, ,
20141120_2014_10, Notification, XTEAM Engine, participant_1, 34, Simulation execution beginning, ,
20141120_2014_16, Design, FLAME Client, participant_1, 37, X`176369f9.b385435c.b2d59a0f.66ba660c`ATTR`Host_SubsetSum`Host`MON::Set [Host]`Aspect=xADLCoreAspect&Position=1610.385`bb42af9e.ee894de6.a8870ee2.566cbbfe`Architecture`MON::Model [Architecture]`receiveEnergyCost=101.280000&receiveEnergyOverhead=64.990000&transmitEnergyCost=330.000000&transmitEnergyOverhead=217.000000````````````, ,
20141120_2014_18, Notification, XTEAM Engine, participant_1, 35, Simulation execution beginning, ,
20141120_2014_18, Notification, XTEAM Engine, participant_0, 24, Simulation execution completion, ,
20141120_2014_18, XTEAM, XTEAM Engine, participant_0, , ,
20141120_2014_18, XTEAM, XTEAM Engine, participant_0, , ,
20141120_2014_18, XTEAM, XTEAM Engine, participant_0, , ,
20141120_2014_20, Design, FLAME Client, participant_1, 38, X`176369f9.b385435c.b2d59a0f.66ba660c`ATTR`Host_SubsetSum`Host`MON::Set [Host]`Aspect=xADLCoreAspect&Position=1610.385`bb42af9e.ee894de6.a8870ee2.566cbbfe`Architecture`MON::Model [Architecture]`receiveEnergyCost=101.280000&receiveEnergyOverhead=64.990000&transmitEnergyCost=330.000000&transmitEnergyOverhead=429.000000````````````, ,
20141120_2014_22, Notification, XTEAM Engine, participant_1, 36, Simulation execution beginning, ,
20141120_2014_32, Notification, XTEAM Engine, participant_0, 25, Simulation execution completion, ,
20141120_2014_32, XTEAM, XTEAM Engine, participant_0, , ,
20141120_2014_32, XTEAM, XTEAM Engine, participant_0, , ,
20141120_2014_32, XTEAM, XTEAM Engine, participant_0, , ,
20141120_2014_43, Notification, XTEAM Engine, participant_1, 32, Simulation execution completion, ,
20141120_2014_43, XTEAM, XTEAM Engine, participant_1, , ,
20141120_2014_43, XTEAM, XTEAM Engine, participant_1, , ,
20141120_2014_43, XTEAM, XTEAM Engine, participant_1, , ,
20141120_2014_46, Notification, XTEAM Engine, participant_0, 26, Simulation execution completion, ,
20141120_2014_46, XTEAM, XTEAM Engine, participant_0, , ,
20141120_2014_46, XTEAM, XTEAM Engine, participant_0, , ,
20141120_2014_46, XTEAM, XTEAM Engine, participant_0, , ,
20141120_2014_47, Notification, XTEAM Engine, participant_0, 27, Simulation execution completion, ,
20141120_2014_47, XTEAM, XTEAM Engine, participant_0, , ,
20141120_2014_47, XTEAM, XTEAM Engine, participant_0, , ,
20141120_2014_47, XTEAM, XTEAM Engine, participant_0, , ,
20141120_2014_50, Notification, XTEAM Engine, participant_1, 33, Simulation execution completion, ,
20141120_2014_50, XTEAM, XTEAM Engine, participant_1, , ,
20141120_2014_50, XTEAM, XTEAM Engine, participant_1, , ,
20141120_2014_50, XTEAM, XTEAM Engine, participant_1, , ,
20141120_2014_50, Notification, XTEAM Engine, participant_1, 34, Simulation execution completion, ,
20141120_2014_50, XTEAM, XTEAM Engine, participant_1, , ,
20141120_2014_50, XTEAM, XTEAM Engine, participant_1, , ,
20141120_2014_50, XTEAM, XTEAM Engine, participant_1, , ,
20141120_2014_54, Notification, XTEAM Engine, participant_1, 35, Simulation execution completion, ,
20141120_2014_54, XTEAM, XTEAM Engine, participant_1, , ,
20141120_2014_54, XTEAM, XTEAM Engine, participant_1, , ,
20141120_2014_54, XTEAM, XTEAM Engine, participant_1, , ,
20141120_2015_08, Design, FLAME Client, participant_1, 39, X`3a60805b.3a524f70.a064acd1.88108a11`ATTR`generate`Task`MON::Model [Task]`Aspect=xADLBehaviorAspect&Position=301.259`fd961ab4.712348fe.91a8653d.18529735`Process`MON::Model [Process]`executionTime=8&memoryUsage=5500&taskInstruction=nextTask = new Task;|nextTask->getTaskState().value() = 0;|nextTask->getTaskID().value() = taskIDCounter->getNextTaskID().value()++;````````````, ,
20141120_2015_08, Notification, XTEAM Engine, participant_1, 36, Simulation execution completion, ,
20141120_2015_08, XTEAM, XTEAM Engine, participant_1, , ,
20141120_2015_08, XTEAM, XTEAM Engine, participant_1, , ,
20141120_2015_08, XTEAM, XTEAM Engine, participant_1, , ,
20141120_2015_09, Notification, XTEAM Engine, participant_1, 37, Simulation execution beginning, ,
20141120_2015_14, Design, FLAME Client, participant_1, 40, X`3a60805b.3a524f70.a064acd1.88108a11`ATTR`generate`Task`MON::Model [Task]`Aspect=xADLBehaviorAspect&Position=301.259`fd961ab4.712348fe.91a8653d.18529735`Process`MON::Model [Process]`executionTime=8&memoryUsage=3&taskInstruction=nextTask = new Task;|nextTask->getTaskState().value() = 0;|nextTask->getTaskID().value() = taskIDCounter->getNextTaskID().value()++;````````````, ,
20141120_2015_14, Notification, XTEAM Engine, participant_1, 38, Simulation execution beginning, ,
20141120_2015_39, Notification, XTEAM Engine, participant_1, 37, Simulation execution completion, ,
20141120_2015_39, XTEAM, XTEAM Engine, participant_1, , ,
20141120_2015_39, XTEAM, XTEAM Engine, participant_1, , ,
20141120_2015_39, XTEAM, XTEAM Engine, participant_1, , ,
20141120_2015_44, Notification, XTEAM Engine, participant_1, 38, Simulation execution completion, ,
20141120_2015_44, XTEAM, XTEAM Engine, participant_1, , ,
20141120_2015_44, XTEAM, XTEAM Engine, participant_1, , ,
20141120_2015_44, XTEAM, XTEAM Engine, participant_1, , ,
20141120_2016_14, Design, FLAME Client, participant_1, 41, X`de311a94.5ac54159.8e7ae434.321ec71e`ATTR`HostSAT`Host`MON::Set [Host]`Aspect=xADLCoreAspect&Position=1610.497`bb42af9e.ee894de6.a8870ee2.566cbbfe`Architecture`MON::Model [Architecture]`receiveEnergyCost=101.280000&receiveEnergyOverhead=64.990000&transmitEnergyCost=55.240000&transmitEnergyOverhead=217.000000````````````, ,
20141120_2016_15, Notification, XTEAM Engine, participant_1, 39, Simulation execution beginning, ,
20141120_2016_21, Design, FLAME Client, participant_1, 42, X`de311a94.5ac54159.8e7ae434.321ec71e`ATTR`HostSAT`Host`MON::Set [Host]`Aspect=xADLCoreAspect&Position=1610.497`bb42af9e.ee894de6.a8870ee2.566cbbfe`Architecture`MON::Model [Architecture]`receiveEnergyCost=101.280000&receiveEnergyOverhead=64.990000&transmitEnergyCost=55.240000&transmitEnergyOverhead=82.450000````````````, ,
20141120_2016_22, Notification, XTEAM Engine, participant_1, 40, Simulation execution beginning, ,
20141120_2016_23, Snapshot, FLAME Client, participant_1, 43, ,
20141120_2016_25, Notification, XTEAM Engine, participant_0, 28, Simulation execution beginning, ,
20141120_2016_47, Notification, XTEAM Engine, participant_1, 39, Simulation execution completion, ,
20141120_2016_47, XTEAM, XTEAM Engine, participant_1, , ,
20141120_2016_47, XTEAM, XTEAM Engine, participant_1, , ,
20141120_2016_47, XTEAM, XTEAM Engine, participant_1, , ,
20141120_2016_53, Notification, XTEAM Engine, participant_1, 40, Simulation execution completion, ,
20141120_2016_53, XTEAM, XTEAM Engine, participant_1, , ,
20141120_2016_53, XTEAM, XTEAM Engine, participant_1, , ,
20141120_2016_53, XTEAM, XTEAM Engine, participant_1, , ,
20141120_2016_54, Update, FLAME Client, participant_0, 33, ,
20141120_2016_54, Notification, XTEAM Engine, participant_0, 28, Simulation execution completion, ,
20141120_2016_54, XTEAM, XTEAM Engine, participant_0, , ,
20141120_2016_55, XTEAM, XTEAM Engine, participant_0, , ,
20141120_2016_54, XTEAM, XTEAM Engine, participant_0, , ,
