TIME, Event name, OriginComponent, SenderUsername, EventID, ,
20140327_2056_09, Snapshot, CoWare XTEAM Client, participant_0, 34, ,
20140327_2103_39, Snapshot, CoWare XTEAM Client, participant_1, 59, ,
20140327_2103_41, Snapshot, CoWare XTEAM Client, participant_1, 60, ,
20140327_2103_42, Snapshot, CoWare XTEAM Client, participant_1, 61, ,
20140327_2103_50, Snapshot, CoWare XTEAM Client, participant_0, 35, ,
20140327_2105_37, Snapshot, CoWare XTEAM Client, participant_1, 62, ,
20140327_2106_53, Snapshot, CoWare XTEAM Client, participant_0, 38, ,
