TIME, Event name, OriginComponent, SenderUsername, EventID, Value, ,
20140327_2036_21, Login, XTEAM Engine, MRSV, , ,
20140327_2037_01, Login, CoWare XTEAM Client, participant_0, , ,
20140327_2037_03, Login, CoWare XTEAM Client, participant_1, , ,
20140327_2038_33, Design, CoWare XTEAM Client, participant_0, 1, X`ecf5e7fb.34344ab0.8682f5bd.53849453`ATTR`forward`Task`MON::Model [Task]`Aspect=xADLBehaviorAspect&Position=280.196`f45445ab.d6a34b1a.8c0dd95e.faa85ceb`Process`MON::Model [Process]`executionTime=8&memoryUsage=1&taskInstruction=````````````, ,
20140327_2038_34, Notification, XTEAM Engine, MRSV, 1, Simulation execution beginning, ,
20140327_2038_37, Design, CoWare XTEAM Client, participant_0, 2, X`d74a2c65.e78b436f.bb8c4d69.c6c262cf`ATTR`forward`Task`MON::Model [Task]`Aspect=xADLBehaviorAspect&Position=280.196`b0656a82.f464e5e.80ba3243.d6b28879`Process`MON::Model [Process]`executionTime=8&memoryUsage=1&taskInstruction=````````````, ,
20140327_2038_38, Notification, XTEAM Engine, MRSV, 2, Simulation execution beginning, ,
20140327_2038_43, Design, CoWare XTEAM Client, participant_0, 3, X`d74a2c65.e78b436f.bb8c4d69.c6c262cf`ATTR`forward`Task`MON::Model [Task]`Aspect=xADLBehaviorAspect&Position=280.196`b0656a82.f464e5e.80ba3243.d6b28879`Process`MON::Model [Process]`executionTime=8&memoryUsage=10&taskInstruction=````````````, ,
20140327_2038_46, Design, CoWare XTEAM Client, participant_0, 4, X`ecf5e7fb.34344ab0.8682f5bd.53849453`ATTR`forward`Task`MON::Model [Task]`Aspect=xADLBehaviorAspect&Position=280.196`f45445ab.d6a34b1a.8c0dd95e.faa85ceb`Process`MON::Model [Process]`executionTime=8&memoryUsage=10&taskInstruction=````````````, ,
20140327_2038_50, Notification, XTEAM Engine, MRSV, 3, Simulation execution beginning, ,
20140327_2038_51, Notification, XTEAM Engine, MRSV, 4, Simulation execution beginning, ,
20140327_2039_09, Design, CoWare XTEAM Client, participant_0, 5, X`cc6f3a99.39734696.be3c4499.34632100`ATTR`Host_Salinity`Host`MON::Set [Host]`Aspect=xADLCoreAspect&Position=966.763`53c8e4c.6bec48b1.8f5efd8e.55e34f54`Architecture`MON::Model [Architecture]`receiveEnergyCost=13.000000&receiveEnergyOverhead=45.000000&transmitEnergyCost=12.000000&transmitEnergyOverhead=40.000000````````````, ,
20140327_2039_10, Notification, XTEAM Engine, MRSV, 2, Simulation execution completion, ,
20140327_2039_10, XTEAM, XTEAM Engine, MRSV, , ,
20140327_2039_10, XTEAM, XTEAM Engine, MRSV, , ,
20140327_2039_10, XTEAM, XTEAM Engine, MRSV, , ,
20140327_2039_10, XTEAM, XTEAM Engine, MRSV, , ,
20140327_2039_10, XTEAM, XTEAM Engine, MRSV, , ,
20140327_2039_10, XTEAM, XTEAM Engine, MRSV, , ,
20140327_2039_10, Notification, XTEAM Engine, MRSV, 1, Simulation execution completion, ,
20140327_2039_10, Notification, XTEAM Engine, MRSV, 5, Simulation execution beginning, ,
20140327_2039_11, Design, CoWare XTEAM Client, participant_0, 6, X`cc6f3a99.39734696.be3c4499.34632100`ATTR`Host_Salinity`Host`MON::Set [Host]`Aspect=xADLCoreAspect&Position=966.763`53c8e4c.6bec48b1.8f5efd8e.55e34f54`Architecture`MON::Model [Architecture]`receiveEnergyCost=13.000000&receiveEnergyOverhead=45.000000&transmitEnergyCost=12.000000&transmitEnergyOverhead=40.000000````````````, ,
20140327_2039_12, Notification, XTEAM Engine, MRSV, 6, Simulation execution beginning, ,
20140327_2039_13, Design, CoWare XTEAM Client, participant_0, 7, X`cc6f3a99.39734696.be3c4499.34632100`ATTR`Host_Salinity`Host`MON::Set [Host]`Aspect=xADLCoreAspect&Position=966.763`53c8e4c.6bec48b1.8f5efd8e.55e34f54`Architecture`MON::Model [Architecture]`receiveEnergyCost=20.000000&receiveEnergyOverhead=45.000000&transmitEnergyCost=12.000000&transmitEnergyOverhead=40.000000````````````, ,
20140327_2039_14, Notification, XTEAM Engine, MRSV, 7, Simulation execution beginning, ,
20140327_2039_15, Notification, XTEAM Engine, MRSV, 3, Simulation execution completion, ,
20140327_2039_15, XTEAM, XTEAM Engine, MRSV, , ,
20140327_2039_15, XTEAM, XTEAM Engine, MRSV, , ,
20140327_2039_15, XTEAM, XTEAM Engine, MRSV, , ,
20140327_2039_15, Notification, XTEAM Engine, MRSV, 4, Simulation execution completion, ,
20140327_2039_15, XTEAM, XTEAM Engine, MRSV, , ,
20140327_2039_15, XTEAM, XTEAM Engine, MRSV, , ,
20140327_2039_15, XTEAM, XTEAM Engine, MRSV, , ,
20140327_2039_15, Design, CoWare XTEAM Client, participant_0, 8, X`cc6f3a99.39734696.be3c4499.34632100`ATTR`Host_Salinity`Host`MON::Set [Host]`Aspect=xADLCoreAspect&Position=966.763`53c8e4c.6bec48b1.8f5efd8e.55e34f54`Architecture`MON::Model [Architecture]`receiveEnergyCost=20.000000&receiveEnergyOverhead=70.000000&transmitEnergyCost=12.000000&transmitEnergyOverhead=40.000000````````````, ,
20140327_2039_19, Notification, XTEAM Engine, MRSV, 8, Simulation execution beginning, ,
20140327_2039_20, Design, CoWare XTEAM Client, participant_0, 9, X`f603f85b.e43844a4.b3627b58.f951dcdf`ATTR`Host_Temp`Host`MON::Set [Host]`Aspect=xADLCoreAspect&Position=1106.763`53c8e4c.6bec48b1.8f5efd8e.55e34f54`Architecture`MON::Model [Architecture]`receiveEnergyCost=13.000000&receiveEnergyOverhead=45.000000&transmitEnergyCost=12.000000&transmitEnergyOverhead=40.000000````````````, ,
20140327_2039_21, Notification, XTEAM Engine, MRSV, 9, Simulation execution beginning, ,
20140327_2039_21, Design, CoWare XTEAM Client, participant_0, 10, X`f603f85b.e43844a4.b3627b58.f951dcdf`ATTR`Host_Temp`Host`MON::Set [Host]`Aspect=xADLCoreAspect&Position=1106.763`53c8e4c.6bec48b1.8f5efd8e.55e34f54`Architecture`MON::Model [Architecture]`receiveEnergyCost=13.000000&receiveEnergyOverhead=45.000000&transmitEnergyCost=12.000000&transmitEnergyOverhead=40.000000````````````, ,
20140327_2039_23, Design, CoWare XTEAM Client, participant_0, 11, X`f603f85b.e43844a4.b3627b58.f951dcdf`ATTR`Host_Temp`Host`MON::Set [Host]`Aspect=xADLCoreAspect&Position=1106.763`53c8e4c.6bec48b1.8f5efd8e.55e34f54`Architecture`MON::Model [Architecture]`receiveEnergyCost=20.000000&receiveEnergyOverhead=45.000000&transmitEnergyCost=12.000000&transmitEnergyOverhead=40.000000````````````, ,
20140327_2039_25, Notification, XTEAM Engine, MRSV, 10, Simulation execution beginning, ,
20140327_2039_26, Design, CoWare XTEAM Client, participant_0, 12, X`f603f85b.e43844a4.b3627b58.f951dcdf`ATTR`Host_Temp`Host`MON::Set [Host]`Aspect=xADLCoreAspect&Position=1106.763`53c8e4c.6bec48b1.8f5efd8e.55e34f54`Architecture`MON::Model [Architecture]`receiveEnergyCost=20.000000&receiveEnergyOverhead=70.000000&transmitEnergyCost=12.000000&transmitEnergyOverhead=40.000000````````````, ,
20140327_2039_28, Notification, XTEAM Engine, MRSV, 11, Simulation execution beginning, ,
20140327_2039_30, Notification, XTEAM Engine, MRSV, 12, Simulation execution beginning, ,
20140327_2039_39, Notification, XTEAM Engine, MRSV, 5, Simulation execution completion, ,
20140327_2039_39, XTEAM, XTEAM Engine, MRSV, , ,
20140327_2039_39, XTEAM, XTEAM Engine, MRSV, , ,
20140327_2039_39, XTEAM, XTEAM Engine, MRSV, , ,
20140327_2039_42, Notification, XTEAM Engine, MRSV, 6, Simulation execution completion, ,
20140327_2039_42, XTEAM, XTEAM Engine, MRSV, , ,
20140327_2039_42, XTEAM, XTEAM Engine, MRSV, , ,
20140327_2039_42, XTEAM, XTEAM Engine, MRSV, , ,
20140327_2039_49, Notification, XTEAM Engine, MRSV, 7, Simulation execution completion, ,
20140327_2039_49, XTEAM, XTEAM Engine, MRSV, , ,
20140327_2039_49, XTEAM, XTEAM Engine, MRSV, , ,
20140327_2039_49, XTEAM, XTEAM Engine, MRSV, , ,
20140327_2039_51, Notification, XTEAM Engine, MRSV, 8, Simulation execution completion, ,
20140327_2039_51, XTEAM, XTEAM Engine, MRSV, , ,
20140327_2039_51, XTEAM, XTEAM Engine, MRSV, , ,
20140327_2039_51, XTEAM, XTEAM Engine, MRSV, , ,
20140327_2039_52, Notification, XTEAM Engine, MRSV, 9, Simulation execution completion, ,
20140327_2039_52, XTEAM, XTEAM Engine, MRSV, , ,
20140327_2039_52, XTEAM, XTEAM Engine, MRSV, , ,
20140327_2039_52, XTEAM, XTEAM Engine, MRSV, , ,
20140327_2040_05, Notification, XTEAM Engine, MRSV, 11, Simulation execution completion, ,
20140327_2040_05, XTEAM, XTEAM Engine, MRSV, , ,
20140327_2040_05, XTEAM, XTEAM Engine, MRSV, , ,
20140327_2040_05, XTEAM, XTEAM Engine, MRSV, , ,
20140327_2040_05, Notification, XTEAM Engine, MRSV, 10, Simulation execution completion, ,
20140327_2040_05, XTEAM, XTEAM Engine, MRSV, , ,
20140327_2040_05, XTEAM, XTEAM Engine, MRSV, , ,
20140327_2040_05, XTEAM, XTEAM Engine, MRSV, , ,
20140327_2040_10, Notification, XTEAM Engine, MRSV, 12, Simulation execution completion, ,
20140327_2040_10, XTEAM, XTEAM Engine, MRSV, , ,
20140327_2040_10, XTEAM, XTEAM Engine, MRSV, , ,
20140327_2040_10, XTEAM, XTEAM Engine, MRSV, , ,
20140327_2040_22, Design, CoWare XTEAM Client, participant_0, 13, X`ecf5e7fb.34344ab0.8682f5bd.53849453`ATTR`forward`Task`MON::Model [Task]`Aspect=xADLBehaviorAspect&Position=280.196`f45445ab.d6a34b1a.8c0dd95e.faa85ceb`Process`MON::Model [Process]`executionTime=0&memoryUsage=10&taskInstruction=````````````, ,
20140327_2040_23, Design, CoWare XTEAM Client, participant_0, 14, X`ecf5e7fb.34344ab0.8682f5bd.53849453`ATTR`forward`Task`MON::Model [Task]`Aspect=xADLBehaviorAspect&Position=280.196`f45445ab.d6a34b1a.8c0dd95e.faa85ceb`Process`MON::Model [Process]`executionTime=0&memoryUsage=1&taskInstruction=````````````, ,
20140327_2040_23, Notification, XTEAM Engine, MRSV, 13, Simulation execution beginning, ,
20140327_2040_26, Notification, XTEAM Engine, MRSV, 14, Simulation execution beginning, ,
20140327_2040_27, Design, CoWare XTEAM Client, participant_0, 15, X`d74a2c65.e78b436f.bb8c4d69.c6c262cf`ATTR`forward`Task`MON::Model [Task]`Aspect=xADLBehaviorAspect&Position=280.196`b0656a82.f464e5e.80ba3243.d6b28879`Process`MON::Model [Process]`executionTime=0&memoryUsage=10&taskInstruction=````````````, ,
20140327_2040_28, Design, CoWare XTEAM Client, participant_0, 16, X`d74a2c65.e78b436f.bb8c4d69.c6c262cf`ATTR`forward`Task`MON::Model [Task]`Aspect=xADLBehaviorAspect&Position=280.196`b0656a82.f464e5e.80ba3243.d6b28879`Process`MON::Model [Process]`executionTime=0&memoryUsage=1&taskInstruction=````````````, ,
20140327_2040_29, Notification, XTEAM Engine, MRSV, 15, Simulation execution beginning, ,
20140327_2040_30, Notification, XTEAM Engine, MRSV, 16, Simulation execution beginning, ,
20140327_2040_46, Notification, XTEAM Engine, MRSV, 14, Simulation execution completion, ,
20140327_2040_46, XTEAM, XTEAM Engine, MRSV, , ,
20140327_2040_46, XTEAM, XTEAM Engine, MRSV, , ,
20140327_2040_46, XTEAM, XTEAM Engine, MRSV, , ,
20140327_2040_52, Notification, XTEAM Engine, MRSV, 13, Simulation execution completion, ,
20140327_2040_52, XTEAM, XTEAM Engine, MRSV, , ,
20140327_2040_52, XTEAM, XTEAM Engine, MRSV, , ,
20140327_2040_52, XTEAM, XTEAM Engine, MRSV, , ,
20140327_2040_54, Notification, XTEAM Engine, MRSV, 16, Simulation execution completion, ,
20140327_2040_54, XTEAM, XTEAM Engine, MRSV, , ,
20140327_2040_54, XTEAM, XTEAM Engine, MRSV, , ,
20140327_2040_54, XTEAM, XTEAM Engine, MRSV, , ,
20140327_2040_55, Notification, XTEAM Engine, MRSV, 15, Simulation execution completion, ,
20140327_2040_55, XTEAM, XTEAM Engine, MRSV, , ,
20140327_2040_55, XTEAM, XTEAM Engine, MRSV, , ,
20140327_2040_55, XTEAM, XTEAM Engine, MRSV, , ,
20140327_2041_00, Design, CoWare XTEAM Client, participant_0, 17, X`ecf5e7fb.34344ab0.8682f5bd.53849453`ATTR`forward`Task`MON::Model [Task]`Aspect=xADLBehaviorAspect&Position=280.196`f45445ab.d6a34b1a.8c0dd95e.faa85ceb`Process`MON::Model [Process]`executionTime=0&memoryUsage=10&taskInstruction=````````````, ,
20140327_2041_02, Notification, XTEAM Engine, MRSV, 17, Simulation execution beginning, ,
20140327_2041_04, Design, CoWare XTEAM Client, participant_0, 18, X`d74a2c65.e78b436f.bb8c4d69.c6c262cf`ATTR`forward`Task`MON::Model [Task]`Aspect=xADLBehaviorAspect&Position=280.196`b0656a82.f464e5e.80ba3243.d6b28879`Process`MON::Model [Process]`executionTime=0&memoryUsage=10&taskInstruction=````````````, ,
20140327_2041_05, Notification, XTEAM Engine, MRSV, 18, Simulation execution beginning, ,
20140327_2041_15, Design, CoWare XTEAM Client, participant_0, 19, X`cc6f3a99.39734696.be3c4499.34632100`ATTR`Host_Salinity`Host`MON::Set [Host]`Aspect=xADLCoreAspect&Position=966.763`53c8e4c.6bec48b1.8f5efd8e.55e34f54`Architecture`MON::Model [Architecture]`receiveEnergyCost=20.000000&receiveEnergyOverhead=70.000000&transmitEnergyCost=11.000000&transmitEnergyOverhead=40.000000````````````, ,
20140327_2041_16, Notification, XTEAM Engine, MRSV, 19, Simulation execution beginning, ,
20140327_2041_18, Design, CoWare XTEAM Client, participant_0, 20, X`cc6f3a99.39734696.be3c4499.34632100`ATTR`Host_Salinity`Host`MON::Set [Host]`Aspect=xADLCoreAspect&Position=966.763`53c8e4c.6bec48b1.8f5efd8e.55e34f54`Architecture`MON::Model [Architecture]`receiveEnergyCost=13.000000&receiveEnergyOverhead=70.000000&transmitEnergyCost=11.000000&transmitEnergyOverhead=40.000000````````````, ,
20140327_2041_20, Notification, XTEAM Engine, MRSV, 20, Simulation execution beginning, ,
20140327_2041_20, Design, CoWare XTEAM Client, participant_0, 21, X`cc6f3a99.39734696.be3c4499.34632100`ATTR`Host_Salinity`Host`MON::Set [Host]`Aspect=xADLCoreAspect&Position=966.763`53c8e4c.6bec48b1.8f5efd8e.55e34f54`Architecture`MON::Model [Architecture]`receiveEnergyCost=13.000000&receiveEnergyOverhead=45.000000&transmitEnergyCost=11.000000&transmitEnergyOverhead=40.000000````````````, ,
20140327_2041_25, Design, CoWare XTEAM Client, participant_0, 22, X`f603f85b.e43844a4.b3627b58.f951dcdf`ATTR`Host_Temp`Host`MON::Set [Host]`Aspect=xADLCoreAspect&Position=1106.763`53c8e4c.6bec48b1.8f5efd8e.55e34f54`Architecture`MON::Model [Architecture]`receiveEnergyCost=20.000000&receiveEnergyOverhead=70.000000&transmitEnergyCost=11.000000&transmitEnergyOverhead=40.000000````````````, ,
20140327_2041_25, Notification, XTEAM Engine, MRSV, 21, Simulation execution beginning, ,
20140327_2041_26, Notification, XTEAM Engine, MRSV, 22, Simulation execution beginning, ,
20140327_2041_26, Design, CoWare XTEAM Client, participant_0, 23, X`f603f85b.e43844a4.b3627b58.f951dcdf`ATTR`Host_Temp`Host`MON::Set [Host]`Aspect=xADLCoreAspect&Position=1106.763`53c8e4c.6bec48b1.8f5efd8e.55e34f54`Architecture`MON::Model [Architecture]`receiveEnergyCost=13.000000&receiveEnergyOverhead=70.000000&transmitEnergyCost=11.000000&transmitEnergyOverhead=40.000000````````````, ,
20140327_2041_28, Notification, XTEAM Engine, MRSV, 23, Simulation execution beginning, ,
20140327_2041_28, Design, CoWare XTEAM Client, participant_0, 24, X`f603f85b.e43844a4.b3627b58.f951dcdf`ATTR`Host_Temp`Host`MON::Set [Host]`Aspect=xADLCoreAspect&Position=1106.763`53c8e4c.6bec48b1.8f5efd8e.55e34f54`Architecture`MON::Model [Architecture]`receiveEnergyCost=13.000000&receiveEnergyOverhead=7045.000000&transmitEnergyCost=11.000000&transmitEnergyOverhead=40.000000````````````, ,
20140327_2041_29, Notification, XTEAM Engine, MRSV, 24, Simulation execution beginning, ,
20140327_2041_32, Design, CoWare XTEAM Client, participant_0, 25, X`f603f85b.e43844a4.b3627b58.f951dcdf`ATTR`Host_Temp`Host`MON::Set [Host]`Aspect=xADLCoreAspect&Position=1106.763`53c8e4c.6bec48b1.8f5efd8e.55e34f54`Architecture`MON::Model [Architecture]`receiveEnergyCost=13.000000&receiveEnergyOverhead=45.000000&transmitEnergyCost=11.000000&transmitEnergyOverhead=40.000000````````````, ,
20140327_2041_34, Notification, XTEAM Engine, MRSV, 25, Simulation execution beginning, ,
20140327_2041_35, XTEAM, XTEAM Engine, MRSV, , ,
20140327_2041_35, Notification, XTEAM Engine, MRSV, 17, Simulation execution completion, ,
20140327_2041_35, XTEAM, XTEAM Engine, MRSV, , ,
20140327_2041_35, XTEAM, XTEAM Engine, MRSV, , ,
20140327_2041_42, Notification, XTEAM Engine, MRSV, 18, Simulation execution completion, ,
20140327_2041_42, XTEAM, XTEAM Engine, MRSV, , ,
20140327_2041_42, XTEAM, XTEAM Engine, MRSV, , ,
20140327_2041_42, XTEAM, XTEAM Engine, MRSV, , ,
20140327_2041_54, Notification, XTEAM Engine, MRSV, 20, Simulation execution completion, ,
20140327_2041_54, XTEAM, XTEAM Engine, MRSV, , ,
20140327_2041_54, XTEAM, XTEAM Engine, MRSV, , ,
20140327_2041_54, XTEAM, XTEAM Engine, MRSV, , ,
20140327_2042_05, Notification, XTEAM Engine, MRSV, 19, Simulation execution completion, ,
20140327_2042_05, XTEAM, XTEAM Engine, MRSV, , ,
20140327_2042_05, XTEAM, XTEAM Engine, MRSV, , ,
20140327_2042_05, XTEAM, XTEAM Engine, MRSV, , ,
20140327_2042_05, Notification, XTEAM Engine, MRSV, 21, Simulation execution completion, ,
20140327_2042_05, XTEAM, XTEAM Engine, MRSV, , ,
20140327_2042_05, XTEAM, XTEAM Engine, MRSV, , ,
20140327_2042_05, XTEAM, XTEAM Engine, MRSV, , ,
20140327_2042_05, Notification, XTEAM Engine, MRSV, 23, Simulation execution completion, ,
20140327_2042_05, XTEAM, XTEAM Engine, MRSV, , ,
20140327_2042_05, XTEAM, XTEAM Engine, MRSV, , ,
20140327_2042_05, XTEAM, XTEAM Engine, MRSV, , ,
20140327_2042_13, Notification, XTEAM Engine, MRSV, 24, Simulation execution completion, ,
20140327_2042_13, XTEAM, XTEAM Engine, MRSV, , ,
20140327_2042_13, XTEAM, XTEAM Engine, MRSV, , ,
20140327_2042_13, XTEAM, XTEAM Engine, MRSV, , ,
20140327_2042_13, Notification, XTEAM Engine, MRSV, 22, Simulation execution completion, ,
20140327_2042_13, XTEAM, XTEAM Engine, MRSV, , ,
20140327_2042_13, XTEAM, XTEAM Engine, MRSV, , ,
20140327_2042_13, XTEAM, XTEAM Engine, MRSV, , ,
20140327_2042_20, Notification, XTEAM Engine, MRSV, 25, Simulation execution completion, ,
20140327_2042_20, XTEAM, XTEAM Engine, MRSV, , ,
20140327_2042_20, XTEAM, XTEAM Engine, MRSV, , ,
20140327_2042_20, XTEAM, XTEAM Engine, MRSV, , ,
20140327_2043_32, Design, CoWare XTEAM Client, participant_1, 1, X`e55df4ad.b7b04257.9e120182.ced0a272`ATTR`generate`Task`MON::Model [Task]`Aspect=xADLBehaviorAspect&Position=189.196`6de1d551.703f4069.85034d03.9388b013`Process`MON::Model [Process]`executionTime=5&memoryUsage=3&taskInstruction=nextRequest = new Request;|nextRequest->getRequestKind().value() = "Temperature";````````````, ,
20140327_2043_33, Notification, XTEAM Engine, MRSV, 26, Simulation execution beginning, ,
20140327_2043_37, Design, CoWare XTEAM Client, participant_1, 2, X`e55df4ad.b7b04257.9e120182.ced0a272`ATTR`generate`Task`MON::Model [Task]`Aspect=xADLBehaviorAspect&Position=189.196`6de1d551.703f4069.85034d03.9388b013`Process`MON::Model [Process]`executionTime=5&memoryUsage=250&taskInstruction=nextRequest = new Request;|nextRequest->getRequestKind().value() = "Temperature";````````````, ,
20140327_2043_39, Notification, XTEAM Engine, MRSV, 27, Simulation execution beginning, ,
20140327_2043_46, Design, CoWare XTEAM Client, participant_1, 3, X`38aa871.eb549bc.aabb5f5f.9a0c5f7d`ATTR`generate`Task`MON::Model [Task]`Aspect=xADLBehaviorAspect&Position=189.196`9f0c917a.d5e346fb.857fc403.69d41261`Process`MON::Model [Process]`executionTime=5&memoryUsage=3&taskInstruction=nextRequest = new Request;|nextRequest->getRequestKind().value() = "Temperature";````````````, ,
20140327_2043_48, Notification, XTEAM Engine, MRSV, 28, Simulation execution beginning, ,
20140327_2043_51, Design, CoWare XTEAM Client, participant_1, 4, X`38aa871.eb549bc.aabb5f5f.9a0c5f7d`ATTR`generate`Task`MON::Model [Task]`Aspect=xADLBehaviorAspect&Position=189.196`9f0c917a.d5e346fb.857fc403.69d41261`Process`MON::Model [Process]`executionTime=5&memoryUsage=250&taskInstruction=nextRequest = new Request;|nextRequest->getRequestKind().value() = "Temperature";````````````, ,
20140327_2043_59, Notification, XTEAM Engine, MRSV, 29, Simulation execution beginning, ,
20140327_2044_02, Design, CoWare XTEAM Client, participant_1, 5, X`2442e05e.7e534432.a652495a.4a8032a9`ATTR`generate`Task`MON::Model [Task]`Aspect=xADLBehaviorAspect&Position=189.196`ee842d2c.6fbd409b.b93189f8.bce88a2b`Process`MON::Model [Process]`executionTime=5&memoryUsage=3&taskInstruction=nextRequest = new Request;|nextRequest->getRequestKind().value() = "Temperature";````````````, ,
20140327_2044_03, Notification, XTEAM Engine, MRSV, 30, Simulation execution beginning, ,
20140327_2044_03, Notification, XTEAM Engine, MRSV, 26, Simulation execution completion, ,
20140327_2044_03, XTEAM, XTEAM Engine, MRSV, , ,
20140327_2044_03, XTEAM, XTEAM Engine, MRSV, , ,
20140327_2044_03, XTEAM, XTEAM Engine, MRSV, , ,
20140327_2044_11, Design, CoWare XTEAM Client, participant_1, 6, X`2442e05e.7e534432.a652495a.4a8032a9`ATTR`generate`Task`MON::Model [Task]`Aspect=xADLBehaviorAspect&Position=189.196`ee842d2c.6fbd409b.b93189f8.bce88a2b`Process`MON::Model [Process]`executionTime=5&memoryUsage=250&taskInstruction=nextRequest = new Request;|nextRequest->getRequestKind().value() = "Temperature";````````````, ,
20140327_2044_12, Notification, XTEAM Engine, MRSV, 31, Simulation execution beginning, ,
20140327_2044_14, Notification, XTEAM Engine, MRSV, 27, Simulation execution completion, ,
20140327_2044_14, XTEAM, XTEAM Engine, MRSV, , ,
20140327_2044_14, XTEAM, XTEAM Engine, MRSV, , ,
20140327_2044_14, XTEAM, XTEAM Engine, MRSV, , ,
20140327_2044_19, Design, CoWare XTEAM Client, participant_1, 7, X`3709314b.7a93486e.8dc9b26c.f4772d70`ATTR`Host_1`Host`MON::Set [Host]`Aspect=xADLCoreAspect&Position=42.49`53c8e4c.6bec48b1.8f5efd8e.55e34f54`Architecture`MON::Model [Architecture]`receiveEnergyCost=18.000000&receiveEnergyOverhead=48.000000&transmitEnergyCost=500.000000&transmitEnergyOverhead=45.000000````````````, ,
20140327_2044_20, Notification, XTEAM Engine, MRSV, 32, Simulation execution beginning, ,
20140327_2044_21, Design, CoWare XTEAM Client, participant_1, 8, X`3709314b.7a93486e.8dc9b26c.f4772d70`ATTR`Host_1`Host`MON::Set [Host]`Aspect=xADLCoreAspect&Position=42.49`53c8e4c.6bec48b1.8f5efd8e.55e34f54`Architecture`MON::Model [Architecture]`receiveEnergyCost=18.000000&receiveEnergyOverhead=48.000000&transmitEnergyCost=500.000000&transmitEnergyOverhead=200.000000````````````, ,
20140327_2044_22, Notification, XTEAM Engine, MRSV, 33, Simulation execution beginning, ,
20140327_2044_23, Notification, XTEAM Engine, MRSV, 28, Simulation execution completion, ,
20140327_2044_23, XTEAM, XTEAM Engine, MRSV, , ,
20140327_2044_23, XTEAM, XTEAM Engine, MRSV, , ,
20140327_2044_23, XTEAM, XTEAM Engine, MRSV, , ,
20140327_2044_26, Design, CoWare XTEAM Client, participant_1, 9, X`3709314b.7a93486e.8dc9b26c.f4772d70`ATTR`Host_1`Host`MON::Set [Host]`Aspect=xADLCoreAspect&Position=42.49`53c8e4c.6bec48b1.8f5efd8e.55e34f54`Architecture`MON::Model [Architecture]`receiveEnergyCost=65.000000&receiveEnergyOverhead=48.000000&transmitEnergyCost=500.000000&transmitEnergyOverhead=200.000000````````````, ,
20140327_2044_27, Notification, XTEAM Engine, MRSV, 34, Simulation execution beginning, ,
20140327_2044_29, Notification, XTEAM Engine, MRSV, 29, Simulation execution completion, ,
20140327_2044_29, XTEAM, XTEAM Engine, MRSV, , ,
20140327_2044_29, XTEAM, XTEAM Engine, MRSV, , ,
20140327_2044_29, XTEAM, XTEAM Engine, MRSV, , ,
20140327_2044_30, Design, CoWare XTEAM Client, participant_1, 10, X`3709314b.7a93486e.8dc9b26c.f4772d70`ATTR`Host_1`Host`MON::Set [Host]`Aspect=xADLCoreAspect&Position=42.49`53c8e4c.6bec48b1.8f5efd8e.55e34f54`Architecture`MON::Model [Architecture]`receiveEnergyCost=65.000000&receiveEnergyOverhead=240.000000&transmitEnergyCost=500.000000&transmitEnergyOverhead=200.000000````````````, ,
20140327_2044_31, Notification, XTEAM Engine, MRSV, 35, Simulation execution beginning, ,
20140327_2044_35, Notification, XTEAM Engine, MRSV, 30, Simulation execution completion, ,
20140327_2044_35, XTEAM, XTEAM Engine, MRSV, , ,
20140327_2044_35, XTEAM, XTEAM Engine, MRSV, , ,
20140327_2044_35, XTEAM, XTEAM Engine, MRSV, , ,
20140327_2044_37, Notification, XTEAM Engine, MRSV, 31, Simulation execution completion, ,
20140327_2044_37, XTEAM, XTEAM Engine, MRSV, , ,
20140327_2044_37, XTEAM, XTEAM Engine, MRSV, , ,
20140327_2044_37, XTEAM, XTEAM Engine, MRSV, , ,
20140327_2044_38, Design, CoWare XTEAM Client, participant_1, 11, X`3709314b.7a93486e.8dc9b26c.f4772d70`ATTR`Host_1`Host`MON::Set [Host]`Aspect=xADLCoreAspect&Position=42.49`53c8e4c.6bec48b1.8f5efd8e.55e34f54`Architecture`MON::Model [Architecture]`receiveEnergyCost=65.000000&receiveEnergyOverhead=240.000000&transmitEnergyCost=50.000000&transmitEnergyOverhead=200.000000````````````, ,
20140327_2044_39, Notification, XTEAM Engine, MRSV, 36, Simulation execution beginning, ,
20140327_2044_42, Design, CoWare XTEAM Client, participant_1, 12, X`1d380676.204a4521.b3bb7c52.2bae3451`ATTR`Host_2`Host`MON::Set [Host]`Aspect=xADLCoreAspect&Position=42.350`53c8e4c.6bec48b1.8f5efd8e.55e34f54`Architecture`MON::Model [Architecture]`receiveEnergyCost=18.000000&receiveEnergyOverhead=48.000000&transmitEnergyCost=50.000000&transmitEnergyOverhead=45.000000````````````, ,
20140327_2044_43, Notification, XTEAM Engine, MRSV, 37, Simulation execution beginning, ,
20140327_2044_45, Design, CoWare XTEAM Client, participant_1, 13, X`1d380676.204a4521.b3bb7c52.2bae3451`ATTR`Host_2`Host`MON::Set [Host]`Aspect=xADLCoreAspect&Position=42.350`53c8e4c.6bec48b1.8f5efd8e.55e34f54`Architecture`MON::Model [Architecture]`receiveEnergyCost=18.000000&receiveEnergyOverhead=48.000000&transmitEnergyCost=50.000000&transmitEnergyOverhead=200.000000````````````, ,
20140327_2044_48, Design, CoWare XTEAM Client, participant_1, 14, X`1d380676.204a4521.b3bb7c52.2bae3451`ATTR`Host_2`Host`MON::Set [Host]`Aspect=xADLCoreAspect&Position=42.350`53c8e4c.6bec48b1.8f5efd8e.55e34f54`Architecture`MON::Model [Architecture]`receiveEnergyCost=65.000000&receiveEnergyOverhead=48.000000&transmitEnergyCost=50.000000&transmitEnergyOverhead=200.000000````````````, ,
20140327_2044_53, Notification, XTEAM Engine, MRSV, 38, Simulation execution beginning, ,
20140327_2044_53, Notification, XTEAM Engine, MRSV, 32, Simulation execution completion, ,
20140327_2044_53, XTEAM, XTEAM Engine, MRSV, , ,
20140327_2044_53, XTEAM, XTEAM Engine, MRSV, , ,
20140327_2044_53, XTEAM, XTEAM Engine, MRSV, , ,
20140327_2044_54, Notification, XTEAM Engine, MRSV, 33, Simulation execution completion, ,
20140327_2044_54, XTEAM, XTEAM Engine, MRSV, , ,
20140327_2044_54, XTEAM, XTEAM Engine, MRSV, , ,
20140327_2044_54, XTEAM, XTEAM Engine, MRSV, , ,
20140327_2044_54, Notification, XTEAM Engine, MRSV, 39, Simulation execution beginning, ,
20140327_2044_56, Design, CoWare XTEAM Client, participant_1, 15, X`1d380676.204a4521.b3bb7c52.2bae3451`ATTR`Host_2`Host`MON::Set [Host]`Aspect=xADLCoreAspect&Position=42.350`53c8e4c.6bec48b1.8f5efd8e.55e34f54`Architecture`MON::Model [Architecture]`receiveEnergyCost=65.000000&receiveEnergyOverhead=240.000000&transmitEnergyCost=50.000000&transmitEnergyOverhead=200.000000````````````, ,
20140327_2044_59, Notification, XTEAM Engine, MRSV, 40, Simulation execution beginning, ,
20140327_2045_00, Design, CoWare XTEAM Client, participant_1, 16, X`6f385993.f08a4164.b815faa2.88dc52fb`ATTR`Host_3`Host`MON::Set [Host]`Aspect=xADLCoreAspect&Position=42.630`53c8e4c.6bec48b1.8f5efd8e.55e34f54`Architecture`MON::Model [Architecture]`receiveEnergyCost=18.000000&receiveEnergyOverhead=48.000000&transmitEnergyCost=50.000000&transmitEnergyOverhead=45.000000````````````, ,
20140327_2045_02, Notification, XTEAM Engine, MRSV, 41, Simulation execution beginning, ,
20140327_2045_02, Notification, XTEAM Engine, MRSV, 34, Simulation execution completion, ,
20140327_2045_02, XTEAM, XTEAM Engine, MRSV, , ,
20140327_2045_02, XTEAM, XTEAM Engine, MRSV, , ,
20140327_2045_02, XTEAM, XTEAM Engine, MRSV, , ,
20140327_2045_03, Design, CoWare XTEAM Client, participant_1, 17, X`6f385993.f08a4164.b815faa2.88dc52fb`ATTR`Host_3`Host`MON::Set [Host]`Aspect=xADLCoreAspect&Position=42.630`53c8e4c.6bec48b1.8f5efd8e.55e34f54`Architecture`MON::Model [Architecture]`receiveEnergyCost=18.000000&receiveEnergyOverhead=48.000000&transmitEnergyCost=50.000000&transmitEnergyOverhead=200.000000````````````, ,
20140327_2045_06, Design, CoWare XTEAM Client, participant_1, 18, X`6f385993.f08a4164.b815faa2.88dc52fb`ATTR`Host_3`Host`MON::Set [Host]`Aspect=xADLCoreAspect&Position=42.630`53c8e4c.6bec48b1.8f5efd8e.55e34f54`Architecture`MON::Model [Architecture]`receiveEnergyCost=65.000000&receiveEnergyOverhead=48.000000&transmitEnergyCost=50.000000&transmitEnergyOverhead=200.000000````````````, ,
20140327_2045_06, Notification, XTEAM Engine, MRSV, 42, Simulation execution beginning, ,
20140327_2045_07, Notification, XTEAM Engine, MRSV, 35, Simulation execution completion, ,
20140327_2045_07, XTEAM, XTEAM Engine, MRSV, , ,
20140327_2045_07, XTEAM, XTEAM Engine, MRSV, , ,
20140327_2045_07, XTEAM, XTEAM Engine, MRSV, , ,
20140327_2045_08, Notification, XTEAM Engine, MRSV, 43, Simulation execution beginning, ,
20140327_2045_10, Design, CoWare XTEAM Client, participant_1, 19, X`6f385993.f08a4164.b815faa2.88dc52fb`ATTR`Host_3`Host`MON::Set [Host]`Aspect=xADLCoreAspect&Position=42.630`53c8e4c.6bec48b1.8f5efd8e.55e34f54`Architecture`MON::Model [Architecture]`receiveEnergyCost=65.000000&receiveEnergyOverhead=240.000000&transmitEnergyCost=50.000000&transmitEnergyOverhead=200.000000````````````, ,
20140327_2045_16, Notification, XTEAM Engine, MRSV, 36, Simulation execution completion, ,
20140327_2045_16, XTEAM, XTEAM Engine, MRSV, , ,
20140327_2045_16, XTEAM, XTEAM Engine, MRSV, , ,
20140327_2045_16, XTEAM, XTEAM Engine, MRSV, , ,
20140327_2045_17, Notification, XTEAM Engine, MRSV, 44, Simulation execution beginning, ,
20140327_2045_28, Notification, XTEAM Engine, MRSV, 37, Simulation execution completion, ,
20140327_2045_28, XTEAM, XTEAM Engine, MRSV, , ,
20140327_2045_28, XTEAM, XTEAM Engine, MRSV, , ,
20140327_2045_28, XTEAM, XTEAM Engine, MRSV, , ,
20140327_2045_41, Notification, XTEAM Engine, MRSV, 38, Simulation execution completion, ,
20140327_2045_41, XTEAM, XTEAM Engine, MRSV, , ,
20140327_2045_41, XTEAM, XTEAM Engine, MRSV, , ,
20140327_2045_41, XTEAM, XTEAM Engine, MRSV, , ,
20140327_2045_46, Notification, XTEAM Engine, MRSV, 40, Simulation execution completion, ,
20140327_2045_46, XTEAM, XTEAM Engine, MRSV, , ,
20140327_2045_46, XTEAM, XTEAM Engine, MRSV, , ,
20140327_2045_46, XTEAM, XTEAM Engine, MRSV, , ,
20140327_2045_46, Notification, XTEAM Engine, MRSV, 39, Simulation execution completion, ,
20140327_2045_46, XTEAM, XTEAM Engine, MRSV, , ,
20140327_2045_46, XTEAM, XTEAM Engine, MRSV, , ,
20140327_2045_46, XTEAM, XTEAM Engine, MRSV, , ,
20140327_2045_58, Notification, XTEAM Engine, MRSV, 41, Simulation execution completion, ,
20140327_2045_58, XTEAM, XTEAM Engine, MRSV, , ,
20140327_2045_58, XTEAM, XTEAM Engine, MRSV, , ,
20140327_2045_58, XTEAM, XTEAM Engine, MRSV, , ,
20140327_2046_01, Notification, XTEAM Engine, MRSV, 42, Simulation execution completion, ,
20140327_2046_01, XTEAM, XTEAM Engine, MRSV, , ,
20140327_2046_01, XTEAM, XTEAM Engine, MRSV, , ,
20140327_2046_01, XTEAM, XTEAM Engine, MRSV, , ,
20140327_2046_02, Notification, XTEAM Engine, MRSV, 43, Simulation execution completion, ,
20140327_2046_02, XTEAM, XTEAM Engine, MRSV, , ,
20140327_2046_02, XTEAM, XTEAM Engine, MRSV, , ,
20140327_2046_02, XTEAM, XTEAM Engine, MRSV, , ,
20140327_2046_05, Notification, XTEAM Engine, MRSV, 44, Simulation execution completion, ,
20140327_2046_05, XTEAM, XTEAM Engine, MRSV, , ,
20140327_2046_05, XTEAM, XTEAM Engine, MRSV, , ,
20140327_2046_05, XTEAM, XTEAM Engine, MRSV, , ,
20140327_2050_28, Design, CoWare XTEAM Client, participant_1, 20, X`e55df4ad.b7b04257.9e120182.ced0a272`ATTR`generate`Task`MON::Model [Task]`Aspect=xADLBehaviorAspect&Position=189.196`6de1d551.703f4069.85034d03.9388b013`Process`MON::Model [Process]`executionTime=7&memoryUsage=250&taskInstruction=nextRequest = new Request;|nextRequest->getRequestKind().value() = "Temperature";````````````, ,
20140327_2050_29, Notification, XTEAM Engine, MRSV, 45, Simulation execution beginning, ,
20140327_2050_40, Design, CoWare XTEAM Client, participant_1, 21, X`38aa871.eb549bc.aabb5f5f.9a0c5f7d`ATTR`generate`Task`MON::Model [Task]`Aspect=xADLBehaviorAspect&Position=189.196`9f0c917a.d5e346fb.857fc403.69d41261`Process`MON::Model [Process]`executionTime=7&memoryUsage=250&taskInstruction=nextRequest = new Request;|nextRequest->getRequestKind().value() = "Temperature";````````````, ,
20140327_2050_42, Notification, XTEAM Engine, MRSV, 46, Simulation execution beginning, ,
20140327_2050_50, Design, CoWare XTEAM Client, participant_1, 22, X`2442e05e.7e534432.a652495a.4a8032a9`ATTR`generate`Task`MON::Model [Task]`Aspect=xADLBehaviorAspect&Position=189.196`ee842d2c.6fbd409b.b93189f8.bce88a2b`Process`MON::Model [Process]`executionTime=7&memoryUsage=250&taskInstruction=nextRequest = new Request;|nextRequest->getRequestKind().value() = "Temperature";````````````, ,
20140327_2050_51, Notification, XTEAM Engine, MRSV, 47, Simulation execution beginning, ,
20140327_2050_56, Design, CoWare XTEAM Client, participant_1, 23, X`3709314b.7a93486e.8dc9b26c.f4772d70`ATTR`Host_1`Host`MON::Set [Host]`Aspect=xADLCoreAspect&Position=42.49`53c8e4c.6bec48b1.8f5efd8e.55e34f54`Architecture`MON::Model [Architecture]`receiveEnergyCost=65.000000&receiveEnergyOverhead=240.000000&transmitEnergyCost=12.000000&transmitEnergyOverhead=200.000000````````````, ,
20140327_2050_58, Notification, XTEAM Engine, MRSV, 48, Simulation execution beginning, ,
20140327_2050_59, Design, CoWare XTEAM Client, participant_1, 24, X`3709314b.7a93486e.8dc9b26c.f4772d70`ATTR`Host_1`Host`MON::Set [Host]`Aspect=xADLCoreAspect&Position=42.49`53c8e4c.6bec48b1.8f5efd8e.55e34f54`Architecture`MON::Model [Architecture]`receiveEnergyCost=65.000000&receiveEnergyOverhead=240.000000&transmitEnergyCost=12.000000&transmitEnergyOverhead=45.000000````````````, ,
20140327_2051_00, Notification, XTEAM Engine, MRSV, 49, Simulation execution beginning, ,
20140327_2051_04, Design, CoWare XTEAM Client, participant_1, 25, X`3709314b.7a93486e.8dc9b26c.f4772d70`ATTR`Host_1`Host`MON::Set [Host]`Aspect=xADLCoreAspect&Position=42.49`53c8e4c.6bec48b1.8f5efd8e.55e34f54`Architecture`MON::Model [Architecture]`receiveEnergyCost=18.000000&receiveEnergyOverhead=240.000000&transmitEnergyCost=12.000000&transmitEnergyOverhead=45.000000````````````, ,
20140327_2051_06, Notification, XTEAM Engine, MRSV, 45, Simulation execution completion, ,
20140327_2051_06, XTEAM, XTEAM Engine, MRSV, , ,
20140327_2051_06, XTEAM, XTEAM Engine, MRSV, , ,
20140327_2051_06, XTEAM, XTEAM Engine, MRSV, , ,
20140327_2051_08, Notification, XTEAM Engine, MRSV, 50, Simulation execution beginning, ,
20140327_2051_16, Design, CoWare XTEAM Client, participant_1, 26, X`3709314b.7a93486e.8dc9b26c.f4772d70`ATTR`Host_1`Host`MON::Set [Host]`Aspect=xADLCoreAspect&Position=42.49`53c8e4c.6bec48b1.8f5efd8e.55e34f54`Architecture`MON::Model [Architecture]`receiveEnergyCost=18.000000&receiveEnergyOverhead=48.000000&transmitEnergyCost=12.000000&transmitEnergyOverhead=45.000000````````````, ,
20140327_2051_32, Design, CoWare XTEAM Client, participant_1, 30, X`1d380676.204a4521.b3bb7c52.2bae3451`ATTR`Host_2`Host`MON::Set [Host]`Aspect=xADLCoreAspect&Position=42.350`53c8e4c.6bec48b1.8f5efd8e.55e34f54`Architecture`MON::Model [Architecture]`receiveEnergyCost=18.000000&receiveEnergyOverhead=48.000000&transmitEnergyCost=12.000000&transmitEnergyOverhead=45.000000````````````, ,
20140327_2051_26, Design, CoWare XTEAM Client, participant_1, 29, X`1d380676.204a4521.b3bb7c52.2bae3451`ATTR`Host_2`Host`MON::Set [Host]`Aspect=xADLCoreAspect&Position=42.350`53c8e4c.6bec48b1.8f5efd8e.55e34f54`Architecture`MON::Model [Architecture]`receiveEnergyCost=18.000000&receiveEnergyOverhead=240.000000&transmitEnergyCost=12.000000&transmitEnergyOverhead=45.000000````````````, ,
20140327_2051_24, Design, CoWare XTEAM Client, participant_1, 28, X`1d380676.204a4521.b3bb7c52.2bae3451`ATTR`Host_2`Host`MON::Set [Host]`Aspect=xADLCoreAspect&Position=42.350`53c8e4c.6bec48b1.8f5efd8e.55e34f54`Architecture`MON::Model [Architecture]`receiveEnergyCost=65.000000&receiveEnergyOverhead=240.000000&transmitEnergyCost=12.000000&transmitEnergyOverhead=45.000000````````````, ,
20140327_2051_21, Design, CoWare XTEAM Client, participant_1, 27, X`1d380676.204a4521.b3bb7c52.2bae3451`ATTR`Host_2`Host`MON::Set [Host]`Aspect=xADLCoreAspect&Position=42.350`53c8e4c.6bec48b1.8f5efd8e.55e34f54`Architecture`MON::Model [Architecture]`receiveEnergyCost=65.000000&receiveEnergyOverhead=240.000000&transmitEnergyCost=12.000000&transmitEnergyOverhead=200.000000````````````, ,
20140327_2051_36, Design, CoWare XTEAM Client, participant_1, 31, X`6f385993.f08a4164.b815faa2.88dc52fb`ATTR`Host_3`Host`MON::Set [Host]`Aspect=xADLCoreAspect&Position=42.630`53c8e4c.6bec48b1.8f5efd8e.55e34f54`Architecture`MON::Model [Architecture]`receiveEnergyCost=65.000000&receiveEnergyOverhead=240.000000&transmitEnergyCost=12.000000&transmitEnergyOverhead=200.000000````````````, ,
20140327_2051_36, Notification, XTEAM Engine, MRSV, 51, Simulation execution beginning, ,
20140327_2051_38, Design, CoWare XTEAM Client, participant_1, 32, X`6f385993.f08a4164.b815faa2.88dc52fb`ATTR`Host_3`Host`MON::Set [Host]`Aspect=xADLCoreAspect&Position=42.630`53c8e4c.6bec48b1.8f5efd8e.55e34f54`Architecture`MON::Model [Architecture]`receiveEnergyCost=65.000000&receiveEnergyOverhead=240.000000&transmitEnergyCost=12.000000&transmitEnergyOverhead=45.000000````````````, ,
20140327_2051_38, Notification, XTEAM Engine, MRSV, 52, Simulation execution beginning, ,
20140327_2051_40, Notification, XTEAM Engine, MRSV, 53, Simulation execution beginning, ,
20140327_2051_40, Design, CoWare XTEAM Client, participant_1, 33, X`6f385993.f08a4164.b815faa2.88dc52fb`ATTR`Host_3`Host`MON::Set [Host]`Aspect=xADLCoreAspect&Position=42.630`53c8e4c.6bec48b1.8f5efd8e.55e34f54`Architecture`MON::Model [Architecture]`receiveEnergyCost=18.000000&receiveEnergyOverhead=240.000000&transmitEnergyCost=12.000000&transmitEnergyOverhead=45.000000````````````, ,
20140327_2051_41, Notification, XTEAM Engine, MRSV, 46, Simulation execution completion, ,
20140327_2051_41, XTEAM, XTEAM Engine, MRSV, , ,
20140327_2051_41, XTEAM, XTEAM Engine, MRSV, , ,
20140327_2051_41, XTEAM, XTEAM Engine, MRSV, , ,
20140327_2051_41, Notification, XTEAM Engine, MRSV, 54, Simulation execution beginning, ,
20140327_2051_44, Notification, XTEAM Engine, MRSV, 55, Simulation execution beginning, ,
20140327_2051_45, Design, CoWare XTEAM Client, participant_1, 34, X`6f385993.f08a4164.b815faa2.88dc52fb`ATTR`Host_3`Host`MON::Set [Host]`Aspect=xADLCoreAspect&Position=42.630`53c8e4c.6bec48b1.8f5efd8e.55e34f54`Architecture`MON::Model [Architecture]`receiveEnergyCost=18.000000&receiveEnergyOverhead=48.000000&transmitEnergyCost=12.000000&transmitEnergyOverhead=45.000000````````````, ,
20140327_2051_49, Notification, XTEAM Engine, MRSV, 56, Simulation execution beginning, ,
20140327_2051_50, Notification, XTEAM Engine, MRSV, 47, Simulation execution completion, ,
20140327_2051_50, XTEAM, XTEAM Engine, MRSV, , ,
20140327_2051_50, XTEAM, XTEAM Engine, MRSV, , ,
20140327_2051_50, XTEAM, XTEAM Engine, MRSV, , ,
20140327_2051_51, Notification, XTEAM Engine, MRSV, 48, Simulation execution completion, ,
20140327_2051_51, XTEAM, XTEAM Engine, MRSV, , ,
20140327_2051_51, XTEAM, XTEAM Engine, MRSV, , ,
20140327_2051_51, XTEAM, XTEAM Engine, MRSV, , ,
20140327_2051_53, Notification, XTEAM Engine, MRSV, 49, Simulation execution completion, ,
20140327_2051_53, XTEAM, XTEAM Engine, MRSV, , ,
20140327_2051_53, XTEAM, XTEAM Engine, MRSV, , ,
20140327_2051_53, XTEAM, XTEAM Engine, MRSV, , ,
20140327_2051_58, Notification, XTEAM Engine, MRSV, 50, Simulation execution completion, ,
20140327_2051_58, XTEAM, XTEAM Engine, MRSV, , ,
20140327_2051_58, XTEAM, XTEAM Engine, MRSV, , ,
20140327_2051_58, XTEAM, XTEAM Engine, MRSV, , ,
20140327_2052_14, Notification, XTEAM Engine, MRSV, 51, Simulation execution completion, ,
20140327_2052_14, XTEAM, XTEAM Engine, MRSV, , ,
20140327_2052_14, XTEAM, XTEAM Engine, MRSV, , ,
20140327_2052_14, XTEAM, XTEAM Engine, MRSV, , ,
20140327_2052_17, Notification, XTEAM Engine, MRSV, 52, Simulation execution completion, ,
20140327_2052_17, XTEAM, XTEAM Engine, MRSV, , ,
20140327_2052_17, XTEAM, XTEAM Engine, MRSV, , ,
20140327_2052_17, XTEAM, XTEAM Engine, MRSV, , ,
20140327_2052_17, Notification, XTEAM Engine, MRSV, 53, Simulation execution completion, ,
20140327_2052_17, XTEAM, XTEAM Engine, MRSV, , ,
20140327_2052_17, XTEAM, XTEAM Engine, MRSV, , ,
20140327_2052_17, XTEAM, XTEAM Engine, MRSV, , ,
20140327_2052_19, Notification, XTEAM Engine, MRSV, 54, Simulation execution completion, ,
20140327_2052_19, XTEAM, XTEAM Engine, MRSV, , ,
20140327_2052_19, XTEAM, XTEAM Engine, MRSV, , ,
20140327_2052_19, XTEAM, XTEAM Engine, MRSV, , ,
20140327_2052_26, Notification, XTEAM Engine, MRSV, 55, Simulation execution completion, ,
20140327_2052_26, XTEAM, XTEAM Engine, MRSV, , ,
20140327_2052_26, XTEAM, XTEAM Engine, MRSV, , ,
20140327_2052_26, XTEAM, XTEAM Engine, MRSV, , ,
20140327_2052_30, Notification, XTEAM Engine, MRSV, 56, Simulation execution completion, ,
20140327_2052_30, XTEAM, XTEAM Engine, MRSV, , ,
20140327_2052_30, XTEAM, XTEAM Engine, MRSV, , ,
20140327_2052_30, XTEAM, XTEAM Engine, MRSV, , ,
20140327_2055_01, Design, CoWare XTEAM Client, participant_0, 26, X`d74a2c65.e78b436f.bb8c4d69.c6c262cf`ATTR`forward`Task`MON::Model [Task]`Aspect=xADLBehaviorAspect&Position=280.196`b0656a82.f464e5e.80ba3243.d6b28879`Process`MON::Model [Process]`executionTime=8&memoryUsage=10&taskInstruction=````````````, ,
20140327_2055_02, Notification, XTEAM Engine, MRSV, 57, Simulation execution beginning, ,
20140327_2055_05, Design, CoWare XTEAM Client, participant_0, 27, X`ecf5e7fb.34344ab0.8682f5bd.53849453`ATTR`forward`Task`MON::Model [Task]`Aspect=xADLBehaviorAspect&Position=280.196`f45445ab.d6a34b1a.8c0dd95e.faa85ceb`Process`MON::Model [Process]`executionTime=8&memoryUsage=10&taskInstruction=````````````, ,
20140327_2055_07, Notification, XTEAM Engine, MRSV, 58, Simulation execution beginning, ,
20140327_2055_20, Design, CoWare XTEAM Client, participant_0, 28, X`cc6f3a99.39734696.be3c4499.34632100`ATTR`Host_Salinity`Host`MON::Set [Host]`Aspect=xADLCoreAspect&Position=966.763`53c8e4c.6bec48b1.8f5efd8e.55e34f54`Architecture`MON::Model [Architecture]`receiveEnergyCost=13.000000&receiveEnergyOverhead=45.000000&transmitEnergyCost=12.000000&transmitEnergyOverhead=40.000000````````````, ,
20140327_2055_21, Notification, XTEAM Engine, MRSV, 59, Simulation execution beginning, ,
20140327_2055_22, Notification, XTEAM Engine, MRSV, 57, Simulation execution completion, ,
20140327_2055_22, XTEAM, XTEAM Engine, MRSV, , ,
20140327_2055_22, XTEAM, XTEAM Engine, MRSV, , ,
20140327_2055_22, XTEAM, XTEAM Engine, MRSV, , ,
20140327_2055_22, Design, CoWare XTEAM Client, participant_0, 29, X`cc6f3a99.39734696.be3c4499.34632100`ATTR`Host_Salinity`Host`MON::Set [Host]`Aspect=xADLCoreAspect&Position=966.763`53c8e4c.6bec48b1.8f5efd8e.55e34f54`Architecture`MON::Model [Architecture]`receiveEnergyCost=20.000000&receiveEnergyOverhead=45.000000&transmitEnergyCost=12.000000&transmitEnergyOverhead=40.000000````````````, ,
20140327_2055_24, Notification, XTEAM Engine, MRSV, 60, Simulation execution beginning, ,
20140327_2055_24, Design, CoWare XTEAM Client, participant_0, 30, X`cc6f3a99.39734696.be3c4499.34632100`ATTR`Host_Salinity`Host`MON::Set [Host]`Aspect=xADLCoreAspect&Position=966.763`53c8e4c.6bec48b1.8f5efd8e.55e34f54`Architecture`MON::Model [Architecture]`receiveEnergyCost=20.000000&receiveEnergyOverhead=70.000000&transmitEnergyCost=12.000000&transmitEnergyOverhead=40.000000````````````, ,
20140327_2055_26, Notification, XTEAM Engine, MRSV, 61, Simulation execution beginning, ,
20140327_2055_29, Design, CoWare XTEAM Client, participant_0, 31, X`f603f85b.e43844a4.b3627b58.f951dcdf`ATTR`Host_Temp`Host`MON::Set [Host]`Aspect=xADLCoreAspect&Position=1106.763`53c8e4c.6bec48b1.8f5efd8e.55e34f54`Architecture`MON::Model [Architecture]`receiveEnergyCost=13.000000&receiveEnergyOverhead=45.000000&transmitEnergyCost=12.000000&transmitEnergyOverhead=40.000000````````````, ,
20140327_2055_32, Notification, XTEAM Engine, MRSV, 58, Simulation execution completion, ,
20140327_2055_32, XTEAM, XTEAM Engine, MRSV, , ,
20140327_2055_32, XTEAM, XTEAM Engine, MRSV, , ,
20140327_2055_32, XTEAM, XTEAM Engine, MRSV, , ,
20140327_2055_32, Design, CoWare XTEAM Client, participant_1, 35, X`e55df4ad.b7b04257.9e120182.ced0a272`ATTR`generate`Task`MON::Model [Task]`Aspect=xADLBehaviorAspect&Position=189.196`6de1d551.703f4069.85034d03.9388b013`Process`MON::Model [Process]`executionTime=8&memoryUsage=250&taskInstruction=nextRequest = new Request;|nextRequest->getRequestKind().value() = "Temperature";````````````, ,
20140327_2055_32, Design, CoWare XTEAM Client, participant_0, 32, X`f603f85b.e43844a4.b3627b58.f951dcdf`ATTR`Host_Temp`Host`MON::Set [Host]`Aspect=xADLCoreAspect&Position=1106.763`53c8e4c.6bec48b1.8f5efd8e.55e34f54`Architecture`MON::Model [Architecture]`receiveEnergyCost=20.000000&receiveEnergyOverhead=45.000000&transmitEnergyCost=12.000000&transmitEnergyOverhead=40.000000````````````, ,
20140327_2055_34, Notification, XTEAM Engine, MRSV, 62, Simulation execution beginning, ,
20140327_2055_34, Design, CoWare XTEAM Client, participant_0, 33, X`f603f85b.e43844a4.b3627b58.f951dcdf`ATTR`Host_Temp`Host`MON::Set [Host]`Aspect=xADLCoreAspect&Position=1106.763`53c8e4c.6bec48b1.8f5efd8e.55e34f54`Architecture`MON::Model [Architecture]`receiveEnergyCost=20.000000&receiveEnergyOverhead=70.000000&transmitEnergyCost=12.000000&transmitEnergyOverhead=40.000000````````````, ,
20140327_2055_35, Design, CoWare XTEAM Client, participant_1, 36, X`e55df4ad.b7b04257.9e120182.ced0a272`ATTR`generate`Task`MON::Model [Task]`Aspect=xADLBehaviorAspect&Position=189.196`6de1d551.703f4069.85034d03.9388b013`Process`MON::Model [Process]`executionTime=8&memoryUsage=3&taskInstruction=nextRequest = new Request;|nextRequest->getRequestKind().value() = "Temperature";````````````, ,
20140327_2055_36, Notification, XTEAM Engine, MRSV, 63, Simulation execution beginning, ,
20140327_2055_37, Notification, XTEAM Engine, MRSV, 64, Simulation execution beginning, ,
20140327_2055_40, Notification, XTEAM Engine, MRSV, 65, Simulation execution beginning, ,
20140327_2055_43, Design, CoWare XTEAM Client, participant_1, 37, X`38aa871.eb549bc.aabb5f5f.9a0c5f7d`ATTR`generate`Task`MON::Model [Task]`Aspect=xADLBehaviorAspect&Position=189.196`9f0c917a.d5e346fb.857fc403.69d41261`Process`MON::Model [Process]`executionTime=8&memoryUsage=250&taskInstruction=nextRequest = new Request;|nextRequest->getRequestKind().value() = "Temperature";````````````, ,
20140327_2055_44, Notification, XTEAM Engine, MRSV, 66, Simulation execution beginning, ,
20140327_2055_45, Design, CoWare XTEAM Client, participant_1, 38, X`38aa871.eb549bc.aabb5f5f.9a0c5f7d`ATTR`generate`Task`MON::Model [Task]`Aspect=xADLBehaviorAspect&Position=189.196`9f0c917a.d5e346fb.857fc403.69d41261`Process`MON::Model [Process]`executionTime=8&memoryUsage=3&taskInstruction=nextRequest = new Request;|nextRequest->getRequestKind().value() = "Temperature";````````````, ,
20140327_2055_46, Notification, XTEAM Engine, MRSV, 67, Simulation execution beginning, ,
20140327_2055_49, Notification, XTEAM Engine, MRSV, 68, Simulation execution beginning, ,
20140327_2055_52, Design, CoWare XTEAM Client, participant_1, 39, X`2442e05e.7e534432.a652495a.4a8032a9`ATTR`generate`Task`MON::Model [Task]`Aspect=xADLBehaviorAspect&Position=189.196`ee842d2c.6fbd409b.b93189f8.bce88a2b`Process`MON::Model [Process]`executionTime=8&memoryUsage=250&taskInstruction=nextRequest = new Request;|nextRequest->getRequestKind().value() = "Temperature";````````````, ,
20140327_2055_55, Design, CoWare XTEAM Client, participant_1, 40, X`2442e05e.7e534432.a652495a.4a8032a9`ATTR`generate`Task`MON::Model [Task]`Aspect=xADLBehaviorAspect&Position=189.196`ee842d2c.6fbd409b.b93189f8.bce88a2b`Process`MON::Model [Process]`executionTime=8&memoryUsage=3&taskInstruction=nextRequest = new Request;|nextRequest->getRequestKind().value() = "Temperature";````````````, ,
20140327_2055_57, Notification, XTEAM Engine, MRSV, 59, Simulation execution completion, ,
20140327_2055_57, XTEAM, XTEAM Engine, MRSV, , ,
20140327_2055_57, XTEAM, XTEAM Engine, MRSV, , ,
20140327_2055_57, XTEAM, XTEAM Engine, MRSV, , ,
20140327_2055_58, Notification, XTEAM Engine, MRSV, 69, Simulation execution beginning, ,
20140327_2056_04, Design, CoWare XTEAM Client, participant_1, 41, X`3709314b.7a93486e.8dc9b26c.f4772d70`ATTR`Host_1`Host`MON::Set [Host]`Aspect=xADLCoreAspect&Position=42.49`53c8e4c.6bec48b1.8f5efd8e.55e34f54`Architecture`MON::Model [Architecture]`receiveEnergyCost=18.000000&receiveEnergyOverhead=48.000000&transmitEnergyCost=50.000000&transmitEnergyOverhead=45.000000````````````, ,
20140327_2056_07, Notification, XTEAM Engine, MRSV, 70, Simulation execution beginning, ,
20140327_2056_07, Design, CoWare XTEAM Client, participant_1, 42, X`3709314b.7a93486e.8dc9b26c.f4772d70`ATTR`Host_1`Host`MON::Set [Host]`Aspect=xADLCoreAspect&Position=42.49`53c8e4c.6bec48b1.8f5efd8e.55e34f54`Architecture`MON::Model [Architecture]`receiveEnergyCost=18.000000&receiveEnergyOverhead=48.000000&transmitEnergyCost=50.000000&transmitEnergyOverhead=200.000000````````````, ,
20140327_2056_08, Notification, XTEAM Engine, MRSV, 71, Simulation execution beginning, ,
20140327_2056_09, Snapshot, CoWare XTEAM Client, participant_0, 34, ,
20140327_2056_10, Notification, XTEAM Engine, MRSV, 61, Simulation execution completion, ,
20140327_2056_10, XTEAM, XTEAM Engine, MRSV, , ,
20140327_2056_10, XTEAM, XTEAM Engine, MRSV, , ,
20140327_2056_10, XTEAM, XTEAM Engine, MRSV, , ,
20140327_2056_10, Notification, XTEAM Engine, MRSV, 60, Simulation execution completion, ,
20140327_2056_10, XTEAM, XTEAM Engine, MRSV, , ,
20140327_2056_10, XTEAM, XTEAM Engine, MRSV, , ,
20140327_2056_10, XTEAM, XTEAM Engine, MRSV, , ,
20140327_2056_11, Notification, XTEAM Engine, MRSV, 72, Simulation execution beginning, ,
20140327_2056_11, Design, CoWare XTEAM Client, participant_1, 43, X`3709314b.7a93486e.8dc9b26c.f4772d70`ATTR`Host_1`Host`MON::Set [Host]`Aspect=xADLCoreAspect&Position=42.49`53c8e4c.6bec48b1.8f5efd8e.55e34f54`Architecture`MON::Model [Architecture]`receiveEnergyCost=65.000000&receiveEnergyOverhead=48.000000&transmitEnergyCost=50.000000&transmitEnergyOverhead=200.000000````````````, ,
20140327_2056_12, Notification, XTEAM Engine, MRSV, 73, Simulation execution beginning, ,
20140327_2056_13, Notification, XTEAM Engine, MRSV, 62, Simulation execution completion, ,
20140327_2056_13, XTEAM, XTEAM Engine, MRSV, , ,
20140327_2056_13, XTEAM, XTEAM Engine, MRSV, , ,
20140327_2056_13, XTEAM, XTEAM Engine, MRSV, , ,
20140327_2056_14, Notification, XTEAM Engine, MRSV, 63, Simulation execution completion, ,
20140327_2056_14, XTEAM, XTEAM Engine, MRSV, , ,
20140327_2056_14, XTEAM, XTEAM Engine, MRSV, , ,
20140327_2056_14, XTEAM, XTEAM Engine, MRSV, , ,
20140327_2056_18, Design, CoWare XTEAM Client, participant_1, 44, X`3709314b.7a93486e.8dc9b26c.f4772d70`ATTR`Host_1`Host`MON::Set [Host]`Aspect=xADLCoreAspect&Position=42.49`53c8e4c.6bec48b1.8f5efd8e.55e34f54`Architecture`MON::Model [Architecture]`receiveEnergyCost=65.000000&receiveEnergyOverhead=240.000000&transmitEnergyCost=50.000000&transmitEnergyOverhead=200.000000````````````, ,
20140327_2056_21, Notification, XTEAM Engine, MRSV, 64, Simulation execution completion, ,
20140327_2056_21, XTEAM, XTEAM Engine, MRSV, , ,
20140327_2056_21, XTEAM, XTEAM Engine, MRSV, , ,
20140327_2056_21, XTEAM, XTEAM Engine, MRSV, , ,
20140327_2056_21, Notification, XTEAM Engine, MRSV, 74, Simulation execution beginning, ,
20140327_2056_21, Design, CoWare XTEAM Client, participant_1, 45, X`1d380676.204a4521.b3bb7c52.2bae3451`ATTR`Host_2`Host`MON::Set [Host]`Aspect=xADLCoreAspect&Position=42.350`53c8e4c.6bec48b1.8f5efd8e.55e34f54`Architecture`MON::Model [Architecture]`receiveEnergyCost=18.000000&receiveEnergyOverhead=48.000000&transmitEnergyCost=50.000000&transmitEnergyOverhead=45.000000````````````, ,
20140327_2056_24, Design, CoWare XTEAM Client, participant_1, 46, X`1d380676.204a4521.b3bb7c52.2bae3451`ATTR`Host_2`Host`MON::Set [Host]`Aspect=xADLCoreAspect&Position=42.350`53c8e4c.6bec48b1.8f5efd8e.55e34f54`Architecture`MON::Model [Architecture]`receiveEnergyCost=18.000000&receiveEnergyOverhead=48.000000&transmitEnergyCost=50.000000&transmitEnergyOverhead=200.000000````````````, ,
20140327_2056_26, Design, CoWare XTEAM Client, participant_1, 47, X`1d380676.204a4521.b3bb7c52.2bae3451`ATTR`Host_2`Host`MON::Set [Host]`Aspect=xADLCoreAspect&Position=42.350`53c8e4c.6bec48b1.8f5efd8e.55e34f54`Architecture`MON::Model [Architecture]`receiveEnergyCost=65.000000&receiveEnergyOverhead=48.000000&transmitEnergyCost=50.000000&transmitEnergyOverhead=200.000000````````````, ,
20140327_2056_31, Design, CoWare XTEAM Client, participant_1, 48, X`1d380676.204a4521.b3bb7c52.2bae3451`ATTR`Host_2`Host`MON::Set [Host]`Aspect=xADLCoreAspect&Position=42.350`53c8e4c.6bec48b1.8f5efd8e.55e34f54`Architecture`MON::Model [Architecture]`receiveEnergyCost=65.000000&receiveEnergyOverhead=240.000000&transmitEnergyCost=50.000000&transmitEnergyOverhead=200.000000````````````, ,
20140327_2056_33, Notification, XTEAM Engine, MRSV, 67, Simulation execution completion, ,
20140327_2056_33, XTEAM, XTEAM Engine, MRSV, , ,
20140327_2056_33, XTEAM, XTEAM Engine, MRSV, , ,
20140327_2056_33, XTEAM, XTEAM Engine, MRSV, , ,
20140327_2056_33, Notification, XTEAM Engine, MRSV, 65, Simulation execution completion, ,
20140327_2056_33, XTEAM, XTEAM Engine, MRSV, , ,
20140327_2056_33, XTEAM, XTEAM Engine, MRSV, , ,
20140327_2056_33, XTEAM, XTEAM Engine, MRSV, , ,
20140327_2056_33, Notification, XTEAM Engine, MRSV, 68, Simulation execution completion, ,
20140327_2056_33, XTEAM, XTEAM Engine, MRSV, , ,
20140327_2056_33, XTEAM, XTEAM Engine, MRSV, , ,
20140327_2056_33, XTEAM, XTEAM Engine, MRSV, , ,
20140327_2056_33, Notification, XTEAM Engine, MRSV, 66, Simulation execution completion, ,
20140327_2056_33, XTEAM, XTEAM Engine, MRSV, , ,
20140327_2056_33, XTEAM, XTEAM Engine, MRSV, , ,
20140327_2056_33, XTEAM, XTEAM Engine, MRSV, , ,
20140327_2056_34, Design, CoWare XTEAM Client, participant_1, 49, X`6f385993.f08a4164.b815faa2.88dc52fb`ATTR`Host_3`Host`MON::Set [Host]`Aspect=xADLCoreAspect&Position=42.630`53c8e4c.6bec48b1.8f5efd8e.55e34f54`Architecture`MON::Model [Architecture]`receiveEnergyCost=18.000000&receiveEnergyOverhead=48.000000&transmitEnergyCost=50.000000&transmitEnergyOverhead=45.000000````````````, ,
20140327_2056_37, Design, CoWare XTEAM Client, participant_1, 50, X`6f385993.f08a4164.b815faa2.88dc52fb`ATTR`Host_3`Host`MON::Set [Host]`Aspect=xADLCoreAspect&Position=42.630`53c8e4c.6bec48b1.8f5efd8e.55e34f54`Architecture`MON::Model [Architecture]`receiveEnergyCost=18.000000&receiveEnergyOverhead=48.000000&transmitEnergyCost=50.000000&transmitEnergyOverhead=200.000000````````````, ,
20140327_2056_38, Design, CoWare XTEAM Client, participant_1, 51, X`6f385993.f08a4164.b815faa2.88dc52fb`ATTR`Host_3`Host`MON::Set [Host]`Aspect=xADLCoreAspect&Position=42.630`53c8e4c.6bec48b1.8f5efd8e.55e34f54`Architecture`MON::Model [Architecture]`receiveEnergyCost=65.000000&receiveEnergyOverhead=48.000000&transmitEnergyCost=50.000000&transmitEnergyOverhead=200.000000````````````, ,
20140327_2056_42, Notification, XTEAM Engine, MRSV, 75, Simulation execution beginning, ,
20140327_2056_43, Design, CoWare XTEAM Client, participant_1, 52, X`6f385993.f08a4164.b815faa2.88dc52fb`ATTR`Host_3`Host`MON::Set [Host]`Aspect=xADLCoreAspect&Position=42.630`53c8e4c.6bec48b1.8f5efd8e.55e34f54`Architecture`MON::Model [Architecture]`receiveEnergyCost=65.000000&receiveEnergyOverhead=240.000000&transmitEnergyCost=50.000000&transmitEnergyOverhead=200.000000````````````, ,
20140327_2056_43, Notification, XTEAM Engine, MRSV, 76, Simulation execution beginning, ,
20140327_2056_45, Notification, XTEAM Engine, MRSV, 77, Simulation execution beginning, ,
20140327_2056_50, Notification, XTEAM Engine, MRSV, 78, Simulation execution beginning, ,
20140327_2056_59, Notification, XTEAM Engine, MRSV, 79, Simulation execution beginning, ,
20140327_2057_00, Notification, XTEAM Engine, MRSV, 69, Simulation execution completion, ,
20140327_2057_00, XTEAM, XTEAM Engine, MRSV, , ,
20140327_2057_00, XTEAM, XTEAM Engine, MRSV, , ,
20140327_2057_00, XTEAM, XTEAM Engine, MRSV, , ,
20140327_2057_01, Notification, XTEAM Engine, MRSV, 80, Simulation execution beginning, ,
20140327_2057_02, Notification, XTEAM Engine, MRSV, 71, Simulation execution completion, ,
20140327_2057_02, XTEAM, XTEAM Engine, MRSV, , ,
20140327_2057_02, XTEAM, XTEAM Engine, MRSV, , ,
20140327_2057_02, XTEAM, XTEAM Engine, MRSV, , ,
20140327_2057_03, Notification, XTEAM Engine, MRSV, 81, Simulation execution beginning, ,
20140327_2057_04, Notification, XTEAM Engine, MRSV, 82, Simulation execution beginning, ,
20140327_2057_09, Notification, XTEAM Engine, MRSV, 70, Simulation execution completion, ,
20140327_2057_09, XTEAM, XTEAM Engine, MRSV, , ,
20140327_2057_09, XTEAM, XTEAM Engine, MRSV, , ,
20140327_2057_09, XTEAM, XTEAM Engine, MRSV, , ,
20140327_2057_11, XTEAM, XTEAM Engine, MRSV, , ,
20140327_2057_11, XTEAM, XTEAM Engine, MRSV, , ,
20140327_2057_11, XTEAM, XTEAM Engine, MRSV, , ,
20140327_2057_11, Notification, XTEAM Engine, MRSV, 72, Simulation execution completion, ,
20140327_2057_23, Notification, XTEAM Engine, MRSV, 76, Simulation execution completion, ,
20140327_2057_23, XTEAM, XTEAM Engine, MRSV, , ,
20140327_2057_23, XTEAM, XTEAM Engine, MRSV, , ,
20140327_2057_23, XTEAM, XTEAM Engine, MRSV, , ,
20140327_2057_23, Notification, XTEAM Engine, MRSV, 75, Simulation execution completion, ,
20140327_2057_23, XTEAM, XTEAM Engine, MRSV, , ,
20140327_2057_23, XTEAM, XTEAM Engine, MRSV, , ,
20140327_2057_23, XTEAM, XTEAM Engine, MRSV, , ,
20140327_2057_23, Notification, XTEAM Engine, MRSV, 74, Simulation execution completion, ,
20140327_2057_23, XTEAM, XTEAM Engine, MRSV, , ,
20140327_2057_23, XTEAM, XTEAM Engine, MRSV, , ,
20140327_2057_23, XTEAM, XTEAM Engine, MRSV, , ,
20140327_2057_23, XTEAM, XTEAM Engine, MRSV, , ,
20140327_2057_23, XTEAM, XTEAM Engine, MRSV, , ,
20140327_2057_23, XTEAM, XTEAM Engine, MRSV, , ,
20140327_2057_23, Notification, XTEAM Engine, MRSV, 73, Simulation execution completion, ,
20140327_2057_23, XTEAM, XTEAM Engine, MRSV, , ,
20140327_2057_23, XTEAM, XTEAM Engine, MRSV, , ,
20140327_2057_23, XTEAM, XTEAM Engine, MRSV, , ,
20140327_2057_23, Notification, XTEAM Engine, MRSV, 77, Simulation execution completion, ,
20140327_2057_42, Notification, XTEAM Engine, MRSV, 78, Simulation execution completion, ,
20140327_2057_42, XTEAM, XTEAM Engine, MRSV, , ,
20140327_2057_42, XTEAM, XTEAM Engine, MRSV, , ,
20140327_2057_42, XTEAM, XTEAM Engine, MRSV, , ,
20140327_2057_44, Notification, XTEAM Engine, MRSV, 80, Simulation execution completion, ,
20140327_2057_44, XTEAM, XTEAM Engine, MRSV, , ,
20140327_2057_44, XTEAM, XTEAM Engine, MRSV, , ,
20140327_2057_44, XTEAM, XTEAM Engine, MRSV, , ,
20140327_2057_51, Notification, XTEAM Engine, MRSV, 79, Simulation execution completion, ,
20140327_2057_51, XTEAM, XTEAM Engine, MRSV, , ,
20140327_2057_51, XTEAM, XTEAM Engine, MRSV, , ,
20140327_2057_51, XTEAM, XTEAM Engine, MRSV, , ,
20140327_2057_51, Notification, XTEAM Engine, MRSV, 81, Simulation execution completion, ,
20140327_2057_51, XTEAM, XTEAM Engine, MRSV, , ,
20140327_2057_51, XTEAM, XTEAM Engine, MRSV, , ,
20140327_2057_51, XTEAM, XTEAM Engine, MRSV, , ,
20140327_2057_52, Notification, XTEAM Engine, MRSV, 82, Simulation execution completion, ,
20140327_2057_52, XTEAM, XTEAM Engine, MRSV, , ,
20140327_2057_52, XTEAM, XTEAM Engine, MRSV, , ,
20140327_2057_52, XTEAM, XTEAM Engine, MRSV, , ,
20140327_2101_30, Design, CoWare XTEAM Client, participant_1, 53, X`e55df4ad.b7b04257.9e120182.ced0a272`ATTR`generate`Task`MON::Model [Task]`Aspect=xADLBehaviorAspect&Position=189.196`6de1d551.703f4069.85034d03.9388b013`Process`MON::Model [Process]`executionTime=5&memoryUsage=3&taskInstruction=nextRequest = new Request;|nextRequest->getRequestKind().value() = "Temperature";````````````, ,
20140327_2101_31, Notification, XTEAM Engine, MRSV, 83, Simulation execution beginning, ,
20140327_2101_34, Design, CoWare XTEAM Client, participant_1, 54, X`e55df4ad.b7b04257.9e120182.ced0a272`ATTR`generate`Task`MON::Model [Task]`Aspect=xADLBehaviorAspect&Position=189.196`6de1d551.703f4069.85034d03.9388b013`Process`MON::Model [Process]`executionTime=5&memoryUsage=250&taskInstruction=nextRequest = new Request;|nextRequest->getRequestKind().value() = "Temperature";````````````, ,
20140327_2101_35, Notification, XTEAM Engine, MRSV, 84, Simulation execution beginning, ,
20140327_2101_41, Design, CoWare XTEAM Client, participant_1, 55, X`38aa871.eb549bc.aabb5f5f.9a0c5f7d`ATTR`generate`Task`MON::Model [Task]`Aspect=xADLBehaviorAspect&Position=189.196`9f0c917a.d5e346fb.857fc403.69d41261`Process`MON::Model [Process]`executionTime=5&memoryUsage=3&taskInstruction=nextRequest = new Request;|nextRequest->getRequestKind().value() = "Temperature";````````````, ,
20140327_2101_42, Notification, XTEAM Engine, MRSV, 85, Simulation execution beginning, ,
20140327_2101_43, Design, CoWare XTEAM Client, participant_1, 56, X`38aa871.eb549bc.aabb5f5f.9a0c5f7d`ATTR`generate`Task`MON::Model [Task]`Aspect=xADLBehaviorAspect&Position=189.196`9f0c917a.d5e346fb.857fc403.69d41261`Process`MON::Model [Process]`executionTime=5&memoryUsage=250&taskInstruction=nextRequest = new Request;|nextRequest->getRequestKind().value() = "Temperature";````````````, ,
20140327_2101_47, Notification, XTEAM Engine, MRSV, 86, Simulation execution beginning, ,
20140327_2101_53, Design, CoWare XTEAM Client, participant_1, 57, X`2442e05e.7e534432.a652495a.4a8032a9`ATTR`generate`Task`MON::Model [Task]`Aspect=xADLBehaviorAspect&Position=189.196`ee842d2c.6fbd409b.b93189f8.bce88a2b`Process`MON::Model [Process]`executionTime=5&memoryUsage=3&taskInstruction=nextRequest = new Request;|nextRequest->getRequestKind().value() = "Temperature";````````````, ,
20140327_2101_54, Notification, XTEAM Engine, MRSV, 87, Simulation execution beginning, ,
20140327_2101_55, Design, CoWare XTEAM Client, participant_1, 58, X`2442e05e.7e534432.a652495a.4a8032a9`ATTR`generate`Task`MON::Model [Task]`Aspect=xADLBehaviorAspect&Position=189.196`ee842d2c.6fbd409b.b93189f8.bce88a2b`Process`MON::Model [Process]`executionTime=5&memoryUsage=250&taskInstruction=nextRequest = new Request;|nextRequest->getRequestKind().value() = "Temperature";````````````, ,
20140327_2101_58, Notification, XTEAM Engine, MRSV, 88, Simulation execution beginning, ,
20140327_2102_03, Notification, XTEAM Engine, MRSV, 83, Simulation execution completion, ,
20140327_2102_03, XTEAM, XTEAM Engine, MRSV, , ,
20140327_2102_03, XTEAM, XTEAM Engine, MRSV, , ,
20140327_2102_03, XTEAM, XTEAM Engine, MRSV, , ,
20140327_2102_05, Notification, XTEAM Engine, MRSV, 84, Simulation execution completion, ,
20140327_2102_05, XTEAM, XTEAM Engine, MRSV, , ,
20140327_2102_05, XTEAM, XTEAM Engine, MRSV, , ,
20140327_2102_05, XTEAM, XTEAM Engine, MRSV, , ,
20140327_2102_09, Notification, XTEAM Engine, MRSV, 85, Simulation execution completion, ,
20140327_2102_09, XTEAM, XTEAM Engine, MRSV, , ,
20140327_2102_09, XTEAM, XTEAM Engine, MRSV, , ,
20140327_2102_09, XTEAM, XTEAM Engine, MRSV, , ,
20140327_2102_12, Notification, XTEAM Engine, MRSV, 86, Simulation execution completion, ,
20140327_2102_12, XTEAM, XTEAM Engine, MRSV, , ,
20140327_2102_12, XTEAM, XTEAM Engine, MRSV, , ,
20140327_2102_12, XTEAM, XTEAM Engine, MRSV, , ,
20140327_2102_26, Notification, XTEAM Engine, MRSV, 87, Simulation execution completion, ,
20140327_2102_26, XTEAM, XTEAM Engine, MRSV, , ,
20140327_2102_26, XTEAM, XTEAM Engine, MRSV, , ,
20140327_2102_26, XTEAM, XTEAM Engine, MRSV, , ,
20140327_2102_27, Notification, XTEAM Engine, MRSV, 88, Simulation execution completion, ,
20140327_2102_27, XTEAM, XTEAM Engine, MRSV, , ,
20140327_2102_27, XTEAM, XTEAM Engine, MRSV, , ,
20140327_2102_27, XTEAM, XTEAM Engine, MRSV, , ,
20140327_2103_39, Snapshot, CoWare XTEAM Client, participant_1, 59, ,
20140327_2103_41, Snapshot, CoWare XTEAM Client, participant_1, 60, ,
20140327_2103_42, Snapshot, CoWare XTEAM Client, participant_1, 61, ,
20140327_2103_50, Snapshot, CoWare XTEAM Client, participant_0, 35, ,
20140327_2104_00, Design, CoWare XTEAM Client, participant_0, 36, X`7a68215a.edaf41f6.903ea361.7a42dd88`REGISTRY`CloudConnector`Connector`MON::Model [Connector]`Aspect=xADLCoreAspect&Position=882.441`53c8e4c.6bec48b1.8f5efd8e.55e34f54`Architecture`MON::Model [Architecture]`description=````````````, ,
20140327_2104_00, Design, CoWare XTEAM Client, participant_0, 37, X`772810f9.55b420f.a537addb.64e7f3b5`REGISTRY`AmazonCloud`Component`MON::Model [Component]`Aspect=xADLCoreAspect&Position=1029.441`53c8e4c.6bec48b1.8f5efd8e.55e34f54`Architecture`MON::Model [Architecture]`description=````````````, ,
20140327_2104_01, Notification, XTEAM Engine, MRSV, 89, Simulation execution beginning, ,
20140327_2104_02, Notification, XTEAM Engine, MRSV, 90, Simulation execution beginning, ,
20140327_2104_28, Notification, XTEAM Engine, MRSV, 90, Simulation execution completion, ,
20140327_2104_28, XTEAM, XTEAM Engine, MRSV, , ,
20140327_2104_28, XTEAM, XTEAM Engine, MRSV, , ,
20140327_2104_28, XTEAM, XTEAM Engine, MRSV, , ,
20140327_2104_30, Notification, XTEAM Engine, MRSV, 89, Simulation execution completion, ,
20140327_2104_30, XTEAM, XTEAM Engine, MRSV, , ,
20140327_2104_30, XTEAM, XTEAM Engine, MRSV, , ,
20140327_2104_30, XTEAM, XTEAM Engine, MRSV, , ,
20140327_2105_37, Snapshot, CoWare XTEAM Client, participant_1, 62, ,
20140327_2106_53, Snapshot, CoWare XTEAM Client, participant_0, 38, ,
