TIME, Event name, OriginComponent, SenderUsername, EventID, Value, ,
20141121_1331_46, Login, FLAME Client, participant_0, , ,
20141121_1331_47, Login, FLAME Client, participant_1, , ,
20141121_1331_49, Login, XTEAM Engine, participant_0, , ,
20141121_1331_50, Login, XTEAM Engine, participant_1, , ,
20141121_1332_07, Design, FLAME Client, participant_0, 1, X`5b20332d.30544b3a.b6baf1ac.2a1bfdf0`REGISTRY`handleEvent`Process`MON::Model [Process]`Aspect=xADLBehaviorAspect&Position=266.217`de345e4d.320242a6.87707e7a.7fed3550`Component`MON::Model [Component]`initialProcess=true````````````, ,
20141121_1332_08, Notification, XTEAM Engine, participant_0, 1, Simulation execution beginning, ,
20141121_1332_25, Design, FLAME Client, participant_0, 2, X`c270ab26.2fff4b88.bf50a288.2d000ee5`REGISTRY`performComputation`Process`MON::Model [Process]`Aspect=xADLBehaviorAspect&Position=441.217`de345e4d.320242a6.87707e7a.7fed3550`Component`MON::Model [Component]`initialProcess=false````````````, ,
20141121_1332_26, Notification, XTEAM Engine, participant_0, 2, Simulation execution beginning, ,
20141121_1332_41, Notification, XTEAM Engine, participant_0, 1, Simulation execution completion, ,
20141121_1332_41, XTEAM, XTEAM Engine, participant_0, , ,
20141121_1332_41, XTEAM, XTEAM Engine, participant_0, , ,
20141121_1332_41, XTEAM, XTEAM Engine, participant_0, , ,
20141121_1332_57, Notification, XTEAM Engine, participant_0, 2, Simulation execution completion, ,
20141121_1332_57, XTEAM, XTEAM Engine, participant_0, , ,
20141121_1332_57, XTEAM, XTEAM Engine, participant_0, , ,
20141121_1332_57, XTEAM, XTEAM Engine, participant_0, , ,
20141121_1334_49, Design, FLAME Client, participant_0, 3, X`4c379791.2eea468a.a8abbb1d.e5fba9bb`ATTR`perform`Task`MON::Model [Task]`Aspect=xADLBehaviorAspect&Position=336.217`c270ab26.2fff4b88.bf50a288.2d000ee5`Process`MON::Model [Process]`executionTime=350&memoryUsage=27&taskInstruction=nextResult[thread_id] = new Result;|nextResult[thread_id]->getResultState().value() = 0;|nextResult[thread_id]->getResultID().value() = nextTask[thread_id]->getTaskID().value();|nextResult[thread_id]->getResultValue().value() = 1;````````````, ,
20141121_1334_50, Notification, XTEAM Engine, participant_0, 3, Simulation execution beginning, ,
20141121_1334_53, Design, FLAME Client, participant_0, 4, X`4c379791.2eea468a.a8abbb1d.e5fba9bb`ATTR`perform`Task`MON::Model [Task]`Aspect=xADLBehaviorAspect&Position=336.217`c270ab26.2fff4b88.bf50a288.2d000ee5`Process`MON::Model [Process]`executionTime=350&memoryUsage=39&taskInstruction=nextResult[thread_id] = new Result;|nextResult[thread_id]->getResultState().value() = 0;|nextResult[thread_id]->getResultID().value() = nextTask[thread_id]->getTaskID().value();|nextResult[thread_id]->getResultValue().value() = 1;````````````, ,
20141121_1334_54, Notification, XTEAM Engine, participant_0, 4, Simulation execution beginning, ,
20141121_1335_24, Notification, XTEAM Engine, participant_0, 3, Simulation execution completion, ,
20141121_1335_24, XTEAM, XTEAM Engine, participant_0, , ,
20141121_1335_24, XTEAM, XTEAM Engine, participant_0, , ,
20141121_1335_24, XTEAM, XTEAM Engine, participant_0, , ,
20141121_1335_27, Notification, XTEAM Engine, participant_0, 4, Simulation execution completion, ,
20141121_1335_27, XTEAM, XTEAM Engine, participant_0, , ,
20141121_1335_27, XTEAM, XTEAM Engine, participant_0, , ,
20141121_1335_27, XTEAM, XTEAM Engine, participant_0, , ,
20141121_1337_06, Design, FLAME Client, participant_0, 5, X`cdc6010e.7cf74d31.85daf3c3.1e9a4be8`ATTR`Host_Client`Host`MON::Set [Host]`Aspect=xADLCoreAspect&Position=28.560`bb42af9e.ee894de6.a8870ee2.566cbbfe`Architecture`MON::Model [Architecture]`receiveEnergyCost=150.010000&receiveEnergyOverhead=101.860000&transmitEnergyCost=312.000000&transmitEnergyOverhead=129.870000````````````, ,
20141121_1337_07, Notification, XTEAM Engine, participant_0, 5, Simulation execution beginning, ,
20141121_1337_18, Design, FLAME Client, participant_0, 6, X`cdc6010e.7cf74d31.85daf3c3.1e9a4be8`ATTR`Host_Client`Host`MON::Set [Host]`Aspect=xADLCoreAspect&Position=28.560`bb42af9e.ee894de6.a8870ee2.566cbbfe`Architecture`MON::Model [Architecture]`receiveEnergyCost=150.010000&receiveEnergyOverhead=101.860000&transmitEnergyCost=312.000000&transmitEnergyOverhead=341.000000````````````, ,
20141121_1337_18, Notification, XTEAM Engine, participant_0, 6, Simulation execution beginning, ,
20141121_1337_36, Notification, XTEAM Engine, participant_0, 5, Simulation execution completion, ,
20141121_1337_36, XTEAM, XTEAM Engine, participant_0, , ,
20141121_1337_36, XTEAM, XTEAM Engine, participant_0, , ,
20141121_1337_36, XTEAM, XTEAM Engine, participant_0, , ,
20141121_1337_45, Notification, XTEAM Engine, participant_0, 6, Simulation execution completion, ,
20141121_1337_45, XTEAM, XTEAM Engine, participant_0, , ,
20141121_1337_46, XTEAM, XTEAM Engine, participant_0, , ,
20141121_1337_46, XTEAM, XTEAM Engine, participant_0, , ,
20141121_1345_04, Design, FLAME Client, participant_0, 7, X`64e3f498.f1114939.ba695f73.d07188e3`ATTR`perform`Task`MON::Model [Task]`Aspect=xADLBehaviorAspect&Position=308.301`d640f4b9.22e14264.b459176e.af6b895e`Process`MON::Model [Process]`executionTime=350&memoryUsage=27&taskInstruction=nextResult[thread_id] = new Result;|nextResult[thread_id]->getResultState().value() = 0;|nextResult[thread_id]->getResultID().value() = nextTask[thread_id]->getTaskID().value();|nextResult[thread_id]->getResultValue().value() = 1;````````````, ,
20141121_1345_05, Notification, XTEAM Engine, participant_0, 7, Simulation execution beginning, ,
20141121_1345_15, Design, FLAME Client, participant_0, 8, X`64e3f498.f1114939.ba695f73.d07188e3`ATTR`perform`Task`MON::Model [Task]`Aspect=xADLBehaviorAspect&Position=308.301`d640f4b9.22e14264.b459176e.af6b895e`Process`MON::Model [Process]`executionTime=350&memoryUsage=39&taskInstruction=nextResult[thread_id] = new Result;|nextResult[thread_id]->getResultState().value() = 0;|nextResult[thread_id]->getResultID().value() = nextTask[thread_id]->getTaskID().value();|nextResult[thread_id]->getResultValue().value() = 1;````````````, ,
20141121_1345_16, Notification, XTEAM Engine, participant_0, 8, Simulation execution beginning, ,
20141121_1345_35, Notification, XTEAM Engine, participant_0, 7, Simulation execution completion, ,
20141121_1345_35, XTEAM, XTEAM Engine, participant_0, , ,
20141121_1345_35, XTEAM, XTEAM Engine, participant_0, , ,
20141121_1345_35, XTEAM, XTEAM Engine, participant_0, , ,
20141121_1345_41, Design, FLAME Client, participant_0, 9, X`25fea250.79aa4baf.b62be506.e9d1819a`ATTR`Host_GCE`Host`MON::Set [Host]`Aspect=xADLCoreAspect&Position=161.560`bb42af9e.ee894de6.a8870ee2.566cbbfe`Architecture`MON::Model [Architecture]`receiveEnergyCost=150.010000&receiveEnergyOverhead=101.860000&transmitEnergyCost=312.000000&transmitEnergyOverhead=129.870000````````````, ,
20141121_1345_42, Notification, XTEAM Engine, participant_0, 9, Simulation execution beginning, ,
20141121_1345_44, Notification, XTEAM Engine, participant_0, 8, Simulation execution completion, ,
20141121_1345_44, XTEAM, XTEAM Engine, participant_0, , ,
20141121_1345_44, XTEAM, XTEAM Engine, participant_0, , ,
20141121_1345_44, XTEAM, XTEAM Engine, participant_0, , ,
20141121_1345_49, Design, FLAME Client, participant_0, 10, X`25fea250.79aa4baf.b62be506.e9d1819a`ATTR`Host_GCE`Host`MON::Set [Host]`Aspect=xADLCoreAspect&Position=161.560`bb42af9e.ee894de6.a8870ee2.566cbbfe`Architecture`MON::Model [Architecture]`receiveEnergyCost=150.010000&receiveEnergyOverhead=101.860000&transmitEnergyCost=312.000000&transmitEnergyOverhead=341.000000````````````, ,
20141121_1345_50, Notification, XTEAM Engine, participant_0, 10, Simulation execution beginning, ,
20141121_1346_11, Notification, XTEAM Engine, participant_0, 9, Simulation execution completion, ,
20141121_1346_11, XTEAM, XTEAM Engine, participant_0, , ,
20141121_1346_11, XTEAM, XTEAM Engine, participant_0, , ,
20141121_1346_11, XTEAM, XTEAM Engine, participant_0, , ,
20141121_1346_18, Notification, XTEAM Engine, participant_0, 10, Simulation execution completion, ,
20141121_1346_18, XTEAM, XTEAM Engine, participant_0, , ,
20141121_1346_18, XTEAM, XTEAM Engine, participant_0, , ,
20141121_1346_18, XTEAM, XTEAM Engine, participant_0, , ,
20141121_1346_35, Design, FLAME Client, participant_1, 1, X`176369f9.b385435c.b2d59a0f.66ba660c`ATTR`Host_SubsetSum`Host`MON::Set [Host]`Aspect=xADLCoreAspect&Position=1610.385`bb42af9e.ee894de6.a8870ee2.566cbbfe`Architecture`MON::Model [Architecture]`receiveEnergyCost=101.280000&receiveEnergyOverhead=64.990000&transmitEnergyCost=182.000000&transmitEnergyOverhead=82.450000````````````, ,
20141121_1346_36, Notification, XTEAM Engine, participant_1, 1, Simulation execution beginning, ,
20141121_1346_41, Design, FLAME Client, participant_1, 2, X`176369f9.b385435c.b2d59a0f.66ba660c`ATTR`Host_SubsetSum`Host`MON::Set [Host]`Aspect=xADLCoreAspect&Position=1610.385`bb42af9e.ee894de6.a8870ee2.566cbbfe`Architecture`MON::Model [Architecture]`receiveEnergyCost=101.280000&receiveEnergyOverhead=64.990000&transmitEnergyCost=182.000000&transmitEnergyOverhead=82.450000````````````, ,
20141121_1346_42, Notification, XTEAM Engine, participant_1, 2, Simulation execution beginning, ,
20141121_1346_48, Design, FLAME Client, participant_1, 3, X`176369f9.b385435c.b2d59a0f.66ba660c`ATTR`Host_SubsetSum`Host`MON::Set [Host]`Aspect=xADLCoreAspect&Position=1610.385`bb42af9e.ee894de6.a8870ee2.566cbbfe`Architecture`MON::Model [Architecture]`receiveEnergyCost=101.280000&receiveEnergyOverhead=64.990000&transmitEnergyCost=182.000000&transmitEnergyOverhead=82.450000````````````, ,
20141121_1346_49, Notification, XTEAM Engine, participant_1, 3, Simulation execution beginning, ,
20141121_1347_08, Notification, XTEAM Engine, participant_1, 1, Simulation execution completion, ,
20141121_1347_08, XTEAM, XTEAM Engine, participant_1, , ,
20141121_1347_08, XTEAM, XTEAM Engine, participant_1, , ,
20141121_1347_08, XTEAM, XTEAM Engine, participant_1, , ,
20141121_1347_12, Design, FLAME Client, participant_1, 4, X`176369f9.b385435c.b2d59a0f.66ba660c`ATTR`Host_SubsetSum`Host`MON::Set [Host]`Aspect=xADLCoreAspect&Position=1610.385`bb42af9e.ee894de6.a8870ee2.566cbbfe`Architecture`MON::Model [Architecture]`receiveEnergyCost=101.280000&receiveEnergyOverhead=64.990000&transmitEnergyCost=182.000000&transmitEnergyOverhead=217.000000````````````, ,
20141121_1347_12, Notification, XTEAM Engine, participant_1, 4, Simulation execution beginning, ,
20141121_1347_13, Notification, XTEAM Engine, participant_1, 2, Simulation execution completion, ,
20141121_1347_13, XTEAM, XTEAM Engine, participant_1, , ,
20141121_1347_13, XTEAM, XTEAM Engine, participant_1, , ,
20141121_1347_13, XTEAM, XTEAM Engine, participant_1, , ,
20141121_1347_19, Notification, XTEAM Engine, participant_1, 3, Simulation execution completion, ,
20141121_1347_19, XTEAM, XTEAM Engine, participant_1, , ,
20141121_1347_19, XTEAM, XTEAM Engine, participant_1, , ,
20141121_1347_19, XTEAM, XTEAM Engine, participant_1, , ,
20141121_1347_22, Design, FLAME Client, participant_1, 5, X`de311a94.5ac54159.8e7ae434.321ec71e`ATTR`HostSAT`Host`MON::Set [Host]`Aspect=xADLCoreAspect&Position=1610.497`bb42af9e.ee894de6.a8870ee2.566cbbfe`Architecture`MON::Model [Architecture]`receiveEnergyCost=101.280000&receiveEnergyOverhead=64.990000&transmitEnergyCost=182.000000&transmitEnergyOverhead=82.450000````````````, ,
20141121_1347_23, Notification, XTEAM Engine, participant_1, 5, Simulation execution beginning, ,
20141121_1347_24, Design, FLAME Client, participant_1, 6, X`de311a94.5ac54159.8e7ae434.321ec71e`ATTR`HostSAT`Host`MON::Set [Host]`Aspect=xADLCoreAspect&Position=1610.497`bb42af9e.ee894de6.a8870ee2.566cbbfe`Architecture`MON::Model [Architecture]`receiveEnergyCost=101.280000&receiveEnergyOverhead=64.990000&transmitEnergyCost=182.000000&transmitEnergyOverhead=217.000000````````````, ,
20141121_1347_25, Notification, XTEAM Engine, participant_1, 6, Simulation execution beginning, ,
20141121_1347_44, Design, FLAME Client, participant_1, 7, X`3f426f4b.6d164164.816fe575.67a4324f`ATTR`generate`Task`MON::Model [Task]`Aspect=xADLBehaviorAspect&Position=301.259`37598ce1.81784bb5.996843e8.1d554a61`Process`MON::Model [Process]`executionTime=7.5&memoryUsage=3&taskInstruction=nextTask = new Task;|nextTask->getTaskState().value() = 0;|nextTask->getTaskID().value() = taskIDCounter->getNextTaskID().value()++;````````````, ,
20141121_1347_46, Notification, XTEAM Engine, participant_1, 7, Simulation execution beginning, ,
20141121_1347_46, Notification, XTEAM Engine, participant_1, 4, Simulation execution completion, ,
20141121_1347_46, XTEAM, XTEAM Engine, participant_1, , ,
20141121_1347_46, XTEAM, XTEAM Engine, participant_1, , ,
20141121_1347_46, XTEAM, XTEAM Engine, participant_1, , ,
20141121_1347_50, Design, FLAME Client, participant_1, 8, X`3f426f4b.6d164164.816fe575.67a4324f`ATTR`generate`Task`MON::Model [Task]`Aspect=xADLBehaviorAspect&Position=301.259`37598ce1.81784bb5.996843e8.1d554a61`Process`MON::Model [Process]`executionTime=7.5&memoryUsage=5500&taskInstruction=nextTask = new Task;|nextTask->getTaskState().value() = 0;|nextTask->getTaskID().value() = taskIDCounter->getNextTaskID().value()++;````````````, ,
20141121_1347_51, Notification, XTEAM Engine, participant_1, 8, Simulation execution beginning, ,
20141121_1347_56, Notification, XTEAM Engine, participant_1, 5, Simulation execution completion, ,
20141121_1347_56, XTEAM, XTEAM Engine, participant_1, , ,
20141121_1347_56, XTEAM, XTEAM Engine, participant_1, , ,
20141121_1347_56, XTEAM, XTEAM Engine, participant_1, , ,
20141121_1347_56, Design, FLAME Client, participant_1, 9, X`3a60805b.3a524f70.a064acd1.88108a11`ATTR`generate`Task`MON::Model [Task]`Aspect=xADLBehaviorAspect&Position=301.259`fd961ab4.712348fe.91a8653d.18529735`Process`MON::Model [Process]`executionTime=7.5&memoryUsage=3&taskInstruction=nextTask = new Task;|nextTask->getTaskState().value() = 0;|nextTask->getTaskID().value() = taskIDCounter->getNextTaskID().value()++;````````````, ,
20141121_1347_58, Notification, XTEAM Engine, participant_1, 9, Simulation execution beginning, ,
20141121_1347_58, Notification, XTEAM Engine, participant_1, 6, Simulation execution completion, ,
20141121_1347_58, XTEAM, XTEAM Engine, participant_1, , ,
20141121_1347_58, XTEAM, XTEAM Engine, participant_1, , ,
20141121_1347_58, XTEAM, XTEAM Engine, participant_1, , ,
20141121_1348_01, Design, FLAME Client, participant_1, 10, X`3a60805b.3a524f70.a064acd1.88108a11`ATTR`generate`Task`MON::Model [Task]`Aspect=xADLBehaviorAspect&Position=301.259`fd961ab4.712348fe.91a8653d.18529735`Process`MON::Model [Process]`executionTime=7.5&memoryUsage=5500&taskInstruction=nextTask = new Task;|nextTask->getTaskState().value() = 0;|nextTask->getTaskID().value() = taskIDCounter->getNextTaskID().value()++;````````````, ,
20141121_1348_02, Notification, XTEAM Engine, participant_1, 10, Simulation execution beginning, ,
20141121_1348_20, Notification, XTEAM Engine, participant_1, 7, Simulation execution completion, ,
20141121_1348_20, XTEAM, XTEAM Engine, participant_1, , ,
20141121_1348_20, XTEAM, XTEAM Engine, participant_1, , ,
20141121_1348_20, XTEAM, XTEAM Engine, participant_1, , ,
20141121_1348_26, Notification, XTEAM Engine, participant_1, 8, Simulation execution completion, ,
20141121_1348_26, XTEAM, XTEAM Engine, participant_1, , ,
20141121_1348_26, XTEAM, XTEAM Engine, participant_1, , ,
20141121_1348_26, XTEAM, XTEAM Engine, participant_1, , ,
20141121_1348_31, Notification, XTEAM Engine, participant_1, 9, Simulation execution completion, ,
20141121_1348_31, XTEAM, XTEAM Engine, participant_1, , ,
20141121_1348_31, XTEAM, XTEAM Engine, participant_1, , ,
20141121_1348_31, XTEAM, XTEAM Engine, participant_1, , ,
20141121_1348_36, Notification, XTEAM Engine, participant_1, 10, Simulation execution completion, ,
20141121_1348_36, XTEAM, XTEAM Engine, participant_1, , ,
20141121_1348_36, XTEAM, XTEAM Engine, participant_1, , ,
20141121_1348_36, XTEAM, XTEAM Engine, participant_1, , ,
20141121_1349_34, Snapshot, FLAME Client, participant_0, 11, ,
20141121_1349_36, Notification, XTEAM Engine, participant_1, 11, Simulation execution beginning, ,
20141121_1350_01, Notification, XTEAM Engine, participant_1, 11, Simulation execution completion, ,
20141121_1350_01, XTEAM, XTEAM Engine, participant_1, , ,
20141121_1350_01, XTEAM, XTEAM Engine, participant_1, , ,
20141121_1350_01, XTEAM, XTEAM Engine, participant_1, , ,
20141121_1350_05, Design, FLAME Client, participant_0, 12, X`4c379791.2eea468a.a8abbb1d.e5fba9bb`ATTR`perform`Task`MON::Model [Task]`Aspect=xADLBehaviorAspect&Position=336.217`c270ab26.2fff4b88.bf50a288.2d000ee5`Process`MON::Model [Process]`executionTime=200&memoryUsage=39&taskInstruction=nextResult[thread_id] = new Result;|nextResult[thread_id]->getResultState().value() = 0;|nextResult[thread_id]->getResultID().value() = nextTask[thread_id]->getTaskID().value();|nextResult[thread_id]->getResultValue().value() = 1;````````````, ,
20141121_1350_05, Notification, XTEAM Engine, participant_0, 11, Simulation execution beginning, ,
20141121_1350_23, Design, FLAME Client, participant_0, 13, X`4c379791.2eea468a.a8abbb1d.e5fba9bb`ATTR`perform`Task`MON::Model [Task]`Aspect=xADLBehaviorAspect&Position=336.217`c270ab26.2fff4b88.bf50a288.2d000ee5`Process`MON::Model [Process]`executionTime=200&memoryUsage=92&taskInstruction=nextResult[thread_id] = new Result;|nextResult[thread_id]->getResultState().value() = 0;|nextResult[thread_id]->getResultID().value() = nextTask[thread_id]->getTaskID().value();|nextResult[thread_id]->getResultValue().value() = 1;````````````, ,
20141121_1350_24, Notification, XTEAM Engine, participant_0, 12, Simulation execution beginning, ,
20141121_1350_33, Notification, XTEAM Engine, participant_0, 11, Simulation execution completion, ,
20141121_1350_33, XTEAM, XTEAM Engine, participant_0, , ,
20141121_1350_33, XTEAM, XTEAM Engine, participant_0, , ,
20141121_1350_33, XTEAM, XTEAM Engine, participant_0, , ,
20141121_1350_49, Notification, XTEAM Engine, participant_0, 12, Simulation execution completion, ,
20141121_1350_49, XTEAM, XTEAM Engine, participant_0, , ,
20141121_1350_49, XTEAM, XTEAM Engine, participant_0, , ,
20141121_1350_49, XTEAM, XTEAM Engine, participant_0, , ,
20141121_1351_34, Design, FLAME Client, participant_1, 11, X`3f426f4b.6d164164.816fe575.67a4324f`ATTR`generate`Task`MON::Model [Task]`Aspect=xADLBehaviorAspect&Position=301.259`37598ce1.81784bb5.996843e8.1d554a61`Process`MON::Model [Process]`executionTime=7&memoryUsage=5500&taskInstruction=nextTask = new Task;|nextTask->getTaskState().value() = 0;|nextTask->getTaskID().value() = taskIDCounter->getNextTaskID().value()++;````````````, ,
20141121_1351_35, Notification, XTEAM Engine, participant_1, 12, Simulation execution beginning, ,
20141121_1351_37, Design, FLAME Client, participant_1, 12, X`3f426f4b.6d164164.816fe575.67a4324f`ATTR`generate`Task`MON::Model [Task]`Aspect=xADLBehaviorAspect&Position=301.259`37598ce1.81784bb5.996843e8.1d554a61`Process`MON::Model [Process]`executionTime=7&memoryUsage=11000&taskInstruction=nextTask = new Task;|nextTask->getTaskState().value() = 0;|nextTask->getTaskID().value() = taskIDCounter->getNextTaskID().value()++;````````````, ,
20141121_1351_38, Notification, XTEAM Engine, participant_1, 13, Simulation execution beginning, ,
20141121_1351_41, Design, FLAME Client, participant_1, 13, X`3a60805b.3a524f70.a064acd1.88108a11`ATTR`generate`Task`MON::Model [Task]`Aspect=xADLBehaviorAspect&Position=301.259`fd961ab4.712348fe.91a8653d.18529735`Process`MON::Model [Process]`executionTime=7&memoryUsage=5500&taskInstruction=nextTask = new Task;|nextTask->getTaskState().value() = 0;|nextTask->getTaskID().value() = taskIDCounter->getNextTaskID().value()++;````````````, ,
20141121_1351_43, Notification, XTEAM Engine, participant_1, 14, Simulation execution beginning, ,
20141121_1351_44, Design, FLAME Client, participant_1, 14, X`3a60805b.3a524f70.a064acd1.88108a11`ATTR`generate`Task`MON::Model [Task]`Aspect=xADLBehaviorAspect&Position=301.259`fd961ab4.712348fe.91a8653d.18529735`Process`MON::Model [Process]`executionTime=7&memoryUsage=11000&taskInstruction=nextTask = new Task;|nextTask->getTaskState().value() = 0;|nextTask->getTaskID().value() = taskIDCounter->getNextTaskID().value()++;````````````, ,
20141121_1351_45, Notification, XTEAM Engine, participant_1, 15, Simulation execution beginning, ,
20141121_1351_56, Design, FLAME Client, participant_1, 15, X`176369f9.b385435c.b2d59a0f.66ba660c`ATTR`Host_SubsetSum`Host`MON::Set [Host]`Aspect=xADLCoreAspect&Position=1610.385`bb42af9e.ee894de6.a8870ee2.566cbbfe`Architecture`MON::Model [Architecture]`receiveEnergyCost=101.280000&receiveEnergyOverhead=64.990000&transmitEnergyCost=330.000000&transmitEnergyOverhead=217.000000````````````, ,
20141121_1351_57, Notification, XTEAM Engine, participant_1, 16, Simulation execution beginning, ,
20141121_1352_02, Design, FLAME Client, participant_1, 16, X`176369f9.b385435c.b2d59a0f.66ba660c`ATTR`Host_SubsetSum`Host`MON::Set [Host]`Aspect=xADLCoreAspect&Position=1610.385`bb42af9e.ee894de6.a8870ee2.566cbbfe`Architecture`MON::Model [Architecture]`receiveEnergyCost=101.280000&receiveEnergyOverhead=64.990000&transmitEnergyCost=330.000000&transmitEnergyOverhead=429.000000````````````, ,
20141121_1352_03, Notification, XTEAM Engine, participant_1, 17, Simulation execution beginning, ,
20141121_1352_07, Design, FLAME Client, participant_1, 17, X`de311a94.5ac54159.8e7ae434.321ec71e`ATTR`HostSAT`Host`MON::Set [Host]`Aspect=xADLCoreAspect&Position=1610.497`bb42af9e.ee894de6.a8870ee2.566cbbfe`Architecture`MON::Model [Architecture]`receiveEnergyCost=101.280000&receiveEnergyOverhead=64.990000&transmitEnergyCost=330.000000&transmitEnergyOverhead=217.000000````````````, ,
20141121_1352_08, Notification, XTEAM Engine, participant_1, 18, Simulation execution beginning, ,
20141121_1352_10, Design, FLAME Client, participant_1, 18, X`de311a94.5ac54159.8e7ae434.321ec71e`ATTR`HostSAT`Host`MON::Set [Host]`Aspect=xADLCoreAspect&Position=1610.497`bb42af9e.ee894de6.a8870ee2.566cbbfe`Architecture`MON::Model [Architecture]`receiveEnergyCost=101.280000&receiveEnergyOverhead=64.990000&transmitEnergyCost=330.000000&transmitEnergyOverhead=429.000000````````````, ,
20141121_1352_11, Notification, XTEAM Engine, participant_1, 19, Simulation execution beginning, ,
20141121_1352_13, Notification, XTEAM Engine, participant_1, 12, Simulation execution completion, ,
20141121_1352_13, XTEAM, XTEAM Engine, participant_1, , ,
20141121_1352_13, XTEAM, XTEAM Engine, participant_1, , ,
20141121_1352_13, XTEAM, XTEAM Engine, participant_1, , ,
20141121_1352_17, Notification, XTEAM Engine, participant_1, 13, Simulation execution completion, ,
20141121_1352_17, XTEAM, XTEAM Engine, participant_1, , ,
20141121_1352_17, XTEAM, XTEAM Engine, participant_1, , ,
20141121_1352_17, XTEAM, XTEAM Engine, participant_1, , ,
20141121_1352_22, Notification, XTEAM Engine, participant_1, 14, Simulation execution completion, ,
20141121_1352_22, XTEAM, XTEAM Engine, participant_1, , ,
20141121_1352_22, XTEAM, XTEAM Engine, participant_1, , ,
20141121_1352_22, XTEAM, XTEAM Engine, participant_1, , ,
20141121_1352_24, Notification, XTEAM Engine, participant_1, 15, Simulation execution completion, ,
20141121_1352_24, XTEAM, XTEAM Engine, participant_1, , ,
20141121_1352_24, XTEAM, XTEAM Engine, participant_1, , ,
20141121_1352_24, XTEAM, XTEAM Engine, participant_1, , ,
20141121_1352_46, Notification, XTEAM Engine, participant_1, 16, Simulation execution completion, ,
20141121_1352_46, XTEAM, XTEAM Engine, participant_1, , ,
20141121_1352_46, XTEAM, XTEAM Engine, participant_1, , ,
20141121_1352_46, XTEAM, XTEAM Engine, participant_1, , ,
20141121_1352_48, Notification, XTEAM Engine, participant_1, 17, Simulation execution completion, ,
20141121_1352_48, XTEAM, XTEAM Engine, participant_1, , ,
20141121_1352_48, XTEAM, XTEAM Engine, participant_1, , ,
20141121_1352_48, XTEAM, XTEAM Engine, participant_1, , ,
20141121_1352_53, Notification, XTEAM Engine, participant_1, 18, Simulation execution completion, ,
20141121_1352_53, XTEAM, XTEAM Engine, participant_1, , ,
20141121_1352_53, XTEAM, XTEAM Engine, participant_1, , ,
20141121_1352_53, XTEAM, XTEAM Engine, participant_1, , ,
20141121_1352_54, Notification, XTEAM Engine, participant_1, 19, Simulation execution completion, ,
20141121_1352_54, XTEAM, XTEAM Engine, participant_1, , ,
20141121_1352_54, XTEAM, XTEAM Engine, participant_1, , ,
20141121_1352_54, XTEAM, XTEAM Engine, participant_1, , ,
20141121_1356_02, Design, FLAME Client, participant_0, 14, X`64e3f498.f1114939.ba695f73.d07188e3`ATTR`perform`Task`MON::Model [Task]`Aspect=xADLBehaviorAspect&Position=308.301`d640f4b9.22e14264.b459176e.af6b895e`Process`MON::Model [Process]`executionTime=200&memoryUsage=39&taskInstruction=nextResult[thread_id] = new Result;|nextResult[thread_id]->getResultState().value() = 0;|nextResult[thread_id]->getResultID().value() = nextTask[thread_id]->getTaskID().value();|nextResult[thread_id]->getResultValue().value() = 1;````````````, ,
20141121_1356_04, Notification, XTEAM Engine, participant_0, 13, Simulation execution beginning, ,
20141121_1356_06, Design, FLAME Client, participant_0, 15, X`64e3f498.f1114939.ba695f73.d07188e3`ATTR`perform`Task`MON::Model [Task]`Aspect=xADLBehaviorAspect&Position=308.301`d640f4b9.22e14264.b459176e.af6b895e`Process`MON::Model [Process]`executionTime=200&memoryUsage=92&taskInstruction=nextResult[thread_id] = new Result;|nextResult[thread_id]->getResultState().value() = 0;|nextResult[thread_id]->getResultID().value() = nextTask[thread_id]->getTaskID().value();|nextResult[thread_id]->getResultValue().value() = 1;````````````, ,
20141121_1356_08, Notification, XTEAM Engine, participant_0, 14, Simulation execution beginning, ,
20141121_1356_34, Notification, XTEAM Engine, participant_0, 13, Simulation execution completion, ,
20141121_1356_34, XTEAM, XTEAM Engine, participant_0, , ,
20141121_1356_34, XTEAM, XTEAM Engine, participant_0, , ,
20141121_1356_34, XTEAM, XTEAM Engine, participant_0, , ,
20141121_1356_37, Notification, XTEAM Engine, participant_0, 14, Simulation execution completion, ,
20141121_1356_37, XTEAM, XTEAM Engine, participant_0, , ,
20141121_1356_37, XTEAM, XTEAM Engine, participant_0, , ,
20141121_1356_37, XTEAM, XTEAM Engine, participant_0, , ,
20141121_1356_50, Design, FLAME Client, participant_0, 16, X`cdc6010e.7cf74d31.85daf3c3.1e9a4be8`ATTR`Host_Client`Host`MON::Set [Host]`Aspect=xADLCoreAspect&Position=28.560`bb42af9e.ee894de6.a8870ee2.566cbbfe`Architecture`MON::Model [Architecture]`receiveEnergyCost=150.010000&receiveEnergyOverhead=101.860000&transmitEnergyCost=514.000000&transmitEnergyOverhead=341.000000````````````, ,
20141121_1356_51, Notification, XTEAM Engine, participant_0, 15, Simulation execution beginning, ,
20141121_1356_56, Design, FLAME Client, participant_0, 17, X`cdc6010e.7cf74d31.85daf3c3.1e9a4be8`ATTR`Host_Client`Host`MON::Set [Host]`Aspect=xADLCoreAspect&Position=28.560`bb42af9e.ee894de6.a8870ee2.566cbbfe`Architecture`MON::Model [Architecture]`receiveEnergyCost=150.010000&receiveEnergyOverhead=101.860000&transmitEnergyCost=514.000000&transmitEnergyOverhead=755.000000````````````, ,
20141121_1356_57, Notification, XTEAM Engine, participant_0, 16, Simulation execution beginning, ,
20141121_1357_04, Design, FLAME Client, participant_0, 18, X`25fea250.79aa4baf.b62be506.e9d1819a`ATTR`Host_GCE`Host`MON::Set [Host]`Aspect=xADLCoreAspect&Position=161.560`bb42af9e.ee894de6.a8870ee2.566cbbfe`Architecture`MON::Model [Architecture]`receiveEnergyCost=150.010000&receiveEnergyOverhead=101.860000&transmitEnergyCost=514.000000&transmitEnergyOverhead=341.000000````````````, ,
20141121_1357_06, Notification, XTEAM Engine, participant_0, 17, Simulation execution beginning, ,
20141121_1357_10, Design, FLAME Client, participant_0, 19, X`25fea250.79aa4baf.b62be506.e9d1819a`ATTR`Host_GCE`Host`MON::Set [Host]`Aspect=xADLCoreAspect&Position=161.560`bb42af9e.ee894de6.a8870ee2.566cbbfe`Architecture`MON::Model [Architecture]`receiveEnergyCost=150.010000&receiveEnergyOverhead=101.860000&transmitEnergyCost=514.000000&transmitEnergyOverhead=755.000000````````````, ,
20141121_1357_11, Notification, XTEAM Engine, participant_0, 18, Simulation execution beginning, ,
20141121_1357_24, Notification, XTEAM Engine, participant_0, 15, Simulation execution completion, ,
20141121_1357_24, XTEAM, XTEAM Engine, participant_0, , ,
20141121_1357_24, XTEAM, XTEAM Engine, participant_0, , ,
20141121_1357_24, XTEAM, XTEAM Engine, participant_0, , ,
20141121_1357_31, Notification, XTEAM Engine, participant_0, 16, Simulation execution completion, ,
20141121_1357_31, XTEAM, XTEAM Engine, participant_0, , ,
20141121_1357_31, XTEAM, XTEAM Engine, participant_0, , ,
20141121_1357_31, XTEAM, XTEAM Engine, participant_0, , ,
20141121_1357_38, Notification, XTEAM Engine, participant_0, 17, Simulation execution completion, ,
20141121_1357_38, XTEAM, XTEAM Engine, participant_0, , ,
20141121_1357_38, XTEAM, XTEAM Engine, participant_0, , ,
20141121_1357_38, XTEAM, XTEAM Engine, participant_0, , ,
20141121_1357_42, Notification, XTEAM Engine, participant_0, 18, Simulation execution completion, ,
20141121_1357_42, XTEAM, XTEAM Engine, participant_0, , ,
20141121_1357_42, XTEAM, XTEAM Engine, participant_0, , ,
20141121_1357_42, XTEAM, XTEAM Engine, participant_0, , ,
20141121_1358_24, Snapshot, FLAME Client, participant_0, 20, ,
20141121_1358_26, Notification, XTEAM Engine, participant_1, 20, Simulation execution beginning, ,
20141121_1358_52, Notification, XTEAM Engine, participant_1, 20, Simulation execution completion, ,
20141121_1358_52, XTEAM, XTEAM Engine, participant_1, , ,
20141121_1358_52, XTEAM, XTEAM Engine, participant_1, , ,
20141121_1358_52, XTEAM, XTEAM Engine, participant_1, , ,
20141121_1359_08, Update, FLAME Client, participant_1, 19, ,
20141121_1400_06, Design, FLAME Client, participant_0, 21, X`56c0109d.8cd8436e.a4ee0eb1.96457ac8`REGISTRY`GoogleComputeEngine`Component`MON::Model [Component]`Aspect=xADLCoreAspect&Position=28.287`bb42af9e.ee894de6.a8870ee2.566cbbfe`Architecture`MON::Model [Architecture]`description=````````````, ,
20141121_1400_06, Notification, XTEAM Engine, participant_0, 19, Simulation execution beginning, ,
20141121_1400_16, Design, FLAME Client, participant_0, 22, X`4c379791.2eea468a.a8abbb1d.e5fba9bb`ATTR`perform`Task`MON::Model [Task]`Aspect=xADLBehaviorAspect&Position=336.217`c270ab26.2fff4b88.bf50a288.2d000ee5`Process`MON::Model [Process]`executionTime=350&memoryUsage=92&taskInstruction=nextResult[thread_id] = new Result;|nextResult[thread_id]->getResultState().value() = 0;|nextResult[thread_id]->getResultID().value() = nextTask[thread_id]->getTaskID().value();|nextResult[thread_id]->getResultValue().value() = 1;````````````, ,
20141121_1400_18, Notification, XTEAM Engine, participant_0, 20, Simulation execution beginning, ,
20141121_1400_22, Design, FLAME Client, participant_0, 23, X`4c379791.2eea468a.a8abbb1d.e5fba9bb`ATTR`perform`Task`MON::Model [Task]`Aspect=xADLBehaviorAspect&Position=336.217`c270ab26.2fff4b88.bf50a288.2d000ee5`Process`MON::Model [Process]`executionTime=350&memoryUsage=39&taskInstruction=nextResult[thread_id] = new Result;|nextResult[thread_id]->getResultState().value() = 0;|nextResult[thread_id]->getResultID().value() = nextTask[thread_id]->getTaskID().value();|nextResult[thread_id]->getResultValue().value() = 1;````````````, ,
20141121_1400_23, Notification, XTEAM Engine, participant_0, 21, Simulation execution beginning, ,
20141121_1400_34, Design, FLAME Client, participant_0, 24, X`cdc6010e.7cf74d31.85daf3c3.1e9a4be8`ATTR`Host_Client`Host`MON::Set [Host]`Aspect=xADLCoreAspect&Position=28.560`bb42af9e.ee894de6.a8870ee2.566cbbfe`Architecture`MON::Model [Architecture]`receiveEnergyCost=150.010000&receiveEnergyOverhead=101.860000&transmitEnergyCost=312.000000&transmitEnergyOverhead=755.000000````````````, ,
20141121_1400_35, Notification, XTEAM Engine, participant_0, 22, Simulation execution beginning, ,
20141121_1400_37, Notification, XTEAM Engine, participant_0, 19, Simulation execution completion, ,
20141121_1400_37, XTEAM, XTEAM Engine, participant_0, , ,
20141121_1400_37, XTEAM, XTEAM Engine, participant_0, , ,
20141121_1400_37, XTEAM, XTEAM Engine, participant_0, , ,
20141121_1400_41, Design, FLAME Client, participant_0, 25, X`cdc6010e.7cf74d31.85daf3c3.1e9a4be8`ATTR`Host_Client`Host`MON::Set [Host]`Aspect=xADLCoreAspect&Position=28.560`bb42af9e.ee894de6.a8870ee2.566cbbfe`Architecture`MON::Model [Architecture]`receiveEnergyCost=150.010000&receiveEnergyOverhead=101.860000&transmitEnergyCost=312.000000&transmitEnergyOverhead=341.000000````````````, ,
20141121_1400_43, Notification, XTEAM Engine, participant_0, 23, Simulation execution beginning, ,
20141121_1400_51, Notification, XTEAM Engine, participant_0, 20, Simulation execution completion, ,
20141121_1400_51, XTEAM, XTEAM Engine, participant_0, , ,
20141121_1400_51, XTEAM, XTEAM Engine, participant_0, , ,
20141121_1400_51, XTEAM, XTEAM Engine, participant_0, , ,
20141121_1400_56, Notification, XTEAM Engine, participant_0, 21, Simulation execution completion, ,
20141121_1400_56, XTEAM, XTEAM Engine, participant_0, , ,
20141121_1400_56, XTEAM, XTEAM Engine, participant_0, , ,
20141121_1400_56, XTEAM, XTEAM Engine, participant_0, , ,
20141121_1401_03, Snapshot, FLAME Client, participant_0, 26, ,
20141121_1401_04, Notification, XTEAM Engine, participant_1, 21, Simulation execution beginning, ,
20141121_1401_07, Notification, XTEAM Engine, participant_0, 22, Simulation execution completion, ,
20141121_1401_07, XTEAM, XTEAM Engine, participant_0, , ,
20141121_1401_07, XTEAM, XTEAM Engine, participant_0, , ,
20141121_1401_07, XTEAM, XTEAM Engine, participant_0, , ,
20141121_1401_13, Notification, XTEAM Engine, participant_0, 23, Simulation execution completion, ,
20141121_1401_13, XTEAM, XTEAM Engine, participant_0, , ,
20141121_1401_13, XTEAM, XTEAM Engine, participant_0, , ,
20141121_1401_13, XTEAM, XTEAM Engine, participant_0, , ,
20141121_1401_32, Notification, XTEAM Engine, participant_1, 21, Simulation execution completion, ,
20141121_1401_32, XTEAM, XTEAM Engine, participant_1, , ,
20141121_1401_32, XTEAM, XTEAM Engine, participant_1, , ,
20141121_1401_32, XTEAM, XTEAM Engine, participant_1, , ,
