TIME, Event name, OriginComponent, SenderUsername, EventID, Value, ,
20141128_0930_02, Login, FLAME Client, participant_0, , ,
20141128_0930_05, Login, XTEAM Engine, participant_0, , ,
20141128_0930_05, Login, FLAME Client, participant_1, , ,
20141128_0930_07, Login, XTEAM Engine, participant_1, , ,
20141128_0931_55, Design, FLAME Client, participant_1, 1, X`64e3f498.f1114939.ba695f73.d07188e3`ATTR`perform`Task`MON::Model [Task]`Aspect=xADLBehaviorAspect&Position=308.301`d640f4b9.22e14264.b459176e.af6b895e`Process`MON::Model [Process]`executionTime=350&memoryUsage=27&taskInstruction=nextResult[thread_id] = new Result;|nextResult[thread_id]->getResultState().value() = 0;|nextResult[thread_id]->getResultID().value() = nextTask[thread_id]->getTaskID().value();|nextResult[thread_id]->getResultValue().value() = 1;````````````, ,
20141128_0931_57, Notification, XTEAM Engine, participant_1, 1, Simulation execution beginning, ,
20141128_0932_13, Design, FLAME Client, participant_1, 2, X`64e3f498.f1114939.ba695f73.d07188e3`ATTR`perform`Task`MON::Model [Task]`Aspect=xADLBehaviorAspect&Position=308.301`d640f4b9.22e14264.b459176e.af6b895e`Process`MON::Model [Process]`executionTime=350&memoryUsage=39&taskInstruction=nextResult[thread_id] = new Result;|nextResult[thread_id]->getResultState().value() = 0;|nextResult[thread_id]->getResultID().value() = nextTask[thread_id]->getTaskID().value();|nextResult[thread_id]->getResultValue().value() = 1;````````````, ,
20141128_0932_14, Notification, XTEAM Engine, participant_1, 2, Simulation execution beginning, ,
20141128_0932_18, Design, FLAME Client, participant_0, 1, X`3f426f4b.6d164164.816fe575.67a4324f`ATTR`generate`Task`MON::Model [Task]`Aspect=xADLBehaviorAspect&Position=301.259`37598ce1.81784bb5.996843e8.1d554a61`Process`MON::Model [Process]`executionTime=7.5&memoryUsage=3&taskInstruction=nextTask = new Task;|nextTask->getTaskState().value() = 0;|nextTask->getTaskID().value() = taskIDCounter->getNextTaskID().value()++;````````````, ,
20141128_0932_19, Notification, XTEAM Engine, participant_0, 1, Simulation execution beginning, ,
20141128_0932_34, Notification, XTEAM Engine, participant_1, 1, Simulation execution completion, ,
20141128_0932_34, XTEAM, XTEAM Engine, participant_1, , ,
20141128_0932_34, XTEAM, XTEAM Engine, participant_1, , ,
20141128_0932_34, XTEAM, XTEAM Engine, participant_1, , ,
20141128_0932_47, Notification, XTEAM Engine, participant_1, 2, Simulation execution completion, ,
20141128_0932_47, XTEAM, XTEAM Engine, participant_1, , ,
20141128_0932_47, XTEAM, XTEAM Engine, participant_1, , ,
20141128_0932_47, XTEAM, XTEAM Engine, participant_1, , ,
20141128_0932_48, Design, FLAME Client, participant_1, 3, X`25fea250.79aa4baf.b62be506.e9d1819a`ATTR`Host_GCE`Host`MON::Set [Host]`Aspect=xADLCoreAspect&Position=161.560`bb42af9e.ee894de6.a8870ee2.566cbbfe`Architecture`MON::Model [Architecture]`receiveEnergyCost=150.010000&receiveEnergyOverhead=101.860000&transmitEnergyCost=312.000000&transmitEnergyOverhead=129.870000````````````, ,
20141128_0932_49, Notification, XTEAM Engine, participant_1, 3, Simulation execution beginning, ,
20141128_0932_51, Notification, XTEAM Engine, participant_0, 1, Simulation execution completion, ,
20141128_0932_51, XTEAM, XTEAM Engine, participant_0, , ,
20141128_0932_51, XTEAM, XTEAM Engine, participant_0, , ,
20141128_0932_51, XTEAM, XTEAM Engine, participant_0, , ,
20141128_0932_59, Design, FLAME Client, participant_1, 4, X`25fea250.79aa4baf.b62be506.e9d1819a`ATTR`Host_GCE`Host`MON::Set [Host]`Aspect=xADLCoreAspect&Position=161.560`bb42af9e.ee894de6.a8870ee2.566cbbfe`Architecture`MON::Model [Architecture]`receiveEnergyCost=150.010000&receiveEnergyOverhead=101.860000&transmitEnergyCost=312.000000&transmitEnergyOverhead=341.000000````````````, ,
20141128_0933_00, Notification, XTEAM Engine, participant_1, 4, Simulation execution beginning, ,
20141128_0933_13, Design, FLAME Client, participant_0, 2, X`176369f9.b385435c.b2d59a0f.66ba660c`ATTR`Host_SubsetSum`Host`MON::Set [Host]`Aspect=xADLCoreAspect&Position=1610.385`bb42af9e.ee894de6.a8870ee2.566cbbfe`Architecture`MON::Model [Architecture]`receiveEnergyCost=101.280000&receiveEnergyOverhead=64.990000&transmitEnergyCost=55.240000&transmitEnergyOverhead=217.000000````````````, ,
20141128_0933_14, Notification, XTEAM Engine, participant_0, 2, Simulation execution beginning, ,
20141128_0933_17, Design, FLAME Client, participant_0, 3, X`176369f9.b385435c.b2d59a0f.66ba660c`ATTR`Host_SubsetSum`Host`MON::Set [Host]`Aspect=xADLCoreAspect&Position=1610.385`bb42af9e.ee894de6.a8870ee2.566cbbfe`Architecture`MON::Model [Architecture]`receiveEnergyCost=101.280000&receiveEnergyOverhead=64.990000&transmitEnergyCost=182.000000&transmitEnergyOverhead=217.000000````````````, ,
20141128_0933_18, Notification, XTEAM Engine, participant_0, 3, Simulation execution beginning, ,
20141128_0933_25, Notification, XTEAM Engine, participant_1, 3, Simulation execution completion, ,
20141128_0933_25, XTEAM, XTEAM Engine, participant_1, , ,
20141128_0933_25, XTEAM, XTEAM Engine, participant_1, , ,
20141128_0933_25, XTEAM, XTEAM Engine, participant_1, , ,
20141128_0933_38, Notification, XTEAM Engine, participant_1, 4, Simulation execution completion, ,
20141128_0933_38, XTEAM, XTEAM Engine, participant_1, , ,
20141128_0933_38, XTEAM, XTEAM Engine, participant_1, , ,
20141128_0933_38, XTEAM, XTEAM Engine, participant_1, , ,
20141128_0933_47, Notification, XTEAM Engine, participant_0, 2, Simulation execution completion, ,
20141128_0933_47, XTEAM, XTEAM Engine, participant_0, , ,
20141128_0933_47, XTEAM, XTEAM Engine, participant_0, , ,
20141128_0933_47, XTEAM, XTEAM Engine, participant_0, , ,
20141128_0933_50, Notification, XTEAM Engine, participant_0, 3, Simulation execution completion, ,
20141128_0933_50, XTEAM, XTEAM Engine, participant_0, , ,
20141128_0933_50, XTEAM, XTEAM Engine, participant_0, , ,
20141128_0933_50, XTEAM, XTEAM Engine, participant_0, , ,
20141128_0934_08, Design, FLAME Client, participant_0, 4, X`3f426f4b.6d164164.816fe575.67a4324f`ATTR`generate`Task`MON::Model [Task]`Aspect=xADLBehaviorAspect&Position=301.259`37598ce1.81784bb5.996843e8.1d554a61`Process`MON::Model [Process]`executionTime=7&memoryUsage=3&taskInstruction=nextTask = new Task;|nextTask->getTaskState().value() = 0;|nextTask->getTaskID().value() = taskIDCounter->getNextTaskID().value()++;````````````, ,
20141128_0934_09, Notification, XTEAM Engine, participant_0, 4, Simulation execution beginning, ,
20141128_0934_25, Design, FLAME Client, participant_0, 5, X`3f426f4b.6d164164.816fe575.67a4324f`ATTR`generate`Task`MON::Model [Task]`Aspect=xADLBehaviorAspect&Position=301.259`37598ce1.81784bb5.996843e8.1d554a61`Process`MON::Model [Process]`executionTime=7&memoryUsage=5500&taskInstruction=nextTask = new Task;|nextTask->getTaskState().value() = 0;|nextTask->getTaskID().value() = taskIDCounter->getNextTaskID().value()++;````````````, ,
20141128_0934_26, Notification, XTEAM Engine, participant_0, 5, Simulation execution beginning, ,
20141128_0934_42, Notification, XTEAM Engine, participant_0, 4, Simulation execution completion, ,
20141128_0934_42, XTEAM, XTEAM Engine, participant_0, , ,
20141128_0934_42, XTEAM, XTEAM Engine, participant_0, , ,
20141128_0934_42, XTEAM, XTEAM Engine, participant_0, , ,
20141128_0934_56, Notification, XTEAM Engine, participant_0, 5, Simulation execution completion, ,
20141128_0934_56, XTEAM, XTEAM Engine, participant_0, , ,
20141128_0934_56, XTEAM, XTEAM Engine, participant_0, , ,
20141128_0934_56, XTEAM, XTEAM Engine, participant_0, , ,
20141128_0938_31, Design, FLAME Client, participant_1, 5, X`64e3f498.f1114939.ba695f73.d07188e3`ATTR`perform`Task`MON::Model [Task]`Aspect=xADLBehaviorAspect&Position=308.301`d640f4b9.22e14264.b459176e.af6b895e`Process`MON::Model [Process]`executionTime=200&memoryUsage=39&taskInstruction=nextResult[thread_id] = new Result;|nextResult[thread_id]->getResultState().value() = 0;|nextResult[thread_id]->getResultID().value() = nextTask[thread_id]->getTaskID().value();|nextResult[thread_id]->getResultValue().value() = 1;````````````, ,
20141128_0938_32, Notification, XTEAM Engine, participant_1, 5, Simulation execution beginning, ,
20141128_0938_56, Design, FLAME Client, participant_1, 6, X`64e3f498.f1114939.ba695f73.d07188e3`ATTR`perform`Task`MON::Model [Task]`Aspect=xADLBehaviorAspect&Position=308.301`d640f4b9.22e14264.b459176e.af6b895e`Process`MON::Model [Process]`executionTime=200&memoryUsage=92&taskInstruction=nextResult[thread_id] = new Result;|nextResult[thread_id]->getResultState().value() = 0;|nextResult[thread_id]->getResultID().value() = nextTask[thread_id]->getTaskID().value();|nextResult[thread_id]->getResultValue().value() = 1;````````````, ,
20141128_0938_57, Notification, XTEAM Engine, participant_1, 6, Simulation execution beginning, ,
20141128_0939_03, Notification, XTEAM Engine, participant_1, 5, Simulation execution completion, ,
20141128_0939_03, XTEAM, XTEAM Engine, participant_1, , ,
20141128_0939_03, XTEAM, XTEAM Engine, participant_1, , ,
20141128_0939_03, XTEAM, XTEAM Engine, participant_1, , ,
20141128_0939_26, Notification, XTEAM Engine, participant_1, 6, Simulation execution completion, ,
20141128_0939_26, XTEAM, XTEAM Engine, participant_1, , ,
20141128_0939_26, XTEAM, XTEAM Engine, participant_1, , ,
20141128_0939_26, XTEAM, XTEAM Engine, participant_1, , ,
20141128_0939_36, Design, FLAME Client, participant_0, 6, X`3f426f4b.6d164164.816fe575.67a4324f`ATTR`generate`Task`MON::Model [Task]`Aspect=xADLBehaviorAspect&Position=301.259`37598ce1.81784bb5.996843e8.1d554a61`Process`MON::Model [Process]`executionTime=7&memoryUsage=11000&taskInstruction=nextTask = new Task;|nextTask->getTaskState().value() = 0;|nextTask->getTaskID().value() = taskIDCounter->getNextTaskID().value()++;````````````, ,
20141128_0939_37, Notification, XTEAM Engine, participant_0, 6, Simulation execution beginning, ,
20141128_0939_40, Design, FLAME Client, participant_1, 7, X`25fea250.79aa4baf.b62be506.e9d1819a`ATTR`Host_GCE`Host`MON::Set [Host]`Aspect=xADLCoreAspect&Position=161.560`bb42af9e.ee894de6.a8870ee2.566cbbfe`Architecture`MON::Model [Architecture]`receiveEnergyCost=150.010000&receiveEnergyOverhead=101.860000&transmitEnergyCost=514.000000&transmitEnergyOverhead=341.000000````````````, ,
20141128_0939_41, Notification, XTEAM Engine, participant_1, 7, Simulation execution beginning, ,
20141128_0939_46, Design, FLAME Client, participant_1, 8, X`25fea250.79aa4baf.b62be506.e9d1819a`ATTR`Host_GCE`Host`MON::Set [Host]`Aspect=xADLCoreAspect&Position=161.560`bb42af9e.ee894de6.a8870ee2.566cbbfe`Architecture`MON::Model [Architecture]`receiveEnergyCost=150.010000&receiveEnergyOverhead=101.860000&transmitEnergyCost=514.000000&transmitEnergyOverhead=755.000000````````````, ,
20141128_0939_47, Notification, XTEAM Engine, participant_1, 8, Simulation execution beginning, ,
20141128_0940_13, Notification, XTEAM Engine, participant_0, 6, Simulation execution completion, ,
20141128_0940_13, XTEAM, XTEAM Engine, participant_0, , ,
20141128_0940_13, XTEAM, XTEAM Engine, participant_0, , ,
20141128_0940_13, XTEAM, XTEAM Engine, participant_0, , ,
20141128_0940_16, Notification, XTEAM Engine, participant_1, 7, Simulation execution completion, ,
20141128_0940_16, XTEAM, XTEAM Engine, participant_1, , ,
20141128_0940_16, XTEAM, XTEAM Engine, participant_1, , ,
20141128_0940_16, XTEAM, XTEAM Engine, participant_1, , ,
20141128_0940_21, Notification, XTEAM Engine, participant_1, 8, Simulation execution completion, ,
20141128_0940_21, XTEAM, XTEAM Engine, participant_1, , ,
20141128_0940_21, XTEAM, XTEAM Engine, participant_1, , ,
20141128_0940_21, XTEAM, XTEAM Engine, participant_1, , ,
20141128_0942_16, Design, FLAME Client, participant_0, 7, X`176369f9.b385435c.b2d59a0f.66ba660c`ATTR`Host_SubsetSum`Host`MON::Set [Host]`Aspect=xADLCoreAspect&Position=1610.385`bb42af9e.ee894de6.a8870ee2.566cbbfe`Architecture`MON::Model [Architecture]`receiveEnergyCost=101.280000&receiveEnergyOverhead=64.990000&transmitEnergyCost=330.000000&transmitEnergyOverhead=217.000000````````````, ,
20141128_0942_18, Notification, XTEAM Engine, participant_0, 7, Simulation execution beginning, ,
20141128_0942_23, Design, FLAME Client, participant_0, 8, X`176369f9.b385435c.b2d59a0f.66ba660c`ATTR`Host_SubsetSum`Host`MON::Set [Host]`Aspect=xADLCoreAspect&Position=1610.385`bb42af9e.ee894de6.a8870ee2.566cbbfe`Architecture`MON::Model [Architecture]`receiveEnergyCost=101.280000&receiveEnergyOverhead=64.990000&transmitEnergyCost=330.000000&transmitEnergyOverhead=427.000000````````````, ,
20141128_0942_24, Notification, XTEAM Engine, participant_0, 8, Simulation execution beginning, ,
20141128_0942_50, Notification, XTEAM Engine, participant_0, 7, Simulation execution completion, ,
20141128_0942_50, XTEAM, XTEAM Engine, participant_0, , ,
20141128_0942_50, XTEAM, XTEAM Engine, participant_0, , ,
20141128_0942_50, XTEAM, XTEAM Engine, participant_0, , ,
20141128_0942_55, Notification, XTEAM Engine, participant_0, 8, Simulation execution completion, ,
20141128_0942_55, XTEAM, XTEAM Engine, participant_0, , ,
20141128_0942_55, XTEAM, XTEAM Engine, participant_0, , ,
20141128_0942_55, XTEAM, XTEAM Engine, participant_0, , ,
20141128_0946_22, Design, FLAME Client, participant_1, 9, X`4c379791.2eea468a.a8abbb1d.e5fba9bb`ATTR`perform`Task`MON::Model [Task]`Aspect=xADLBehaviorAspect&Position=336.217`c270ab26.2fff4b88.bf50a288.2d000ee5`Process`MON::Model [Process]`executionTime=200&memoryUsage=27&taskInstruction=nextResult[thread_id] = new Result;|nextResult[thread_id]->getResultState().value() = 0;|nextResult[thread_id]->getResultID().value() = nextTask[thread_id]->getTaskID().value();|nextResult[thread_id]->getResultValue().value() = 1;````````````, ,
20141128_0946_23, Notification, XTEAM Engine, participant_1, 9, Simulation execution beginning, ,
20141128_0946_26, Design, FLAME Client, participant_0, 9, X`3a60805b.3a524f70.a064acd1.88108a11`ATTR`generate`Task`MON::Model [Task]`Aspect=xADLBehaviorAspect&Position=301.259`fd961ab4.712348fe.91a8653d.18529735`Process`MON::Model [Process]`executionTime=7&memoryUsage=3&taskInstruction=nextTask = new Task;|nextTask->getTaskState().value() = 0;|nextTask->getTaskID().value() = taskIDCounter->getNextTaskID().value()++;````````````, ,
20141128_0946_27, Notification, XTEAM Engine, participant_0, 9, Simulation execution beginning, ,
20141128_0946_32, Design, FLAME Client, participant_0, 10, X`3a60805b.3a524f70.a064acd1.88108a11`ATTR`generate`Task`MON::Model [Task]`Aspect=xADLBehaviorAspect&Position=301.259`fd961ab4.712348fe.91a8653d.18529735`Process`MON::Model [Process]`executionTime=7&memoryUsage=11000&taskInstruction=nextTask = new Task;|nextTask->getTaskState().value() = 0;|nextTask->getTaskID().value() = taskIDCounter->getNextTaskID().value()++;````````````, ,
20141128_0946_33, Notification, XTEAM Engine, participant_0, 10, Simulation execution beginning, ,
20141128_0946_41, Design, FLAME Client, participant_1, 10, X`4c379791.2eea468a.a8abbb1d.e5fba9bb`ATTR`perform`Task`MON::Model [Task]`Aspect=xADLBehaviorAspect&Position=336.217`c270ab26.2fff4b88.bf50a288.2d000ee5`Process`MON::Model [Process]`executionTime=200&memoryUsage=92&taskInstruction=nextResult[thread_id] = new Result;|nextResult[thread_id]->getResultState().value() = 0;|nextResult[thread_id]->getResultID().value() = nextTask[thread_id]->getTaskID().value();|nextResult[thread_id]->getResultValue().value() = 1;````````````, ,
20141128_0946_43, Notification, XTEAM Engine, participant_1, 10, Simulation execution beginning, ,
20141128_0946_44, Design, FLAME Client, participant_0, 11, X`de311a94.5ac54159.8e7ae434.321ec71e`ATTR`HostSAT`Host`MON::Set [Host]`Aspect=xADLCoreAspect&Position=1610.497`bb42af9e.ee894de6.a8870ee2.566cbbfe`Architecture`MON::Model [Architecture]`receiveEnergyCost=101.280000&receiveEnergyOverhead=64.990000&transmitEnergyCost=330.000000&transmitEnergyOverhead=82.450000````````````, ,
20141128_0946_45, Notification, XTEAM Engine, participant_0, 11, Simulation execution beginning, ,
20141128_0946_49, Design, FLAME Client, participant_0, 12, X`de311a94.5ac54159.8e7ae434.321ec71e`ATTR`HostSAT`Host`MON::Set [Host]`Aspect=xADLCoreAspect&Position=1610.497`bb42af9e.ee894de6.a8870ee2.566cbbfe`Architecture`MON::Model [Architecture]`receiveEnergyCost=101.280000&receiveEnergyOverhead=64.990000&transmitEnergyCost=330.000000&transmitEnergyOverhead=427.000000````````````, ,
20141128_0946_50, Notification, XTEAM Engine, participant_0, 12, Simulation execution beginning, ,
20141128_0947_03, XTEAM, XTEAM Engine, participant_1, , ,
20141128_0947_03, Notification, XTEAM Engine, participant_1, 9, Simulation execution completion, ,
20141128_0947_03, XTEAM, XTEAM Engine, participant_1, , ,
20141128_0947_03, XTEAM, XTEAM Engine, participant_1, , ,
20141128_0947_09, Notification, XTEAM Engine, participant_0, 9, Simulation execution completion, ,
20141128_0947_09, XTEAM, XTEAM Engine, participant_0, , ,
20141128_0947_09, XTEAM, XTEAM Engine, participant_0, , ,
20141128_0947_09, XTEAM, XTEAM Engine, participant_0, , ,
20141128_0947_14, Notification, XTEAM Engine, participant_0, 10, Simulation execution completion, ,
20141128_0947_14, XTEAM, XTEAM Engine, participant_0, , ,
20141128_0947_14, XTEAM, XTEAM Engine, participant_0, , ,
20141128_0947_14, XTEAM, XTEAM Engine, participant_0, , ,
20141128_0947_21, Notification, XTEAM Engine, participant_1, 10, Simulation execution completion, ,
20141128_0947_21, XTEAM, XTEAM Engine, participant_1, , ,
20141128_0947_21, XTEAM, XTEAM Engine, participant_1, , ,
20141128_0947_21, XTEAM, XTEAM Engine, participant_1, , ,
20141128_0947_23, Notification, XTEAM Engine, participant_0, 11, Simulation execution completion, ,
20141128_0947_23, XTEAM, XTEAM Engine, participant_0, , ,
20141128_0947_23, Design, FLAME Client, participant_1, 11, X`cdc6010e.7cf74d31.85daf3c3.1e9a4be8`ATTR`Host_Client`Host`MON::Set [Host]`Aspect=xADLCoreAspect&Position=28.560`bb42af9e.ee894de6.a8870ee2.566cbbfe`Architecture`MON::Model [Architecture]`receiveEnergyCost=150.010000&receiveEnergyOverhead=101.860000&transmitEnergyCost=514.000000&transmitEnergyOverhead=129.870000````````````, ,
20141128_0947_23, XTEAM, XTEAM Engine, participant_0, , ,
20141128_0947_23, XTEAM, XTEAM Engine, participant_0, , ,
20141128_0947_24, Notification, XTEAM Engine, participant_1, 11, Simulation execution beginning, ,
20141128_0947_25, Notification, XTEAM Engine, participant_0, 12, Simulation execution completion, ,
20141128_0947_25, XTEAM, XTEAM Engine, participant_0, , ,
20141128_0947_25, XTEAM, XTEAM Engine, participant_0, , ,
20141128_0947_25, XTEAM, XTEAM Engine, participant_0, , ,
20141128_0947_27, Design, FLAME Client, participant_1, 12, X`cdc6010e.7cf74d31.85daf3c3.1e9a4be8`ATTR`Host_Client`Host`MON::Set [Host]`Aspect=xADLCoreAspect&Position=28.560`bb42af9e.ee894de6.a8870ee2.566cbbfe`Architecture`MON::Model [Architecture]`receiveEnergyCost=150.010000&receiveEnergyOverhead=101.860000&transmitEnergyCost=514.000000&transmitEnergyOverhead=755.000000````````````, ,
20141128_0947_29, Notification, XTEAM Engine, participant_1, 12, Simulation execution beginning, ,
20141128_0947_30, Snapshot, FLAME Client, participant_0, 13, ,
20141128_0947_33, Notification, XTEAM Engine, participant_1, 13, Simulation execution beginning, ,
20141128_0948_02, Notification, XTEAM Engine, participant_1, 11, Simulation execution completion, ,
20141128_0948_02, XTEAM, XTEAM Engine, participant_1, , ,
20141128_0948_02, XTEAM, XTEAM Engine, participant_1, , ,
20141128_0948_02, XTEAM, XTEAM Engine, participant_1, , ,
20141128_0948_04, Notification, XTEAM Engine, participant_1, 12, Simulation execution completion, ,
20141128_0948_04, XTEAM, XTEAM Engine, participant_1, , ,
20141128_0948_04, XTEAM, XTEAM Engine, participant_1, , ,
20141128_0948_04, XTEAM, XTEAM Engine, participant_1, , ,
20141128_0948_08, Notification, XTEAM Engine, participant_1, 13, Simulation execution completion, ,
20141128_0948_08, XTEAM, XTEAM Engine, participant_1, , ,
20141128_0948_08, XTEAM, XTEAM Engine, participant_1, , ,
20141128_0948_08, XTEAM, XTEAM Engine, participant_1, , ,
20141128_0949_56, Update, FLAME Client, participant_1, 13, ,
20141128_0951_11, Design, FLAME Client, participant_1, 14, X`4c379791.2eea468a.a8abbb1d.e5fba9bb`ATTR`perform`Task`MON::Model [Task]`Aspect=xADLBehaviorAspect&Position=336.217`c270ab26.2fff4b88.bf50a288.2d000ee5`Process`MON::Model [Process]`executionTime=500&memoryUsage=92&taskInstruction=nextResult[thread_id] = new Result;|nextResult[thread_id]->getResultState().value() = 0;|nextResult[thread_id]->getResultID().value() = nextTask[thread_id]->getTaskID().value();|nextResult[thread_id]->getResultValue().value() = 1;````````````, ,
20141128_0951_12, Notification, XTEAM Engine, participant_1, 14, Simulation execution beginning, ,
20141128_0951_19, Design, FLAME Client, participant_1, 15, X`4c379791.2eea468a.a8abbb1d.e5fba9bb`ATTR`perform`Task`MON::Model [Task]`Aspect=xADLBehaviorAspect&Position=336.217`c270ab26.2fff4b88.bf50a288.2d000ee5`Process`MON::Model [Process]`executionTime=500&memoryUsage=27&taskInstruction=nextResult[thread_id] = new Result;|nextResult[thread_id]->getResultState().value() = 0;|nextResult[thread_id]->getResultID().value() = nextTask[thread_id]->getTaskID().value();|nextResult[thread_id]->getResultValue().value() = 1;````````````, ,
20141128_0951_20, Notification, XTEAM Engine, participant_1, 15, Simulation execution beginning, ,
20141128_0951_40, Design, FLAME Client, participant_1, 16, X`cdc6010e.7cf74d31.85daf3c3.1e9a4be8`ATTR`Host_Client`Host`MON::Set [Host]`Aspect=xADLCoreAspect&Position=28.560`bb42af9e.ee894de6.a8870ee2.566cbbfe`Architecture`MON::Model [Architecture]`receiveEnergyCost=150.010000&receiveEnergyOverhead=101.860000&transmitEnergyCost=105.110000&transmitEnergyOverhead=755.000000````````````, ,
20141128_0951_41, Notification, XTEAM Engine, participant_1, 16, Simulation execution beginning, ,
20141128_0951_46, Notification, XTEAM Engine, participant_1, 14, Simulation execution completion, ,
20141128_0951_46, XTEAM, XTEAM Engine, participant_1, , ,
20141128_0951_46, XTEAM, XTEAM Engine, participant_1, , ,
20141128_0951_46, XTEAM, XTEAM Engine, participant_1, , ,
20141128_0951_50, Design, FLAME Client, participant_1, 17, X`cdc6010e.7cf74d31.85daf3c3.1e9a4be8`ATTR`Host_Client`Host`MON::Set [Host]`Aspect=xADLCoreAspect&Position=28.560`bb42af9e.ee894de6.a8870ee2.566cbbfe`Architecture`MON::Model [Architecture]`receiveEnergyCost=150.010000&receiveEnergyOverhead=101.860000&transmitEnergyCost=105.110000&transmitEnergyOverhead=129.870000````````````, ,
20141128_0951_52, Notification, XTEAM Engine, participant_1, 17, Simulation execution beginning, ,
20141128_0951_53, Notification, XTEAM Engine, participant_1, 15, Simulation execution completion, ,
20141128_0951_53, XTEAM, XTEAM Engine, participant_1, , ,
20141128_0951_53, XTEAM, XTEAM Engine, participant_1, , ,
20141128_0951_53, XTEAM, XTEAM Engine, participant_1, , ,
20141128_0952_12, Notification, XTEAM Engine, participant_1, 16, Simulation execution completion, ,
20141128_0952_12, XTEAM, XTEAM Engine, participant_1, , ,
20141128_0952_12, XTEAM, XTEAM Engine, participant_1, , ,
20141128_0952_12, XTEAM, XTEAM Engine, participant_1, , ,
20141128_0952_21, Notification, XTEAM Engine, participant_1, 17, Simulation execution completion, ,
20141128_0952_21, XTEAM, XTEAM Engine, participant_1, , ,
20141128_0952_21, XTEAM, XTEAM Engine, participant_1, , ,
20141128_0952_21, XTEAM, XTEAM Engine, participant_1, , ,
20141128_0955_08, Design, FLAME Client, participant_1, 18, X`64e3f498.f1114939.ba695f73.d07188e3`ATTR`perform`Task`MON::Model [Task]`Aspect=xADLBehaviorAspect&Position=308.301`d640f4b9.22e14264.b459176e.af6b895e`Process`MON::Model [Process]`executionTime=350&memoryUsage=92&taskInstruction=nextResult[thread_id] = new Result;|nextResult[thread_id]->getResultState().value() = 0;|nextResult[thread_id]->getResultID().value() = nextTask[thread_id]->getTaskID().value();|nextResult[thread_id]->getResultValue().value() = 1;````````````, ,
20141128_0955_10, Notification, XTEAM Engine, participant_1, 18, Simulation execution beginning, ,
20141128_0955_12, Design, FLAME Client, participant_1, 19, X`64e3f498.f1114939.ba695f73.d07188e3`ATTR`perform`Task`MON::Model [Task]`Aspect=xADLBehaviorAspect&Position=308.301`d640f4b9.22e14264.b459176e.af6b895e`Process`MON::Model [Process]`executionTime=350&memoryUsage=39&taskInstruction=nextResult[thread_id] = new Result;|nextResult[thread_id]->getResultState().value() = 0;|nextResult[thread_id]->getResultID().value() = nextTask[thread_id]->getTaskID().value();|nextResult[thread_id]->getResultValue().value() = 1;````````````, ,
20141128_0955_14, Notification, XTEAM Engine, participant_1, 19, Simulation execution beginning, ,
20141128_0955_27, Design, FLAME Client, participant_1, 20, X`25fea250.79aa4baf.b62be506.e9d1819a`REGISTRY`Host_GCE`Host`MON::Set [Host]`Aspect=xADLCoreAspect&Position=161.560`bb42af9e.ee894de6.a8870ee2.566cbbfe`Architecture`MON::Model [Architecture]`receiveEnergyCost=150.010000&receiveEnergyOverhead=101.860000&transmitEnergyCost=514.000000&transmitEnergyOverhead=755.000000````````````, ,
20141128_0955_28, Notification, XTEAM Engine, participant_1, 20, Simulation execution beginning, ,
20141128_0955_39, Design, FLAME Client, participant_1, 21, X`25fea250.79aa4baf.b62be506.e9d1819a`ATTR`Host_GCE`Host`MON::Set [Host]`Aspect=xADLCoreAspect&Position=161.560`bb42af9e.ee894de6.a8870ee2.566cbbfe`Architecture`MON::Model [Architecture]`receiveEnergyCost=150.010000&receiveEnergyOverhead=101.860000&transmitEnergyCost=312.000000&transmitEnergyOverhead=755.000000````````````, ,
20141128_0955_40, Notification, XTEAM Engine, participant_1, 21, Simulation execution beginning, ,
20141128_0955_46, Notification, XTEAM Engine, participant_1, 18, Simulation execution completion, ,
20141128_0955_46, XTEAM, XTEAM Engine, participant_1, , ,
20141128_0955_46, XTEAM, XTEAM Engine, participant_1, , ,
20141128_0955_46, XTEAM, XTEAM Engine, participant_1, , ,
20141128_0955_47, Design, FLAME Client, participant_1, 22, X`25fea250.79aa4baf.b62be506.e9d1819a`ATTR`Host_GCE`Host`MON::Set [Host]`Aspect=xADLCoreAspect&Position=161.560`bb42af9e.ee894de6.a8870ee2.566cbbfe`Architecture`MON::Model [Architecture]`receiveEnergyCost=150.010000&receiveEnergyOverhead=101.860000&transmitEnergyCost=312.000000&transmitEnergyOverhead=341.000000````````````, ,
20141128_0955_48, Notification, XTEAM Engine, participant_1, 22, Simulation execution beginning, ,
20141128_0955_51, Notification, XTEAM Engine, participant_1, 19, Simulation execution completion, ,
20141128_0955_51, XTEAM, XTEAM Engine, participant_1, , ,
20141128_0955_51, XTEAM, XTEAM Engine, participant_1, , ,
20141128_0955_51, XTEAM, XTEAM Engine, participant_1, , ,
20141128_0956_02, Notification, XTEAM Engine, participant_1, 20, Simulation execution completion, ,
20141128_0956_02, XTEAM, XTEAM Engine, participant_1, , ,
20141128_0956_02, XTEAM, XTEAM Engine, participant_1, , ,
20141128_0956_02, XTEAM, XTEAM Engine, participant_1, , ,
20141128_0956_12, Notification, XTEAM Engine, participant_1, 21, Simulation execution completion, ,
20141128_0956_12, XTEAM, XTEAM Engine, participant_1, , ,
20141128_0956_12, XTEAM, XTEAM Engine, participant_1, , ,
20141128_0956_12, XTEAM, XTEAM Engine, participant_1, , ,
20141128_0956_19, Notification, XTEAM Engine, participant_1, 22, Simulation execution completion, ,
20141128_0956_19, XTEAM, XTEAM Engine, participant_1, , ,
20141128_0956_19, XTEAM, XTEAM Engine, participant_1, , ,
20141128_0956_19, XTEAM, XTEAM Engine, participant_1, , ,
20141128_0958_02, Design, FLAME Client, participant_0, 14, X`3a60805b.3a524f70.a064acd1.88108a11`ATTR`generate`Task`MON::Model [Task]`Aspect=xADLBehaviorAspect&Position=301.259`fd961ab4.712348fe.91a8653d.18529735`Process`MON::Model [Process]`executionTime=7.5&memoryUsage=11000&taskInstruction=nextTask = new Task;|nextTask->getTaskState().value() = 0;|nextTask->getTaskID().value() = taskIDCounter->getNextTaskID().value()++;````````````, ,
20141128_0958_03, Notification, XTEAM Engine, participant_0, 13, Simulation execution beginning, ,
20141128_0958_07, Design, FLAME Client, participant_0, 15, X`3a60805b.3a524f70.a064acd1.88108a11`ATTR`generate`Task`MON::Model [Task]`Aspect=xADLBehaviorAspect&Position=301.259`fd961ab4.712348fe.91a8653d.18529735`Process`MON::Model [Process]`executionTime=7.5&memoryUsage=5500&taskInstruction=nextTask = new Task;|nextTask->getTaskState().value() = 0;|nextTask->getTaskID().value() = taskIDCounter->getNextTaskID().value()++;````````````, ,
20141128_0958_08, Notification, XTEAM Engine, participant_0, 14, Simulation execution beginning, ,
20141128_0958_16, Design, FLAME Client, participant_0, 16, X`de311a94.5ac54159.8e7ae434.321ec71e`ATTR`HostSAT`Host`MON::Set [Host]`Aspect=xADLCoreAspect&Position=1610.497`bb42af9e.ee894de6.a8870ee2.566cbbfe`Architecture`MON::Model [Architecture]`receiveEnergyCost=101.280000&receiveEnergyOverhead=64.990000&transmitEnergyCost=182.000000&transmitEnergyOverhead=427.000000````````````, ,
20141128_0958_18, Notification, XTEAM Engine, participant_0, 15, Simulation execution beginning, ,
20141128_0958_20, Design, FLAME Client, participant_0, 17, X`de311a94.5ac54159.8e7ae434.321ec71e`ATTR`HostSAT`Host`MON::Set [Host]`Aspect=xADLCoreAspect&Position=1610.497`bb42af9e.ee894de6.a8870ee2.566cbbfe`Architecture`MON::Model [Architecture]`receiveEnergyCost=101.280000&receiveEnergyOverhead=64.990000&transmitEnergyCost=182.000000&transmitEnergyOverhead=217.000000````````````, ,
20141128_0958_21, Notification, XTEAM Engine, participant_0, 16, Simulation execution beginning, ,
20141128_0958_41, Notification, XTEAM Engine, participant_0, 13, Simulation execution completion, ,
20141128_0958_41, XTEAM, XTEAM Engine, participant_0, , ,
20141128_0958_41, XTEAM, XTEAM Engine, participant_0, , ,
20141128_0958_41, XTEAM, XTEAM Engine, participant_0, , ,
20141128_0958_45, Notification, XTEAM Engine, participant_0, 14, Simulation execution completion, ,
20141128_0958_45, XTEAM, XTEAM Engine, participant_0, , ,
20141128_0958_45, XTEAM, XTEAM Engine, participant_0, , ,
20141128_0958_45, XTEAM, XTEAM Engine, participant_0, , ,
20141128_0958_54, Notification, XTEAM Engine, participant_0, 15, Simulation execution completion, ,
20141128_0958_54, XTEAM, XTEAM Engine, participant_0, , ,
20141128_0958_54, XTEAM, XTEAM Engine, participant_0, , ,
20141128_0958_54, XTEAM, XTEAM Engine, participant_0, , ,
20141128_0958_56, Notification, XTEAM Engine, participant_0, 16, Simulation execution completion, ,
20141128_0958_56, XTEAM, XTEAM Engine, participant_0, , ,
20141128_0958_56, XTEAM, XTEAM Engine, participant_0, , ,
20141128_0958_56, XTEAM, XTEAM Engine, participant_0, , ,
20141128_0958_58, Snapshot, FLAME Client, participant_0, 18, ,
20141128_0959_00, Notification, XTEAM Engine, participant_1, 23, Simulation execution beginning, ,
20141128_0959_30, Notification, XTEAM Engine, participant_1, 23, Simulation execution completion, ,
20141128_0959_30, XTEAM, XTEAM Engine, participant_1, , ,
20141128_0959_30, XTEAM, XTEAM Engine, participant_1, , ,
20141128_0959_30, XTEAM, XTEAM Engine, participant_1, , ,
20141128_0959_39, Update, FLAME Client, participant_1, 23, ,
20141128_0959_42, Snapshot, FLAME Client, participant_1, 24, ,
20141128_0959_46, Notification, XTEAM Engine, participant_0, 17, Simulation execution beginning, ,
20141128_1000_18, Notification, XTEAM Engine, participant_0, 17, Simulation execution completion, ,
20141128_1000_18, XTEAM, XTEAM Engine, participant_0, , ,
20141128_1000_18, XTEAM, XTEAM Engine, participant_0, , ,
20141128_1000_18, XTEAM, XTEAM Engine, participant_0, , ,
