TIME, Event name, OriginComponent, SenderUsername, EventID, Value, ,
20141119_2011_27, Login, FLAME Client, participant_0, , ,
20141119_2011_30, Login, XTEAM Engine, participant_0, , ,
20141119_2011_35, Login, FLAME Client, participant_1, , ,
20141119_2011_38, Login, XTEAM Engine, participant_1, , ,
20141119_2013_42, Design, FLAME Client, participant_1, 1, X`3f426f4b.6d164164.816fe575.67a4324f`ATTR`generate`Task`MON::Model [Task]`Aspect=xADLBehaviorAspect&Position=301.259`37598ce1.81784bb5.996843e8.1d554a61`Process`MON::Model [Process]`executionTime=7&memoryUsage=3&taskInstruction=nextTask = new Task;|nextTask->getTaskState().value() = 0;|nextTask->getTaskID().value() = taskIDCounter->getNextTaskID().value()++;````````````, ,
20141119_2013_43, Notification, XTEAM Engine, participant_1, 1, Simulation execution beginning, ,
20141119_2013_50, Design, FLAME Client, participant_1, 2, X`3f426f4b.6d164164.816fe575.67a4324f`ATTR`generate`Task`MON::Model [Task]`Aspect=xADLBehaviorAspect&Position=301.259`37598ce1.81784bb5.996843e8.1d554a61`Process`MON::Model [Process]`executionTime=7&memoryUsage=5500&taskInstruction=nextTask = new Task;|nextTask->getTaskState().value() = 0;|nextTask->getTaskID().value() = taskIDCounter->getNextTaskID().value()++;````````````, ,
20141119_2013_52, Notification, XTEAM Engine, participant_1, 2, Simulation execution beginning, ,
20141119_2014_01, Snapshot, FLAME Client, participant_1, 3, ,
20141119_2014_03, Notification, XTEAM Engine, participant_0, 1, Simulation execution beginning, ,
20141119_2014_21, Notification, XTEAM Engine, participant_1, 1, Simulation execution completion, ,
20141119_2014_21, XTEAM, XTEAM Engine, participant_1, , ,
20141119_2014_21, XTEAM, XTEAM Engine, participant_1, , ,
20141119_2014_21, XTEAM, XTEAM Engine, participant_1, , ,
20141119_2014_27, Notification, XTEAM Engine, participant_1, 2, Simulation execution completion, ,
20141119_2014_27, XTEAM, XTEAM Engine, participant_1, , ,
20141119_2014_27, XTEAM, XTEAM Engine, participant_1, , ,
20141119_2014_27, XTEAM, XTEAM Engine, participant_1, , ,
20141119_2014_27, Design, FLAME Client, participant_1, 4, X`3a60805b.3a524f70.a064acd1.88108a11`ATTR`generate`Task`MON::Model [Task]`Aspect=xADLBehaviorAspect&Position=301.259`fd961ab4.712348fe.91a8653d.18529735`Process`MON::Model [Process]`executionTime=7&memoryUsage=3&taskInstruction=nextTask = new Task;|nextTask->getTaskState().value() = 0;|nextTask->getTaskID().value() = taskIDCounter->getNextTaskID().value()++;````````````, ,
20141119_2014_28, Notification, XTEAM Engine, participant_1, 3, Simulation execution beginning, ,
20141119_2014_32, Design, FLAME Client, participant_1, 5, X`3a60805b.3a524f70.a064acd1.88108a11`ATTR`generate`Task`MON::Model [Task]`Aspect=xADLBehaviorAspect&Position=301.259`fd961ab4.712348fe.91a8653d.18529735`Process`MON::Model [Process]`executionTime=7&memoryUsage=5500&taskInstruction=nextTask = new Task;|nextTask->getTaskState().value() = 0;|nextTask->getTaskID().value() = taskIDCounter->getNextTaskID().value()++;````````````, ,
20141119_2014_34, Notification, XTEAM Engine, participant_1, 4, Simulation execution beginning, ,
20141119_2014_37, Notification, XTEAM Engine, participant_0, 1, Simulation execution completion, ,
20141119_2014_37, XTEAM, XTEAM Engine, participant_0, , ,
20141119_2014_38, XTEAM, XTEAM Engine, participant_0, , ,
20141119_2014_38, XTEAM, XTEAM Engine, participant_0, , ,
20141119_2014_38, Snapshot, FLAME Client, participant_1, 6, ,
20141119_2014_39, Notification, XTEAM Engine, participant_0, 2, Simulation execution beginning, ,
20141119_2015_03, Notification, XTEAM Engine, participant_1, 3, Simulation execution completion, ,
20141119_2015_03, XTEAM, XTEAM Engine, participant_1, , ,
20141119_2015_03, XTEAM, XTEAM Engine, participant_1, , ,
20141119_2015_03, XTEAM, XTEAM Engine, participant_1, , ,
20141119_2015_07, Notification, XTEAM Engine, participant_1, 4, Simulation execution completion, ,
20141119_2015_07, XTEAM, XTEAM Engine, participant_1, , ,
20141119_2015_07, XTEAM, XTEAM Engine, participant_1, , ,
20141119_2015_07, XTEAM, XTEAM Engine, participant_1, , ,
20141119_2015_13, Notification, XTEAM Engine, participant_0, 2, Simulation execution completion, ,
20141119_2015_13, XTEAM, XTEAM Engine, participant_0, , ,
20141119_2015_13, XTEAM, XTEAM Engine, participant_0, , ,
20141119_2015_13, XTEAM, XTEAM Engine, participant_0, , ,
20141119_2015_21, Design, FLAME Client, participant_1, 7, X`3a60805b.3a524f70.a064acd1.88108a11`ATTR`generate`Task`MON::Model [Task]`Aspect=xADLBehaviorAspect&Position=301.259`fd961ab4.712348fe.91a8653d.18529735`Process`MON::Model [Process]`executionTime=6&memoryUsage=5500&taskInstruction=nextTask = new Task;|nextTask->getTaskState().value() = 0;|nextTask->getTaskID().value() = taskIDCounter->getNextTaskID().value()++;````````````, ,
20141119_2015_22, Notification, XTEAM Engine, participant_1, 5, Simulation execution beginning, ,
20141119_2015_31, Design, FLAME Client, participant_1, 8, X`3a60805b.3a524f70.a064acd1.88108a11`ATTR`generate`Task`MON::Model [Task]`Aspect=xADLBehaviorAspect&Position=301.259`fd961ab4.712348fe.91a8653d.18529735`Process`MON::Model [Process]`executionTime=6&memoryUsage=11000&taskInstruction=nextTask = new Task;|nextTask->getTaskState().value() = 0;|nextTask->getTaskID().value() = taskIDCounter->getNextTaskID().value()++;````````````, ,
20141119_2015_32, Notification, XTEAM Engine, participant_1, 6, Simulation execution beginning, ,
20141119_2015_33, Snapshot, FLAME Client, participant_1, 9, ,
20141119_2015_35, Notification, XTEAM Engine, participant_0, 3, Simulation execution beginning, ,
20141119_2016_00, Notification, XTEAM Engine, participant_1, 5, Simulation execution completion, ,
20141119_2016_00, XTEAM, XTEAM Engine, participant_1, , ,
20141119_2016_00, XTEAM, XTEAM Engine, participant_1, , ,
20141119_2016_00, XTEAM, XTEAM Engine, participant_1, , ,
20141119_2016_07, Notification, XTEAM Engine, participant_1, 6, Simulation execution completion, ,
20141119_2016_07, XTEAM, XTEAM Engine, participant_1, , ,
20141119_2016_07, XTEAM, XTEAM Engine, participant_1, , ,
20141119_2016_07, XTEAM, XTEAM Engine, participant_1, , ,
20141119_2016_08, Notification, XTEAM Engine, participant_0, 3, Simulation execution completion, ,
20141119_2016_08, XTEAM, XTEAM Engine, participant_0, , ,
20141119_2016_08, XTEAM, XTEAM Engine, participant_0, , ,
20141119_2016_08, XTEAM, XTEAM Engine, participant_0, , ,
20141119_2016_20, Design, FLAME Client, participant_1, 10, X`3f426f4b.6d164164.816fe575.67a4324f`ATTR`generate`Task`MON::Model [Task]`Aspect=xADLBehaviorAspect&Position=301.259`37598ce1.81784bb5.996843e8.1d554a61`Process`MON::Model [Process]`executionTime=6&memoryUsage=5500&taskInstruction=nextTask = new Task;|nextTask->getTaskState().value() = 0;|nextTask->getTaskID().value() = taskIDCounter->getNextTaskID().value()++;````````````, ,
20141119_2016_21, Notification, XTEAM Engine, participant_1, 7, Simulation execution beginning, ,
20141119_2016_27, Design, FLAME Client, participant_1, 11, X`3f426f4b.6d164164.816fe575.67a4324f`ATTR`generate`Task`MON::Model [Task]`Aspect=xADLBehaviorAspect&Position=301.259`37598ce1.81784bb5.996843e8.1d554a61`Process`MON::Model [Process]`executionTime=6&memoryUsage=11000&taskInstruction=nextTask = new Task;|nextTask->getTaskState().value() = 0;|nextTask->getTaskID().value() = taskIDCounter->getNextTaskID().value()++;````````````, ,
20141119_2016_28, Notification, XTEAM Engine, participant_1, 8, Simulation execution beginning, ,
20141119_2016_30, Snapshot, FLAME Client, participant_1, 12, ,
20141119_2016_31, Notification, XTEAM Engine, participant_0, 4, Simulation execution beginning, ,
20141119_2016_53, Design, FLAME Client, participant_0, 1, X`cdc6010e.7cf74d31.85daf3c3.1e9a4be8`ATTR`Host_Client`Host`MON::Set [Host]`Aspect=xADLCoreAspect&Position=28.560`bb42af9e.ee894de6.a8870ee2.566cbbfe`Architecture`MON::Model [Architecture]`receiveEnergyCost=150.010000&receiveEnergyOverhead=101.860000&transmitEnergyCost=312.000000&transmitEnergyOverhead=129.870000````````````, ,
20141119_2016_54, Notification, XTEAM Engine, participant_0, 5, Simulation execution beginning, ,
20141119_2016_56, Notification, XTEAM Engine, participant_1, 7, Simulation execution completion, ,
20141119_2016_56, XTEAM, XTEAM Engine, participant_1, , ,
20141119_2016_56, XTEAM, XTEAM Engine, participant_1, , ,
20141119_2016_56, XTEAM, XTEAM Engine, participant_1, , ,
20141119_2017_00, Design, FLAME Client, participant_0, 2, X`cdc6010e.7cf74d31.85daf3c3.1e9a4be8`ATTR`Host_Client`Host`MON::Set [Host]`Aspect=xADLCoreAspect&Position=28.560`bb42af9e.ee894de6.a8870ee2.566cbbfe`Architecture`MON::Model [Architecture]`receiveEnergyCost=150.010000&receiveEnergyOverhead=101.860000&transmitEnergyCost=312.000000&transmitEnergyOverhead=514.000000````````````, ,
20141119_2017_01, Notification, XTEAM Engine, participant_0, 6, Simulation execution beginning, ,
20141119_2017_03, Notification, XTEAM Engine, participant_1, 8, Simulation execution completion, ,
20141119_2017_03, XTEAM, XTEAM Engine, participant_1, , ,
20141119_2017_03, XTEAM, XTEAM Engine, participant_1, , ,
20141119_2017_03, XTEAM, XTEAM Engine, participant_1, , ,
20141119_2017_06, Notification, XTEAM Engine, participant_0, 4, Simulation execution completion, ,
20141119_2017_06, XTEAM, XTEAM Engine, participant_0, , ,
20141119_2017_06, XTEAM, XTEAM Engine, participant_0, , ,
20141119_2017_06, XTEAM, XTEAM Engine, participant_0, , ,
20141119_2017_25, Design, FLAME Client, participant_0, 3, X`4c379791.2eea468a.a8abbb1d.e5fba9bb`ATTR`perform`Task`MON::Model [Task]`Aspect=xADLBehaviorAspect&Position=336.217`c270ab26.2fff4b88.bf50a288.2d000ee5`Process`MON::Model [Process]`executionTime=350&memoryUsage=27&taskInstruction=nextResult[thread_id] = new Result;|nextResult[thread_id]->getResultState().value() = 0;|nextResult[thread_id]->getResultID().value() = nextTask[thread_id]->getTaskID().value();|nextResult[thread_id]->getResultValue().value() = 1;````````````, ,
20141119_2017_26, Notification, XTEAM Engine, participant_0, 7, Simulation execution beginning, ,
20141119_2017_27, Notification, XTEAM Engine, participant_0, 5, Simulation execution completion, ,
20141119_2017_27, XTEAM, XTEAM Engine, participant_0, , ,
20141119_2017_27, XTEAM, XTEAM Engine, participant_0, , ,
20141119_2017_27, XTEAM, XTEAM Engine, participant_0, , ,
20141119_2017_29, Design, FLAME Client, participant_0, 4, X`4c379791.2eea468a.a8abbb1d.e5fba9bb`ATTR`perform`Task`MON::Model [Task]`Aspect=xADLBehaviorAspect&Position=336.217`c270ab26.2fff4b88.bf50a288.2d000ee5`Process`MON::Model [Process]`executionTime=350&memoryUsage=32&taskInstruction=nextResult[thread_id] = new Result;|nextResult[thread_id]->getResultState().value() = 0;|nextResult[thread_id]->getResultID().value() = nextTask[thread_id]->getTaskID().value();|nextResult[thread_id]->getResultValue().value() = 1;````````````, ,
20141119_2017_30, Notification, XTEAM Engine, participant_0, 8, Simulation execution beginning, ,
20141119_2017_36, Notification, XTEAM Engine, participant_0, 6, Simulation execution completion, ,
20141119_2017_36, XTEAM, XTEAM Engine, participant_0, , ,
20141119_2017_36, XTEAM, XTEAM Engine, participant_0, , ,
20141119_2017_36, XTEAM, XTEAM Engine, participant_0, , ,
20141119_2017_36, Design, FLAME Client, participant_1, 13, X`176369f9.b385435c.b2d59a0f.66ba660c`ATTR`Host_SubsetSum`Host`MON::Set [Host]`Aspect=xADLCoreAspect&Position=1610.385`bb42af9e.ee894de6.a8870ee2.566cbbfe`Architecture`MON::Model [Architecture]`receiveEnergyCost=101.280000&receiveEnergyOverhead=64.990000&transmitEnergyCost=330.000000&transmitEnergyOverhead=82.450000````````````, ,
20141119_2017_38, Notification, XTEAM Engine, participant_1, 9, Simulation execution beginning, ,
20141119_2017_40, Design, FLAME Client, participant_1, 14, X`176369f9.b385435c.b2d59a0f.66ba660c`ATTR`Host_SubsetSum`Host`MON::Set [Host]`Aspect=xADLCoreAspect&Position=1610.385`bb42af9e.ee894de6.a8870ee2.566cbbfe`Architecture`MON::Model [Architecture]`receiveEnergyCost=101.280000&receiveEnergyOverhead=64.990000&transmitEnergyCost=330.000000&transmitEnergyOverhead=429.000000````````````, ,
20141119_2017_42, Notification, XTEAM Engine, participant_1, 10, Simulation execution beginning, ,
20141119_2017_44, Snapshot, FLAME Client, participant_1, 15, ,
20141119_2017_45, Notification, XTEAM Engine, participant_0, 9, Simulation execution beginning, ,
20141119_2017_50, Design, FLAME Client, participant_1, 16, X`de311a94.5ac54159.8e7ae434.321ec71e`ATTR`HostSAT`Host`MON::Set [Host]`Aspect=xADLCoreAspect&Position=1610.497`bb42af9e.ee894de6.a8870ee2.566cbbfe`Architecture`MON::Model [Architecture]`receiveEnergyCost=101.280000&receiveEnergyOverhead=64.990000&transmitEnergyCost=330.000000&transmitEnergyOverhead=82.450000````````````, ,
20141119_2017_52, Notification, XTEAM Engine, participant_1, 11, Simulation execution beginning, ,
20141119_2017_54, Design, FLAME Client, participant_1, 17, X`de311a94.5ac54159.8e7ae434.321ec71e`ATTR`HostSAT`Host`MON::Set [Host]`Aspect=xADLCoreAspect&Position=1610.497`bb42af9e.ee894de6.a8870ee2.566cbbfe`Architecture`MON::Model [Architecture]`receiveEnergyCost=101.280000&receiveEnergyOverhead=64.990000&transmitEnergyCost=330.000000&transmitEnergyOverhead=429.000000````````````, ,
20141119_2017_56, Notification, XTEAM Engine, participant_1, 12, Simulation execution beginning, ,
20141119_2017_58, Snapshot, FLAME Client, participant_1, 18, ,
20141119_2017_59, Notification, XTEAM Engine, participant_0, 10, Simulation execution beginning, ,
20141119_2018_06, Notification, XTEAM Engine, participant_0, 7, Simulation execution completion, ,
20141119_2018_06, XTEAM, XTEAM Engine, participant_0, , ,
20141119_2018_06, XTEAM, XTEAM Engine, participant_0, , ,
20141119_2018_06, XTEAM, XTEAM Engine, participant_0, , ,
20141119_2018_11, Notification, XTEAM Engine, participant_0, 8, Simulation execution completion, ,
20141119_2018_11, XTEAM, XTEAM Engine, participant_0, , ,
20141119_2018_11, XTEAM, XTEAM Engine, participant_0, , ,
20141119_2018_11, XTEAM, XTEAM Engine, participant_0, , ,
20141119_2018_21, Notification, XTEAM Engine, participant_1, 9, Simulation execution completion, ,
20141119_2018_21, XTEAM, XTEAM Engine, participant_1, , ,
20141119_2018_21, XTEAM, XTEAM Engine, participant_1, , ,
20141119_2018_21, XTEAM, XTEAM Engine, participant_1, , ,
20141119_2018_22, Notification, XTEAM Engine, participant_1, 10, Simulation execution completion, ,
20141119_2018_22, XTEAM, XTEAM Engine, participant_1, , ,
20141119_2018_22, XTEAM, XTEAM Engine, participant_1, , ,
20141119_2018_22, XTEAM, XTEAM Engine, participant_1, , ,
20141119_2018_24, Notification, XTEAM Engine, participant_0, 9, Simulation execution completion, ,
20141119_2018_24, XTEAM, XTEAM Engine, participant_0, , ,
20141119_2018_24, XTEAM, XTEAM Engine, participant_0, , ,
20141119_2018_24, XTEAM, XTEAM Engine, participant_0, , ,
20141119_2018_29, Notification, XTEAM Engine, participant_1, 11, Simulation execution completion, ,
20141119_2018_29, XTEAM, XTEAM Engine, participant_1, , ,
20141119_2018_29, XTEAM, XTEAM Engine, participant_1, , ,
20141119_2018_29, XTEAM, XTEAM Engine, participant_1, , ,
20141119_2018_31, Notification, XTEAM Engine, participant_1, 12, Simulation execution completion, ,
20141119_2018_31, XTEAM, XTEAM Engine, participant_1, , ,
20141119_2018_31, XTEAM, XTEAM Engine, participant_1, , ,
20141119_2018_31, XTEAM, XTEAM Engine, participant_1, , ,
20141119_2018_33, Notification, XTEAM Engine, participant_0, 10, Simulation execution completion, ,
20141119_2018_33, XTEAM, XTEAM Engine, participant_0, , ,
20141119_2018_34, XTEAM, XTEAM Engine, participant_0, , ,
20141119_2018_34, XTEAM, XTEAM Engine, participant_0, , ,
20141119_2019_46, Update, FLAME Client, participant_0, 5, ,
20141119_2020_08, Design, FLAME Client, participant_0, 6, X`56c0109d.8cd8436e.a4ee0eb1.96457ac8`REGISTRY`GoogleComputeEngine`Component`MON::Model [Component]`Aspect=xADLCoreAspect&Position=28.287`bb42af9e.ee894de6.a8870ee2.566cbbfe`Architecture`MON::Model [Architecture]`description=````````````, ,
20141119_2020_09, Notification, XTEAM Engine, participant_0, 11, Simulation execution beginning, ,
20141119_2020_33, Design, FLAME Client, participant_0, 7, X`64e3f498.f1114939.ba695f73.d07188e3`ATTR`perform`Task`MON::Model [Task]`Aspect=xADLBehaviorAspect&Position=308.301`d640f4b9.22e14264.b459176e.af6b895e`Process`MON::Model [Process]`executionTime=350&memoryUsage=27&taskInstruction=nextResult[thread_id] = new Result;|nextResult[thread_id]->getResultState().value() = 0;|nextResult[thread_id]->getResultID().value() = nextTask[thread_id]->getTaskID().value();|nextResult[thread_id]->getResultValue().value() = 1;````````````, ,
20141119_2020_34, Notification, XTEAM Engine, participant_0, 12, Simulation execution beginning, ,
20141119_2020_36, Design, FLAME Client, participant_0, 8, X`64e3f498.f1114939.ba695f73.d07188e3`ATTR`perform`Task`MON::Model [Task]`Aspect=xADLBehaviorAspect&Position=308.301`d640f4b9.22e14264.b459176e.af6b895e`Process`MON::Model [Process]`executionTime=350&memoryUsage=32&taskInstruction=nextResult[thread_id] = new Result;|nextResult[thread_id]->getResultState().value() = 0;|nextResult[thread_id]->getResultID().value() = nextTask[thread_id]->getTaskID().value();|nextResult[thread_id]->getResultValue().value() = 1;````````````, ,
20141119_2020_37, Notification, XTEAM Engine, participant_0, 13, Simulation execution beginning, ,
20141119_2020_42, Notification, XTEAM Engine, participant_0, 11, Simulation execution completion, ,
20141119_2020_42, XTEAM, XTEAM Engine, participant_0, , ,
20141119_2020_42, XTEAM, XTEAM Engine, participant_0, , ,
20141119_2020_42, XTEAM, XTEAM Engine, participant_0, , ,
20141119_2020_45, Design, FLAME Client, participant_0, 9, X`d676d709.fc564319.83d71565.666ccd84`REGISTRY`Group_GCE`Group`MON::Set [Group]`Aspect=xADLCoreAspect&Position=168.462`bb42af9e.ee894de6.a8870ee2.566cbbfe`Architecture`MON::Model [Architecture]`description=&threadPoolSize=150````````````, ,
20141119_2020_47, Notification, XTEAM Engine, participant_0, 14, Simulation execution beginning, ,
20141119_2020_48, Design, FLAME Client, participant_0, 10, X`d676d709.fc564319.83d71565.666ccd84`REGISTRY`Group_GCE`Group`MON::Set [Group]`Aspect=xADLCoreAspect&Position=154.455`bb42af9e.ee894de6.a8870ee2.566cbbfe`Architecture`MON::Model [Architecture]`description=&threadPoolSize=150````````````, ,
20141119_2020_49, Design, FLAME Client, participant_0, 11, X`d676d709.fc564319.83d71565.666ccd84`REGISTRY`Group_GCE`Group`MON::Set [Group]`Aspect=xADLCoreAspect&Position=161.455`bb42af9e.ee894de6.a8870ee2.566cbbfe`Architecture`MON::Model [Architecture]`description=&threadPoolSize=150````````````, ,
20141119_2020_50, Notification, XTEAM Engine, participant_0, 15, Simulation execution beginning, ,
20141119_2020_52, Notification, XTEAM Engine, participant_0, 16, Simulation execution beginning, ,
20141119_2020_59, Design, FLAME Client, participant_0, 12, X`25fea250.79aa4baf.b62be506.e9d1819a`ATTR`Host_GCE`Host`MON::Set [Host]`Aspect=xADLCoreAspect&Position=161.560`bb42af9e.ee894de6.a8870ee2.566cbbfe`Architecture`MON::Model [Architecture]`receiveEnergyCost=150.010000&receiveEnergyOverhead=101.860000&transmitEnergyCost=312.000000&transmitEnergyOverhead=129.870000````````````, ,
20141119_2021_00, Notification, XTEAM Engine, participant_0, 17, Simulation execution beginning, ,
20141119_2021_11, Notification, XTEAM Engine, participant_0, 12, Simulation execution completion, ,
20141119_2021_11, XTEAM, XTEAM Engine, participant_0, , ,
20141119_2021_11, XTEAM, XTEAM Engine, participant_0, , ,
20141119_2021_11, XTEAM, XTEAM Engine, participant_0, , ,
20141119_2021_13, Design, FLAME Client, participant_0, 13, X`25fea250.79aa4baf.b62be506.e9d1819a`ATTR`Host_GCE`Host`MON::Set [Host]`Aspect=xADLCoreAspect&Position=161.560`bb42af9e.ee894de6.a8870ee2.566cbbfe`Architecture`MON::Model [Architecture]`receiveEnergyCost=150.010000&receiveEnergyOverhead=101.860000&transmitEnergyCost=312.000000&transmitEnergyOverhead=341.000000````````````, ,
20141119_2021_15, Notification, XTEAM Engine, participant_0, 13, Simulation execution completion, ,
20141119_2021_15, XTEAM, XTEAM Engine, participant_0, , ,
20141119_2021_15, XTEAM, XTEAM Engine, participant_0, , ,
20141119_2021_15, XTEAM, XTEAM Engine, participant_0, , ,
20141119_2021_16, Notification, XTEAM Engine, participant_0, 18, Simulation execution beginning, ,
20141119_2021_24, Notification, XTEAM Engine, participant_0, 14, Simulation execution completion, ,
20141119_2021_24, XTEAM, XTEAM Engine, participant_0, , ,
20141119_2021_24, XTEAM, XTEAM Engine, participant_0, , ,
20141119_2021_24, XTEAM, XTEAM Engine, participant_0, , ,
20141119_2021_27, Notification, XTEAM Engine, participant_0, 15, Simulation execution completion, ,
20141119_2021_27, XTEAM, XTEAM Engine, participant_0, , ,
20141119_2021_27, XTEAM, XTEAM Engine, participant_0, , ,
20141119_2021_27, XTEAM, XTEAM Engine, participant_0, , ,
20141119_2021_30, Snapshot, FLAME Client, participant_0, 14, ,
20141119_2021_33, Notification, XTEAM Engine, participant_1, 13, Simulation execution beginning, ,
20141119_2021_47, Notification, XTEAM Engine, participant_0, 16, Simulation execution completion, ,
20141119_2021_47, XTEAM, XTEAM Engine, participant_0, , ,
20141119_2021_47, XTEAM, XTEAM Engine, participant_0, , ,
20141119_2021_47, XTEAM, XTEAM Engine, participant_0, , ,
20141119_2021_50, Notification, XTEAM Engine, participant_0, 17, Simulation execution completion, ,
20141119_2021_50, XTEAM, XTEAM Engine, participant_0, , ,
20141119_2021_50, XTEAM, XTEAM Engine, participant_0, , ,
20141119_2021_50, XTEAM, XTEAM Engine, participant_0, , ,
20141119_2021_54, Notification, XTEAM Engine, participant_0, 18, Simulation execution completion, ,
20141119_2021_54, XTEAM, XTEAM Engine, participant_0, , ,
20141119_2021_54, XTEAM, XTEAM Engine, participant_0, , ,
20141119_2021_54, XTEAM, XTEAM Engine, participant_0, , ,
20141119_2022_04, Notification, XTEAM Engine, participant_1, 13, Simulation execution completion, ,
20141119_2022_04, XTEAM, XTEAM Engine, participant_1, , ,
20141119_2022_04, XTEAM, XTEAM Engine, participant_1, , ,
20141119_2022_04, XTEAM, XTEAM Engine, participant_1, , ,
20141119_2022_13, Design, FLAME Client, participant_0, 15, X`64e3f498.f1114939.ba695f73.d07188e3`ATTR`perform`Task`MON::Model [Task]`Aspect=xADLBehaviorAspect&Position=308.301`d640f4b9.22e14264.b459176e.af6b895e`Process`MON::Model [Process]`executionTime=200&memoryUsage=32&taskInstruction=nextResult[thread_id] = new Result;|nextResult[thread_id]->getResultState().value() = 0;|nextResult[thread_id]->getResultID().value() = nextTask[thread_id]->getTaskID().value();|nextResult[thread_id]->getResultValue().value() = 1;````````````, ,
20141119_2022_14, Notification, XTEAM Engine, participant_0, 19, Simulation execution beginning, ,
20141119_2022_21, Design, FLAME Client, participant_0, 16, X`64e3f498.f1114939.ba695f73.d07188e3`ATTR`perform`Task`MON::Model [Task]`Aspect=xADLBehaviorAspect&Position=308.301`d640f4b9.22e14264.b459176e.af6b895e`Process`MON::Model [Process]`executionTime=200&memoryUsage=65&taskInstruction=nextResult[thread_id] = new Result;|nextResult[thread_id]->getResultState().value() = 0;|nextResult[thread_id]->getResultID().value() = nextTask[thread_id]->getTaskID().value();|nextResult[thread_id]->getResultValue().value() = 1;````````````, ,
20141119_2022_22, Notification, XTEAM Engine, participant_0, 20, Simulation execution beginning, ,
20141119_2022_46, Design, FLAME Client, participant_0, 17, X`25fea250.79aa4baf.b62be506.e9d1819a`ATTR`Host_GCE`Host`MON::Set [Host]`Aspect=xADLCoreAspect&Position=161.560`bb42af9e.ee894de6.a8870ee2.566cbbfe`Architecture`MON::Model [Architecture]`receiveEnergyCost=150.010000&receiveEnergyOverhead=101.860000&transmitEnergyCost=541.000000&transmitEnergyOverhead=341.000000````````````, ,
20141119_2022_47, Notification, XTEAM Engine, participant_0, 19, Simulation execution completion, ,
20141119_2022_47, XTEAM, XTEAM Engine, participant_0, , ,
20141119_2022_47, XTEAM, XTEAM Engine, participant_0, , ,
20141119_2022_47, XTEAM, XTEAM Engine, participant_0, , ,
20141119_2022_47, Notification, XTEAM Engine, participant_0, 21, Simulation execution beginning, ,
20141119_2022_51, Design, FLAME Client, participant_0, 18, X`25fea250.79aa4baf.b62be506.e9d1819a`ATTR`Host_GCE`Host`MON::Set [Host]`Aspect=xADLCoreAspect&Position=161.560`bb42af9e.ee894de6.a8870ee2.566cbbfe`Architecture`MON::Model [Architecture]`receiveEnergyCost=150.010000&receiveEnergyOverhead=101.860000&transmitEnergyCost=541.000000&transmitEnergyOverhead=755.000000````````````, ,
20141119_2022_52, Notification, XTEAM Engine, participant_0, 22, Simulation execution beginning, ,
20141119_2022_54, Notification, XTEAM Engine, participant_0, 20, Simulation execution completion, ,
20141119_2022_54, XTEAM, XTEAM Engine, participant_0, , ,
20141119_2022_54, XTEAM, XTEAM Engine, participant_0, , ,
20141119_2022_54, XTEAM, XTEAM Engine, participant_0, , ,
20141119_2023_17, Design, FLAME Client, participant_0, 19, X`25fea250.79aa4baf.b62be506.e9d1819a`ATTR`Host_GCE`Host`MON::Set [Host]`Aspect=xADLCoreAspect&Position=161.560`bb42af9e.ee894de6.a8870ee2.566cbbfe`Architecture`MON::Model [Architecture]`receiveEnergyCost=150.010000&receiveEnergyOverhead=101.860000&transmitEnergyCost=541.000000&transmitEnergyOverhead=341.000000````````````, ,
20141119_2023_17, Notification, XTEAM Engine, participant_0, 23, Simulation execution beginning, ,
20141119_2023_19, Notification, XTEAM Engine, participant_0, 21, Simulation execution completion, ,
20141119_2023_19, XTEAM, XTEAM Engine, participant_0, , ,
20141119_2023_19, XTEAM, XTEAM Engine, participant_0, , ,
20141119_2023_19, XTEAM, XTEAM Engine, participant_0, , ,
20141119_2023_24, Design, FLAME Client, participant_0, 20, X`25fea250.79aa4baf.b62be506.e9d1819a`ATTR`Host_GCE`Host`MON::Set [Host]`Aspect=xADLCoreAspect&Position=161.560`bb42af9e.ee894de6.a8870ee2.566cbbfe`Architecture`MON::Model [Architecture]`receiveEnergyCost=150.010000&receiveEnergyOverhead=101.860000&transmitEnergyCost=312.000000&transmitEnergyOverhead=341.000000````````````, ,
20141119_2023_25, Notification, XTEAM Engine, participant_0, 24, Simulation execution beginning, ,
20141119_2023_25, Notification, XTEAM Engine, participant_0, 22, Simulation execution completion, ,
20141119_2023_25, XTEAM, XTEAM Engine, participant_0, , ,
20141119_2023_25, XTEAM, XTEAM Engine, participant_0, , ,
20141119_2023_25, XTEAM, XTEAM Engine, participant_0, , ,
20141119_2023_47, Design, FLAME Client, participant_0, 21, X`64e3f498.f1114939.ba695f73.d07188e3`ATTR`perform`Task`MON::Model [Task]`Aspect=xADLBehaviorAspect&Position=308.301`d640f4b9.22e14264.b459176e.af6b895e`Process`MON::Model [Process]`executionTime=350&memoryUsage=65&taskInstruction=nextResult[thread_id] = new Result;|nextResult[thread_id]->getResultState().value() = 0;|nextResult[thread_id]->getResultID().value() = nextTask[thread_id]->getTaskID().value();|nextResult[thread_id]->getResultValue().value() = 1;````````````, ,
20141119_2023_48, Notification, XTEAM Engine, participant_0, 25, Simulation execution beginning, ,
20141119_2023_50, Notification, XTEAM Engine, participant_0, 23, Simulation execution completion, ,
20141119_2023_50, XTEAM, XTEAM Engine, participant_0, , ,
20141119_2023_50, XTEAM, XTEAM Engine, participant_0, , ,
20141119_2023_50, XTEAM, XTEAM Engine, participant_0, , ,
20141119_2023_50, Design, FLAME Client, participant_0, 22, X`64e3f498.f1114939.ba695f73.d07188e3`ATTR`perform`Task`MON::Model [Task]`Aspect=xADLBehaviorAspect&Position=308.301`d640f4b9.22e14264.b459176e.af6b895e`Process`MON::Model [Process]`executionTime=350&memoryUsage=32&taskInstruction=nextResult[thread_id] = new Result;|nextResult[thread_id]->getResultState().value() = 0;|nextResult[thread_id]->getResultID().value() = nextTask[thread_id]->getTaskID().value();|nextResult[thread_id]->getResultValue().value() = 1;````````````, ,
20141119_2023_51, Notification, XTEAM Engine, participant_0, 26, Simulation execution beginning, ,
20141119_2023_58, Notification, XTEAM Engine, participant_0, 24, Simulation execution completion, ,
20141119_2023_58, XTEAM, XTEAM Engine, participant_0, , ,
20141119_2023_58, XTEAM, XTEAM Engine, participant_0, , ,
20141119_2023_58, XTEAM, XTEAM Engine, participant_0, , ,
20141119_2024_19, Notification, XTEAM Engine, participant_0, 25, Simulation execution completion, ,
20141119_2024_19, XTEAM, XTEAM Engine, participant_0, , ,
20141119_2024_19, XTEAM, XTEAM Engine, participant_0, , ,
20141119_2024_19, XTEAM, XTEAM Engine, participant_0, , ,
20141119_2024_19, Design, FLAME Client, participant_1, 19, X`3f426f4b.6d164164.816fe575.67a4324f`ATTR`generate`Task`MON::Model [Task]`Aspect=xADLBehaviorAspect&Position=301.259`37598ce1.81784bb5.996843e8.1d554a61`Process`MON::Model [Process]`executionTime=7&memoryUsage=11000&taskInstruction=nextTask = new Task;|nextTask->getTaskState().value() = 0;|nextTask->getTaskID().value() = taskIDCounter->getNextTaskID().value()++;````````````, ,
20141119_2024_20, Notification, XTEAM Engine, participant_1, 14, Simulation execution beginning, ,
20141119_2024_23, Notification, XTEAM Engine, participant_0, 26, Simulation execution completion, ,
20141119_2024_23, XTEAM, XTEAM Engine, participant_0, , ,
20141119_2024_23, XTEAM, XTEAM Engine, participant_0, , ,
20141119_2024_23, XTEAM, XTEAM Engine, participant_0, , ,
20141119_2024_24, Design, FLAME Client, participant_1, 20, X`3f426f4b.6d164164.816fe575.67a4324f`ATTR`generate`Task`MON::Model [Task]`Aspect=xADLBehaviorAspect&Position=301.259`37598ce1.81784bb5.996843e8.1d554a61`Process`MON::Model [Process]`executionTime=7&memoryUsage=5500&taskInstruction=nextTask = new Task;|nextTask->getTaskState().value() = 0;|nextTask->getTaskID().value() = taskIDCounter->getNextTaskID().value()++;````````````, ,
20141119_2024_25, Notification, XTEAM Engine, participant_1, 15, Simulation execution beginning, ,
20141119_2024_28, Snapshot, FLAME Client, participant_1, 21, ,
20141119_2024_29, Notification, XTEAM Engine, participant_0, 27, Simulation execution beginning, ,
20141119_2024_54, Notification, XTEAM Engine, participant_1, 14, Simulation execution completion, ,
20141119_2024_54, XTEAM, XTEAM Engine, participant_1, , ,
20141119_2024_54, XTEAM, XTEAM Engine, participant_1, , ,
20141119_2024_54, XTEAM, XTEAM Engine, participant_1, , ,
20141119_2024_56, Design, FLAME Client, participant_1, 22, X`176369f9.b385435c.b2d59a0f.66ba660c`ATTR`Host_SubsetSum`Host`MON::Set [Host]`Aspect=xADLCoreAspect&Position=1610.385`bb42af9e.ee894de6.a8870ee2.566cbbfe`Architecture`MON::Model [Architecture]`receiveEnergyCost=101.280000&receiveEnergyOverhead=64.990000&transmitEnergyCost=182.000000&transmitEnergyOverhead=429.000000````````````, ,
20141119_2024_57, Notification, XTEAM Engine, participant_1, 16, Simulation execution beginning, ,
20141119_2024_59, Notification, XTEAM Engine, participant_1, 15, Simulation execution completion, ,
20141119_2024_59, XTEAM, XTEAM Engine, participant_1, , ,
20141119_2024_59, XTEAM, XTEAM Engine, participant_1, , ,
20141119_2024_59, XTEAM, XTEAM Engine, participant_1, , ,
20141119_2025_00, Design, FLAME Client, participant_1, 23, X`176369f9.b385435c.b2d59a0f.66ba660c`ATTR`Host_SubsetSum`Host`MON::Set [Host]`Aspect=xADLCoreAspect&Position=1610.385`bb42af9e.ee894de6.a8870ee2.566cbbfe`Architecture`MON::Model [Architecture]`receiveEnergyCost=101.280000&receiveEnergyOverhead=64.990000&transmitEnergyCost=182.000000&transmitEnergyOverhead=217.000000````````````, ,
20141119_2025_01, Notification, XTEAM Engine, participant_1, 17, Simulation execution beginning, ,
20141119_2025_03, Snapshot, FLAME Client, participant_1, 24, ,
20141119_2025_04, Notification, XTEAM Engine, participant_0, 27, Simulation execution completion, ,
20141119_2025_04, XTEAM, XTEAM Engine, participant_0, , ,
20141119_2025_04, XTEAM, XTEAM Engine, participant_0, , ,
20141119_2025_04, XTEAM, XTEAM Engine, participant_0, , ,
20141119_2025_04, Notification, XTEAM Engine, participant_0, 28, Simulation execution beginning, ,
20141119_2025_31, Update, FLAME Client, participant_0, 23, ,
20141119_2025_33, Notification, XTEAM Engine, participant_1, 16, Simulation execution completion, ,
20141119_2025_33, XTEAM, XTEAM Engine, participant_1, , ,
20141119_2025_33, XTEAM, XTEAM Engine, participant_1, , ,
20141119_2025_33, XTEAM, XTEAM Engine, participant_1, , ,
20141119_2025_37, Notification, XTEAM Engine, participant_1, 17, Simulation execution completion, ,
20141119_2025_37, XTEAM, XTEAM Engine, participant_1, , ,
20141119_2025_37, XTEAM, XTEAM Engine, participant_1, , ,
20141119_2025_37, XTEAM, XTEAM Engine, participant_1, , ,
20141119_2025_38, Notification, XTEAM Engine, participant_0, 28, Simulation execution completion, ,
20141119_2025_38, XTEAM, XTEAM Engine, participant_0, , ,
20141119_2025_38, XTEAM, XTEAM Engine, participant_0, , ,
20141119_2025_38, XTEAM, XTEAM Engine, participant_0, , ,
20141119_2026_22, Design, FLAME Client, participant_0, 24, X`cdc6010e.7cf74d31.85daf3c3.1e9a4be8`ATTR`Host_Client`Host`MON::Set [Host]`Aspect=xADLCoreAspect&Position=28.560`bb42af9e.ee894de6.a8870ee2.566cbbfe`Architecture`MON::Model [Architecture]`receiveEnergyCost=150.010000&receiveEnergyOverhead=101.860000&transmitEnergyCost=312.000000&transmitEnergyOverhead=341.000000````````````, ,
20141119_2026_24, Notification, XTEAM Engine, participant_0, 29, Simulation execution beginning, ,
20141119_2026_34, Snapshot, FLAME Client, participant_0, 25, ,
20141119_2026_36, Notification, XTEAM Engine, participant_1, 18, Simulation execution beginning, ,
20141119_2026_56, Notification, XTEAM Engine, participant_0, 29, Simulation execution completion, ,
20141119_2026_56, XTEAM, XTEAM Engine, participant_0, , ,
20141119_2026_56, XTEAM, XTEAM Engine, participant_0, , ,
20141119_2026_56, XTEAM, XTEAM Engine, participant_0, , ,
20141119_2027_05, Notification, XTEAM Engine, participant_1, 18, Simulation execution completion, ,
20141119_2027_05, XTEAM, XTEAM Engine, participant_1, , ,
20141119_2027_05, XTEAM, XTEAM Engine, participant_1, , ,
20141119_2027_05, XTEAM, XTEAM Engine, participant_1, , ,
20141119_2027_47, Design, FLAME Client, participant_0, 26, X`64e3f498.f1114939.ba695f73.d07188e3`ATTR`perform`Task`MON::Model [Task]`Aspect=xADLBehaviorAspect&Position=308.301`d640f4b9.22e14264.b459176e.af6b895e`Process`MON::Model [Process]`executionTime=200&memoryUsage=32&taskInstruction=nextResult[thread_id] = new Result;|nextResult[thread_id]->getResultState().value() = 0;|nextResult[thread_id]->getResultID().value() = nextTask[thread_id]->getTaskID().value();|nextResult[thread_id]->getResultValue().value() = 1;````````````, ,
20141119_2027_48, Notification, XTEAM Engine, participant_0, 30, Simulation execution beginning, ,
20141119_2027_52, Design, FLAME Client, participant_0, 27, X`64e3f498.f1114939.ba695f73.d07188e3`ATTR`perform`Task`MON::Model [Task]`Aspect=xADLBehaviorAspect&Position=308.301`d640f4b9.22e14264.b459176e.af6b895e`Process`MON::Model [Process]`executionTime=200&memoryUsage=65&taskInstruction=nextResult[thread_id] = new Result;|nextResult[thread_id]->getResultState().value() = 0;|nextResult[thread_id]->getResultID().value() = nextTask[thread_id]->getTaskID().value();|nextResult[thread_id]->getResultValue().value() = 1;````````````, ,
20141119_2027_53, Notification, XTEAM Engine, participant_0, 31, Simulation execution beginning, ,
20141119_2028_10, Design, FLAME Client, participant_0, 28, X`25fea250.79aa4baf.b62be506.e9d1819a`ATTR`Host_GCE`Host`MON::Set [Host]`Aspect=xADLCoreAspect&Position=161.560`bb42af9e.ee894de6.a8870ee2.566cbbfe`Architecture`MON::Model [Architecture]`receiveEnergyCost=150.010000&receiveEnergyOverhead=101.860000&transmitEnergyCost=514.000000&transmitEnergyOverhead=341.000000````````````, ,
20141119_2028_11, Notification, XTEAM Engine, participant_0, 32, Simulation execution beginning, ,
20141119_2028_15, Design, FLAME Client, participant_0, 29, X`25fea250.79aa4baf.b62be506.e9d1819a`ATTR`Host_GCE`Host`MON::Set [Host]`Aspect=xADLCoreAspect&Position=161.560`bb42af9e.ee894de6.a8870ee2.566cbbfe`Architecture`MON::Model [Architecture]`receiveEnergyCost=150.010000&receiveEnergyOverhead=101.860000&transmitEnergyCost=514.000000&transmitEnergyOverhead=755.000000````````````, ,
20141119_2028_16, Notification, XTEAM Engine, participant_0, 33, Simulation execution beginning, ,
20141119_2028_23, Notification, XTEAM Engine, participant_0, 30, Simulation execution completion, ,
20141119_2028_23, XTEAM, XTEAM Engine, participant_0, , ,
20141119_2028_23, XTEAM, XTEAM Engine, participant_0, , ,
20141119_2028_23, XTEAM, XTEAM Engine, participant_0, , ,
20141119_2028_24, Snapshot, FLAME Client, participant_0, 30, ,
20141119_2028_28, Notification, XTEAM Engine, participant_1, 19, Simulation execution beginning, ,
20141119_2028_29, Notification, XTEAM Engine, participant_0, 31, Simulation execution completion, ,
20141119_2028_29, XTEAM, XTEAM Engine, participant_0, , ,
20141119_2028_29, XTEAM, XTEAM Engine, participant_0, , ,
20141119_2028_29, XTEAM, XTEAM Engine, participant_0, , ,
20141119_2028_45, Notification, XTEAM Engine, participant_0, 32, Simulation execution completion, ,
20141119_2028_45, XTEAM, XTEAM Engine, participant_0, , ,
20141119_2028_45, XTEAM, XTEAM Engine, participant_0, , ,
20141119_2028_45, XTEAM, XTEAM Engine, participant_0, , ,
20141119_2028_51, Notification, XTEAM Engine, participant_0, 33, Simulation execution completion, ,
20141119_2028_51, XTEAM, XTEAM Engine, participant_0, , ,
20141119_2028_51, XTEAM, XTEAM Engine, participant_0, , ,
20141119_2028_51, XTEAM, XTEAM Engine, participant_0, , ,
20141119_2028_58, Notification, XTEAM Engine, participant_1, 19, Simulation execution completion, ,
20141119_2028_58, XTEAM, XTEAM Engine, participant_1, , ,
20141119_2028_58, XTEAM, XTEAM Engine, participant_1, , ,
20141119_2028_58, XTEAM, XTEAM Engine, participant_1, , ,
20141119_2030_08, Design, FLAME Client, participant_0, 31, X`64e3f498.f1114939.ba695f73.d07188e3`ATTR`perform`Task`MON::Model [Task]`Aspect=xADLBehaviorAspect&Position=308.301`d640f4b9.22e14264.b459176e.af6b895e`Process`MON::Model [Process]`executionTime=350&memoryUsage=65&taskInstruction=nextResult[thread_id] = new Result;|nextResult[thread_id]->getResultState().value() = 0;|nextResult[thread_id]->getResultID().value() = nextTask[thread_id]->getTaskID().value();|nextResult[thread_id]->getResultValue().value() = 1;````````````, ,
20141119_2030_09, Notification, XTEAM Engine, participant_0, 34, Simulation execution beginning, ,
20141119_2030_13, Design, FLAME Client, participant_0, 32, X`64e3f498.f1114939.ba695f73.d07188e3`ATTR`perform`Task`MON::Model [Task]`Aspect=xADLBehaviorAspect&Position=308.301`d640f4b9.22e14264.b459176e.af6b895e`Process`MON::Model [Process]`executionTime=350&memoryUsage=32&taskInstruction=nextResult[thread_id] = new Result;|nextResult[thread_id]->getResultState().value() = 0;|nextResult[thread_id]->getResultID().value() = nextTask[thread_id]->getTaskID().value();|nextResult[thread_id]->getResultValue().value() = 1;````````````, ,
20141119_2030_14, Notification, XTEAM Engine, participant_0, 35, Simulation execution beginning, ,
20141119_2030_26, Design, FLAME Client, participant_0, 33, X`25fea250.79aa4baf.b62be506.e9d1819a`ATTR`Host_GCE`Host`MON::Set [Host]`Aspect=xADLCoreAspect&Position=161.560`bb42af9e.ee894de6.a8870ee2.566cbbfe`Architecture`MON::Model [Architecture]`receiveEnergyCost=150.010000&receiveEnergyOverhead=101.860000&transmitEnergyCost=312.000000&transmitEnergyOverhead=755.000000````````````, ,
20141119_2030_27, Notification, XTEAM Engine, participant_0, 36, Simulation execution beginning, ,
20141119_2030_28, Design, FLAME Client, participant_1, 25, X`3a60805b.3a524f70.a064acd1.88108a11`ATTR`generate`Task`MON::Model [Task]`Aspect=xADLBehaviorAspect&Position=301.259`fd961ab4.712348fe.91a8653d.18529735`Process`MON::Model [Process]`executionTime=7&memoryUsage=11000&taskInstruction=nextTask = new Task;|nextTask->getTaskState().value() = 0;|nextTask->getTaskID().value() = taskIDCounter->getNextTaskID().value()++;````````````, ,
20141119_2030_29, Notification, XTEAM Engine, participant_1, 20, Simulation execution beginning, ,
20141119_2030_32, Design, FLAME Client, participant_0, 34, X`25fea250.79aa4baf.b62be506.e9d1819a`ATTR`Host_GCE`Host`MON::Set [Host]`Aspect=xADLCoreAspect&Position=161.560`bb42af9e.ee894de6.a8870ee2.566cbbfe`Architecture`MON::Model [Architecture]`receiveEnergyCost=150.010000&receiveEnergyOverhead=101.860000&transmitEnergyCost=312.000000&transmitEnergyOverhead=341.000000````````````, ,
20141119_2030_33, Design, FLAME Client, participant_1, 26, X`3a60805b.3a524f70.a064acd1.88108a11`ATTR`generate`Task`MON::Model [Task]`Aspect=xADLBehaviorAspect&Position=301.259`fd961ab4.712348fe.91a8653d.18529735`Process`MON::Model [Process]`executionTime=7&memoryUsage=5500&taskInstruction=nextTask = new Task;|nextTask->getTaskState().value() = 0;|nextTask->getTaskID().value() = taskIDCounter->getNextTaskID().value()++;````````````, ,
20141119_2030_34, Notification, XTEAM Engine, participant_0, 37, Simulation execution beginning, ,
20141119_2030_35, Notification, XTEAM Engine, participant_1, 21, Simulation execution beginning, ,
20141119_2030_36, Snapshot, FLAME Client, participant_0, 35, ,
20141119_2030_38, Notification, XTEAM Engine, participant_1, 22, Simulation execution beginning, ,
20141119_2030_50, Design, FLAME Client, participant_1, 27, X`de311a94.5ac54159.8e7ae434.321ec71e`ATTR`HostSAT`Host`MON::Set [Host]`Aspect=xADLCoreAspect&Position=1610.497`bb42af9e.ee894de6.a8870ee2.566cbbfe`Architecture`MON::Model [Architecture]`receiveEnergyCost=101.280000&receiveEnergyOverhead=64.990000&transmitEnergyCost=182.000000&transmitEnergyOverhead=429.000000````````````, ,
20141119_2030_50, Notification, XTEAM Engine, participant_0, 34, Simulation execution completion, ,
20141119_2030_50, XTEAM, XTEAM Engine, participant_0, , ,
20141119_2030_50, XTEAM, XTEAM Engine, participant_0, , ,
20141119_2030_50, XTEAM, XTEAM Engine, participant_0, , ,
20141119_2030_52, Notification, XTEAM Engine, participant_1, 23, Simulation execution beginning, ,
20141119_2030_54, Design, FLAME Client, participant_1, 28, X`de311a94.5ac54159.8e7ae434.321ec71e`ATTR`HostSAT`Host`MON::Set [Host]`Aspect=xADLCoreAspect&Position=1610.497`bb42af9e.ee894de6.a8870ee2.566cbbfe`Architecture`MON::Model [Architecture]`receiveEnergyCost=101.280000&receiveEnergyOverhead=64.990000&transmitEnergyCost=182.000000&transmitEnergyOverhead=217.000000````````````, ,
20141119_2030_55, Notification, XTEAM Engine, participant_1, 24, Simulation execution beginning, ,
20141119_2030_57, Notification, XTEAM Engine, participant_0, 35, Simulation execution completion, ,
20141119_2030_57, XTEAM, XTEAM Engine, participant_0, , ,
20141119_2030_57, XTEAM, XTEAM Engine, participant_0, , ,
20141119_2030_57, XTEAM, XTEAM Engine, participant_0, , ,
20141119_2030_58, Snapshot, FLAME Client, participant_1, 29, ,
20141119_2031_00, Notification, XTEAM Engine, participant_0, 38, Simulation execution beginning, ,
20141119_2031_05, Update, FLAME Client, participant_0, 36, ,
20141119_2031_11, Notification, XTEAM Engine, participant_0, 36, Simulation execution completion, ,
20141119_2031_11, XTEAM, XTEAM Engine, participant_0, , ,
20141119_2031_11, XTEAM, XTEAM Engine, participant_0, , ,
20141119_2031_11, XTEAM, XTEAM Engine, participant_0, , ,
20141119_2031_12, Notification, XTEAM Engine, participant_1, 20, Simulation execution completion, ,
20141119_2031_12, XTEAM, XTEAM Engine, participant_1, , ,
20141119_2031_12, XTEAM, XTEAM Engine, participant_1, , ,
20141119_2031_12, XTEAM, XTEAM Engine, participant_1, , ,
20141119_2031_17, Notification, XTEAM Engine, participant_0, 37, Simulation execution completion, ,
20141119_2031_17, XTEAM, XTEAM Engine, participant_0, , ,
20141119_2031_17, XTEAM, XTEAM Engine, participant_0, , ,
20141119_2031_17, XTEAM, XTEAM Engine, participant_0, , ,
20141119_2031_18, Notification, XTEAM Engine, participant_1, 21, Simulation execution completion, ,
20141119_2031_18, XTEAM, XTEAM Engine, participant_1, , ,
20141119_2031_18, XTEAM, XTEAM Engine, participant_1, , ,
20141119_2031_18, XTEAM, XTEAM Engine, participant_1, , ,
20141119_2031_20, Notification, XTEAM Engine, participant_1, 22, Simulation execution completion, ,
20141119_2031_20, XTEAM, XTEAM Engine, participant_1, , ,
20141119_2031_20, XTEAM, XTEAM Engine, participant_1, , ,
20141119_2031_20, XTEAM, XTEAM Engine, participant_1, , ,
20141119_2031_30, Notification, XTEAM Engine, participant_1, 23, Simulation execution completion, ,
20141119_2031_30, XTEAM, XTEAM Engine, participant_1, , ,
20141119_2031_30, XTEAM, XTEAM Engine, participant_1, , ,
20141119_2031_30, XTEAM, XTEAM Engine, participant_1, , ,
20141119_2031_34, Notification, XTEAM Engine, participant_0, 38, Simulation execution completion, ,
20141119_2031_34, XTEAM, XTEAM Engine, participant_0, , ,
20141119_2031_34, XTEAM, XTEAM Engine, participant_0, , ,
20141119_2031_34, XTEAM, XTEAM Engine, participant_0, , ,
20141119_2031_42, Notification, XTEAM Engine, participant_1, 24, Simulation execution completion, ,
20141119_2031_42, XTEAM, XTEAM Engine, participant_1, , ,
20141119_2031_42, XTEAM, XTEAM Engine, participant_1, , ,
20141119_2031_42, XTEAM, XTEAM Engine, participant_1, , ,
