TIME, Event name, OriginComponent, SenderUsername, EventID, Value, ,
20141129_2022_47, Login, FLAME Client, participant_0, , ,
20141129_2022_50, Login, XTEAM Engine, participant_0, , ,
20141129_2022_51, Login, FLAME Client, participant_1, , ,
20141129_2022_54, Login, XTEAM Engine, participant_1, , ,
20141129_2023_55, Design, FLAME Client, participant_1, 1, X`176369f9.b385435c.b2d59a0f.66ba660c`ATTR`Host_SubsetSum`Host`MON::Set [Host]`Aspect=xADLCoreAspect&Position=1610.385`bb42af9e.ee894de6.a8870ee2.566cbbfe`Architecture`MON::Model [Architecture]`receiveEnergyCost=101.280000&receiveEnergyOverhead=64.990000&transmitEnergyCost=330.000000&transmitEnergyOverhead=82.450000````````````, ,
20141129_2023_56, Notification, XTEAM Engine, participant_1, 1, Simulation execution beginning, ,
20141129_2023_58, Design, FLAME Client, participant_1, 2, X`176369f9.b385435c.b2d59a0f.66ba660c`ATTR`Host_SubsetSum`Host`MON::Set [Host]`Aspect=xADLCoreAspect&Position=1610.385`bb42af9e.ee894de6.a8870ee2.566cbbfe`Architecture`MON::Model [Architecture]`receiveEnergyCost=101.280000&receiveEnergyOverhead=64.990000&transmitEnergyCost=330.000000&transmitEnergyOverhead=429.000000````````````, ,
20141129_2023_59, Design, FLAME Client, participant_0, 1, X`cdc6010e.7cf74d31.85daf3c3.1e9a4be8`ATTR`Host_Client`Host`MON::Set [Host]`Aspect=xADLCoreAspect&Position=28.560`bb42af9e.ee894de6.a8870ee2.566cbbfe`Architecture`MON::Model [Architecture]`receiveEnergyCost=150.010000&receiveEnergyOverhead=101.860000&transmitEnergyCost=514.000000&transmitEnergyOverhead=129.870000````````````, ,
20141129_2023_59, Notification, XTEAM Engine, participant_1, 2, Simulation execution beginning, ,
20141129_2024_00, Notification, XTEAM Engine, participant_0, 1, Simulation execution beginning, ,
20141129_2024_02, Design, FLAME Client, participant_1, 3, X`de311a94.5ac54159.8e7ae434.321ec71e`ATTR`HostSAT`Host`MON::Set [Host]`Aspect=xADLCoreAspect&Position=1610.497`bb42af9e.ee894de6.a8870ee2.566cbbfe`Architecture`MON::Model [Architecture]`receiveEnergyCost=101.280000&receiveEnergyOverhead=64.990000&transmitEnergyCost=330.000000&transmitEnergyOverhead=82.450000````````````, ,
20141129_2024_03, Notification, XTEAM Engine, participant_1, 3, Simulation execution beginning, ,
20141129_2024_03, Design, FLAME Client, participant_0, 2, X`cdc6010e.7cf74d31.85daf3c3.1e9a4be8`ATTR`Host_Client`Host`MON::Set [Host]`Aspect=xADLCoreAspect&Position=28.560`bb42af9e.ee894de6.a8870ee2.566cbbfe`Architecture`MON::Model [Architecture]`receiveEnergyCost=150.010000&receiveEnergyOverhead=101.860000&transmitEnergyCost=514.000000&transmitEnergyOverhead=755.000000````````````, ,
20141129_2024_05, Notification, XTEAM Engine, participant_0, 2, Simulation execution beginning, ,
20141129_2024_06, Design, FLAME Client, participant_1, 4, X`de311a94.5ac54159.8e7ae434.321ec71e`ATTR`HostSAT`Host`MON::Set [Host]`Aspect=xADLCoreAspect&Position=1610.497`bb42af9e.ee894de6.a8870ee2.566cbbfe`Architecture`MON::Model [Architecture]`receiveEnergyCost=101.280000&receiveEnergyOverhead=64.990000&transmitEnergyCost=330.000000&transmitEnergyOverhead=429.000000````````````, ,
20141129_2024_07, Notification, XTEAM Engine, participant_1, 4, Simulation execution beginning, ,
20141129_2024_10, Design, FLAME Client, participant_0, 3, X`25fea250.79aa4baf.b62be506.e9d1819a`ATTR`Host_GCE`Host`MON::Set [Host]`Aspect=xADLCoreAspect&Position=161.560`bb42af9e.ee894de6.a8870ee2.566cbbfe`Architecture`MON::Model [Architecture]`receiveEnergyCost=150.010000&receiveEnergyOverhead=101.860000&transmitEnergyCost=514.000000&transmitEnergyOverhead=129.870000````````````, ,
20141129_2024_11, Notification, XTEAM Engine, participant_0, 3, Simulation execution beginning, ,
20141129_2024_14, Design, FLAME Client, participant_0, 4, X`25fea250.79aa4baf.b62be506.e9d1819a`ATTR`Host_GCE`Host`MON::Set [Host]`Aspect=xADLCoreAspect&Position=161.560`bb42af9e.ee894de6.a8870ee2.566cbbfe`Architecture`MON::Model [Architecture]`receiveEnergyCost=150.010000&receiveEnergyOverhead=101.860000&transmitEnergyCost=514.000000&transmitEnergyOverhead=755.000000````````````, ,
20141129_2024_16, Notification, XTEAM Engine, participant_0, 4, Simulation execution beginning, ,
20141129_2024_19, Design, FLAME Client, participant_1, 5, X`3f426f4b.6d164164.816fe575.67a4324f`ATTR`generate`Task`MON::Model [Task]`Aspect=xADLBehaviorAspect&Position=301.259`37598ce1.81784bb5.996843e8.1d554a61`Process`MON::Model [Process]`executionTime=6&memoryUsage=3&taskInstruction=nextTask = new Task;|nextTask->getTaskState().value() = 0;|nextTask->getTaskID().value() = taskIDCounter->getNextTaskID().value()++;````````````, ,
20141129_2024_20, Notification, XTEAM Engine, participant_1, 5, Simulation execution beginning, ,
20141129_2024_25, Design, FLAME Client, participant_1, 6, X`3f426f4b.6d164164.816fe575.67a4324f`ATTR`generate`Task`MON::Model [Task]`Aspect=xADLBehaviorAspect&Position=301.259`37598ce1.81784bb5.996843e8.1d554a61`Process`MON::Model [Process]`executionTime=6&memoryUsage=11000&taskInstruction=nextTask = new Task;|nextTask->getTaskState().value() = 0;|nextTask->getTaskID().value() = taskIDCounter->getNextTaskID().value()++;````````````, ,
20141129_2024_27, Notification, XTEAM Engine, participant_1, 6, Simulation execution beginning, ,
20141129_2024_34, Design, FLAME Client, participant_1, 7, X`3a60805b.3a524f70.a064acd1.88108a11`ATTR`generate`Task`MON::Model [Task]`Aspect=xADLBehaviorAspect&Position=301.259`fd961ab4.712348fe.91a8653d.18529735`Process`MON::Model [Process]`executionTime=6&memoryUsage=3&taskInstruction=nextTask = new Task;|nextTask->getTaskState().value() = 0;|nextTask->getTaskID().value() = taskIDCounter->getNextTaskID().value()++;````````````, ,
20141129_2024_35, Design, FLAME Client, participant_0, 5, X`4c379791.2eea468a.a8abbb1d.e5fba9bb`ATTR`perform`Task`MON::Model [Task]`Aspect=xADLBehaviorAspect&Position=336.217`c270ab26.2fff4b88.bf50a288.2d000ee5`Process`MON::Model [Process]`executionTime=200&memoryUsage=27&taskInstruction=nextResult[thread_id] = new Result;|nextResult[thread_id]->getResultState().value() = 0;|nextResult[thread_id]->getResultID().value() = nextTask[thread_id]->getTaskID().value();|nextResult[thread_id]->getResultValue().value() = 1;````````````, ,
20141129_2024_37, Notification, XTEAM Engine, participant_0, 5, Simulation execution beginning, ,
20141129_2024_37, Notification, XTEAM Engine, participant_1, 7, Simulation execution beginning, ,
20141129_2024_37, Design, FLAME Client, participant_0, 6, X`4c379791.2eea468a.a8abbb1d.e5fba9bb`ATTR`perform`Task`MON::Model [Task]`Aspect=xADLBehaviorAspect&Position=336.217`c270ab26.2fff4b88.bf50a288.2d000ee5`Process`MON::Model [Process]`executionTime=200&memoryUsage=65&taskInstruction=nextResult[thread_id] = new Result;|nextResult[thread_id]->getResultState().value() = 0;|nextResult[thread_id]->getResultID().value() = nextTask[thread_id]->getTaskID().value();|nextResult[thread_id]->getResultValue().value() = 1;````````````, ,
20141129_2024_38, Notification, XTEAM Engine, participant_0, 6, Simulation execution beginning, ,
20141129_2024_38, Design, FLAME Client, participant_1, 8, X`3a60805b.3a524f70.a064acd1.88108a11`ATTR`generate`Task`MON::Model [Task]`Aspect=xADLBehaviorAspect&Position=301.259`fd961ab4.712348fe.91a8653d.18529735`Process`MON::Model [Process]`executionTime=6&memoryUsage=11000&taskInstruction=nextTask = new Task;|nextTask->getTaskState().value() = 0;|nextTask->getTaskID().value() = taskIDCounter->getNextTaskID().value()++;````````````, ,
20141129_2024_40, Notification, XTEAM Engine, participant_1, 8, Simulation execution beginning, ,
20141129_2024_40, Snapshot, FLAME Client, participant_1, 9, ,
20141129_2024_41, Notification, XTEAM Engine, participant_1, 1, Simulation execution completion, ,
20141129_2024_41, XTEAM, XTEAM Engine, participant_1, , ,
20141129_2024_41, XTEAM, XTEAM Engine, participant_1, , ,
20141129_2024_41, XTEAM, XTEAM Engine, participant_1, , ,
20141129_2024_42, Notification, XTEAM Engine, participant_0, 7, Simulation execution beginning, ,
20141129_2024_46, Notification, XTEAM Engine, participant_1, 2, Simulation execution completion, ,
20141129_2024_46, XTEAM, XTEAM Engine, participant_1, , ,
20141129_2024_46, XTEAM, XTEAM Engine, participant_1, , ,
20141129_2024_46, XTEAM, XTEAM Engine, participant_1, , ,
20141129_2024_47, Notification, XTEAM Engine, participant_0, 1, Simulation execution completion, ,
20141129_2024_47, XTEAM, XTEAM Engine, participant_0, , ,
20141129_2024_47, XTEAM, XTEAM Engine, participant_0, , ,
20141129_2024_47, XTEAM, XTEAM Engine, participant_0, , ,
20141129_2024_48, Notification, XTEAM Engine, participant_0, 2, Simulation execution completion, ,
20141129_2024_48, XTEAM, XTEAM Engine, participant_0, , ,
20141129_2024_48, XTEAM, XTEAM Engine, participant_0, , ,
20141129_2024_48, XTEAM, XTEAM Engine, participant_0, , ,
20141129_2024_48, XTEAM, XTEAM Engine, participant_1, , ,
20141129_2024_48, Notification, XTEAM Engine, participant_1, 3, Simulation execution completion, ,
20141129_2024_48, XTEAM, XTEAM Engine, participant_1, , ,
20141129_2024_48, XTEAM, XTEAM Engine, participant_1, , ,
20141129_2024_48, Notification, XTEAM Engine, participant_1, 4, Simulation execution completion, ,
20141129_2024_48, XTEAM, XTEAM Engine, participant_1, , ,
20141129_2024_48, XTEAM, XTEAM Engine, participant_1, , ,
20141129_2024_48, XTEAM, XTEAM Engine, participant_1, , ,
20141129_2024_52, Design, FLAME Client, participant_0, 7, X`64e3f498.f1114939.ba695f73.d07188e3`ATTR`perform`Task`MON::Model [Task]`Aspect=xADLBehaviorAspect&Position=308.301`d640f4b9.22e14264.b459176e.af6b895e`Process`MON::Model [Process]`executionTime=&memoryUsage=27&taskInstruction=nextResult[thread_id] = new Result;|nextResult[thread_id]->getResultState().value() = 0;|nextResult[thread_id]->getResultID().value() = nextTask[thread_id]->getTaskID().value();|nextResult[thread_id]->getResultValue().value() = 1;````````````, ,
20141129_2024_53, Notification, XTEAM Engine, participant_0, 3, Simulation execution completion, ,
20141129_2024_53, XTEAM, XTEAM Engine, participant_0, , ,
20141129_2024_53, XTEAM, XTEAM Engine, participant_0, , ,
20141129_2024_53, XTEAM, XTEAM Engine, participant_0, , ,
20141129_2024_54, XTEAM, XTEAM Engine, participant_0, , ,
20141129_2024_55, Design, FLAME Client, participant_0, 8, X`64e3f498.f1114939.ba695f73.d07188e3`ATTR`perform`Task`MON::Model [Task]`Aspect=xADLBehaviorAspect&Position=308.301`d640f4b9.22e14264.b459176e.af6b895e`Process`MON::Model [Process]`executionTime=200&memoryUsage=27&taskInstruction=nextResult[thread_id] = new Result;|nextResult[thread_id]->getResultState().value() = 0;|nextResult[thread_id]->getResultID().value() = nextTask[thread_id]->getTaskID().value();|nextResult[thread_id]->getResultValue().value() = 1;````````````, ,
20141129_2024_56, Notification, XTEAM Engine, participant_0, 4, Simulation execution completion, ,
20141129_2024_56, XTEAM, XTEAM Engine, participant_0, , ,
20141129_2024_56, XTEAM, XTEAM Engine, participant_0, , ,
20141129_2024_56, XTEAM, XTEAM Engine, participant_0, , ,
20141129_2024_57, Notification, XTEAM Engine, participant_0, 8, Simulation execution beginning, ,
20141129_2024_59, Design, FLAME Client, participant_0, 9, X`64e3f498.f1114939.ba695f73.d07188e3`ATTR`perform`Task`MON::Model [Task]`Aspect=xADLBehaviorAspect&Position=308.301`d640f4b9.22e14264.b459176e.af6b895e`Process`MON::Model [Process]`executionTime=200&memoryUsage=65&taskInstruction=nextResult[thread_id] = new Result;|nextResult[thread_id]->getResultState().value() = 0;|nextResult[thread_id]->getResultID().value() = nextTask[thread_id]->getTaskID().value();|nextResult[thread_id]->getResultValue().value() = 1;````````````, ,
20141129_2025_02, Notification, XTEAM Engine, participant_0, 9, Simulation execution beginning, ,
20141129_2025_07, Update, FLAME Client, participant_0, 10, ,
20141129_2025_11, Snapshot, FLAME Client, participant_0, 11, ,
20141129_2025_13, Notification, XTEAM Engine, participant_1, 9, Simulation execution beginning, ,
20141129_2025_15, Notification, XTEAM Engine, participant_1, 5, Simulation execution completion, ,
20141129_2025_15, XTEAM, XTEAM Engine, participant_1, , ,
20141129_2025_15, XTEAM, XTEAM Engine, participant_1, , ,
20141129_2025_15, XTEAM, XTEAM Engine, participant_1, , ,
20141129_2025_17, Update, FLAME Client, participant_1, 10, ,
20141129_2025_21, Notification, XTEAM Engine, participant_1, 6, Simulation execution completion, ,
20141129_2025_21, XTEAM, XTEAM Engine, participant_1, , ,
20141129_2025_21, XTEAM, XTEAM Engine, participant_1, , ,
20141129_2025_21, XTEAM, XTEAM Engine, participant_1, , ,
20141129_2025_22, Notification, XTEAM Engine, participant_0, 5, Simulation execution completion, ,
20141129_2025_22, XTEAM, XTEAM Engine, participant_0, , ,
20141129_2025_22, XTEAM, XTEAM Engine, participant_0, , ,
20141129_2025_22, XTEAM, XTEAM Engine, participant_0, , ,
20141129_2025_24, Notification, XTEAM Engine, participant_0, 6, Simulation execution completion, ,
20141129_2025_24, XTEAM, XTEAM Engine, participant_0, , ,
20141129_2025_24, XTEAM, XTEAM Engine, participant_0, , ,
20141129_2025_24, XTEAM, XTEAM Engine, participant_0, , ,
20141129_2025_26, Notification, XTEAM Engine, participant_1, 8, Simulation execution completion, ,
20141129_2025_26, XTEAM, XTEAM Engine, participant_1, , ,
20141129_2025_26, XTEAM, XTEAM Engine, participant_1, , ,
20141129_2025_26, XTEAM, XTEAM Engine, participant_1, , ,
20141129_2025_26, Notification, XTEAM Engine, participant_1, 7, Simulation execution completion, ,
20141129_2025_26, XTEAM, XTEAM Engine, participant_1, , ,
20141129_2025_26, XTEAM, XTEAM Engine, participant_1, , ,
20141129_2025_26, XTEAM, XTEAM Engine, participant_1, , ,
20141129_2025_29, Notification, XTEAM Engine, participant_0, 7, Simulation execution completion, ,
20141129_2025_29, XTEAM, XTEAM Engine, participant_0, , ,
20141129_2025_29, XTEAM, XTEAM Engine, participant_0, , ,
20141129_2025_29, XTEAM, XTEAM Engine, participant_0, , ,
20141129_2025_37, Notification, XTEAM Engine, participant_0, 8, Simulation execution completion, ,
20141129_2025_37, XTEAM, XTEAM Engine, participant_0, , ,
20141129_2025_37, XTEAM, XTEAM Engine, participant_0, , ,
20141129_2025_37, XTEAM, XTEAM Engine, participant_0, , ,
20141129_2025_49, Notification, XTEAM Engine, participant_1, 9, Simulation execution completion, ,
20141129_2025_49, XTEAM, XTEAM Engine, participant_1, , ,
20141129_2025_49, XTEAM, XTEAM Engine, participant_1, , ,
20141129_2025_49, XTEAM, XTEAM Engine, participant_1, , ,
20141129_2025_54, Notification, XTEAM Engine, participant_0, 9, Simulation execution completion, ,
20141129_2025_54, XTEAM, XTEAM Engine, participant_0, , ,
20141129_2025_54, XTEAM, XTEAM Engine, participant_0, , ,
20141129_2025_55, XTEAM, XTEAM Engine, participant_0, , ,
20141129_2031_04, Design, FLAME Client, participant_1, 11, X`176369f9.b385435c.b2d59a0f.66ba660c`ATTR`Host_SubsetSum`Host`MON::Set [Host]`Aspect=xADLCoreAspect&Position=1610.385`bb42af9e.ee894de6.a8870ee2.566cbbfe`Architecture`MON::Model [Architecture]`receiveEnergyCost=101.280000&receiveEnergyOverhead=64.990000&transmitEnergyCost=182.000000&transmitEnergyOverhead=429.000000````````````, ,
20141129_2031_05, Notification, XTEAM Engine, participant_1, 10, Simulation execution beginning, ,
20141129_2031_09, Design, FLAME Client, participant_1, 12, X`176369f9.b385435c.b2d59a0f.66ba660c`ATTR`Host_SubsetSum`Host`MON::Set [Host]`Aspect=xADLCoreAspect&Position=1610.385`bb42af9e.ee894de6.a8870ee2.566cbbfe`Architecture`MON::Model [Architecture]`receiveEnergyCost=101.280000&receiveEnergyOverhead=64.990000&transmitEnergyCost=182.000000&transmitEnergyOverhead=217.000000````````````, ,
20141129_2031_10, Notification, XTEAM Engine, participant_1, 11, Simulation execution beginning, ,
20141129_2031_19, Design, FLAME Client, participant_1, 13, X`3a60805b.3a524f70.a064acd1.88108a11`ATTR`generate`Task`MON::Model [Task]`Aspect=xADLBehaviorAspect&Position=301.259`fd961ab4.712348fe.91a8653d.18529735`Process`MON::Model [Process]`executionTime=7&memoryUsage=11000&taskInstruction=nextTask = new Task;|nextTask->getTaskState().value() = 0;|nextTask->getTaskID().value() = taskIDCounter->getNextTaskID().value()++;````````````, ,
20141129_2031_21, Notification, XTEAM Engine, participant_1, 12, Simulation execution beginning, ,
20141129_2031_24, Design, FLAME Client, participant_1, 14, X`3a60805b.3a524f70.a064acd1.88108a11`ATTR`generate`Task`MON::Model [Task]`Aspect=xADLBehaviorAspect&Position=301.259`fd961ab4.712348fe.91a8653d.18529735`Process`MON::Model [Process]`executionTime=7&memoryUsage=5500&taskInstruction=nextTask = new Task;|nextTask->getTaskState().value() = 0;|nextTask->getTaskID().value() = taskIDCounter->getNextTaskID().value()++;````````````, ,
20141129_2031_25, Notification, XTEAM Engine, participant_1, 13, Simulation execution beginning, ,
20141129_2031_44, Notification, XTEAM Engine, participant_1, 10, Simulation execution completion, ,
20141129_2031_44, XTEAM, XTEAM Engine, participant_1, , ,
20141129_2031_44, XTEAM, XTEAM Engine, participant_1, , ,
20141129_2031_44, XTEAM, XTEAM Engine, participant_1, , ,
20141129_2031_48, Notification, XTEAM Engine, participant_1, 11, Simulation execution completion, ,
20141129_2031_49, XTEAM, XTEAM Engine, participant_1, , ,
20141129_2031_49, XTEAM, XTEAM Engine, participant_1, , ,
20141129_2031_49, XTEAM, XTEAM Engine, participant_1, , ,
20141129_2031_56, Notification, XTEAM Engine, participant_1, 12, Simulation execution completion, ,
20141129_2031_56, XTEAM, XTEAM Engine, participant_1, , ,
20141129_2031_56, XTEAM, XTEAM Engine, participant_1, , ,
20141129_2031_56, XTEAM, XTEAM Engine, participant_1, , ,
20141129_2031_59, Notification, XTEAM Engine, participant_1, 13, Simulation execution completion, ,
20141129_2031_59, XTEAM, XTEAM Engine, participant_1, , ,
20141129_2031_59, XTEAM, XTEAM Engine, participant_1, , ,
20141129_2031_59, XTEAM, XTEAM Engine, participant_1, , ,
20141129_2032_11, Design, FLAME Client, participant_0, 12, X`cdc6010e.7cf74d31.85daf3c3.1e9a4be8`ATTR`Host_Client`Host`MON::Set [Host]`Aspect=xADLCoreAspect&Position=28.560`bb42af9e.ee894de6.a8870ee2.566cbbfe`Architecture`MON::Model [Architecture]`receiveEnergyCost=150.010000&receiveEnergyOverhead=101.860000&transmitEnergyCost=312.000000&transmitEnergyOverhead=755.000000````````````, ,
20141129_2032_13, Notification, XTEAM Engine, participant_0, 10, Simulation execution beginning, ,
20141129_2032_17, Design, FLAME Client, participant_0, 13, X`cdc6010e.7cf74d31.85daf3c3.1e9a4be8`ATTR`Host_Client`Host`MON::Set [Host]`Aspect=xADLCoreAspect&Position=28.560`bb42af9e.ee894de6.a8870ee2.566cbbfe`Architecture`MON::Model [Architecture]`receiveEnergyCost=150.010000&receiveEnergyOverhead=101.860000&transmitEnergyCost=312.000000&transmitEnergyOverhead=341.000000````````````, ,
20141129_2032_18, Notification, XTEAM Engine, participant_0, 11, Simulation execution beginning, ,
20141129_2032_35, Design, FLAME Client, participant_0, 14, X`4c379791.2eea468a.a8abbb1d.e5fba9bb`ATTR`perform`Task`MON::Model [Task]`Aspect=xADLBehaviorAspect&Position=336.217`c270ab26.2fff4b88.bf50a288.2d000ee5`Process`MON::Model [Process]`executionTime=200&memoryUsage=32&taskInstruction=nextResult[thread_id] = new Result;|nextResult[thread_id]->getResultState().value() = 0;|nextResult[thread_id]->getResultID().value() = nextTask[thread_id]->getTaskID().value();|nextResult[thread_id]->getResultValue().value() = 1;````````````, ,
20141129_2032_37, Notification, XTEAM Engine, participant_0, 12, Simulation execution beginning, ,
20141129_2032_41, Design, FLAME Client, participant_0, 15, X`4c379791.2eea468a.a8abbb1d.e5fba9bb`ATTR`perform`Task`MON::Model [Task]`Aspect=xADLBehaviorAspect&Position=336.217`c270ab26.2fff4b88.bf50a288.2d000ee5`Process`MON::Model [Process]`executionTime=350&memoryUsage=32&taskInstruction=nextResult[thread_id] = new Result;|nextResult[thread_id]->getResultState().value() = 0;|nextResult[thread_id]->getResultID().value() = nextTask[thread_id]->getTaskID().value();|nextResult[thread_id]->getResultValue().value() = 1;````````````, ,
20141129_2032_43, Notification, XTEAM Engine, participant_0, 13, Simulation execution beginning, ,
20141129_2032_47, Notification, XTEAM Engine, participant_0, 10, Simulation execution completion, ,
20141129_2032_47, XTEAM, XTEAM Engine, participant_0, , ,
20141129_2032_47, XTEAM, XTEAM Engine, participant_0, , ,
20141129_2032_48, XTEAM, XTEAM Engine, participant_0, , ,
20141129_2032_53, Notification, XTEAM Engine, participant_0, 11, Simulation execution completion, ,
20141129_2032_53, XTEAM, XTEAM Engine, participant_0, , ,
20141129_2032_53, XTEAM, XTEAM Engine, participant_0, , ,
20141129_2032_53, XTEAM, XTEAM Engine, participant_0, , ,
20141129_2033_11, Notification, XTEAM Engine, participant_0, 12, Simulation execution completion, ,
20141129_2033_11, XTEAM, XTEAM Engine, participant_0, , ,
20141129_2033_11, XTEAM, XTEAM Engine, participant_0, , ,
20141129_2033_11, XTEAM, XTEAM Engine, participant_0, , ,
20141129_2033_15, Notification, XTEAM Engine, participant_0, 13, Simulation execution completion, ,
20141129_2033_15, XTEAM, XTEAM Engine, participant_0, , ,
20141129_2033_15, XTEAM, XTEAM Engine, participant_0, , ,
20141129_2033_15, XTEAM, XTEAM Engine, participant_0, , ,
20141129_2034_06, Snapshot, FLAME Client, participant_0, 16, ,
20141129_2034_08, Notification, XTEAM Engine, participant_1, 14, Simulation execution beginning, ,
20141129_2034_41, Notification, XTEAM Engine, participant_1, 14, Simulation execution completion, ,
20141129_2034_41, XTEAM, XTEAM Engine, participant_1, , ,
20141129_2034_41, XTEAM, XTEAM Engine, participant_1, , ,
20141129_2034_41, XTEAM, XTEAM Engine, participant_1, , ,
20141129_2035_20, Snapshot, FLAME Client, participant_1, 15, ,
20141129_2035_21, Notification, XTEAM Engine, participant_0, 14, Simulation execution beginning, ,
20141129_2035_21, Update, FLAME Client, participant_1, 16, ,
20141129_2035_27, Update, FLAME Client, participant_0, 17, ,
20141129_2035_55, Notification, XTEAM Engine, participant_0, 14, Simulation execution completion, ,
20141129_2035_55, XTEAM, XTEAM Engine, participant_0, , ,
20141129_2035_55, XTEAM, XTEAM Engine, participant_0, , ,
20141129_2035_55, XTEAM, XTEAM Engine, participant_0, , ,
20141129_2041_10, Design, FLAME Client, participant_1, 17, X`de311a94.5ac54159.8e7ae434.321ec71e`ATTR`HostSAT`Host`MON::Set [Host]`Aspect=xADLCoreAspect&Position=1610.497`bb42af9e.ee894de6.a8870ee2.566cbbfe`Architecture`MON::Model [Architecture]`receiveEnergyCost=101.280000&receiveEnergyOverhead=64.990000&transmitEnergyCost=182.000000&transmitEnergyOverhead=429.000000````````````, ,
20141129_2041_11, Notification, XTEAM Engine, participant_1, 15, Simulation execution beginning, ,
20141129_2041_14, Design, FLAME Client, participant_1, 18, X`de311a94.5ac54159.8e7ae434.321ec71e`ATTR`HostSAT`Host`MON::Set [Host]`Aspect=xADLCoreAspect&Position=1610.497`bb42af9e.ee894de6.a8870ee2.566cbbfe`Architecture`MON::Model [Architecture]`receiveEnergyCost=101.280000&receiveEnergyOverhead=64.990000&transmitEnergyCost=182.000000&transmitEnergyOverhead=217.000000````````````, ,
20141129_2041_15, Notification, XTEAM Engine, participant_1, 16, Simulation execution beginning, ,
20141129_2041_43, Notification, XTEAM Engine, participant_1, 15, Simulation execution completion, ,
20141129_2041_43, XTEAM, XTEAM Engine, participant_1, , ,
20141129_2041_43, XTEAM, XTEAM Engine, participant_1, , ,
20141129_2041_44, XTEAM, XTEAM Engine, participant_1, , ,
20141129_2041_47, Notification, XTEAM Engine, participant_1, 16, Simulation execution completion, ,
20141129_2041_47, XTEAM, XTEAM Engine, participant_1, , ,
20141129_2041_47, XTEAM, XTEAM Engine, participant_1, , ,
20141129_2041_47, XTEAM, XTEAM Engine, participant_1, , ,
20141129_2042_03, Design, FLAME Client, participant_1, 19, X`176369f9.b385435c.b2d59a0f.66ba660c`ATTR`Host_SubsetSum`Host`MON::Set [Host]`Aspect=xADLCoreAspect&Position=1610.385`bb42af9e.ee894de6.a8870ee2.566cbbfe`Architecture`MON::Model [Architecture]`receiveEnergyCost=101.280000&receiveEnergyOverhead=64.990000&transmitEnergyCost=330.000000&transmitEnergyOverhead=217.000000````````````, ,
20141129_2042_04, Notification, XTEAM Engine, participant_1, 17, Simulation execution beginning, ,
20141129_2042_07, Design, FLAME Client, participant_1, 20, X`176369f9.b385435c.b2d59a0f.66ba660c`ATTR`Host_SubsetSum`Host`MON::Set [Host]`Aspect=xADLCoreAspect&Position=1610.385`bb42af9e.ee894de6.a8870ee2.566cbbfe`Architecture`MON::Model [Architecture]`receiveEnergyCost=101.280000&receiveEnergyOverhead=64.990000&transmitEnergyCost=330.000000&transmitEnergyOverhead=329.000000````````````, ,
20141129_2042_08, Notification, XTEAM Engine, participant_1, 18, Simulation execution beginning, ,
20141129_2042_37, Notification, XTEAM Engine, participant_1, 17, Simulation execution completion, ,
20141129_2042_37, XTEAM, XTEAM Engine, participant_1, , ,
20141129_2042_37, XTEAM, XTEAM Engine, participant_1, , ,
20141129_2042_37, XTEAM, XTEAM Engine, participant_1, , ,
20141129_2042_41, Notification, XTEAM Engine, participant_1, 18, Simulation execution completion, ,
20141129_2042_41, XTEAM, XTEAM Engine, participant_1, , ,
20141129_2042_41, XTEAM, XTEAM Engine, participant_1, , ,
20141129_2042_41, XTEAM, XTEAM Engine, participant_1, , ,
20141129_2043_23, Design, FLAME Client, participant_1, 21, X`176369f9.b385435c.b2d59a0f.66ba660c`ATTR`Host_SubsetSum`Host`MON::Set [Host]`Aspect=xADLCoreAspect&Position=1610.385`bb42af9e.ee894de6.a8870ee2.566cbbfe`Architecture`MON::Model [Architecture]`receiveEnergyCost=101.280000&receiveEnergyOverhead=64.990000&transmitEnergyCost=330.000000&transmitEnergyOverhead=429.000000````````````, ,
20141129_2043_24, Notification, XTEAM Engine, participant_1, 19, Simulation execution beginning, ,
20141129_2043_31, Design, FLAME Client, participant_1, 22, X`3f426f4b.6d164164.816fe575.67a4324f`REGISTRY`generate`Task`MON::Model [Task]`Aspect=xADLBehaviorAspect&Position=287.259`37598ce1.81784bb5.996843e8.1d554a61`Process`MON::Model [Process]`executionTime=6&memoryUsage=11000&taskInstruction=nextTask = new Task;|nextTask->getTaskState().value() = 0;|nextTask->getTaskID().value() = taskIDCounter->getNextTaskID().value()++;````````````, ,
20141129_2043_32, Notification, XTEAM Engine, participant_1, 20, Simulation execution beginning, ,
20141129_2043_57, Notification, XTEAM Engine, participant_1, 19, Simulation execution completion, ,
20141129_2043_57, XTEAM, XTEAM Engine, participant_1, , ,
20141129_2043_57, XTEAM, XTEAM Engine, participant_1, , ,
20141129_2043_57, XTEAM, XTEAM Engine, participant_1, , ,
20141129_2044_04, Notification, XTEAM Engine, participant_1, 20, Simulation execution completion, ,
20141129_2044_04, XTEAM, XTEAM Engine, participant_1, , ,
20141129_2044_04, XTEAM, XTEAM Engine, participant_1, , ,
20141129_2044_04, XTEAM, XTEAM Engine, participant_1, , ,
20141129_2044_29, Snapshot, FLAME Client, participant_1, 23, ,
20141129_2044_30, Notification, XTEAM Engine, participant_0, 15, Simulation execution beginning, ,
20141129_2045_02, Notification, XTEAM Engine, participant_0, 15, Simulation execution completion, ,
20141129_2045_02, XTEAM, XTEAM Engine, participant_0, , ,
20141129_2045_02, XTEAM, XTEAM Engine, participant_0, , ,
20141129_2045_02, XTEAM, XTEAM Engine, participant_0, , ,
20141129_2047_27, Design, FLAME Client, participant_1, 24, X`176369f9.b385435c.b2d59a0f.66ba660c`ATTR`Host_SubsetSum`Host`MON::Set [Host]`Aspect=xADLCoreAspect&Position=1610.385`bb42af9e.ee894de6.a8870ee2.566cbbfe`Architecture`MON::Model [Architecture]`receiveEnergyCost=101.280000&receiveEnergyOverhead=64.990000&transmitEnergyCost=182.000000&transmitEnergyOverhead=429.000000````````````, ,
20141129_2047_28, Notification, XTEAM Engine, participant_1, 21, Simulation execution beginning, ,
20141129_2047_30, Design, FLAME Client, participant_1, 25, X`176369f9.b385435c.b2d59a0f.66ba660c`ATTR`Host_SubsetSum`Host`MON::Set [Host]`Aspect=xADLCoreAspect&Position=1610.385`bb42af9e.ee894de6.a8870ee2.566cbbfe`Architecture`MON::Model [Architecture]`receiveEnergyCost=101.280000&receiveEnergyOverhead=64.990000&transmitEnergyCost=182.000000&transmitEnergyOverhead=217.000000````````````, ,
20141129_2047_31, Notification, XTEAM Engine, participant_1, 22, Simulation execution beginning, ,
20141129_2047_39, Design, FLAME Client, participant_1, 26, X`3f426f4b.6d164164.816fe575.67a4324f`ATTR`generate`Task`MON::Model [Task]`Aspect=xADLBehaviorAspect&Position=287.259`37598ce1.81784bb5.996843e8.1d554a61`Process`MON::Model [Process]`executionTime=7&memoryUsage=11000&taskInstruction=nextTask = new Task;|nextTask->getTaskState().value() = 0;|nextTask->getTaskID().value() = taskIDCounter->getNextTaskID().value()++;````````````, ,
20141129_2047_40, Notification, XTEAM Engine, participant_1, 23, Simulation execution beginning, ,
20141129_2047_43, Design, FLAME Client, participant_1, 27, X`3f426f4b.6d164164.816fe575.67a4324f`ATTR`generate`Task`MON::Model [Task]`Aspect=xADLBehaviorAspect&Position=287.259`37598ce1.81784bb5.996843e8.1d554a61`Process`MON::Model [Process]`executionTime=7&memoryUsage=5500&taskInstruction=nextTask = new Task;|nextTask->getTaskState().value() = 0;|nextTask->getTaskID().value() = taskIDCounter->getNextTaskID().value()++;````````````, ,
20141129_2047_44, Notification, XTEAM Engine, participant_1, 24, Simulation execution beginning, ,
20141129_2047_48, Snapshot, FLAME Client, participant_1, 28, ,
20141129_2047_50, Notification, XTEAM Engine, participant_0, 16, Simulation execution beginning, ,
20141129_2048_10, Notification, XTEAM Engine, participant_1, 21, Simulation execution completion, ,
20141129_2048_10, XTEAM, XTEAM Engine, participant_1, , ,
20141129_2048_10, XTEAM, XTEAM Engine, participant_1, , ,
20141129_2048_10, XTEAM, XTEAM Engine, participant_1, , ,
20141129_2048_13, Notification, XTEAM Engine, participant_1, 22, Simulation execution completion, ,
20141129_2048_13, XTEAM, XTEAM Engine, participant_1, , ,
20141129_2048_13, XTEAM, XTEAM Engine, participant_1, , ,
20141129_2048_13, XTEAM, XTEAM Engine, participant_1, , ,
20141129_2048_14, Update, FLAME Client, participant_0, 18, ,
20141129_2048_20, Notification, XTEAM Engine, participant_1, 23, Simulation execution completion, ,
20141129_2048_20, XTEAM, XTEAM Engine, participant_1, , ,
20141129_2048_20, XTEAM, XTEAM Engine, participant_1, , ,
20141129_2048_20, XTEAM, XTEAM Engine, participant_1, , ,
20141129_2048_21, Notification, XTEAM Engine, participant_1, 24, Simulation execution completion, ,
20141129_2048_21, XTEAM, XTEAM Engine, participant_1, , ,
20141129_2048_21, XTEAM, XTEAM Engine, participant_1, , ,
20141129_2048_21, XTEAM, XTEAM Engine, participant_1, , ,
20141129_2048_25, Notification, XTEAM Engine, participant_0, 16, Simulation execution completion, ,
20141129_2048_25, XTEAM, XTEAM Engine, participant_0, , ,
20141129_2048_25, XTEAM, XTEAM Engine, participant_0, , ,
20141129_2048_25, XTEAM, XTEAM Engine, participant_0, , ,
