TIME, Event name, OriginComponent, SenderUsername, EventID, ,
20141127_1953_07, Snapshot, FLAME Client, participant_1, 5, ,
20141127_1956_03, Snapshot, FLAME Client, participant_0, 11, ,
20141127_1959_19, Snapshot, FLAME Client, participant_1, 11, ,
20141127_2001_04, Snapshot, FLAME Client, participant_0, 17, ,
20141127_2003_48, Snapshot, FLAME Client, participant_1, 17, ,
20141127_2004_55, Snapshot, FLAME Client, participant_0, 23, ,
20141127_2009_47, Snapshot, FLAME Client, participant_0, 28, ,
20141127_2010_38, Snapshot, FLAME Client, participant_1, 29, ,
20141127_2015_32, Snapshot, FLAME Client, participant_1, 34, ,
20141127_2016_30, Snapshot, FLAME Client, participant_0, 35, ,
