TIME, Event name, OriginComponent, SenderUsername, EventID, Value, ,
20140330_1632_37, Login, XTEAM Engine, MRSV, , ,
20140330_1637_17, Login, CoWare XTEAM Client, participant_0, , ,
20140330_1637_43, Login, CoWare XTEAM Client, participant_1, , ,
20140330_1638_39, Design, CoWare XTEAM Client, participant_1, 1, X`e55df4ad.b7b04257.9e120182.ced0a272`ATTR`generate`Task`MON::Model [Task]`Aspect=xADLBehaviorAspect&Position=189.196`6de1d551.703f4069.85034d03.9388b013`Process`MON::Model [Process]`executionTime=5&memoryUsage=3&taskInstruction=nextRequest = new Request;|nextRequest->getRequestKind().value() = "Temperature";````````````, ,
20140330_1638_40, Notification, XTEAM Engine, MRSV, 1, Simulation execution beginning, ,
20140330_1638_42, Design, CoWare XTEAM Client, participant_1, 2, X`e55df4ad.b7b04257.9e120182.ced0a272`ATTR`generate`Task`MON::Model [Task]`Aspect=xADLBehaviorAspect&Position=189.196`6de1d551.703f4069.85034d03.9388b013`Process`MON::Model [Process]`executionTime=5&memoryUsage=250&taskInstruction=nextRequest = new Request;|nextRequest->getRequestKind().value() = "Temperature";````````````, ,
20140330_1638_43, Notification, XTEAM Engine, MRSV, 2, Simulation execution beginning, ,
20140330_1639_03, Notification, XTEAM Engine, MRSV, 1, Simulation execution completion, ,
20140330_1639_03, XTEAM, XTEAM Engine, MRSV, , ,
20140330_1639_03, XTEAM, XTEAM Engine, MRSV, , ,
20140330_1639_03, XTEAM, XTEAM Engine, MRSV, , ,
20140330_1639_07, Design, CoWare XTEAM Client, participant_1, 3, X`38aa871.eb549bc.aabb5f5f.9a0c5f7d`ATTR`generate`Task`MON::Model [Task]`Aspect=xADLBehaviorAspect&Position=189.196`9f0c917a.d5e346fb.857fc403.69d41261`Process`MON::Model [Process]`executionTime=5&memoryUsage=3&taskInstruction=nextRequest = new Request;|nextRequest->getRequestKind().value() = "Temperature";````````````, ,
20140330_1639_08, Notification, XTEAM Engine, MRSV, 2, Simulation execution completion, ,
20140330_1639_08, XTEAM, XTEAM Engine, MRSV, , ,
20140330_1639_08, XTEAM, XTEAM Engine, MRSV, , ,
20140330_1639_08, XTEAM, XTEAM Engine, MRSV, , ,
20140330_1639_08, Notification, XTEAM Engine, MRSV, 3, Simulation execution beginning, ,
20140330_1639_09, Design, CoWare XTEAM Client, participant_1, 4, X`38aa871.eb549bc.aabb5f5f.9a0c5f7d`ATTR`generate`Task`MON::Model [Task]`Aspect=xADLBehaviorAspect&Position=189.196`9f0c917a.d5e346fb.857fc403.69d41261`Process`MON::Model [Process]`executionTime=5&memoryUsage=250&taskInstruction=nextRequest = new Request;|nextRequest->getRequestKind().value() = "Temperature";````````````, ,
20140330_1639_10, Design, CoWare XTEAM Client, participant_0, 1, X`836b59c5.88d74f5d.a94153e4.99e999cb`ATTR`handle`Task`MON::Model [Task]`Aspect=xADLBehaviorAspect&Position=175.217`c09948e9.2f0b41da.9c0eead1.64c6168c`Process`MON::Model [Process]`executionTime=0&memoryUsage=1&taskInstruction=````````````, ,
20140330_1639_11, Notification, XTEAM Engine, MRSV, 4, Simulation execution beginning, ,
20140330_1639_12, Notification, XTEAM Engine, MRSV, 5, Simulation execution beginning, ,
20140330_1639_26, Design, CoWare XTEAM Client, participant_1, 5, X`2442e05e.7e534432.a652495a.4a8032a9`ATTR`generate`Task`MON::Model [Task]`Aspect=xADLBehaviorAspect&Position=189.196`ee842d2c.6fbd409b.b93189f8.bce88a2b`Process`MON::Model [Process]`executionTime=5&memoryUsage=3&taskInstruction=nextRequest = new Request;|nextRequest->getRequestKind().value() = "Temperature";````````````, ,
20140330_1639_28, Notification, XTEAM Engine, MRSV, 6, Simulation execution beginning, ,
20140330_1639_29, Design, CoWare XTEAM Client, participant_1, 6, X`2442e05e.7e534432.a652495a.4a8032a9`ATTR`generate`Task`MON::Model [Task]`Aspect=xADLBehaviorAspect&Position=189.196`ee842d2c.6fbd409b.b93189f8.bce88a2b`Process`MON::Model [Process]`executionTime=5&memoryUsage=250&taskInstruction=nextRequest = new Request;|nextRequest->getRequestKind().value() = "Temperature";````````````, ,
20140330_1639_30, Notification, XTEAM Engine, MRSV, 7, Simulation execution beginning, ,
20140330_1639_32, Notification, XTEAM Engine, MRSV, 4, Simulation execution completion, ,
20140330_1639_32, XTEAM, XTEAM Engine, MRSV, , ,
20140330_1639_32, XTEAM, XTEAM Engine, MRSV, , ,
20140330_1639_32, XTEAM, XTEAM Engine, MRSV, , ,
20140330_1639_34, Notification, XTEAM Engine, MRSV, 3, Simulation execution completion, ,
20140330_1639_35, Design, CoWare XTEAM Client, participant_0, 2, X`f603f85b.e43844a4.b3627b58.f951dcdf`ATTR`Host_Temp`Host`MON::Set [Host]`Aspect=xADLCoreAspect&Position=1106.763`53c8e4c.6bec48b1.8f5efd8e.55e34f54`Architecture`MON::Model [Architecture]`receiveEnergyCost=13.000000&receiveEnergyOverhead=45.000000&transmitEnergyCost=12.000000&transmitEnergyOverhead=40.000000````````````, ,
20140330_1639_34, XTEAM, XTEAM Engine, MRSV, , ,
20140330_1639_34, XTEAM, XTEAM Engine, MRSV, , ,
20140330_1639_34, XTEAM, XTEAM Engine, MRSV, , ,
20140330_1639_34, Notification, XTEAM Engine, MRSV, 5, Simulation execution completion, ,
20140330_1639_34, XTEAM, XTEAM Engine, MRSV, , ,
20140330_1639_34, XTEAM, XTEAM Engine, MRSV, , ,
20140330_1639_34, XTEAM, XTEAM Engine, MRSV, , ,
20140330_1639_37, Notification, XTEAM Engine, MRSV, 8, Simulation execution beginning, ,
20140330_1639_38, Design, CoWare XTEAM Client, participant_0, 3, X`f603f85b.e43844a4.b3627b58.f951dcdf`ATTR`Host_Temp`Host`MON::Set [Host]`Aspect=xADLCoreAspect&Position=1106.763`53c8e4c.6bec48b1.8f5efd8e.55e34f54`Architecture`MON::Model [Architecture]`receiveEnergyCost=20.000000&receiveEnergyOverhead=45.000000&transmitEnergyCost=12.000000&transmitEnergyOverhead=40.000000````````````, ,
20140330_1639_39, Notification, XTEAM Engine, MRSV, 9, Simulation execution beginning, ,
20140330_1639_41, Design, CoWare XTEAM Client, participant_0, 4, X`f603f85b.e43844a4.b3627b58.f951dcdf`ATTR`Host_Temp`Host`MON::Set [Host]`Aspect=xADLCoreAspect&Position=1106.763`53c8e4c.6bec48b1.8f5efd8e.55e34f54`Architecture`MON::Model [Architecture]`receiveEnergyCost=20.000000&receiveEnergyOverhead=70.000000&transmitEnergyCost=12.000000&transmitEnergyOverhead=40.000000````````````, ,
20140330_1639_42, Notification, XTEAM Engine, MRSV, 10, Simulation execution beginning, ,
20140330_1639_51, Notification, XTEAM Engine, MRSV, 6, Simulation execution completion, ,
20140330_1639_51, XTEAM, XTEAM Engine, MRSV, , ,
20140330_1639_51, XTEAM, XTEAM Engine, MRSV, , ,
20140330_1639_51, XTEAM, XTEAM Engine, MRSV, , ,
20140330_1639_52, Design, CoWare XTEAM Client, participant_0, 5, X`cc6f3a99.39734696.be3c4499.34632100`ATTR`Host_Salinity`Host`MON::Set [Host]`Aspect=xADLCoreAspect&Position=966.763`53c8e4c.6bec48b1.8f5efd8e.55e34f54`Architecture`MON::Model [Architecture]`receiveEnergyCost=13.000000&receiveEnergyOverhead=45.000000&transmitEnergyCost=12.000000&transmitEnergyOverhead=40.000000````````````, ,
20140330_1639_53, Notification, XTEAM Engine, MRSV, 11, Simulation execution beginning, ,
20140330_1639_55, Notification, XTEAM Engine, MRSV, 7, Simulation execution completion, ,
20140330_1639_55, XTEAM, XTEAM Engine, MRSV, , ,
20140330_1639_55, XTEAM, XTEAM Engine, MRSV, , ,
20140330_1639_55, XTEAM, XTEAM Engine, MRSV, , ,
20140330_1639_55, Design, CoWare XTEAM Client, participant_0, 6, X`cc6f3a99.39734696.be3c4499.34632100`ATTR`Host_Salinity`Host`MON::Set [Host]`Aspect=xADLCoreAspect&Position=966.763`53c8e4c.6bec48b1.8f5efd8e.55e34f54`Architecture`MON::Model [Architecture]`receiveEnergyCost=20.000000&receiveEnergyOverhead=45.000000&transmitEnergyCost=12.000000&transmitEnergyOverhead=40.000000````````````, ,
20140330_1639_56, Notification, XTEAM Engine, MRSV, 12, Simulation execution beginning, ,
20140330_1639_58, Design, CoWare XTEAM Client, participant_0, 7, X`cc6f3a99.39734696.be3c4499.34632100`ATTR`Host_Salinity`Host`MON::Set [Host]`Aspect=xADLCoreAspect&Position=966.763`53c8e4c.6bec48b1.8f5efd8e.55e34f54`Architecture`MON::Model [Architecture]`receiveEnergyCost=20.000000&receiveEnergyOverhead=70.000000&transmitEnergyCost=12.000000&transmitEnergyOverhead=40.000000````````````, ,
20140330_1640_02, Notification, XTEAM Engine, MRSV, 13, Simulation execution beginning, ,
20140330_1640_03, Notification, XTEAM Engine, MRSV, 8, Simulation execution completion, ,
20140330_1640_03, XTEAM, XTEAM Engine, MRSV, , ,
20140330_1640_03, XTEAM, XTEAM Engine, MRSV, , ,
20140330_1640_03, XTEAM, XTEAM Engine, MRSV, , ,
20140330_1640_06, Notification, XTEAM Engine, MRSV, 9, Simulation execution completion, ,
20140330_1640_06, XTEAM, XTEAM Engine, MRSV, , ,
20140330_1640_06, XTEAM, XTEAM Engine, MRSV, , ,
20140330_1640_06, XTEAM, XTEAM Engine, MRSV, , ,
20140330_1640_08, Design, CoWare XTEAM Client, participant_0, 8, X`fdd8f936.dc57412c.bd3cc3ee.9e623b53`ATTR`handle`Task`MON::Model [Task]`Aspect=xADLBehaviorAspect&Position=175.217`904365f2.fa604fd3.bb8ebb38.42ecddfc`Process`MON::Model [Process]`executionTime=8&memoryUsage=5&taskInstruction=````````````, ,
20140330_1640_11, Design, CoWare XTEAM Client, participant_0, 9, X`fdd8f936.dc57412c.bd3cc3ee.9e623b53`ATTR`handle`Task`MON::Model [Task]`Aspect=xADLBehaviorAspect&Position=175.217`904365f2.fa604fd3.bb8ebb38.42ecddfc`Process`MON::Model [Process]`executionTime=8&memoryUsage=10&taskInstruction=````````````, ,
20140330_1640_13, Notification, XTEAM Engine, MRSV, 14, Simulation execution beginning, ,
20140330_1640_14, Notification, XTEAM Engine, MRSV, 10, Simulation execution completion, ,
20140330_1640_14, XTEAM, XTEAM Engine, MRSV, , ,
20140330_1640_14, XTEAM, XTEAM Engine, MRSV, , ,
20140330_1640_14, XTEAM, XTEAM Engine, MRSV, , ,
20140330_1640_15, Design, CoWare XTEAM Client, participant_1, 7, X`3709314b.7a93486e.8dc9b26c.f4772d70`ATTR`Host_1`Host`MON::Set [Host]`Aspect=xADLCoreAspect&Position=42.49`53c8e4c.6bec48b1.8f5efd8e.55e34f54`Architecture`MON::Model [Architecture]`receiveEnergyCost=18.000000&receiveEnergyOverhead=48.000000&transmitEnergyCost=50.000000&transmitEnergyOverhead=45.000000````````````, ,
20140330_1640_16, Notification, XTEAM Engine, MRSV, 15, Simulation execution beginning, ,
20140330_1640_18, Design, CoWare XTEAM Client, participant_1, 8, X`3709314b.7a93486e.8dc9b26c.f4772d70`ATTR`Host_1`Host`MON::Set [Host]`Aspect=xADLCoreAspect&Position=42.49`53c8e4c.6bec48b1.8f5efd8e.55e34f54`Architecture`MON::Model [Architecture]`receiveEnergyCost=18.000000&receiveEnergyOverhead=48.000000&transmitEnergyCost=50.000000&transmitEnergyOverhead=200.000000````````````, ,
20140330_1640_21, Notification, XTEAM Engine, MRSV, 16, Simulation execution beginning, ,
20140330_1640_25, Design, CoWare XTEAM Client, participant_1, 9, X`3709314b.7a93486e.8dc9b26c.f4772d70`ATTR`Host_1`Host`MON::Set [Host]`Aspect=xADLCoreAspect&Position=42.49`53c8e4c.6bec48b1.8f5efd8e.55e34f54`Architecture`MON::Model [Architecture]`receiveEnergyCost=65.000000&receiveEnergyOverhead=48.000000&transmitEnergyCost=50.000000&transmitEnergyOverhead=200.000000````````````, ,
20140330_1640_26, Notification, XTEAM Engine, MRSV, 17, Simulation execution beginning, ,
20140330_1640_27, Notification, XTEAM Engine, MRSV, 11, Simulation execution completion, ,
20140330_1640_27, XTEAM, XTEAM Engine, MRSV, , ,
20140330_1640_27, XTEAM, XTEAM Engine, MRSV, , ,
20140330_1640_27, XTEAM, XTEAM Engine, MRSV, , ,
20140330_1640_29, Snapshot, CoWare XTEAM Client, participant_0, 10, ,
20140330_1640_31, Design, CoWare XTEAM Client, participant_1, 10, X`3709314b.7a93486e.8dc9b26c.f4772d70`ATTR`Host_1`Host`MON::Set [Host]`Aspect=xADLCoreAspect&Position=42.49`53c8e4c.6bec48b1.8f5efd8e.55e34f54`Architecture`MON::Model [Architecture]`receiveEnergyCost=65.000000&receiveEnergyOverhead=240.000000&transmitEnergyCost=50.000000&transmitEnergyOverhead=200.000000````````````, ,
20140330_1640_32, Notification, XTEAM Engine, MRSV, 18, Simulation execution beginning, ,
20140330_1640_35, Design, CoWare XTEAM Client, participant_1, 11, X`1d380676.204a4521.b3bb7c52.2bae3451`ATTR`Host_2`Host`MON::Set [Host]`Aspect=xADLCoreAspect&Position=42.350`53c8e4c.6bec48b1.8f5efd8e.55e34f54`Architecture`MON::Model [Architecture]`receiveEnergyCost=18.000000&receiveEnergyOverhead=48.000000&transmitEnergyCost=50.000000&transmitEnergyOverhead=45.000000````````````, ,
20140330_1640_37, Notification, XTEAM Engine, MRSV, 13, Simulation execution completion, ,
20140330_1640_37, XTEAM, XTEAM Engine, MRSV, , ,
20140330_1640_37, XTEAM, XTEAM Engine, MRSV, , ,
20140330_1640_37, XTEAM, XTEAM Engine, MRSV, , ,
20140330_1640_38, Notification, XTEAM Engine, MRSV, 19, Simulation execution beginning, ,
20140330_1640_38, Design, CoWare XTEAM Client, participant_1, 12, X`1d380676.204a4521.b3bb7c52.2bae3451`ATTR`Host_2`Host`MON::Set [Host]`Aspect=xADLCoreAspect&Position=42.350`53c8e4c.6bec48b1.8f5efd8e.55e34f54`Architecture`MON::Model [Architecture]`receiveEnergyCost=18.000000&receiveEnergyOverhead=48.000000&transmitEnergyCost=50.000000&transmitEnergyOverhead=200.000000````````````, ,
20140330_1640_39, Notification, XTEAM Engine, MRSV, 20, Simulation execution beginning, ,
20140330_1640_39, Notification, XTEAM Engine, MRSV, 12, Simulation execution completion, ,
20140330_1640_39, XTEAM, XTEAM Engine, MRSV, , ,
20140330_1640_39, XTEAM, XTEAM Engine, MRSV, , ,
20140330_1640_39, XTEAM, XTEAM Engine, MRSV, , ,
20140330_1640_41, Design, CoWare XTEAM Client, participant_1, 13, X`1d380676.204a4521.b3bb7c52.2bae3451`ATTR`Host_2`Host`MON::Set [Host]`Aspect=xADLCoreAspect&Position=42.350`53c8e4c.6bec48b1.8f5efd8e.55e34f54`Architecture`MON::Model [Architecture]`receiveEnergyCost=65.000000&receiveEnergyOverhead=48.000000&transmitEnergyCost=50.000000&transmitEnergyOverhead=200.000000````````````, ,
20140330_1640_42, Notification, XTEAM Engine, MRSV, 14, Simulation execution completion, ,
20140330_1640_42, XTEAM, XTEAM Engine, MRSV, , ,
20140330_1640_42, XTEAM, XTEAM Engine, MRSV, , ,
20140330_1640_42, XTEAM, XTEAM Engine, MRSV, , ,
20140330_1640_44, Design, CoWare XTEAM Client, participant_1, 14, X`1d380676.204a4521.b3bb7c52.2bae3451`ATTR`Host_2`Host`MON::Set [Host]`Aspect=xADLCoreAspect&Position=42.350`53c8e4c.6bec48b1.8f5efd8e.55e34f54`Architecture`MON::Model [Architecture]`receiveEnergyCost=65.000000&receiveEnergyOverhead=240.000000&transmitEnergyCost=50.000000&transmitEnergyOverhead=200.000000````````````, ,
20140330_1640_49, Notification, XTEAM Engine, MRSV, 21, Simulation execution beginning, ,
20140330_1640_54, Design, CoWare XTEAM Client, participant_0, 11, X`f885740b.30844bff.84cbb5a2.3e65a6d0`ATTR`handle`Task`MON::Model [Task]`Aspect=xADLBehaviorAspect&Position=175.217`d27d1eff.5fd54122.90eefcc0.32048db3`Process`MON::Model [Process]`executionTime=0&memoryUsage=1&taskInstruction=````````````, ,
20140330_1640_54, Design, CoWare XTEAM Client, participant_1, 15, X`6f385993.f08a4164.b815faa2.88dc52fb`ATTR`Host_3`Host`MON::Set [Host]`Aspect=xADLCoreAspect&Position=42.630`53c8e4c.6bec48b1.8f5efd8e.55e34f54`Architecture`MON::Model [Architecture]`receiveEnergyCost=18.000000&receiveEnergyOverhead=48.000000&transmitEnergyCost=50.000000&transmitEnergyOverhead=45.000000````````````, ,
20140330_1640_55, Notification, XTEAM Engine, MRSV, 15, Simulation execution completion, ,
20140330_1640_55, XTEAM, XTEAM Engine, MRSV, , ,
20140330_1640_55, XTEAM, XTEAM Engine, MRSV, , ,
20140330_1640_55, XTEAM, XTEAM Engine, MRSV, , ,
20140330_1640_55, Notification, XTEAM Engine, MRSV, 22, Simulation execution beginning, ,
20140330_1640_56, Notification, XTEAM Engine, MRSV, 23, Simulation execution beginning, ,
20140330_1640_56, Design, CoWare XTEAM Client, participant_1, 16, X`6f385993.f08a4164.b815faa2.88dc52fb`ATTR`Host_3`Host`MON::Set [Host]`Aspect=xADLCoreAspect&Position=42.630`53c8e4c.6bec48b1.8f5efd8e.55e34f54`Architecture`MON::Model [Architecture]`receiveEnergyCost=18.000000&receiveEnergyOverhead=48.000000&transmitEnergyCost=50.000000&transmitEnergyOverhead=200.000000````````````, ,
20140330_1640_58, Notification, XTEAM Engine, MRSV, 24, Simulation execution beginning, ,
20140330_1640_59, Design, CoWare XTEAM Client, participant_1, 17, X`6f385993.f08a4164.b815faa2.88dc52fb`ATTR`Host_3`Host`MON::Set [Host]`Aspect=xADLCoreAspect&Position=42.630`53c8e4c.6bec48b1.8f5efd8e.55e34f54`Architecture`MON::Model [Architecture]`receiveEnergyCost=65.000000&receiveEnergyOverhead=48.000000&transmitEnergyCost=50.000000&transmitEnergyOverhead=200.000000````````````, ,
20140330_1641_00, Notification, XTEAM Engine, MRSV, 16, Simulation execution completion, ,
20140330_1641_00, XTEAM, XTEAM Engine, MRSV, , ,
20140330_1641_00, XTEAM, XTEAM Engine, MRSV, , ,
20140330_1641_00, XTEAM, XTEAM Engine, MRSV, , ,
20140330_1641_00, Notification, XTEAM Engine, MRSV, 25, Simulation execution beginning, ,
20140330_1641_02, Notification, XTEAM Engine, MRSV, 26, Simulation execution beginning, ,
20140330_1641_03, Design, CoWare XTEAM Client, participant_1, 18, X`6f385993.f08a4164.b815faa2.88dc52fb`ATTR`Host_3`Host`MON::Set [Host]`Aspect=xADLCoreAspect&Position=42.630`53c8e4c.6bec48b1.8f5efd8e.55e34f54`Architecture`MON::Model [Architecture]`receiveEnergyCost=65.000000&receiveEnergyOverhead=240.000000&transmitEnergyCost=50.000000&transmitEnergyOverhead=200.000000````````````, ,
20140330_1641_03, Design, CoWare XTEAM Client, participant_0, 12, X`f885740b.30844bff.84cbb5a2.3e65a6d0`ATTR`handle`Task`MON::Model [Task]`Aspect=xADLBehaviorAspect&Position=175.217`d27d1eff.5fd54122.90eefcc0.32048db3`Process`MON::Model [Process]`executionTime=0&memoryUsage=5&taskInstruction=````````````, ,
20140330_1641_04, Notification, XTEAM Engine, MRSV, 27, Simulation execution beginning, ,
20140330_1641_05, Notification, XTEAM Engine, MRSV, 17, Simulation execution completion, ,
20140330_1641_05, XTEAM, XTEAM Engine, MRSV, , ,
20140330_1641_05, XTEAM, XTEAM Engine, MRSV, , ,
20140330_1641_05, XTEAM, XTEAM Engine, MRSV, , ,
20140330_1641_09, Notification, XTEAM Engine, MRSV, 28, Simulation execution beginning, ,
20140330_1641_20, Notification, XTEAM Engine, MRSV, 18, Simulation execution completion, ,
20140330_1641_20, XTEAM, XTEAM Engine, MRSV, , ,
20140330_1641_20, XTEAM, XTEAM Engine, MRSV, , ,
20140330_1641_20, XTEAM, XTEAM Engine, MRSV, , ,
20140330_1641_26, Notification, XTEAM Engine, MRSV, 19, Simulation execution completion, ,
20140330_1641_26, XTEAM, XTEAM Engine, MRSV, , ,
20140330_1641_26, XTEAM, XTEAM Engine, MRSV, , ,
20140330_1641_26, XTEAM, XTEAM Engine, MRSV, , ,
20140330_1641_26, Notification, XTEAM Engine, MRSV, 20, Simulation execution completion, ,
20140330_1641_26, XTEAM, XTEAM Engine, MRSV, , ,
20140330_1641_26, XTEAM, XTEAM Engine, MRSV, , ,
20140330_1641_26, XTEAM, XTEAM Engine, MRSV, , ,
20140330_1641_27, Snapshot, CoWare XTEAM Client, participant_0, 13, ,
20140330_1641_27, Notification, XTEAM Engine, MRSV, 24, Simulation execution completion, ,
20140330_1641_27, XTEAM, XTEAM Engine, MRSV, , ,
20140330_1641_27, XTEAM, XTEAM Engine, MRSV, , ,
20140330_1641_27, XTEAM, XTEAM Engine, MRSV, , ,
20140330_1641_36, Notification, XTEAM Engine, MRSV, 22, Simulation execution completion, ,
20140330_1641_36, XTEAM, XTEAM Engine, MRSV, , ,
20140330_1641_36, XTEAM, XTEAM Engine, MRSV, , ,
20140330_1641_36, XTEAM, XTEAM Engine, MRSV, , ,
20140330_1641_51, Notification, XTEAM Engine, MRSV, 26, Simulation execution completion, ,
20140330_1641_51, XTEAM, XTEAM Engine, MRSV, , ,
20140330_1641_51, XTEAM, XTEAM Engine, MRSV, , ,
20140330_1641_51, XTEAM, XTEAM Engine, MRSV, , ,
20140330_1641_51, XTEAM, XTEAM Engine, MRSV, , ,
20140330_1641_51, XTEAM, XTEAM Engine, MRSV, , ,
20140330_1641_51, XTEAM, XTEAM Engine, MRSV, , ,
20140330_1641_51, Notification, XTEAM Engine, MRSV, 23, Simulation execution completion, ,
20140330_1641_51, Notification, XTEAM Engine, MRSV, 25, Simulation execution completion, ,
20140330_1641_51, XTEAM, XTEAM Engine, MRSV, , ,
20140330_1641_51, XTEAM, XTEAM Engine, MRSV, , ,
20140330_1641_51, XTEAM, XTEAM Engine, MRSV, , ,
20140330_1641_51, XTEAM, XTEAM Engine, MRSV, , ,
20140330_1641_51, XTEAM, XTEAM Engine, MRSV, , ,
20140330_1641_51, XTEAM, XTEAM Engine, MRSV, , ,
20140330_1641_51, Notification, XTEAM Engine, MRSV, 21, Simulation execution completion, ,
20140330_1641_52, Snapshot, CoWare XTEAM Client, participant_1, 19, ,
20140330_1641_54, Notification, XTEAM Engine, MRSV, 28, Simulation execution completion, ,
20140330_1641_54, XTEAM, XTEAM Engine, MRSV, , ,
20140330_1641_54, XTEAM, XTEAM Engine, MRSV, , ,
20140330_1641_54, XTEAM, XTEAM Engine, MRSV, , ,
20140330_1641_58, Snapshot, CoWare XTEAM Client, participant_1, 20, ,
20140330_1642_00, Notification, XTEAM Engine, MRSV, 27, Simulation execution completion, ,
20140330_1642_00, XTEAM, XTEAM Engine, MRSV, , ,
20140330_1642_00, XTEAM, XTEAM Engine, MRSV, , ,
20140330_1642_00, XTEAM, XTEAM Engine, MRSV, , ,
20140330_1644_06, Snapshot, CoWare XTEAM Client, participant_1, 21, ,
20140330_1648_52, Design, CoWare XTEAM Client, participant_1, 22, X`e55df4ad.b7b04257.9e120182.ced0a272`ATTR`generate`Task`MON::Model [Task]`Aspect=xADLBehaviorAspect&Position=189.196`6de1d551.703f4069.85034d03.9388b013`Process`MON::Model [Process]`executionTime=7&memoryUsage=250&taskInstruction=nextRequest = new Request;|nextRequest->getRequestKind().value() = "Temperature";````````````, ,
20140330_1648_54, Notification, XTEAM Engine, MRSV, 29, Simulation execution beginning, ,
20140330_1649_06, Design, CoWare XTEAM Client, participant_1, 23, X`3709314b.7a93486e.8dc9b26c.f4772d70`ATTR`Host_1`Host`MON::Set [Host]`Aspect=xADLCoreAspect&Position=42.49`53c8e4c.6bec48b1.8f5efd8e.55e34f54`Architecture`MON::Model [Architecture]`receiveEnergyCost=65.000000&receiveEnergyOverhead=240.000000&transmitEnergyCost=12.000000&transmitEnergyOverhead=200.000000````````````, ,
20140330_1649_07, Notification, XTEAM Engine, MRSV, 30, Simulation execution beginning, ,
20140330_1649_09, Design, CoWare XTEAM Client, participant_1, 24, X`3709314b.7a93486e.8dc9b26c.f4772d70`ATTR`Host_1`Host`MON::Set [Host]`Aspect=xADLCoreAspect&Position=42.49`53c8e4c.6bec48b1.8f5efd8e.55e34f54`Architecture`MON::Model [Architecture]`receiveEnergyCost=65.000000&receiveEnergyOverhead=240.000000&transmitEnergyCost=12.000000&transmitEnergyOverhead=45.000000````````````, ,
20140330_1649_09, Design, CoWare XTEAM Client, participant_0, 14, X`836b59c5.88d74f5d.a94153e4.99e999cb`ATTR`handle`Task`MON::Model [Task]`Aspect=xADLBehaviorAspect&Position=175.217`c09948e9.2f0b41da.9c0eead1.64c6168c`Process`MON::Model [Process]`executionTime=0&memoryUsage=10&taskInstruction=````````````, ,
20140330_1649_10, Notification, XTEAM Engine, MRSV, 31, Simulation execution beginning, ,
20140330_1649_11, Notification, XTEAM Engine, MRSV, 32, Simulation execution beginning, ,
20140330_1649_12, Design, CoWare XTEAM Client, participant_1, 25, X`3709314b.7a93486e.8dc9b26c.f4772d70`ATTR`Host_1`Host`MON::Set [Host]`Aspect=xADLCoreAspect&Position=42.49`53c8e4c.6bec48b1.8f5efd8e.55e34f54`Architecture`MON::Model [Architecture]`receiveEnergyCost=18.000000&receiveEnergyOverhead=240.000000&transmitEnergyCost=12.000000&transmitEnergyOverhead=45.000000````````````, ,
20140330_1649_13, Notification, XTEAM Engine, MRSV, 33, Simulation execution beginning, ,
20140330_1649_16, Design, CoWare XTEAM Client, participant_1, 26, X`3709314b.7a93486e.8dc9b26c.f4772d70`ATTR`Host_1`Host`MON::Set [Host]`Aspect=xADLCoreAspect&Position=42.49`53c8e4c.6bec48b1.8f5efd8e.55e34f54`Architecture`MON::Model [Architecture]`receiveEnergyCost=18.000000&receiveEnergyOverhead=48.000000&transmitEnergyCost=12.000000&transmitEnergyOverhead=45.000000````````````, ,
20140330_1649_17, Notification, XTEAM Engine, MRSV, 34, Simulation execution beginning, ,
20140330_1649_22, Notification, XTEAM Engine, MRSV, 29, Simulation execution completion, ,
20140330_1649_22, XTEAM, XTEAM Engine, MRSV, , ,
20140330_1649_22, XTEAM, XTEAM Engine, MRSV, , ,
20140330_1649_22, XTEAM, XTEAM Engine, MRSV, , ,
20140330_1649_32, Notification, XTEAM Engine, MRSV, 30, Simulation execution completion, ,
20140330_1649_32, XTEAM, XTEAM Engine, MRSV, , ,
20140330_1649_32, XTEAM, XTEAM Engine, MRSV, , ,
20140330_1649_32, XTEAM, XTEAM Engine, MRSV, , ,
20140330_1649_33, Notification, XTEAM Engine, MRSV, 31, Simulation execution completion, ,
20140330_1649_33, XTEAM, XTEAM Engine, MRSV, , ,
20140330_1649_33, XTEAM, XTEAM Engine, MRSV, , ,
20140330_1649_33, XTEAM, XTEAM Engine, MRSV, , ,
20140330_1649_34, Notification, XTEAM Engine, MRSV, 32, Simulation execution completion, ,
20140330_1649_34, XTEAM, XTEAM Engine, MRSV, , ,
20140330_1649_34, XTEAM, XTEAM Engine, MRSV, , ,
20140330_1649_34, XTEAM, XTEAM Engine, MRSV, , ,
20140330_1649_42, Notification, XTEAM Engine, MRSV, 33, Simulation execution completion, ,
20140330_1649_42, XTEAM, XTEAM Engine, MRSV, , ,
20140330_1649_42, XTEAM, XTEAM Engine, MRSV, , ,
20140330_1649_42, XTEAM, XTEAM Engine, MRSV, , ,
20140330_1649_46, Notification, XTEAM Engine, MRSV, 34, Simulation execution completion, ,
20140330_1649_46, XTEAM, XTEAM Engine, MRSV, , ,
20140330_1649_46, XTEAM, XTEAM Engine, MRSV, , ,
20140330_1649_46, XTEAM, XTEAM Engine, MRSV, , ,
20140330_1649_47, Design, CoWare XTEAM Client, participant_0, 15, X`f603f85b.e43844a4.b3627b58.f951dcdf`ATTR`Host_Temp`Host`MON::Set [Host]`Aspect=xADLCoreAspect&Position=1106.763`53c8e4c.6bec48b1.8f5efd8e.55e34f54`Architecture`MON::Model [Architecture]`receiveEnergyCost=20.000000&receiveEnergyOverhead=70.000000&transmitEnergyCost=11.000000&transmitEnergyOverhead=40.000000````````````, ,
20140330_1649_48, Notification, XTEAM Engine, MRSV, 35, Simulation execution beginning, ,
20140330_1649_50, Design, CoWare XTEAM Client, participant_0, 16, X`f603f85b.e43844a4.b3627b58.f951dcdf`ATTR`Host_Temp`Host`MON::Set [Host]`Aspect=xADLCoreAspect&Position=1106.763`53c8e4c.6bec48b1.8f5efd8e.55e34f54`Architecture`MON::Model [Architecture]`receiveEnergyCost=13.000000&receiveEnergyOverhead=70.000000&transmitEnergyCost=11.000000&transmitEnergyOverhead=40.000000````````````, ,
20140330_1649_52, Notification, XTEAM Engine, MRSV, 36, Simulation execution beginning, ,
20140330_1649_52, Design, CoWare XTEAM Client, participant_0, 17, X`f603f85b.e43844a4.b3627b58.f951dcdf`ATTR`Host_Temp`Host`MON::Set [Host]`Aspect=xADLCoreAspect&Position=1106.763`53c8e4c.6bec48b1.8f5efd8e.55e34f54`Architecture`MON::Model [Architecture]`receiveEnergyCost=13.000000&receiveEnergyOverhead=45.000000&transmitEnergyCost=11.000000&transmitEnergyOverhead=40.000000````````````, ,
20140330_1649_54, Notification, XTEAM Engine, MRSV, 37, Simulation execution beginning, ,
20140330_1649_55, Design, CoWare XTEAM Client, participant_0, 18, X`cc6f3a99.39734696.be3c4499.34632100`ATTR`Host_Salinity`Host`MON::Set [Host]`Aspect=xADLCoreAspect&Position=966.763`53c8e4c.6bec48b1.8f5efd8e.55e34f54`Architecture`MON::Model [Architecture]`receiveEnergyCost=20.000000&receiveEnergyOverhead=70.000000&transmitEnergyCost=11.000000&transmitEnergyOverhead=40.000000````````````, ,
20140330_1649_56, Notification, XTEAM Engine, MRSV, 38, Simulation execution beginning, ,
20140330_1649_58, Design, CoWare XTEAM Client, participant_0, 19, X`cc6f3a99.39734696.be3c4499.34632100`ATTR`Host_Salinity`Host`MON::Set [Host]`Aspect=xADLCoreAspect&Position=966.763`53c8e4c.6bec48b1.8f5efd8e.55e34f54`Architecture`MON::Model [Architecture]`receiveEnergyCost=13.000000&receiveEnergyOverhead=70.000000&transmitEnergyCost=11.000000&transmitEnergyOverhead=40.000000````````````, ,
20140330_1649_59, Notification, XTEAM Engine, MRSV, 39, Simulation execution beginning, ,
20140330_1650_00, Design, CoWare XTEAM Client, participant_0, 20, X`cc6f3a99.39734696.be3c4499.34632100`ATTR`Host_Salinity`Host`MON::Set [Host]`Aspect=xADLCoreAspect&Position=966.763`53c8e4c.6bec48b1.8f5efd8e.55e34f54`Architecture`MON::Model [Architecture]`receiveEnergyCost=13.000000&receiveEnergyOverhead=45.000000&transmitEnergyCost=11.000000&transmitEnergyOverhead=40.000000````````````, ,
20140330_1650_02, Notification, XTEAM Engine, MRSV, 40, Simulation execution beginning, ,
20140330_1650_19, Notification, XTEAM Engine, MRSV, 35, Simulation execution completion, ,
20140330_1650_19, XTEAM, XTEAM Engine, MRSV, , ,
20140330_1650_19, XTEAM, XTEAM Engine, MRSV, , ,
20140330_1650_19, XTEAM, XTEAM Engine, MRSV, , ,
20140330_1650_22, Notification, XTEAM Engine, MRSV, 36, Simulation execution completion, ,
20140330_1650_22, XTEAM, XTEAM Engine, MRSV, , ,
20140330_1650_22, XTEAM, XTEAM Engine, MRSV, , ,
20140330_1650_22, XTEAM, XTEAM Engine, MRSV, , ,
20140330_1650_25, Notification, XTEAM Engine, MRSV, 38, Simulation execution completion, ,
20140330_1650_25, XTEAM, XTEAM Engine, MRSV, , ,
20140330_1650_25, XTEAM, XTEAM Engine, MRSV, , ,
20140330_1650_25, XTEAM, XTEAM Engine, MRSV, , ,
20140330_1650_43, Notification, XTEAM Engine, MRSV, 37, Simulation execution completion, ,
20140330_1650_43, XTEAM, XTEAM Engine, MRSV, , ,
20140330_1650_43, XTEAM, XTEAM Engine, MRSV, , ,
20140330_1650_43, XTEAM, XTEAM Engine, MRSV, , ,
20140330_1650_43, Notification, XTEAM Engine, MRSV, 39, Simulation execution completion, ,
20140330_1650_43, XTEAM, XTEAM Engine, MRSV, , ,
20140330_1650_43, XTEAM, XTEAM Engine, MRSV, , ,
20140330_1650_43, XTEAM, XTEAM Engine, MRSV, , ,
20140330_1650_47, Notification, XTEAM Engine, MRSV, 40, Simulation execution completion, ,
20140330_1650_47, XTEAM, XTEAM Engine, MRSV, , ,
20140330_1650_47, XTEAM, XTEAM Engine, MRSV, , ,
20140330_1650_47, XTEAM, XTEAM Engine, MRSV, , ,
20140330_1652_41, Snapshot, CoWare XTEAM Client, participant_0, 21, ,
20140330_1653_15, Design, CoWare XTEAM Client, participant_0, 22, X`836b59c5.88d74f5d.a94153e4.99e999cb`ATTR`handle`Task`MON::Model [Task]`Aspect=xADLBehaviorAspect&Position=175.217`c09948e9.2f0b41da.9c0eead1.64c6168c`Process`MON::Model [Process]`executionTime=8&memoryUsage=10&taskInstruction=````````````, ,
20140330_1653_17, Notification, XTEAM Engine, MRSV, 41, Simulation execution beginning, ,
20140330_1653_32, Design, CoWare XTEAM Client, participant_0, 23, X`cc6f3a99.39734696.be3c4499.34632100`ATTR`Host_Salinity`Host`MON::Set [Host]`Aspect=xADLCoreAspect&Position=966.763`53c8e4c.6bec48b1.8f5efd8e.55e34f54`Architecture`MON::Model [Architecture]`receiveEnergyCost=13.000000&receiveEnergyOverhead=45.000000&transmitEnergyCost=12.000000&transmitEnergyOverhead=40.000000````````````, ,
20140330_1653_33, Notification, XTEAM Engine, MRSV, 42, Simulation execution beginning, ,
20140330_1653_34, Design, CoWare XTEAM Client, participant_0, 24, X`cc6f3a99.39734696.be3c4499.34632100`ATTR`Host_Salinity`Host`MON::Set [Host]`Aspect=xADLCoreAspect&Position=966.763`53c8e4c.6bec48b1.8f5efd8e.55e34f54`Architecture`MON::Model [Architecture]`receiveEnergyCost=20.000000&receiveEnergyOverhead=45.000000&transmitEnergyCost=12.000000&transmitEnergyOverhead=40.000000````````````, ,
20140330_1653_35, Notification, XTEAM Engine, MRSV, 43, Simulation execution beginning, ,
20140330_1653_37, Design, CoWare XTEAM Client, participant_0, 25, X`cc6f3a99.39734696.be3c4499.34632100`ATTR`Host_Salinity`Host`MON::Set [Host]`Aspect=xADLCoreAspect&Position=966.763`53c8e4c.6bec48b1.8f5efd8e.55e34f54`Architecture`MON::Model [Architecture]`receiveEnergyCost=20.000000&receiveEnergyOverhead=70.000000&transmitEnergyCost=12.000000&transmitEnergyOverhead=40.000000````````````, ,
20140330_1653_38, Notification, XTEAM Engine, MRSV, 41, Simulation execution completion, ,
20140330_1653_38, XTEAM, XTEAM Engine, MRSV, , ,
20140330_1653_38, XTEAM, XTEAM Engine, MRSV, , ,
20140330_1653_38, XTEAM, XTEAM Engine, MRSV, , ,
20140330_1653_38, Notification, XTEAM Engine, MRSV, 44, Simulation execution beginning, ,
20140330_1653_54, Notification, XTEAM Engine, MRSV, 42, Simulation execution completion, ,
20140330_1653_54, XTEAM, XTEAM Engine, MRSV, , ,
20140330_1653_54, XTEAM, XTEAM Engine, MRSV, , ,
20140330_1653_54, XTEAM, XTEAM Engine, MRSV, , ,
20140330_1653_57, Notification, XTEAM Engine, MRSV, 43, Simulation execution completion, ,
20140330_1653_57, XTEAM, XTEAM Engine, MRSV, , ,
20140330_1653_57, XTEAM, XTEAM Engine, MRSV, , ,
20140330_1653_57, XTEAM, XTEAM Engine, MRSV, , ,
20140330_1654_00, Notification, XTEAM Engine, MRSV, 44, Simulation execution completion, ,
20140330_1654_00, XTEAM, XTEAM Engine, MRSV, , ,
20140330_1654_00, XTEAM, XTEAM Engine, MRSV, , ,
20140330_1654_00, XTEAM, XTEAM Engine, MRSV, , ,
20140330_1654_02, Design, CoWare XTEAM Client, participant_0, 26, X`f603f85b.e43844a4.b3627b58.f951dcdf`ATTR`Host_Temp`Host`MON::Set [Host]`Aspect=xADLCoreAspect&Position=1106.763`53c8e4c.6bec48b1.8f5efd8e.55e34f54`Architecture`MON::Model [Architecture]`receiveEnergyCost=13.000000&receiveEnergyOverhead=45.000000&transmitEnergyCost=12.000000&transmitEnergyOverhead=40.000000````````````, ,
20140330_1654_03, Notification, XTEAM Engine, MRSV, 45, Simulation execution beginning, ,
20140330_1654_06, Design, CoWare XTEAM Client, participant_0, 27, X`f603f85b.e43844a4.b3627b58.f951dcdf`ATTR`Host_Temp`Host`MON::Set [Host]`Aspect=xADLCoreAspect&Position=1106.763`53c8e4c.6bec48b1.8f5efd8e.55e34f54`Architecture`MON::Model [Architecture]`receiveEnergyCost=13.000000&receiveEnergyOverhead=45.000000&transmitEnergyCost=12.000000&transmitEnergyOverhead=40.000000````````````, ,
20140330_1654_07, Notification, XTEAM Engine, MRSV, 46, Simulation execution beginning, ,
20140330_1654_08, Design, CoWare XTEAM Client, participant_0, 28, X`f603f85b.e43844a4.b3627b58.f951dcdf`ATTR`Host_Temp`Host`MON::Set [Host]`Aspect=xADLCoreAspect&Position=1106.763`53c8e4c.6bec48b1.8f5efd8e.55e34f54`Architecture`MON::Model [Architecture]`receiveEnergyCost=20.000000&receiveEnergyOverhead=45.000000&transmitEnergyCost=12.000000&transmitEnergyOverhead=40.000000````````````, ,
20140330_1654_10, Design, CoWare XTEAM Client, participant_0, 29, X`f603f85b.e43844a4.b3627b58.f951dcdf`ATTR`Host_Temp`Host`MON::Set [Host]`Aspect=xADLCoreAspect&Position=1106.763`53c8e4c.6bec48b1.8f5efd8e.55e34f54`Architecture`MON::Model [Architecture]`receiveEnergyCost=20.000000&receiveEnergyOverhead=70.000000&transmitEnergyCost=12.000000&transmitEnergyOverhead=40.000000````````````, ,
20140330_1654_12, Notification, XTEAM Engine, MRSV, 47, Simulation execution beginning, ,
20140330_1654_13, Notification, XTEAM Engine, MRSV, 48, Simulation execution beginning, ,
20140330_1654_42, Notification, XTEAM Engine, MRSV, 45, Simulation execution completion, ,
20140330_1654_42, XTEAM, XTEAM Engine, MRSV, , ,
20140330_1654_42, XTEAM, XTEAM Engine, MRSV, , ,
20140330_1654_42, XTEAM, XTEAM Engine, MRSV, , ,
20140330_1654_47, Notification, XTEAM Engine, MRSV, 46, Simulation execution completion, ,
20140330_1654_47, XTEAM, XTEAM Engine, MRSV, , ,
20140330_1654_47, XTEAM, XTEAM Engine, MRSV, , ,
20140330_1654_47, XTEAM, XTEAM Engine, MRSV, , ,
20140330_1654_48, Notification, XTEAM Engine, MRSV, 47, Simulation execution completion, ,
20140330_1654_48, XTEAM, XTEAM Engine, MRSV, , ,
20140330_1654_48, XTEAM, XTEAM Engine, MRSV, , ,
20140330_1654_48, XTEAM, XTEAM Engine, MRSV, , ,
20140330_1654_53, Notification, XTEAM Engine, MRSV, 48, Simulation execution completion, ,
20140330_1654_53, XTEAM, XTEAM Engine, MRSV, , ,
20140330_1654_53, XTEAM, XTEAM Engine, MRSV, , ,
20140330_1654_53, XTEAM, XTEAM Engine, MRSV, , ,
20140330_1655_43, Design, CoWare XTEAM Client, participant_1, 27, X`3709314b.7a93486e.8dc9b26c.f4772d70`ATTR`Host_1`Host`MON::Set [Host]`Aspect=xADLCoreAspect&Position=42.49`53c8e4c.6bec48b1.8f5efd8e.55e34f54`Architecture`MON::Model [Architecture]`receiveEnergyCost=18.000000&receiveEnergyOverhead=48.000000&transmitEnergyCost=50.000000&transmitEnergyOverhead=45.000000````````````, ,
20140330_1655_44, Notification, XTEAM Engine, MRSV, 49, Simulation execution beginning, ,
20140330_1655_45, Design, CoWare XTEAM Client, participant_1, 28, X`3709314b.7a93486e.8dc9b26c.f4772d70`ATTR`Host_1`Host`MON::Set [Host]`Aspect=xADLCoreAspect&Position=42.49`53c8e4c.6bec48b1.8f5efd8e.55e34f54`Architecture`MON::Model [Architecture]`receiveEnergyCost=18.000000&receiveEnergyOverhead=48.000000&transmitEnergyCost=50.000000&transmitEnergyOverhead=200.000000````````````, ,
20140330_1655_46, Notification, XTEAM Engine, MRSV, 50, Simulation execution beginning, ,
20140330_1655_47, Design, CoWare XTEAM Client, participant_1, 29, X`3709314b.7a93486e.8dc9b26c.f4772d70`ATTR`Host_1`Host`MON::Set [Host]`Aspect=xADLCoreAspect&Position=42.49`53c8e4c.6bec48b1.8f5efd8e.55e34f54`Architecture`MON::Model [Architecture]`receiveEnergyCost=65.000000&receiveEnergyOverhead=48.000000&transmitEnergyCost=50.000000&transmitEnergyOverhead=200.000000````````````, ,
20140330_1655_49, Notification, XTEAM Engine, MRSV, 51, Simulation execution beginning, ,
20140330_1655_50, Design, CoWare XTEAM Client, participant_1, 30, X`3709314b.7a93486e.8dc9b26c.f4772d70`ATTR`Host_1`Host`MON::Set [Host]`Aspect=xADLCoreAspect&Position=42.49`53c8e4c.6bec48b1.8f5efd8e.55e34f54`Architecture`MON::Model [Architecture]`receiveEnergyCost=65.000000&receiveEnergyOverhead=240.000000&transmitEnergyCost=50.000000&transmitEnergyOverhead=200.000000````````````, ,
20140330_1655_52, Notification, XTEAM Engine, MRSV, 52, Simulation execution beginning, ,
20140330_1656_10, Design, CoWare XTEAM Client, participant_1, 31, X`e55df4ad.b7b04257.9e120182.ced0a272`ATTR`generate`Task`MON::Model [Task]`Aspect=xADLBehaviorAspect&Position=189.196`6de1d551.703f4069.85034d03.9388b013`Process`MON::Model [Process]`executionTime=5&memoryUsage=250&taskInstruction=nextRequest = new Request;|nextRequest->getRequestKind().value() = "Temperature";````````````, ,
20140330_1656_12, Notification, XTEAM Engine, MRSV, 53, Simulation execution beginning, ,
20140330_1656_16, Notification, XTEAM Engine, MRSV, 49, Simulation execution completion, ,
20140330_1656_16, XTEAM, XTEAM Engine, MRSV, , ,
20140330_1656_16, XTEAM, XTEAM Engine, MRSV, , ,
20140330_1656_16, XTEAM, XTEAM Engine, MRSV, , ,
20140330_1656_19, Notification, XTEAM Engine, MRSV, 50, Simulation execution completion, ,
20140330_1656_19, XTEAM, XTEAM Engine, MRSV, , ,
20140330_1656_19, XTEAM, XTEAM Engine, MRSV, , ,
20140330_1656_19, XTEAM, XTEAM Engine, MRSV, , ,
20140330_1656_20, Notification, XTEAM Engine, MRSV, 51, Simulation execution completion, ,
20140330_1656_20, XTEAM, XTEAM Engine, MRSV, , ,
20140330_1656_20, XTEAM, XTEAM Engine, MRSV, , ,
20140330_1656_20, XTEAM, XTEAM Engine, MRSV, , ,
20140330_1656_23, Notification, XTEAM Engine, MRSV, 52, Simulation execution completion, ,
20140330_1656_23, XTEAM, XTEAM Engine, MRSV, , ,
20140330_1656_23, XTEAM, XTEAM Engine, MRSV, , ,
20140330_1656_23, XTEAM, XTEAM Engine, MRSV, , ,
20140330_1656_32, Notification, XTEAM Engine, MRSV, 53, Simulation execution completion, ,
20140330_1656_32, XTEAM, XTEAM Engine, MRSV, , ,
20140330_1656_32, XTEAM, XTEAM Engine, MRSV, , ,
20140330_1656_32, XTEAM, XTEAM Engine, MRSV, , ,
20140330_1657_51, Snapshot, CoWare XTEAM Client, participant_0, 30, ,
20140330_1658_12, Snapshot, CoWare XTEAM Client, participant_0, 31, ,
20140330_1658_56, Snapshot, CoWare XTEAM Client, participant_1, 32, ,
20140330_1659_20, Snapshot, CoWare XTEAM Client, participant_1, 33, ,
