TIME, Event name, OriginComponent, SenderUsername, EventID, ,
20141127_1619_50, Snapshot, FLAME Client, participant_1, 5, ,
20141127_1621_47, Snapshot, FLAME Client, participant_1, 10, ,
20141127_1622_04, Snapshot, FLAME Client, participant_0, 7, ,
20141127_1624_00, Snapshot, FLAME Client, participant_0, 12, ,
20141127_1624_15, Snapshot, FLAME Client, participant_1, 16, ,
20141127_1626_54, Snapshot, FLAME Client, participant_1, 21, ,
20141127_1628_52, Snapshot, FLAME Client, participant_0, 23, ,
20141127_1632_07, Snapshot, FLAME Client, participant_1, 27, ,
20141127_1640_33, Snapshot, FLAME Client, participant_0, 33, ,
