TIME, Event name, OriginComponent, SenderUsername, EventID, Value, ,
20141127_1616_11, Login, FLAME Client, participant_0, , ,
20141127_1616_14, Login, XTEAM Engine, participant_0, , ,
20141127_1616_26, Login, FLAME Client, participant_1, , ,
20141127_1616_29, Login, XTEAM Engine, participant_1, , ,
20141127_1618_41, Design, FLAME Client, participant_1, 1, X`3f426f4b.6d164164.816fe575.67a4324f`ATTR`generate`Task`MON::Model [Task]`Aspect=xADLBehaviorAspect&Position=301.259`37598ce1.81784bb5.996843e8.1d554a61`Process`MON::Model [Process]`executionTime=7.0&memoryUsage=3&taskInstruction=nextTask = new Task;|nextTask->getTaskState().value() = 0;|nextTask->getTaskID().value() = taskIDCounter->getNextTaskID().value()++;````````````, ,
20141127_1618_43, Notification, XTEAM Engine, participant_1, 1, Simulation execution beginning, ,
20141127_1618_50, Design, FLAME Client, participant_1, 2, X`3f426f4b.6d164164.816fe575.67a4324f`ATTR`generate`Task`MON::Model [Task]`Aspect=xADLBehaviorAspect&Position=301.259`37598ce1.81784bb5.996843e8.1d554a61`Process`MON::Model [Process]`executionTime=7.0&memoryUsage=5500&taskInstruction=nextTask = new Task;|nextTask->getTaskState().value() = 0;|nextTask->getTaskID().value() = taskIDCounter->getNextTaskID().value()++;````````````, ,
20141127_1618_52, Notification, XTEAM Engine, participant_1, 2, Simulation execution beginning, ,
20141127_1619_20, Notification, XTEAM Engine, participant_1, 1, Simulation execution completion, ,
20141127_1619_20, XTEAM, XTEAM Engine, participant_1, , ,
20141127_1619_20, XTEAM, XTEAM Engine, participant_1, , ,
20141127_1619_20, XTEAM, XTEAM Engine, participant_1, , ,
20141127_1619_27, Notification, XTEAM Engine, participant_1, 2, Simulation execution completion, ,
20141127_1619_27, XTEAM, XTEAM Engine, participant_1, , ,
20141127_1619_27, XTEAM, XTEAM Engine, participant_1, , ,
20141127_1619_27, XTEAM, XTEAM Engine, participant_1, , ,
20141127_1619_32, Design, FLAME Client, participant_0, 1, X`4c379791.2eea468a.a8abbb1d.e5fba9bb`ATTR`perform`Task`MON::Model [Task]`Aspect=xADLBehaviorAspect&Position=336.217`c270ab26.2fff4b88.bf50a288.2d000ee5`Process`MON::Model [Process]`executionTime=350&memoryUsage=27&taskInstruction=nextResult[thread_id] = new Result;|nextResult[thread_id]->getResultState().value() = 0;|nextResult[thread_id]->getResultID().value() = nextTask[thread_id]->getTaskID().value();|nextResult[thread_id]->getResultValue().value() = 1;````````````, ,
20141127_1619_33, Notification, XTEAM Engine, participant_0, 1, Simulation execution beginning, ,
20141127_1619_36, Design, FLAME Client, participant_1, 3, X`176369f9.b385435c.b2d59a0f.66ba660c`ATTR`Host_SubsetSum`Host`MON::Set [Host]`Aspect=xADLCoreAspect&Position=1610.385`bb42af9e.ee894de6.a8870ee2.566cbbfe`Architecture`MON::Model [Architecture]`receiveEnergyCost=101.280000&receiveEnergyOverhead=64.990000&transmitEnergyCost=182.000000&transmitEnergyOverhead=82.450000````````````, ,
20141127_1619_37, Notification, XTEAM Engine, participant_1, 3, Simulation execution beginning, ,
20141127_1619_39, Design, FLAME Client, participant_0, 2, X`4c379791.2eea468a.a8abbb1d.e5fba9bb`ATTR`perform`Task`MON::Model [Task]`Aspect=xADLBehaviorAspect&Position=336.217`c270ab26.2fff4b88.bf50a288.2d000ee5`Process`MON::Model [Process]`executionTime=350&memoryUsage=32&taskInstruction=nextResult[thread_id] = new Result;|nextResult[thread_id]->getResultState().value() = 0;|nextResult[thread_id]->getResultID().value() = nextTask[thread_id]->getTaskID().value();|nextResult[thread_id]->getResultValue().value() = 1;````````````, ,
20141127_1619_40, Notification, XTEAM Engine, participant_0, 2, Simulation execution beginning, ,
20141127_1619_43, Design, FLAME Client, participant_1, 4, X`176369f9.b385435c.b2d59a0f.66ba660c`ATTR`Host_SubsetSum`Host`MON::Set [Host]`Aspect=xADLCoreAspect&Position=1610.385`bb42af9e.ee894de6.a8870ee2.566cbbfe`Architecture`MON::Model [Architecture]`receiveEnergyCost=101.280000&receiveEnergyOverhead=64.990000&transmitEnergyCost=182.000000&transmitEnergyOverhead=217.000000````````````, ,
20141127_1619_45, Notification, XTEAM Engine, participant_1, 4, Simulation execution beginning, ,
20141127_1619_50, Snapshot, FLAME Client, participant_1, 5, ,
20141127_1619_51, Notification, XTEAM Engine, participant_0, 3, Simulation execution beginning, ,
20141127_1619_52, Design, FLAME Client, participant_0, 3, X`cdc6010e.7cf74d31.85daf3c3.1e9a4be8`ATTR`Host_Client`Host`MON::Set [Host]`Aspect=xADLCoreAspect&Position=28.560`bb42af9e.ee894de6.a8870ee2.566cbbfe`Architecture`MON::Model [Architecture]`receiveEnergyCost=150.010000&receiveEnergyOverhead=101.860000&transmitEnergyCost=312.000000&transmitEnergyOverhead=129.870000````````````, ,
20141127_1619_53, Notification, XTEAM Engine, participant_0, 4, Simulation execution beginning, ,
20141127_1620_02, Design, FLAME Client, participant_0, 4, X`cdc6010e.7cf74d31.85daf3c3.1e9a4be8`ATTR`Host_Client`Host`MON::Set [Host]`Aspect=xADLCoreAspect&Position=28.560`bb42af9e.ee894de6.a8870ee2.566cbbfe`Architecture`MON::Model [Architecture]`receiveEnergyCost=150.010000&receiveEnergyOverhead=101.860000&transmitEnergyCost=312.000000&transmitEnergyOverhead=341.000000````````````, ,
20141127_1620_03, Notification, XTEAM Engine, participant_0, 5, Simulation execution beginning, ,
20141127_1620_08, Update, FLAME Client, participant_0, 5, ,
20141127_1620_20, Notification, XTEAM Engine, participant_0, 1, Simulation execution completion, ,
20141127_1620_20, XTEAM, XTEAM Engine, participant_0, , ,
20141127_1620_20, XTEAM, XTEAM Engine, participant_0, , ,
20141127_1620_20, XTEAM, XTEAM Engine, participant_0, , ,
20141127_1620_22, Notification, XTEAM Engine, participant_1, 3, Simulation execution completion, ,
20141127_1620_22, XTEAM, XTEAM Engine, participant_1, , ,
20141127_1620_22, XTEAM, XTEAM Engine, participant_1, , ,
20141127_1620_22, XTEAM, XTEAM Engine, participant_1, , ,
20141127_1620_24, Notification, XTEAM Engine, participant_0, 2, Simulation execution completion, ,
20141127_1620_24, XTEAM, XTEAM Engine, participant_0, , ,
20141127_1620_24, XTEAM, XTEAM Engine, participant_0, , ,
20141127_1620_24, XTEAM, XTEAM Engine, participant_0, , ,
20141127_1620_28, Notification, XTEAM Engine, participant_1, 4, Simulation execution completion, ,
20141127_1620_28, XTEAM, XTEAM Engine, participant_1, , ,
20141127_1620_28, XTEAM, XTEAM Engine, participant_1, , ,
20141127_1620_28, XTEAM, XTEAM Engine, participant_1, , ,
20141127_1620_34, Notification, XTEAM Engine, participant_0, 3, Simulation execution completion, ,
20141127_1620_34, XTEAM, XTEAM Engine, participant_0, , ,
20141127_1620_34, XTEAM, XTEAM Engine, participant_0, , ,
20141127_1620_34, XTEAM, XTEAM Engine, participant_0, , ,
20141127_1620_34, Notification, XTEAM Engine, participant_0, 4, Simulation execution completion, ,
20141127_1620_34, XTEAM, XTEAM Engine, participant_0, , ,
20141127_1620_34, XTEAM, XTEAM Engine, participant_0, , ,
20141127_1620_34, XTEAM, XTEAM Engine, participant_0, , ,
20141127_1620_49, Notification, XTEAM Engine, participant_0, 5, Simulation execution completion, ,
20141127_1620_49, XTEAM, XTEAM Engine, participant_0, , ,
20141127_1620_49, XTEAM, XTEAM Engine, participant_0, , ,
20141127_1620_49, XTEAM, XTEAM Engine, participant_0, , ,
20141127_1620_52, Design, FLAME Client, participant_1, 6, X`3a60805b.3a524f70.a064acd1.88108a11`ATTR`generate`Task`MON::Model [Task]`Aspect=xADLBehaviorAspect&Position=301.259`fd961ab4.712348fe.91a8653d.18529735`Process`MON::Model [Process]`executionTime=6&memoryUsage=3&taskInstruction=nextTask = new Task;|nextTask->getTaskState().value() = 0;|nextTask->getTaskID().value() = taskIDCounter->getNextTaskID().value()++;````````````, ,
20141127_1620_53, Notification, XTEAM Engine, participant_1, 5, Simulation execution beginning, ,
20141127_1621_00, Design, FLAME Client, participant_1, 7, X`3a60805b.3a524f70.a064acd1.88108a11`ATTR`generate`Task`MON::Model [Task]`Aspect=xADLBehaviorAspect&Position=301.259`fd961ab4.712348fe.91a8653d.18529735`Process`MON::Model [Process]`executionTime=6&memoryUsage=11000&taskInstruction=nextTask = new Task;|nextTask->getTaskState().value() = 0;|nextTask->getTaskID().value() = taskIDCounter->getNextTaskID().value()++;````````````, ,
20141127_1621_01, Notification, XTEAM Engine, participant_1, 6, Simulation execution beginning, ,
20141127_1621_22, Design, FLAME Client, participant_1, 8, X`de311a94.5ac54159.8e7ae434.321ec71e`ATTR`HostSAT`Host`MON::Set [Host]`Aspect=xADLCoreAspect&Position=1610.497`bb42af9e.ee894de6.a8870ee2.566cbbfe`Architecture`MON::Model [Architecture]`receiveEnergyCost=101.280000&receiveEnergyOverhead=64.990000&transmitEnergyCost=330.000000&transmitEnergyOverhead=82.450000````````````, ,
20141127_1621_24, Notification, XTEAM Engine, participant_1, 7, Simulation execution beginning, ,
20141127_1621_27, Notification, XTEAM Engine, participant_1, 5, Simulation execution completion, ,
20141127_1621_27, XTEAM, XTEAM Engine, participant_1, , ,
20141127_1621_27, XTEAM, XTEAM Engine, participant_1, , ,
20141127_1621_27, XTEAM, XTEAM Engine, participant_1, , ,
20141127_1621_33, Design, FLAME Client, participant_1, 9, X`de311a94.5ac54159.8e7ae434.321ec71e`ATTR`HostSAT`Host`MON::Set [Host]`Aspect=xADLCoreAspect&Position=1610.497`bb42af9e.ee894de6.a8870ee2.566cbbfe`Architecture`MON::Model [Architecture]`receiveEnergyCost=101.280000&receiveEnergyOverhead=64.990000&transmitEnergyCost=330.000000&transmitEnergyOverhead=429.000000````````````, ,
20141127_1621_35, Notification, XTEAM Engine, participant_1, 8, Simulation execution beginning, ,
20141127_1621_35, Notification, XTEAM Engine, participant_1, 6, Simulation execution completion, ,
20141127_1621_35, XTEAM, XTEAM Engine, participant_1, , ,
20141127_1621_35, XTEAM, XTEAM Engine, participant_1, , ,
20141127_1621_35, XTEAM, XTEAM Engine, participant_1, , ,
20141127_1621_47, Snapshot, FLAME Client, participant_1, 10, ,
20141127_1621_48, Notification, XTEAM Engine, participant_0, 6, Simulation execution beginning, ,
20141127_1621_54, Update, FLAME Client, participant_0, 6, ,
20141127_1621_58, Notification, XTEAM Engine, participant_1, 7, Simulation execution completion, ,
20141127_1621_58, XTEAM, XTEAM Engine, participant_1, , ,
20141127_1621_58, XTEAM, XTEAM Engine, participant_1, , ,
20141127_1621_58, XTEAM, XTEAM Engine, participant_1, , ,
20141127_1622_04, Snapshot, FLAME Client, participant_0, 7, ,
20141127_1622_05, Notification, XTEAM Engine, participant_1, 9, Simulation execution beginning, ,
20141127_1622_09, Notification, XTEAM Engine, participant_1, 8, Simulation execution completion, ,
20141127_1622_09, XTEAM, XTEAM Engine, participant_1, , ,
20141127_1622_09, XTEAM, XTEAM Engine, participant_1, , ,
20141127_1622_09, XTEAM, XTEAM Engine, participant_1, , ,
20141127_1622_22, Notification, XTEAM Engine, participant_0, 6, Simulation execution completion, ,
20141127_1622_22, XTEAM, XTEAM Engine, participant_0, , ,
20141127_1622_22, XTEAM, XTEAM Engine, participant_0, , ,
20141127_1622_22, XTEAM, XTEAM Engine, participant_0, , ,
20141127_1622_35, Notification, XTEAM Engine, participant_1, 9, Simulation execution completion, ,
20141127_1622_35, XTEAM, XTEAM Engine, participant_1, , ,
20141127_1622_35, XTEAM, XTEAM Engine, participant_1, , ,
20141127_1622_35, XTEAM, XTEAM Engine, participant_1, , ,
20141127_1623_21, Design, FLAME Client, participant_1, 11, X`3f426f4b.6d164164.816fe575.67a4324f`ATTR`generate`Task`MON::Model [Task]`Aspect=xADLBehaviorAspect&Position=301.259`37598ce1.81784bb5.996843e8.1d554a61`Process`MON::Model [Process]`executionTime=6.0&memoryUsage=5500&taskInstruction=nextTask = new Task;|nextTask->getTaskState().value() = 0;|nextTask->getTaskID().value() = taskIDCounter->getNextTaskID().value()++;````````````, ,
20141127_1623_22, Notification, XTEAM Engine, participant_1, 10, Simulation execution beginning, ,
20141127_1623_28, Design, FLAME Client, participant_0, 8, X`64e3f498.f1114939.ba695f73.d07188e3`ATTR`perform`Task`MON::Model [Task]`Aspect=xADLBehaviorAspect&Position=308.301`d640f4b9.22e14264.b459176e.af6b895e`Process`MON::Model [Process]`executionTime=350&memoryUsage=27&taskInstruction=nextResult[thread_id] = new Result;|nextResult[thread_id]->getResultState().value() = 0;|nextResult[thread_id]->getResultID().value() = nextTask[thread_id]->getTaskID().value();|nextResult[thread_id]->getResultValue().value() = 1;````````````, ,
20141127_1623_29, Notification, XTEAM Engine, participant_0, 7, Simulation execution beginning, ,
20141127_1623_30, Design, FLAME Client, participant_1, 12, X`3f426f4b.6d164164.816fe575.67a4324f`ATTR`generate`Task`MON::Model [Task]`Aspect=xADLBehaviorAspect&Position=301.259`37598ce1.81784bb5.996843e8.1d554a61`Process`MON::Model [Process]`executionTime=6.0&memoryUsage=11000&taskInstruction=nextTask = new Task;|nextTask->getTaskState().value() = 0;|nextTask->getTaskID().value() = taskIDCounter->getNextTaskID().value()++;````````````, ,
20141127_1623_32, Notification, XTEAM Engine, participant_1, 11, Simulation execution beginning, ,
20141127_1623_39, Design, FLAME Client, participant_0, 9, X`64e3f498.f1114939.ba695f73.d07188e3`ATTR`perform`Task`MON::Model [Task]`Aspect=xADLBehaviorAspect&Position=308.301`d640f4b9.22e14264.b459176e.af6b895e`Process`MON::Model [Process]`executionTime=350&memoryUsage=32&taskInstruction=nextResult[thread_id] = new Result;|nextResult[thread_id]->getResultState().value() = 0;|nextResult[thread_id]->getResultID().value() = nextTask[thread_id]->getTaskID().value();|nextResult[thread_id]->getResultValue().value() = 1;````````````, ,
20141127_1623_40, Notification, XTEAM Engine, participant_0, 8, Simulation execution beginning, ,
20141127_1623_49, Design, FLAME Client, participant_1, 13, X`176369f9.b385435c.b2d59a0f.66ba660c`ATTR`Host_SubsetSum`Host`MON::Set [Host]`Aspect=xADLCoreAspect&Position=1610.385`bb42af9e.ee894de6.a8870ee2.566cbbfe`Architecture`MON::Model [Architecture]`receiveEnergyCost=101.280000&receiveEnergyOverhead=64.990000&transmitEnergyCost=330.000000&transmitEnergyOverhead=217.000000````````````, ,
20141127_1623_51, Notification, XTEAM Engine, participant_1, 12, Simulation execution beginning, ,
20141127_1623_52, Design, FLAME Client, participant_0, 10, X`25fea250.79aa4baf.b62be506.e9d1819a`ATTR`Host_GCE`Host`MON::Set [Host]`Aspect=xADLCoreAspect&Position=161.560`bb42af9e.ee894de6.a8870ee2.566cbbfe`Architecture`MON::Model [Architecture]`receiveEnergyCost=150.010000&receiveEnergyOverhead=101.860000&transmitEnergyCost=312.000000&transmitEnergyOverhead=129.870000````````````, ,
20141127_1623_53, Notification, XTEAM Engine, participant_0, 9, Simulation execution beginning, ,
20141127_1623_57, Design, FLAME Client, participant_1, 14, X`176369f9.b385435c.b2d59a0f.66ba660c`ATTR`Host_SubsetSum`Host`MON::Set [Host]`Aspect=xADLCoreAspect&Position=1610.385`bb42af9e.ee894de6.a8870ee2.566cbbfe`Architecture`MON::Model [Architecture]`receiveEnergyCost=101.280000&receiveEnergyOverhead=64.990000&transmitEnergyCost=330.000000&transmitEnergyOverhead=429.000000````````````, ,
20141127_1623_58, Notification, XTEAM Engine, participant_1, 13, Simulation execution beginning, ,
20141127_1623_58, Design, FLAME Client, participant_0, 11, X`25fea250.79aa4baf.b62be506.e9d1819a`ATTR`Host_GCE`Host`MON::Set [Host]`Aspect=xADLCoreAspect&Position=161.560`bb42af9e.ee894de6.a8870ee2.566cbbfe`Architecture`MON::Model [Architecture]`receiveEnergyCost=150.010000&receiveEnergyOverhead=101.860000&transmitEnergyCost=312.000000&transmitEnergyOverhead=341.000000````````````, ,
20141127_1623_59, Notification, XTEAM Engine, participant_0, 10, Simulation execution beginning, ,
20141127_1624_00, Snapshot, FLAME Client, participant_0, 12, ,
20141127_1624_02, Notification, XTEAM Engine, participant_1, 14, Simulation execution beginning, ,
20141127_1624_02, Notification, XTEAM Engine, participant_1, 10, Simulation execution completion, ,
20141127_1624_02, XTEAM, XTEAM Engine, participant_1, , ,
20141127_1624_02, XTEAM, XTEAM Engine, participant_1, , ,
20141127_1624_02, XTEAM, XTEAM Engine, participant_1, , ,
20141127_1624_09, Update, FLAME Client, participant_1, 15, ,
20141127_1624_12, Notification, XTEAM Engine, participant_0, 7, Simulation execution completion, ,
20141127_1624_12, XTEAM, XTEAM Engine, participant_0, , ,
20141127_1624_12, XTEAM, XTEAM Engine, participant_0, , ,
20141127_1624_12, XTEAM, XTEAM Engine, participant_0, , ,
20141127_1624_14, Notification, XTEAM Engine, participant_1, 11, Simulation execution completion, ,
20141127_1624_14, XTEAM, XTEAM Engine, participant_1, , ,
20141127_1624_14, XTEAM, XTEAM Engine, participant_1, , ,
20141127_1624_14, XTEAM, XTEAM Engine, participant_1, , ,
20141127_1624_15, Snapshot, FLAME Client, participant_1, 16, ,
20141127_1624_17, Notification, XTEAM Engine, participant_0, 11, Simulation execution beginning, ,
20141127_1624_23, Notification, XTEAM Engine, participant_0, 8, Simulation execution completion, ,
20141127_1624_23, XTEAM, XTEAM Engine, participant_0, , ,
20141127_1624_23, XTEAM, XTEAM Engine, participant_0, , ,
20141127_1624_23, XTEAM, XTEAM Engine, participant_0, , ,
20141127_1624_31, Notification, XTEAM Engine, participant_1, 12, Simulation execution completion, ,
20141127_1624_31, XTEAM, XTEAM Engine, participant_1, , ,
20141127_1624_31, XTEAM, XTEAM Engine, participant_1, , ,
20141127_1624_31, XTEAM, XTEAM Engine, participant_1, , ,
20141127_1624_32, Notification, XTEAM Engine, participant_0, 9, Simulation execution completion, ,
20141127_1624_32, XTEAM, XTEAM Engine, participant_0, , ,
20141127_1624_32, XTEAM, XTEAM Engine, participant_0, , ,
20141127_1624_32, XTEAM, XTEAM Engine, participant_0, , ,
20141127_1624_35, Update, FLAME Client, participant_0, 13, ,
20141127_1624_36, Notification, XTEAM Engine, participant_1, 13, Simulation execution completion, ,
20141127_1624_36, XTEAM, XTEAM Engine, participant_1, , ,
20141127_1624_36, XTEAM, XTEAM Engine, participant_1, , ,
20141127_1624_36, XTEAM, XTEAM Engine, participant_1, , ,
20141127_1624_37, Notification, XTEAM Engine, participant_0, 10, Simulation execution completion, ,
20141127_1624_37, XTEAM, XTEAM Engine, participant_0, , ,
20141127_1624_37, XTEAM, XTEAM Engine, participant_0, , ,
20141127_1624_37, XTEAM, XTEAM Engine, participant_0, , ,
20141127_1624_39, Notification, XTEAM Engine, participant_1, 14, Simulation execution completion, ,
20141127_1624_39, XTEAM, XTEAM Engine, participant_1, , ,
20141127_1624_39, XTEAM, XTEAM Engine, participant_1, , ,
20141127_1624_39, XTEAM, XTEAM Engine, participant_1, , ,
20141127_1624_52, Notification, XTEAM Engine, participant_0, 11, Simulation execution completion, ,
20141127_1624_52, XTEAM, XTEAM Engine, participant_0, , ,
20141127_1624_52, XTEAM, XTEAM Engine, participant_0, , ,
20141127_1624_52, XTEAM, XTEAM Engine, participant_0, , ,
20141127_1625_28, Design, FLAME Client, participant_1, 17, X`3f426f4b.6d164164.816fe575.67a4324f`ATTR`generate`Task`MON::Model [Task]`Aspect=xADLBehaviorAspect&Position=301.259`37598ce1.81784bb5.996843e8.1d554a61`Process`MON::Model [Process]`executionTime=7.0&memoryUsage=11000&taskInstruction=nextTask = new Task;|nextTask->getTaskState().value() = 0;|nextTask->getTaskID().value() = taskIDCounter->getNextTaskID().value()++;````````````, ,
20141127_1625_29, Notification, XTEAM Engine, participant_1, 15, Simulation execution beginning, ,
20141127_1625_33, Design, FLAME Client, participant_1, 18, X`3f426f4b.6d164164.816fe575.67a4324f`ATTR`generate`Task`MON::Model [Task]`Aspect=xADLBehaviorAspect&Position=301.259`37598ce1.81784bb5.996843e8.1d554a61`Process`MON::Model [Process]`executionTime=7.0&memoryUsage=5500&taskInstruction=nextTask = new Task;|nextTask->getTaskState().value() = 0;|nextTask->getTaskID().value() = taskIDCounter->getNextTaskID().value()++;````````````, ,
20141127_1625_34, Notification, XTEAM Engine, participant_1, 16, Simulation execution beginning, ,
20141127_1625_52, Design, FLAME Client, participant_1, 19, X`176369f9.b385435c.b2d59a0f.66ba660c`ATTR`Host_SubsetSum`Host`MON::Set [Host]`Aspect=xADLCoreAspect&Position=1610.385`bb42af9e.ee894de6.a8870ee2.566cbbfe`Architecture`MON::Model [Architecture]`receiveEnergyCost=101.280000&receiveEnergyOverhead=64.990000&transmitEnergyCost=182.000000&transmitEnergyOverhead=429.000000````````````, ,
20141127_1625_53, Notification, XTEAM Engine, participant_1, 17, Simulation execution beginning, ,
20141127_1625_57, Design, FLAME Client, participant_1, 20, X`176369f9.b385435c.b2d59a0f.66ba660c`ATTR`Host_SubsetSum`Host`MON::Set [Host]`Aspect=xADLCoreAspect&Position=1610.385`bb42af9e.ee894de6.a8870ee2.566cbbfe`Architecture`MON::Model [Architecture]`receiveEnergyCost=101.280000&receiveEnergyOverhead=64.990000&transmitEnergyCost=182.000000&transmitEnergyOverhead=217.000000````````````, ,
20141127_1625_58, Notification, XTEAM Engine, participant_1, 18, Simulation execution beginning, ,
20141127_1626_05, Design, FLAME Client, participant_0, 14, X`4c379791.2eea468a.a8abbb1d.e5fba9bb`ATTR`perform`Task`MON::Model [Task]`Aspect=xADLBehaviorAspect&Position=336.217`c270ab26.2fff4b88.bf50a288.2d000ee5`Process`MON::Model [Process]`executionTime=200&memoryUsage=32&taskInstruction=nextResult[thread_id] = new Result;|nextResult[thread_id]->getResultState().value() = 0;|nextResult[thread_id]->getResultID().value() = nextTask[thread_id]->getTaskID().value();|nextResult[thread_id]->getResultValue().value() = 1;````````````, ,
20141127_1626_06, Notification, XTEAM Engine, participant_1, 15, Simulation execution completion, ,
20141127_1626_06, XTEAM, XTEAM Engine, participant_1, , ,
20141127_1626_06, XTEAM, XTEAM Engine, participant_1, , ,
20141127_1626_06, XTEAM, XTEAM Engine, participant_1, , ,
20141127_1626_06, Notification, XTEAM Engine, participant_0, 12, Simulation execution beginning, ,
20141127_1626_11, Notification, XTEAM Engine, participant_1, 16, Simulation execution completion, ,
20141127_1626_11, XTEAM, XTEAM Engine, participant_1, , ,
20141127_1626_11, XTEAM, XTEAM Engine, participant_1, , ,
20141127_1626_11, XTEAM, XTEAM Engine, participant_1, , ,
20141127_1626_14, Design, FLAME Client, participant_0, 15, X`4c379791.2eea468a.a8abbb1d.e5fba9bb`ATTR`perform`Task`MON::Model [Task]`Aspect=xADLBehaviorAspect&Position=336.217`c270ab26.2fff4b88.bf50a288.2d000ee5`Process`MON::Model [Process]`executionTime=200&memoryUsage=65&taskInstruction=nextResult[thread_id] = new Result;|nextResult[thread_id]->getResultState().value() = 0;|nextResult[thread_id]->getResultID().value() = nextTask[thread_id]->getTaskID().value();|nextResult[thread_id]->getResultValue().value() = 1;````````````, ,
20141127_1626_16, Notification, XTEAM Engine, participant_0, 13, Simulation execution beginning, ,
20141127_1626_29, Design, FLAME Client, participant_0, 16, X`cdc6010e.7cf74d31.85daf3c3.1e9a4be8`ATTR`Host_Client`Host`MON::Set [Host]`Aspect=xADLCoreAspect&Position=28.560`bb42af9e.ee894de6.a8870ee2.566cbbfe`Architecture`MON::Model [Architecture]`receiveEnergyCost=150.010000&receiveEnergyOverhead=101.860000&transmitEnergyCost=514.000000&transmitEnergyOverhead=341.000000````````````, ,
20141127_1626_30, Notification, XTEAM Engine, participant_1, 17, Simulation execution completion, ,
20141127_1626_30, XTEAM, XTEAM Engine, participant_1, , ,
20141127_1626_30, XTEAM, XTEAM Engine, participant_1, , ,
20141127_1626_30, XTEAM, XTEAM Engine, participant_1, , ,
20141127_1626_30, Notification, XTEAM Engine, participant_0, 14, Simulation execution beginning, ,
20141127_1626_36, Notification, XTEAM Engine, participant_1, 18, Simulation execution completion, ,
20141127_1626_36, XTEAM, XTEAM Engine, participant_1, , ,
20141127_1626_36, XTEAM, XTEAM Engine, participant_1, , ,
20141127_1626_36, XTEAM, XTEAM Engine, participant_1, , ,
20141127_1626_38, Design, FLAME Client, participant_0, 17, X`cdc6010e.7cf74d31.85daf3c3.1e9a4be8`ATTR`Host_Client`Host`MON::Set [Host]`Aspect=xADLCoreAspect&Position=28.560`bb42af9e.ee894de6.a8870ee2.566cbbfe`Architecture`MON::Model [Architecture]`receiveEnergyCost=150.010000&receiveEnergyOverhead=101.860000&transmitEnergyCost=514.000000&transmitEnergyOverhead=755.000000````````````, ,
20141127_1626_39, Notification, XTEAM Engine, participant_0, 15, Simulation execution beginning, ,
20141127_1626_44, Notification, XTEAM Engine, participant_0, 12, Simulation execution completion, ,
20141127_1626_44, XTEAM, XTEAM Engine, participant_0, , ,
20141127_1626_44, XTEAM, XTEAM Engine, participant_0, , ,
20141127_1626_44, XTEAM, XTEAM Engine, participant_0, , ,
20141127_1626_51, Notification, XTEAM Engine, participant_0, 13, Simulation execution completion, ,
20141127_1626_52, XTEAM, XTEAM Engine, participant_0, , ,
20141127_1626_52, XTEAM, XTEAM Engine, participant_0, , ,
20141127_1626_52, XTEAM, XTEAM Engine, participant_0, , ,
20141127_1626_54, Snapshot, FLAME Client, participant_1, 21, ,
20141127_1626_55, Notification, XTEAM Engine, participant_0, 16, Simulation execution beginning, ,
20141127_1627_07, Notification, XTEAM Engine, participant_0, 14, Simulation execution completion, ,
20141127_1627_07, XTEAM, XTEAM Engine, participant_0, , ,
20141127_1627_07, XTEAM, XTEAM Engine, participant_0, , ,
20141127_1627_07, XTEAM, XTEAM Engine, participant_0, , ,
20141127_1627_14, Notification, XTEAM Engine, participant_0, 15, Simulation execution completion, ,
20141127_1627_14, XTEAM, XTEAM Engine, participant_0, , ,
20141127_1627_14, XTEAM, XTEAM Engine, participant_0, , ,
20141127_1627_14, XTEAM, XTEAM Engine, participant_0, , ,
20141127_1627_22, Design, FLAME Client, participant_0, 18, X`64e3f498.f1114939.ba695f73.d07188e3`ATTR`perform`Task`MON::Model [Task]`Aspect=xADLBehaviorAspect&Position=308.301`d640f4b9.22e14264.b459176e.af6b895e`Process`MON::Model [Process]`executionTime=500&memoryUsage=32&taskInstruction=nextResult[thread_id] = new Result;|nextResult[thread_id]->getResultState().value() = 0;|nextResult[thread_id]->getResultID().value() = nextTask[thread_id]->getTaskID().value();|nextResult[thread_id]->getResultValue().value() = 1;````````````, ,
20141127_1627_23, Notification, XTEAM Engine, participant_0, 17, Simulation execution beginning, ,
20141127_1627_26, Notification, XTEAM Engine, participant_0, 16, Simulation execution completion, ,
20141127_1627_26, XTEAM, XTEAM Engine, participant_0, , ,
20141127_1627_26, XTEAM, XTEAM Engine, participant_0, , ,
20141127_1627_26, XTEAM, XTEAM Engine, participant_0, , ,
20141127_1627_32, Design, FLAME Client, participant_0, 19, X`64e3f498.f1114939.ba695f73.d07188e3`ATTR`perform`Task`MON::Model [Task]`Aspect=xADLBehaviorAspect&Position=308.301`d640f4b9.22e14264.b459176e.af6b895e`Process`MON::Model [Process]`executionTime=500&memoryUsage=27&taskInstruction=nextResult[thread_id] = new Result;|nextResult[thread_id]->getResultState().value() = 0;|nextResult[thread_id]->getResultID().value() = nextTask[thread_id]->getTaskID().value();|nextResult[thread_id]->getResultValue().value() = 1;````````````, ,
20141127_1627_33, Notification, XTEAM Engine, participant_0, 18, Simulation execution beginning, ,
20141127_1627_34, Update, FLAME Client, participant_0, 20, ,
20141127_1627_49, Design, FLAME Client, participant_0, 21, X`25fea250.79aa4baf.b62be506.e9d1819a`ATTR`Host_GCE`Host`MON::Set [Host]`Aspect=xADLCoreAspect&Position=161.560`bb42af9e.ee894de6.a8870ee2.566cbbfe`Architecture`MON::Model [Architecture]`receiveEnergyCost=150.010000&receiveEnergyOverhead=101.860000&transmitEnergyCost=105.000000&transmitEnergyOverhead=341.000000````````````, ,
20141127_1627_50, Notification, XTEAM Engine, participant_0, 19, Simulation execution beginning, ,
20141127_1627_54, Design, FLAME Client, participant_0, 22, X`25fea250.79aa4baf.b62be506.e9d1819a`ATTR`Host_GCE`Host`MON::Set [Host]`Aspect=xADLCoreAspect&Position=161.560`bb42af9e.ee894de6.a8870ee2.566cbbfe`Architecture`MON::Model [Architecture]`receiveEnergyCost=150.010000&receiveEnergyOverhead=101.860000&transmitEnergyCost=105.000000&transmitEnergyOverhead=129.000000````````````, ,
20141127_1627_55, Notification, XTEAM Engine, participant_0, 20, Simulation execution beginning, ,
20141127_1627_59, Notification, XTEAM Engine, participant_0, 17, Simulation execution completion, ,
20141127_1627_59, XTEAM, XTEAM Engine, participant_0, , ,
20141127_1627_59, XTEAM, XTEAM Engine, participant_0, , ,
20141127_1627_59, XTEAM, XTEAM Engine, participant_0, , ,
20141127_1628_09, Notification, XTEAM Engine, participant_0, 18, Simulation execution completion, ,
20141127_1628_09, XTEAM, XTEAM Engine, participant_0, , ,
20141127_1628_09, XTEAM, XTEAM Engine, participant_0, , ,
20141127_1628_09, XTEAM, XTEAM Engine, participant_0, , ,
20141127_1628_21, Notification, XTEAM Engine, participant_0, 19, Simulation execution completion, ,
20141127_1628_21, XTEAM, XTEAM Engine, participant_0, , ,
20141127_1628_21, XTEAM, XTEAM Engine, participant_0, , ,
20141127_1628_21, XTEAM, XTEAM Engine, participant_0, , ,
20141127_1628_26, Notification, XTEAM Engine, participant_0, 20, Simulation execution completion, ,
20141127_1628_26, XTEAM, XTEAM Engine, participant_0, , ,
20141127_1628_26, XTEAM, XTEAM Engine, participant_0, , ,
20141127_1628_26, XTEAM, XTEAM Engine, participant_0, , ,
20141127_1628_52, Snapshot, FLAME Client, participant_0, 23, ,
20141127_1628_55, Notification, XTEAM Engine, participant_1, 19, Simulation execution beginning, ,
20141127_1629_27, Notification, XTEAM Engine, participant_1, 19, Simulation execution completion, ,
20141127_1629_27, XTEAM, XTEAM Engine, participant_1, , ,
20141127_1629_27, XTEAM, XTEAM Engine, participant_1, , ,
20141127_1629_27, XTEAM, XTEAM Engine, participant_1, , ,
20141127_1629_34, Update, FLAME Client, participant_1, 22, ,
20141127_1630_55, Design, FLAME Client, participant_1, 23, X`3f426f4b.6d164164.816fe575.67a4324f`ATTR`generate`Task`MON::Model [Task]`Aspect=xADLBehaviorAspect&Position=301.259`37598ce1.81784bb5.996843e8.1d554a61`Process`MON::Model [Process]`executionTime=6.0&memoryUsage=5500&taskInstruction=nextTask = new Task;|nextTask->getTaskState().value() = 0;|nextTask->getTaskID().value() = taskIDCounter->getNextTaskID().value()++;````````````, ,
20141127_1630_56, Notification, XTEAM Engine, participant_1, 20, Simulation execution beginning, ,
20141127_1631_02, Design, FLAME Client, participant_1, 24, X`3f426f4b.6d164164.816fe575.67a4324f`ATTR`generate`Task`MON::Model [Task]`Aspect=xADLBehaviorAspect&Position=301.259`37598ce1.81784bb5.996843e8.1d554a61`Process`MON::Model [Process]`executionTime=6.0&memoryUsage=11000&taskInstruction=nextTask = new Task;|nextTask->getTaskState().value() = 0;|nextTask->getTaskID().value() = taskIDCounter->getNextTaskID().value()++;````````````, ,
20141127_1631_03, Notification, XTEAM Engine, participant_1, 21, Simulation execution beginning, ,
20141127_1631_29, Notification, XTEAM Engine, participant_1, 20, Simulation execution completion, ,
20141127_1631_29, XTEAM, XTEAM Engine, participant_1, , ,
20141127_1631_29, XTEAM, XTEAM Engine, participant_1, , ,
20141127_1631_29, XTEAM, XTEAM Engine, participant_1, , ,
20141127_1631_34, Notification, XTEAM Engine, participant_1, 21, Simulation execution completion, ,
20141127_1631_34, XTEAM, XTEAM Engine, participant_1, , ,
20141127_1631_34, XTEAM, XTEAM Engine, participant_1, , ,
20141127_1631_34, XTEAM, XTEAM Engine, participant_1, , ,
20141127_1631_48, Design, FLAME Client, participant_1, 25, X`3f426f4b.6d164164.816fe575.67a4324f`ATTR`generate`Task`MON::Model [Task]`Aspect=xADLBehaviorAspect&Position=301.259`37598ce1.81784bb5.996843e8.1d554a61`Process`MON::Model [Process]`executionTime=7.0&memoryUsage=11000&taskInstruction=nextTask = new Task;|nextTask->getTaskState().value() = 0;|nextTask->getTaskID().value() = taskIDCounter->getNextTaskID().value()++;````````````, ,
20141127_1631_49, Notification, XTEAM Engine, participant_1, 22, Simulation execution beginning, ,
20141127_1631_53, Design, FLAME Client, participant_1, 26, X`3f426f4b.6d164164.816fe575.67a4324f`ATTR`generate`Task`MON::Model [Task]`Aspect=xADLBehaviorAspect&Position=301.259`37598ce1.81784bb5.996843e8.1d554a61`Process`MON::Model [Process]`executionTime=7.0&memoryUsage=5500&taskInstruction=nextTask = new Task;|nextTask->getTaskState().value() = 0;|nextTask->getTaskID().value() = taskIDCounter->getNextTaskID().value()++;````````````, ,
20141127_1631_54, Notification, XTEAM Engine, participant_1, 23, Simulation execution beginning, ,
20141127_1632_07, Snapshot, FLAME Client, participant_1, 27, ,
20141127_1632_09, Notification, XTEAM Engine, participant_0, 21, Simulation execution beginning, ,
20141127_1632_15, Update, FLAME Client, participant_0, 24, ,
20141127_1632_25, Notification, XTEAM Engine, participant_1, 22, Simulation execution completion, ,
20141127_1632_25, XTEAM, XTEAM Engine, participant_1, , ,
20141127_1632_25, XTEAM, XTEAM Engine, participant_1, , ,
20141127_1632_25, XTEAM, XTEAM Engine, participant_1, , ,
20141127_1632_30, Notification, XTEAM Engine, participant_1, 23, Simulation execution completion, ,
20141127_1632_30, XTEAM, XTEAM Engine, participant_1, , ,
20141127_1632_30, XTEAM, XTEAM Engine, participant_1, , ,
20141127_1632_30, XTEAM, XTEAM Engine, participant_1, , ,
20141127_1632_40, Notification, XTEAM Engine, participant_0, 21, Simulation execution completion, ,
20141127_1632_40, XTEAM, XTEAM Engine, participant_0, , ,
20141127_1632_40, XTEAM, XTEAM Engine, participant_0, , ,
20141127_1632_40, XTEAM, XTEAM Engine, participant_0, , ,
20141127_1636_06, Design, FLAME Client, participant_0, 25, X`64e3f498.f1114939.ba695f73.d07188e3`ATTR`perform`Task`MON::Model [Task]`Aspect=xADLBehaviorAspect&Position=308.301`d640f4b9.22e14264.b459176e.af6b895e`Process`MON::Model [Process]`executionTime=350&memoryUsage=27&taskInstruction=nextResult[thread_id] = new Result;|nextResult[thread_id]->getResultState().value() = 0;|nextResult[thread_id]->getResultID().value() = nextTask[thread_id]->getTaskID().value();|nextResult[thread_id]->getResultValue().value() = 1;````````````, ,
20141127_1636_07, Notification, XTEAM Engine, participant_0, 22, Simulation execution beginning, ,
20141127_1636_11, Design, FLAME Client, participant_0, 26, X`64e3f498.f1114939.ba695f73.d07188e3`ATTR`perform`Task`MON::Model [Task]`Aspect=xADLBehaviorAspect&Position=308.301`d640f4b9.22e14264.b459176e.af6b895e`Process`MON::Model [Process]`executionTime=350&memoryUsage=32&taskInstruction=nextResult[thread_id] = new Result;|nextResult[thread_id]->getResultState().value() = 0;|nextResult[thread_id]->getResultID().value() = nextTask[thread_id]->getTaskID().value();|nextResult[thread_id]->getResultValue().value() = 1;````````````, ,
20141127_1636_12, Notification, XTEAM Engine, participant_0, 23, Simulation execution beginning, ,
20141127_1636_26, Design, FLAME Client, participant_0, 27, X`25fea250.79aa4baf.b62be506.e9d1819a`ATTR`Host_GCE`Host`MON::Set [Host]`Aspect=xADLCoreAspect&Position=161.560`bb42af9e.ee894de6.a8870ee2.566cbbfe`Architecture`MON::Model [Architecture]`receiveEnergyCost=150.010000&receiveEnergyOverhead=101.860000&transmitEnergyCost=312.000000&transmitEnergyOverhead=129.000000````````````, ,
20141127_1636_27, Notification, XTEAM Engine, participant_0, 24, Simulation execution beginning, ,
20141127_1636_44, Notification, XTEAM Engine, participant_0, 22, Simulation execution completion, ,
20141127_1636_44, XTEAM, XTEAM Engine, participant_0, , ,
20141127_1636_44, XTEAM, XTEAM Engine, participant_0, , ,
20141127_1636_44, XTEAM, XTEAM Engine, participant_0, , ,
20141127_1636_48, Notification, XTEAM Engine, participant_0, 23, Simulation execution completion, ,
20141127_1636_48, XTEAM, XTEAM Engine, participant_0, , ,
20141127_1636_48, XTEAM, XTEAM Engine, participant_0, , ,
20141127_1636_48, XTEAM, XTEAM Engine, participant_0, , ,
20141127_1636_59, Notification, XTEAM Engine, participant_0, 24, Simulation execution completion, ,
20141127_1636_59, XTEAM, XTEAM Engine, participant_0, , ,
20141127_1636_59, XTEAM, XTEAM Engine, participant_0, , ,
20141127_1636_59, XTEAM, XTEAM Engine, participant_0, , ,
20141127_1637_08, Design, FLAME Client, participant_0, 28, X`25fea250.79aa4baf.b62be506.e9d1819a`ATTR`Host_GCE`Host`MON::Set [Host]`Aspect=xADLCoreAspect&Position=161.560`bb42af9e.ee894de6.a8870ee2.566cbbfe`Architecture`MON::Model [Architecture]`receiveEnergyCost=150.010000&receiveEnergyOverhead=101.860000&transmitEnergyCost=312.000000&transmitEnergyOverhead=341.000000````````````, ,
20141127_1637_09, Notification, XTEAM Engine, participant_0, 25, Simulation execution beginning, ,
20141127_1637_40, Notification, XTEAM Engine, participant_0, 25, Simulation execution completion, ,
20141127_1637_40, XTEAM, XTEAM Engine, participant_0, , ,
20141127_1637_40, XTEAM, XTEAM Engine, participant_0, , ,
20141127_1637_40, XTEAM, XTEAM Engine, participant_0, , ,
20141127_1639_42, Design, FLAME Client, participant_0, 29, X`cdc6010e.7cf74d31.85daf3c3.1e9a4be8`ATTR`Host_Client`Host`MON::Set [Host]`Aspect=xADLCoreAspect&Position=28.560`bb42af9e.ee894de6.a8870ee2.566cbbfe`Architecture`MON::Model [Architecture]`receiveEnergyCost=150.010000&receiveEnergyOverhead=101.860000&transmitEnergyCost=312.000000&transmitEnergyOverhead=755.000000````````````, ,
20141127_1639_43, Notification, XTEAM Engine, participant_0, 26, Simulation execution beginning, ,
20141127_1639_48, Design, FLAME Client, participant_0, 30, X`cdc6010e.7cf74d31.85daf3c3.1e9a4be8`ATTR`Host_Client`Host`MON::Set [Host]`Aspect=xADLCoreAspect&Position=28.560`bb42af9e.ee894de6.a8870ee2.566cbbfe`Architecture`MON::Model [Architecture]`receiveEnergyCost=150.010000&receiveEnergyOverhead=101.860000&transmitEnergyCost=312.000000&transmitEnergyOverhead=341.000000````````````, ,
20141127_1639_49, Notification, XTEAM Engine, participant_0, 27, Simulation execution beginning, ,
20141127_1640_03, Design, FLAME Client, participant_0, 31, X`4c379791.2eea468a.a8abbb1d.e5fba9bb`ATTR`perform`Task`MON::Model [Task]`Aspect=xADLBehaviorAspect&Position=336.217`c270ab26.2fff4b88.bf50a288.2d000ee5`Process`MON::Model [Process]`executionTime=350&memoryUsage=65&taskInstruction=nextResult[thread_id] = new Result;|nextResult[thread_id]->getResultState().value() = 0;|nextResult[thread_id]->getResultID().value() = nextTask[thread_id]->getTaskID().value();|nextResult[thread_id]->getResultValue().value() = 1;````````````, ,
20141127_1640_04, Notification, XTEAM Engine, participant_0, 28, Simulation execution beginning, ,
20141127_1640_15, Design, FLAME Client, participant_0, 32, X`4c379791.2eea468a.a8abbb1d.e5fba9bb`ATTR`perform`Task`MON::Model [Task]`Aspect=xADLBehaviorAspect&Position=336.217`c270ab26.2fff4b88.bf50a288.2d000ee5`Process`MON::Model [Process]`executionTime=350&memoryUsage=32&taskInstruction=nextResult[thread_id] = new Result;|nextResult[thread_id]->getResultState().value() = 0;|nextResult[thread_id]->getResultID().value() = nextTask[thread_id]->getTaskID().value();|nextResult[thread_id]->getResultValue().value() = 1;````````````, ,
20141127_1640_16, Notification, XTEAM Engine, participant_0, 29, Simulation execution beginning, ,
20141127_1640_19, Notification, XTEAM Engine, participant_0, 26, Simulation execution completion, ,
20141127_1640_19, XTEAM, XTEAM Engine, participant_0, , ,
20141127_1640_19, XTEAM, XTEAM Engine, participant_0, , ,
20141127_1640_19, XTEAM, XTEAM Engine, participant_0, , ,
20141127_1640_24, Notification, XTEAM Engine, participant_0, 27, Simulation execution completion, ,
20141127_1640_24, XTEAM, XTEAM Engine, participant_0, , ,
20141127_1640_24, XTEAM, XTEAM Engine, participant_0, , ,
20141127_1640_24, XTEAM, XTEAM Engine, participant_0, , ,
20141127_1640_33, Snapshot, FLAME Client, participant_0, 33, ,
20141127_1640_35, Notification, XTEAM Engine, participant_1, 24, Simulation execution beginning, ,
20141127_1640_38, Notification, XTEAM Engine, participant_0, 28, Simulation execution completion, ,
20141127_1640_38, XTEAM, XTEAM Engine, participant_0, , ,
20141127_1640_38, XTEAM, XTEAM Engine, participant_0, , ,
20141127_1640_38, XTEAM, XTEAM Engine, participant_0, , ,
20141127_1640_48, Notification, XTEAM Engine, participant_0, 29, Simulation execution completion, ,
20141127_1640_48, XTEAM, XTEAM Engine, participant_0, , ,
20141127_1640_48, XTEAM, XTEAM Engine, participant_0, , ,
20141127_1640_48, XTEAM, XTEAM Engine, participant_0, , ,
20141127_1640_57, Update, FLAME Client, participant_1, 28, ,
20141127_1641_06, Notification, XTEAM Engine, participant_1, 24, Simulation execution completion, ,
20141127_1641_06, XTEAM, XTEAM Engine, participant_1, , ,
20141127_1641_06, XTEAM, XTEAM Engine, participant_1, , ,
20141127_1641_06, XTEAM, XTEAM Engine, participant_1, , ,
20141127_1645_40, Design, FLAME Client, participant_0, 34, X`4c379791.2eea468a.a8abbb1d.e5fba9bb`ATTR`perform`Task`MON::Model [Task]`Aspect=xADLBehaviorAspect&Position=336.217`c270ab26.2fff4b88.bf50a288.2d000ee5`Process`MON::Model [Process]`executionTime=200&memoryUsage=32&taskInstruction=nextResult[thread_id] = new Result;|nextResult[thread_id]->getResultState().value() = 0;|nextResult[thread_id]->getResultID().value() = nextTask[thread_id]->getTaskID().value();|nextResult[thread_id]->getResultValue().value() = 1;````````````, ,
20141127_1645_41, Notification, XTEAM Engine, participant_0, 30, Simulation execution beginning, ,
20141127_1645_49, Design, FLAME Client, participant_0, 35, X`4c379791.2eea468a.a8abbb1d.e5fba9bb`ATTR`perform`Task`MON::Model [Task]`Aspect=xADLBehaviorAspect&Position=336.217`c270ab26.2fff4b88.bf50a288.2d000ee5`Process`MON::Model [Process]`executionTime=200&memoryUsage=65&taskInstruction=nextResult[thread_id] = new Result;|nextResult[thread_id]->getResultState().value() = 0;|nextResult[thread_id]->getResultID().value() = nextTask[thread_id]->getTaskID().value();|nextResult[thread_id]->getResultValue().value() = 1;````````````, ,
20141127_1645_50, Notification, XTEAM Engine, participant_0, 31, Simulation execution beginning, ,
20141127_1646_07, Design, FLAME Client, participant_0, 36, X`cdc6010e.7cf74d31.85daf3c3.1e9a4be8`ATTR`Host_Client`Host`MON::Set [Host]`Aspect=xADLCoreAspect&Position=28.560`bb42af9e.ee894de6.a8870ee2.566cbbfe`Architecture`MON::Model [Architecture]`receiveEnergyCost=150.010000&receiveEnergyOverhead=101.860000&transmitEnergyCost=514.000000&transmitEnergyOverhead=341.000000````````````, ,
20141127_1646_08, Notification, XTEAM Engine, participant_0, 32, Simulation execution beginning, ,
20141127_1646_17, Notification, XTEAM Engine, participant_0, 30, Simulation execution completion, ,
20141127_1646_17, XTEAM, XTEAM Engine, participant_0, , ,
20141127_1646_17, XTEAM, XTEAM Engine, participant_0, , ,
20141127_1646_17, XTEAM, XTEAM Engine, participant_0, , ,
20141127_1646_26, Notification, XTEAM Engine, participant_0, 31, Simulation execution completion, ,
20141127_1646_26, XTEAM, XTEAM Engine, participant_0, , ,
20141127_1646_26, XTEAM, XTEAM Engine, participant_0, , ,
20141127_1646_26, XTEAM, XTEAM Engine, participant_0, , ,
20141127_1646_39, Notification, XTEAM Engine, participant_0, 32, Simulation execution completion, ,
20141127_1646_39, XTEAM, XTEAM Engine, participant_0, , ,
20141127_1646_39, XTEAM, XTEAM Engine, participant_0, , ,
20141127_1646_39, XTEAM, XTEAM Engine, participant_0, , ,
20141127_1646_51, Design, FLAME Client, participant_0, 37, X`cdc6010e.7cf74d31.85daf3c3.1e9a4be8`ATTR`Host_Client`Host`MON::Set [Host]`Aspect=xADLCoreAspect&Position=28.560`bb42af9e.ee894de6.a8870ee2.566cbbfe`Architecture`MON::Model [Architecture]`receiveEnergyCost=150.010000&receiveEnergyOverhead=101.860000&transmitEnergyCost=514.000000&transmitEnergyOverhead=755.000000````````````, ,
20141127_1646_52, Notification, XTEAM Engine, participant_0, 33, Simulation execution beginning, ,
20141127_1647_21, Design, FLAME Client, participant_0, 38, X`cdc6010e.7cf74d31.85daf3c3.1e9a4be8`ATTR`Host_Client`Host`MON::Set [Host]`Aspect=xADLCoreAspect&Position=28.560`bb42af9e.ee894de6.a8870ee2.566cbbfe`Architecture`MON::Model [Architecture]`receiveEnergyCost=150.010000&receiveEnergyOverhead=101.860000&transmitEnergyCost=514.000000&transmitEnergyOverhead=755.000000````````````, ,
