TIME, Event name, OriginComponent, SenderUsername, EventID, Value, ,
20141126_1540_30, Login, FLAME Client, participant_0, , ,
20141126_1540_33, Login, XTEAM Engine, participant_0, , ,
20141126_1540_38, Login, FLAME Client, participant_1, , ,
20141126_1540_41, Login, XTEAM Engine, participant_1, , ,
20141126_1541_49, Design, FLAME Client, participant_0, 1, X`25fea250.79aa4baf.b62be506.e9d1819a`ATTR`Host_GCE`Host`MON::Set [Host]`Aspect=xADLCoreAspect&Position=161.560`bb42af9e.ee894de6.a8870ee2.566cbbfe`Architecture`MON::Model [Architecture]`receiveEnergyCost=150.010000&receiveEnergyOverhead=101.860000&transmitEnergyCost=312.000000&transmitEnergyOverhead=129.870000````````````, ,
20141126_1541_51, Notification, XTEAM Engine, participant_0, 1, Simulation execution beginning, ,
20141126_1541_52, Design, FLAME Client, participant_0, 2, X`25fea250.79aa4baf.b62be506.e9d1819a`ATTR`Host_GCE`Host`MON::Set [Host]`Aspect=xADLCoreAspect&Position=161.560`bb42af9e.ee894de6.a8870ee2.566cbbfe`Architecture`MON::Model [Architecture]`receiveEnergyCost=150.010000&receiveEnergyOverhead=101.860000&transmitEnergyCost=312.000000&transmitEnergyOverhead=341.000000````````````, ,
20141126_1541_53, Notification, XTEAM Engine, participant_0, 2, Simulation execution beginning, ,
20141126_1542_16, Design, FLAME Client, participant_0, 3, X`64e3f498.f1114939.ba695f73.d07188e3`ATTR`perform`Task`MON::Model [Task]`Aspect=xADLBehaviorAspect&Position=308.301`d640f4b9.22e14264.b459176e.af6b895e`Process`MON::Model [Process]`executionTime=350&memoryUsage=27&taskInstruction=nextResult[thread_id] = new Result;|nextResult[thread_id]->getResultState().value() = 0;|nextResult[thread_id]->getResultID().value() = nextTask[thread_id]->getTaskID().value();|nextResult[thread_id]->getResultValue().value() = 1;````````````, ,
20141126_1542_17, Notification, XTEAM Engine, participant_0, 3, Simulation execution beginning, ,
20141126_1542_20, Design, FLAME Client, participant_0, 4, X`64e3f498.f1114939.ba695f73.d07188e3`ATTR`perform`Task`MON::Model [Task]`Aspect=xADLBehaviorAspect&Position=308.301`d640f4b9.22e14264.b459176e.af6b895e`Process`MON::Model [Process]`executionTime=350&memoryUsage=39&taskInstruction=nextResult[thread_id] = new Result;|nextResult[thread_id]->getResultState().value() = 0;|nextResult[thread_id]->getResultID().value() = nextTask[thread_id]->getTaskID().value();|nextResult[thread_id]->getResultValue().value() = 1;````````````, ,
20141126_1542_22, Notification, XTEAM Engine, participant_0, 4, Simulation execution beginning, ,
20141126_1542_31, Notification, XTEAM Engine, participant_0, 1, Simulation execution completion, ,
20141126_1542_31, XTEAM, XTEAM Engine, participant_0, , ,
20141126_1542_31, XTEAM, XTEAM Engine, participant_0, , ,
20141126_1542_31, XTEAM, XTEAM Engine, participant_0, , ,
20141126_1542_32, Notification, XTEAM Engine, participant_0, 2, Simulation execution completion, ,
20141126_1542_33, XTEAM, XTEAM Engine, participant_0, , ,
20141126_1542_33, XTEAM, XTEAM Engine, participant_0, , ,
20141126_1542_33, XTEAM, XTEAM Engine, participant_0, , ,
20141126_1542_53, Notification, XTEAM Engine, participant_0, 3, Simulation execution completion, ,
20141126_1542_53, XTEAM, XTEAM Engine, participant_0, , ,
20141126_1542_53, XTEAM, XTEAM Engine, participant_0, , ,
20141126_1542_53, XTEAM, XTEAM Engine, participant_0, , ,
20141126_1542_57, Notification, XTEAM Engine, participant_0, 4, Simulation execution completion, ,
20141126_1542_57, XTEAM, XTEAM Engine, participant_0, , ,
20141126_1542_57, XTEAM, XTEAM Engine, participant_0, , ,
20141126_1542_57, XTEAM, XTEAM Engine, participant_0, , ,
20141126_1543_09, Snapshot, FLAME Client, participant_0, 5, ,
20141126_1543_11, Notification, XTEAM Engine, participant_1, 1, Simulation execution beginning, ,
20141126_1543_46, Notification, XTEAM Engine, participant_1, 1, Simulation execution completion, ,
20141126_1543_46, XTEAM, XTEAM Engine, participant_1, , ,
20141126_1543_46, XTEAM, XTEAM Engine, participant_1, , ,
20141126_1543_46, XTEAM, XTEAM Engine, participant_1, , ,
20141126_1543_51, Update, FLAME Client, participant_1, 1, ,
20141126_1544_10, Design, FLAME Client, participant_1, 2, X`3f426f4b.6d164164.816fe575.67a4324f`ATTR`generate`Task`MON::Model [Task]`Aspect=xADLBehaviorAspect&Position=301.259`37598ce1.81784bb5.996843e8.1d554a61`Process`MON::Model [Process]`executionTime=7.5&memoryUsage=3&taskInstruction=nextTask = new Task;|nextTask->getTaskState().value() = 0;|nextTask->getTaskID().value() = taskIDCounter->getNextTaskID().value()++;````````````, ,
20141126_1544_11, Notification, XTEAM Engine, participant_1, 2, Simulation execution beginning, ,
20141126_1544_19, Design, FLAME Client, participant_1, 3, X`3f426f4b.6d164164.816fe575.67a4324f`ATTR`generate`Task`MON::Model [Task]`Aspect=xADLBehaviorAspect&Position=301.259`37598ce1.81784bb5.996843e8.1d554a61`Process`MON::Model [Process]`executionTime=7.5&memoryUsage=5500&taskInstruction=nextTask = new Task;|nextTask->getTaskState().value() = 0;|nextTask->getTaskID().value() = taskIDCounter->getNextTaskID().value()++;````````````, ,
20141126_1544_20, Notification, XTEAM Engine, participant_1, 3, Simulation execution beginning, ,
20141126_1544_48, Notification, XTEAM Engine, participant_1, 2, Simulation execution completion, ,
20141126_1544_48, XTEAM, XTEAM Engine, participant_1, , ,
20141126_1544_48, XTEAM, XTEAM Engine, participant_1, , ,
20141126_1544_48, XTEAM, XTEAM Engine, participant_1, , ,
20141126_1544_55, Notification, XTEAM Engine, participant_1, 3, Simulation execution completion, ,
20141126_1544_55, XTEAM, XTEAM Engine, participant_1, , ,
20141126_1544_55, XTEAM, XTEAM Engine, participant_1, , ,
20141126_1544_55, XTEAM, XTEAM Engine, participant_1, , ,
20141126_1545_34, Design, FLAME Client, participant_1, 4, X`176369f9.b385435c.b2d59a0f.66ba660c`ATTR`Host_SubsetSum`Host`MON::Set [Host]`Aspect=xADLCoreAspect&Position=1610.385`bb42af9e.ee894de6.a8870ee2.566cbbfe`Architecture`MON::Model [Architecture]`receiveEnergyCost=101.280000&receiveEnergyOverhead=64.990000&transmitEnergyCost=182.000000&transmitEnergyOverhead=82.450000````````````, ,
20141126_1545_35, Notification, XTEAM Engine, participant_1, 4, Simulation execution beginning, ,
20141126_1545_44, Design, FLAME Client, participant_1, 5, X`176369f9.b385435c.b2d59a0f.66ba660c`ATTR`Host_SubsetSum`Host`MON::Set [Host]`Aspect=xADLCoreAspect&Position=1610.385`bb42af9e.ee894de6.a8870ee2.566cbbfe`Architecture`MON::Model [Architecture]`receiveEnergyCost=101.280000&receiveEnergyOverhead=64.990000&transmitEnergyCost=182.000000&transmitEnergyOverhead=217.000000````````````, ,
20141126_1545_46, Notification, XTEAM Engine, participant_1, 5, Simulation execution beginning, ,
20141126_1545_55, Snapshot, FLAME Client, participant_1, 6, ,
20141126_1545_56, Notification, XTEAM Engine, participant_0, 5, Simulation execution beginning, ,
20141126_1546_10, Notification, XTEAM Engine, participant_1, 4, Simulation execution completion, ,
20141126_1546_10, XTEAM, XTEAM Engine, participant_1, , ,
20141126_1546_10, XTEAM, XTEAM Engine, participant_1, , ,
20141126_1546_10, XTEAM, XTEAM Engine, participant_1, , ,
20141126_1546_19, Notification, XTEAM Engine, participant_1, 5, Simulation execution completion, ,
20141126_1546_19, XTEAM, XTEAM Engine, participant_1, , ,
20141126_1546_19, XTEAM, XTEAM Engine, participant_1, , ,
20141126_1546_19, XTEAM, XTEAM Engine, participant_1, , ,
20141126_1546_26, Notification, XTEAM Engine, participant_0, 5, Simulation execution completion, ,
20141126_1546_26, XTEAM, XTEAM Engine, participant_0, , ,
20141126_1546_27, XTEAM, XTEAM Engine, participant_0, , ,
20141126_1546_27, XTEAM, XTEAM Engine, participant_0, , ,
20141126_1549_06, Update, FLAME Client, participant_0, 6, ,
20141126_1554_43, Design, FLAME Client, participant_1, 7, X`3f426f4b.6d164164.816fe575.67a4324f`ATTR`generate`Task`MON::Model [Task]`Aspect=xADLBehaviorAspect&Position=301.259`37598ce1.81784bb5.996843e8.1d554a61`Process`MON::Model [Process]`executionTime=7&memoryUsage=5500&taskInstruction=nextTask = new Task;|nextTask->getTaskState().value() = 0;|nextTask->getTaskID().value() = taskIDCounter->getNextTaskID().value()++;````````````, ,
20141126_1554_44, Notification, XTEAM Engine, participant_1, 6, Simulation execution beginning, ,
20141126_1554_49, Design, FLAME Client, participant_1, 8, X`3f426f4b.6d164164.816fe575.67a4324f`ATTR`generate`Task`MON::Model [Task]`Aspect=xADLBehaviorAspect&Position=301.259`37598ce1.81784bb5.996843e8.1d554a61`Process`MON::Model [Process]`executionTime=7&memoryUsage=11000&taskInstruction=nextTask = new Task;|nextTask->getTaskState().value() = 0;|nextTask->getTaskID().value() = taskIDCounter->getNextTaskID().value()++;````````````, ,
20141126_1554_50, Notification, XTEAM Engine, participant_1, 7, Simulation execution beginning, ,
20141126_1555_05, Design, FLAME Client, participant_1, 9, X`176369f9.b385435c.b2d59a0f.66ba660c`ATTR`Host_SubsetSum`Host`MON::Set [Host]`Aspect=xADLCoreAspect&Position=1610.385`bb42af9e.ee894de6.a8870ee2.566cbbfe`Architecture`MON::Model [Architecture]`receiveEnergyCost=101.280000&receiveEnergyOverhead=64.990000&transmitEnergyCost=330.000000&transmitEnergyOverhead=217.000000````````````, ,
20141126_1555_06, Notification, XTEAM Engine, participant_1, 8, Simulation execution beginning, ,
20141126_1555_19, Notification, XTEAM Engine, participant_1, 6, Simulation execution completion, ,
20141126_1555_19, XTEAM, XTEAM Engine, participant_1, , ,
20141126_1555_19, XTEAM, XTEAM Engine, participant_1, , ,
20141126_1555_19, XTEAM, XTEAM Engine, participant_1, , ,
20141126_1555_24, Design, FLAME Client, participant_1, 10, X`176369f9.b385435c.b2d59a0f.66ba660c`ATTR`Host_SubsetSum`Host`MON::Set [Host]`Aspect=xADLCoreAspect&Position=1610.385`bb42af9e.ee894de6.a8870ee2.566cbbfe`Architecture`MON::Model [Architecture]`receiveEnergyCost=101.280000&receiveEnergyOverhead=64.990000&transmitEnergyCost=330.000000&transmitEnergyOverhead=429.000000````````````, ,
20141126_1555_24, Notification, XTEAM Engine, participant_1, 7, Simulation execution completion, ,
20141126_1555_24, XTEAM, XTEAM Engine, participant_1, , ,
20141126_1555_24, XTEAM, XTEAM Engine, participant_1, , ,
20141126_1555_24, XTEAM, XTEAM Engine, participant_1, , ,
20141126_1555_25, Notification, XTEAM Engine, participant_1, 9, Simulation execution beginning, ,
20141126_1555_27, Snapshot, FLAME Client, participant_1, 11, ,
20141126_1555_28, Notification, XTEAM Engine, participant_0, 6, Simulation execution beginning, ,
20141126_1555_40, Notification, XTEAM Engine, participant_1, 8, Simulation execution completion, ,
20141126_1555_40, XTEAM, XTEAM Engine, participant_1, , ,
20141126_1555_40, XTEAM, XTEAM Engine, participant_1, , ,
20141126_1555_40, XTEAM, XTEAM Engine, participant_1, , ,
20141126_1555_57, Notification, XTEAM Engine, participant_1, 9, Simulation execution completion, ,
20141126_1555_57, XTEAM, XTEAM Engine, participant_1, , ,
20141126_1555_57, XTEAM, XTEAM Engine, participant_1, , ,
20141126_1555_57, XTEAM, XTEAM Engine, participant_1, , ,
20141126_1556_00, Notification, XTEAM Engine, participant_0, 6, Simulation execution completion, ,
20141126_1556_00, XTEAM, XTEAM Engine, participant_0, , ,
20141126_1556_00, XTEAM, XTEAM Engine, participant_0, , ,
20141126_1556_00, XTEAM, XTEAM Engine, participant_0, , ,
20141126_1556_44, Update, FLAME Client, participant_0, 7, ,
20141126_1559_54, Design, FLAME Client, participant_0, 8, X`cdc6010e.7cf74d31.85daf3c3.1e9a4be8`ATTR`Host_Client`Host`MON::Set [Host]`Aspect=xADLCoreAspect&Position=28.560`bb42af9e.ee894de6.a8870ee2.566cbbfe`Architecture`MON::Model [Architecture]`receiveEnergyCost=150.010000&receiveEnergyOverhead=101.860000&transmitEnergyCost=312.000000&transmitEnergyOverhead=129.870000````````````, ,
20141126_1559_55, Notification, XTEAM Engine, participant_0, 7, Simulation execution beginning, ,
20141126_1559_58, Design, FLAME Client, participant_0, 9, X`cdc6010e.7cf74d31.85daf3c3.1e9a4be8`ATTR`Host_Client`Host`MON::Set [Host]`Aspect=xADLCoreAspect&Position=28.560`bb42af9e.ee894de6.a8870ee2.566cbbfe`Architecture`MON::Model [Architecture]`receiveEnergyCost=150.010000&receiveEnergyOverhead=101.860000&transmitEnergyCost=312.000000&transmitEnergyOverhead=341.000000````````````, ,
20141126_1559_58, Notification, XTEAM Engine, participant_0, 8, Simulation execution beginning, ,
20141126_1600_20, Design, FLAME Client, participant_0, 10, X`4c379791.2eea468a.a8abbb1d.e5fba9bb`ATTR`perform`Task`MON::Model [Task]`Aspect=xADLBehaviorAspect&Position=336.217`c270ab26.2fff4b88.bf50a288.2d000ee5`Process`MON::Model [Process]`executionTime=350&memoryUsage=27&taskInstruction=nextResult[thread_id] = new Result;|nextResult[thread_id]->getResultState().value() = 0;|nextResult[thread_id]->getResultID().value() = nextTask[thread_id]->getTaskID().value();|nextResult[thread_id]->getResultValue().value() = 1;````````````, ,
20141126_1600_21, Notification, XTEAM Engine, participant_0, 9, Simulation execution beginning, ,
20141126_1600_23, Design, FLAME Client, participant_0, 11, X`4c379791.2eea468a.a8abbb1d.e5fba9bb`ATTR`perform`Task`MON::Model [Task]`Aspect=xADLBehaviorAspect&Position=336.217`c270ab26.2fff4b88.bf50a288.2d000ee5`Process`MON::Model [Process]`executionTime=350&memoryUsage=39&taskInstruction=nextResult[thread_id] = new Result;|nextResult[thread_id]->getResultState().value() = 0;|nextResult[thread_id]->getResultID().value() = nextTask[thread_id]->getTaskID().value();|nextResult[thread_id]->getResultValue().value() = 1;````````````, ,
20141126_1600_24, Notification, XTEAM Engine, participant_0, 10, Simulation execution beginning, ,
20141126_1600_30, Notification, XTEAM Engine, participant_0, 7, Simulation execution completion, ,
20141126_1600_30, XTEAM, XTEAM Engine, participant_0, , ,
20141126_1600_30, XTEAM, XTEAM Engine, participant_0, , ,
20141126_1600_30, XTEAM, XTEAM Engine, participant_0, , ,
20141126_1600_34, Notification, XTEAM Engine, participant_0, 8, Simulation execution completion, ,
20141126_1600_34, XTEAM, XTEAM Engine, participant_0, , ,
20141126_1600_34, XTEAM, XTEAM Engine, participant_0, , ,
20141126_1600_34, XTEAM, XTEAM Engine, participant_0, , ,
20141126_1600_54, Notification, XTEAM Engine, participant_0, 9, Simulation execution completion, ,
20141126_1600_54, XTEAM, XTEAM Engine, participant_0, , ,
20141126_1600_54, XTEAM, XTEAM Engine, participant_0, , ,
20141126_1600_54, XTEAM, XTEAM Engine, participant_0, , ,
20141126_1600_58, Notification, XTEAM Engine, participant_0, 10, Simulation execution completion, ,
20141126_1600_58, XTEAM, XTEAM Engine, participant_0, , ,
20141126_1600_58, XTEAM, XTEAM Engine, participant_0, , ,
20141126_1600_58, XTEAM, XTEAM Engine, participant_0, , ,
20141126_1601_52, Snapshot, FLAME Client, participant_0, 12, ,
20141126_1601_54, Notification, XTEAM Engine, participant_1, 10, Simulation execution beginning, ,
20141126_1602_24, Notification, XTEAM Engine, participant_1, 10, Simulation execution completion, ,
20141126_1602_24, XTEAM, XTEAM Engine, participant_1, , ,
20141126_1602_24, XTEAM, XTEAM Engine, participant_1, , ,
20141126_1602_24, XTEAM, XTEAM Engine, participant_1, , ,
20141126_1602_26, Update, FLAME Client, participant_1, 12, ,
20141126_1605_43, Design, FLAME Client, participant_0, 13, X`25fea250.79aa4baf.b62be506.e9d1819a`ATTR`Host_GCE`Host`MON::Set [Host]`Aspect=xADLCoreAspect&Position=161.560`bb42af9e.ee894de6.a8870ee2.566cbbfe`Architecture`MON::Model [Architecture]`receiveEnergyCost=150.010000&receiveEnergyOverhead=101.860000&transmitEnergyCost=514.000000&transmitEnergyOverhead=341.000000````````````, ,
20141126_1605_44, Notification, XTEAM Engine, participant_0, 11, Simulation execution beginning, ,
20141126_1605_50, Design, FLAME Client, participant_0, 14, X`25fea250.79aa4baf.b62be506.e9d1819a`ATTR`Host_GCE`Host`MON::Set [Host]`Aspect=xADLCoreAspect&Position=161.560`bb42af9e.ee894de6.a8870ee2.566cbbfe`Architecture`MON::Model [Architecture]`receiveEnergyCost=150.010000&receiveEnergyOverhead=101.860000&transmitEnergyCost=514.000000&transmitEnergyOverhead=755.000000````````````, ,
20141126_1605_51, Notification, XTEAM Engine, participant_0, 12, Simulation execution beginning, ,
20141126_1606_15, Design, FLAME Client, participant_1, 13, X`3a60805b.3a524f70.a064acd1.88108a11`ATTR`generate`Task`MON::Model [Task]`Aspect=xADLBehaviorAspect&Position=301.259`fd961ab4.712348fe.91a8653d.18529735`Process`MON::Model [Process]`executionTime=7.5&memoryUsage=3&taskInstruction=nextTask = new Task;|nextTask->getTaskState().value() = 0;|nextTask->getTaskID().value() = taskIDCounter->getNextTaskID().value()++;````````````, ,
20141126_1606_15, Notification, XTEAM Engine, participant_1, 11, Simulation execution beginning, ,
20141126_1606_17, Notification, XTEAM Engine, participant_0, 11, Simulation execution completion, ,
20141126_1606_17, XTEAM, XTEAM Engine, participant_0, , ,
20141126_1606_17, XTEAM, XTEAM Engine, participant_0, , ,
20141126_1606_17, XTEAM, XTEAM Engine, participant_0, , ,
20141126_1606_24, Notification, XTEAM Engine, participant_0, 12, Simulation execution completion, ,
20141126_1606_24, XTEAM, XTEAM Engine, participant_0, , ,
20141126_1606_24, XTEAM, XTEAM Engine, participant_0, , ,
20141126_1606_24, XTEAM, XTEAM Engine, participant_0, , ,
20141126_1606_24, Design, FLAME Client, participant_1, 14, X`3a60805b.3a524f70.a064acd1.88108a11`ATTR`generate`Task`MON::Model [Task]`Aspect=xADLBehaviorAspect&Position=301.259`fd961ab4.712348fe.91a8653d.18529735`Process`MON::Model [Process]`executionTime=7.5&memoryUsage=5500&taskInstruction=nextTask = new Task;|nextTask->getTaskState().value() = 0;|nextTask->getTaskID().value() = taskIDCounter->getNextTaskID().value()++;````````````, ,
20141126_1606_25, Notification, XTEAM Engine, participant_1, 12, Simulation execution beginning, ,
20141126_1606_30, Design, FLAME Client, participant_0, 15, X`25fea250.79aa4baf.b62be506.e9d1819a`ATTR`Host_GCE`Host`MON::Set [Host]`Aspect=xADLCoreAspect&Position=161.560`bb42af9e.ee894de6.a8870ee2.566cbbfe`Architecture`MON::Model [Architecture]`receiveEnergyCost=150.010000&receiveEnergyOverhead=101.860000&transmitEnergyCost=312.000000&transmitEnergyOverhead=755.000000````````````, ,
20141126_1606_31, Notification, XTEAM Engine, participant_0, 13, Simulation execution beginning, ,
20141126_1606_33, Design, FLAME Client, participant_0, 16, X`25fea250.79aa4baf.b62be506.e9d1819a`ATTR`Host_GCE`Host`MON::Set [Host]`Aspect=xADLCoreAspect&Position=161.560`bb42af9e.ee894de6.a8870ee2.566cbbfe`Architecture`MON::Model [Architecture]`receiveEnergyCost=150.010000&receiveEnergyOverhead=101.860000&transmitEnergyCost=312.000000&transmitEnergyOverhead=341.000000````````````, ,
20141126_1606_34, Notification, XTEAM Engine, participant_0, 14, Simulation execution beginning, ,
20141126_1606_34, Design, FLAME Client, participant_1, 15, X`de311a94.5ac54159.8e7ae434.321ec71e`ATTR`HostSAT`Host`MON::Set [Host]`Aspect=xADLCoreAspect&Position=1610.497`bb42af9e.ee894de6.a8870ee2.566cbbfe`Architecture`MON::Model [Architecture]`receiveEnergyCost=101.280000&receiveEnergyOverhead=64.990000&transmitEnergyCost=182.000000&transmitEnergyOverhead=82.450000````````````, ,
20141126_1606_36, Notification, XTEAM Engine, participant_1, 13, Simulation execution beginning, ,
20141126_1606_40, Design, FLAME Client, participant_1, 16, X`de311a94.5ac54159.8e7ae434.321ec71e`ATTR`HostSAT`Host`MON::Set [Host]`Aspect=xADLCoreAspect&Position=1610.497`bb42af9e.ee894de6.a8870ee2.566cbbfe`Architecture`MON::Model [Architecture]`receiveEnergyCost=101.280000&receiveEnergyOverhead=64.990000&transmitEnergyCost=182.000000&transmitEnergyOverhead=217.000000````````````, ,
20141126_1606_41, Notification, XTEAM Engine, participant_1, 14, Simulation execution beginning, ,
20141126_1606_46, Snapshot, FLAME Client, participant_1, 17, ,
20141126_1606_48, Notification, XTEAM Engine, participant_0, 15, Simulation execution beginning, ,
20141126_1606_55, Notification, XTEAM Engine, participant_1, 11, Simulation execution completion, ,
20141126_1606_55, XTEAM, XTEAM Engine, participant_1, , ,
20141126_1606_55, XTEAM, XTEAM Engine, participant_1, , ,
20141126_1606_55, XTEAM, XTEAM Engine, participant_1, , ,
20141126_1607_09, Notification, XTEAM Engine, participant_1, 12, Simulation execution completion, ,
20141126_1607_09, XTEAM, XTEAM Engine, participant_1, , ,
20141126_1607_09, XTEAM, XTEAM Engine, participant_1, , ,
20141126_1607_09, XTEAM, XTEAM Engine, participant_1, , ,
20141126_1607_14, Notification, XTEAM Engine, participant_0, 13, Simulation execution completion, ,
20141126_1607_14, XTEAM, XTEAM Engine, participant_0, , ,
20141126_1607_14, XTEAM, XTEAM Engine, participant_0, , ,
20141126_1607_15, XTEAM, XTEAM Engine, participant_0, , ,
20141126_1607_17, Notification, XTEAM Engine, participant_1, 13, Simulation execution completion, ,
20141126_1607_17, XTEAM, XTEAM Engine, participant_1, , ,
20141126_1607_17, XTEAM, XTEAM Engine, participant_1, , ,
20141126_1607_17, Notification, XTEAM Engine, participant_0, 14, Simulation execution completion, ,
20141126_1607_17, XTEAM, XTEAM Engine, participant_1, , ,
20141126_1607_17, XTEAM, XTEAM Engine, participant_0, , ,
20141126_1607_17, XTEAM, XTEAM Engine, participant_0, , ,
20141126_1607_17, XTEAM, XTEAM Engine, participant_0, , ,
20141126_1607_19, Notification, XTEAM Engine, participant_1, 14, Simulation execution completion, ,
20141126_1607_19, XTEAM, XTEAM Engine, participant_1, , ,
20141126_1607_19, XTEAM, XTEAM Engine, participant_1, , ,
20141126_1607_19, XTEAM, XTEAM Engine, participant_1, , ,
20141126_1607_21, Update, FLAME Client, participant_0, 17, ,
20141126_1607_24, Notification, XTEAM Engine, participant_0, 15, Simulation execution completion, ,
20141126_1607_24, XTEAM, XTEAM Engine, participant_0, , ,
20141126_1607_24, XTEAM, XTEAM Engine, participant_0, , ,
20141126_1607_24, XTEAM, XTEAM Engine, participant_0, , ,
20141126_1607_47, Snapshot, FLAME Client, participant_0, 18, ,
20141126_1607_49, Notification, XTEAM Engine, participant_1, 15, Simulation execution beginning, ,
20141126_1607_56, Update, FLAME Client, participant_1, 18, ,
20141126_1608_20, Notification, XTEAM Engine, participant_1, 15, Simulation execution completion, ,
20141126_1608_20, XTEAM, XTEAM Engine, participant_1, , ,
20141126_1608_20, XTEAM, XTEAM Engine, participant_1, , ,
20141126_1608_20, XTEAM, XTEAM Engine, participant_1, , ,
20141126_1609_31, Design, FLAME Client, participant_0, 19, X`d676d709.fc564319.83d71565.666ccd84`REGISTRY`Group_GCE`Group`MON::Set [Group]`Aspect=xADLCoreAspect&Position=161.455`bb42af9e.ee894de6.a8870ee2.566cbbfe`Architecture`MON::Model [Architecture]`description=&threadPoolSize=150````````````, ,
20141126_1609_32, Notification, XTEAM Engine, participant_0, 16, Simulation execution beginning, ,
20141126_1609_46, Design, FLAME Client, participant_0, 20, X`25fea250.79aa4baf.b62be506.e9d1819a`REGISTRY`Host_GCE`Host`MON::Set [Host]`Aspect=xADLCoreAspect&Position=154.560`bb42af9e.ee894de6.a8870ee2.566cbbfe`Architecture`MON::Model [Architecture]`receiveEnergyCost=150.010000&receiveEnergyOverhead=101.860000&transmitEnergyCost=312.000000&transmitEnergyOverhead=341.000000````````````, ,
20141126_1609_48, Notification, XTEAM Engine, participant_0, 17, Simulation execution beginning, ,
20141126_1609_48, Design, FLAME Client, participant_0, 21, X`cdc6010e.7cf74d31.85daf3c3.1e9a4be8`REGISTRY`Host_Client`Host`MON::Set [Host]`Aspect=xADLCoreAspect&Position=28.546`bb42af9e.ee894de6.a8870ee2.566cbbfe`Architecture`MON::Model [Architecture]`receiveEnergyCost=150.010000&receiveEnergyOverhead=101.860000&transmitEnergyCost=312.000000&transmitEnergyOverhead=341.000000````````````, ,
20141126_1609_49, Notification, XTEAM Engine, participant_0, 18, Simulation execution beginning, ,
20141126_1609_50, Design, FLAME Client, participant_0, 22, X`cdc6010e.7cf74d31.85daf3c3.1e9a4be8`REGISTRY`Host_Client`Host`MON::Set [Host]`Aspect=xADLCoreAspect&Position=28.567`bb42af9e.ee894de6.a8870ee2.566cbbfe`Architecture`MON::Model [Architecture]`receiveEnergyCost=150.010000&receiveEnergyOverhead=101.860000&transmitEnergyCost=312.000000&transmitEnergyOverhead=341.000000````````````, ,
20141126_1609_52, Notification, XTEAM Engine, participant_0, 19, Simulation execution beginning, ,
20141126_1610_09, Notification, XTEAM Engine, participant_0, 16, Simulation execution completion, ,
20141126_1610_09, XTEAM, XTEAM Engine, participant_0, , ,
20141126_1610_09, XTEAM, XTEAM Engine, participant_0, , ,
20141126_1610_09, XTEAM, XTEAM Engine, participant_0, , ,
20141126_1610_20, Snapshot, FLAME Client, participant_0, 23, ,
20141126_1610_21, Notification, XTEAM Engine, participant_1, 16, Simulation execution beginning, ,
20141126_1610_24, Notification, XTEAM Engine, participant_0, 17, Simulation execution completion, ,
20141126_1610_24, XTEAM, XTEAM Engine, participant_0, , ,
20141126_1610_24, XTEAM, XTEAM Engine, participant_0, , ,
20141126_1610_24, XTEAM, XTEAM Engine, participant_0, , ,
20141126_1610_25, Notification, XTEAM Engine, participant_0, 18, Simulation execution completion, ,
20141126_1610_25, XTEAM, XTEAM Engine, participant_0, , ,
20141126_1610_25, XTEAM, XTEAM Engine, participant_0, , ,
20141126_1610_25, XTEAM, XTEAM Engine, participant_0, , ,
20141126_1610_27, Notification, XTEAM Engine, participant_0, 19, Simulation execution completion, ,
20141126_1610_27, XTEAM, XTEAM Engine, participant_0, , ,
20141126_1610_27, XTEAM, XTEAM Engine, participant_0, , ,
20141126_1610_27, XTEAM, XTEAM Engine, participant_0, , ,
20141126_1610_29, Design, FLAME Client, participant_0, 24, X`25fea250.79aa4baf.b62be506.e9d1819a`REGISTRY`Host_GCE`Host`MON::Set [Host]`Aspect=xADLCoreAspect&Position=154.567`bb42af9e.ee894de6.a8870ee2.566cbbfe`Architecture`MON::Model [Architecture]`receiveEnergyCost=150.010000&receiveEnergyOverhead=101.860000&transmitEnergyCost=312.000000&transmitEnergyOverhead=341.000000````````````, ,
20141126_1610_30, Notification, XTEAM Engine, participant_0, 20, Simulation execution beginning, ,
20141126_1610_32, Update, FLAME Client, participant_1, 19, ,
20141126_1610_54, Notification, XTEAM Engine, participant_1, 16, Simulation execution completion, ,
20141126_1610_54, XTEAM, XTEAM Engine, participant_1, , ,
20141126_1610_54, XTEAM, XTEAM Engine, participant_1, , ,
20141126_1610_54, XTEAM, XTEAM Engine, participant_1, , ,
20141126_1611_02, Notification, XTEAM Engine, participant_0, 20, Simulation execution completion, ,
20141126_1611_02, XTEAM, XTEAM Engine, participant_0, , ,
20141126_1611_02, XTEAM, XTEAM Engine, participant_0, , ,
20141126_1611_02, XTEAM, XTEAM Engine, participant_0, , ,
