TIME, Event name, OriginComponent, SenderUsername, EventID, ,
20141126_1543_09, Snapshot, FLAME Client, participant_0, 5, ,
20141126_1545_55, Snapshot, FLAME Client, participant_1, 6, ,
20141126_1555_27, Snapshot, FLAME Client, participant_1, 11, ,
20141126_1601_52, Snapshot, FLAME Client, participant_0, 12, ,
20141126_1606_46, Snapshot, FLAME Client, participant_1, 17, ,
20141126_1607_47, Snapshot, FLAME Client, participant_0, 18, ,
20141126_1610_20, Snapshot, FLAME Client, participant_0, 23, ,
