session_begin, conflict_type, username, time_created, number_of_commits, time_first_committed, number_of_updates, time_first_updated, time_resolved, resolved, lifetime_in_sec, value, ,
02/17/2015 09:27:50, syntactic, MRSV, 02/17/2015 09:41:05, 0, , 0, , 02/17/2015 09:41:11, 1, 6, perform [64E3F498-F1114939-BA695F73-D07188E3/Task] in performComputation in GoogleComputeEngine has no execution time, ,
02/17/2015 09:27:50, syntactic, MRSV, 02/17/2015 09:47:01, 0, , 0, , 02/17/2015 09:47:07, 1, 6, perform [4C379791-2EEA468A-A8ABBB1D-E5FBA9BB/Task] in performComputation in Clients has no execution time, ,
02/17/2015 09:27:50, semantic_overall, MRSV, 02/17/2015 09:47:42, 0, , 0, , 02/17/2015 09:48:41, 1, 59, Energy: Overall Total violates requirement [4084588.1852 < 4000000.0], ,
02/17/2015 09:27:50, semantic_overall, MRSV, 02/17/2015 09:47:09, 1, 02/17/2015 09:47:28, 0, , 02/17/2015 09:50:39, 1, 210, Memory: Overall Maximum violates requirement [30390.0 < 30000.0], ,
02/17/2015 09:27:50, semantic_overall, MRSV, 02/17/2015 09:58:28, 0, , 0, , 02/17/2015 09:58:34, 0, 6, Memory: Overall Maximum violates requirement [30390.0 < 30000.0], ,
