conflict_type, engine_name, username, time_created, sync_time, lifetime_until_sync, value, ,
semantic_overall, MRSV, participant_2, 02/16/2015 10:43:30, 02/16/2015 10:54:00, 630, Memory: Overall Maximum violates requirement [30390.0 < 30000.0], ,
semantic_overall, MRSV, participant_2, 02/16/2015 10:50:55, 02/16/2015 10:54:00, 185, Energy: Overall Total violates requirement [4095570.8148 < 4000000.0], ,
semantic_overall, MRSV, participant_3, 02/16/2015 10:43:30, 02/16/2015 10:55:45, 735, Memory: Overall Maximum violates requirement [30390.0 < 30000.0], ,
semantic_overall, MRSV, participant_3, 02/16/2015 10:50:55, 02/16/2015 10:55:45, 290, Energy: Overall Total violates requirement [4095570.8148 < 4000000.0], ,
