TIME, Event name, OriginComponent, SenderUsername, EventID, Value, ,
20141130_0942_08, Login, FLAME Client, participant_0, , ,
20141130_0942_11, Login, XTEAM Engine, participant_0, , ,
20141130_0942_19, Login, FLAME Client, participant_1, , ,
20141130_0942_22, Login, XTEAM Engine, participant_1, , ,
20141130_0949_14, Design, FLAME Client, participant_1, 1, X`3f426f4b.6d164164.816fe575.67a4324f`ATTR`generate`Task`MON::Model [Task]`Aspect=xADLBehaviorAspect&Position=301.259`37598ce1.81784bb5.996843e8.1d554a61`Process`MON::Model [Process]`executionTime=7.5&memoryUsage=3&taskInstruction=nextTask = new Task;|nextTask->getTaskState().value() = 0;|nextTask->getTaskID().value() = taskIDCounter->getNextTaskID().value()++;````````````, ,
20141130_0949_16, Notification, XTEAM Engine, participant_1, 1, Simulation execution beginning, ,
20141130_0949_18, Design, FLAME Client, participant_1, 2, X`3f426f4b.6d164164.816fe575.67a4324f`ATTR`generate`Task`MON::Model [Task]`Aspect=xADLBehaviorAspect&Position=301.259`37598ce1.81784bb5.996843e8.1d554a61`Process`MON::Model [Process]`executionTime=7.5&memoryUsage=5500&taskInstruction=nextTask = new Task;|nextTask->getTaskState().value() = 0;|nextTask->getTaskID().value() = taskIDCounter->getNextTaskID().value()++;````````````, ,
20141130_0949_20, Notification, XTEAM Engine, participant_1, 2, Simulation execution beginning, ,
20141130_0949_53, Notification, XTEAM Engine, participant_1, 1, Simulation execution completion, ,
20141130_0949_54, XTEAM, XTEAM Engine, participant_1, , ,
20141130_0949_54, XTEAM, XTEAM Engine, participant_1, , ,
20141130_0949_54, Notification, XTEAM Engine, participant_1, 2, Simulation execution completion, ,
20141130_0949_54, XTEAM, XTEAM Engine, participant_1, , ,
20141130_0949_54, XTEAM, XTEAM Engine, participant_1, , ,
20141130_0949_54, XTEAM, XTEAM Engine, participant_1, , ,
20141130_0949_54, XTEAM, XTEAM Engine, participant_1, , ,
20141130_0950_13, Design, FLAME Client, participant_1, 3, X`176369f9.b385435c.b2d59a0f.66ba660c`ATTR`Host_SubsetSum`Host`MON::Set [Host]`Aspect=xADLCoreAspect&Position=1610.385`bb42af9e.ee894de6.a8870ee2.566cbbfe`Architecture`MON::Model [Architecture]`receiveEnergyCost=101.280000&receiveEnergyOverhead=64.990000&transmitEnergyCost=182.000000&transmitEnergyOverhead=82.450000````````````, ,
20141130_0950_14, Notification, XTEAM Engine, participant_1, 3, Simulation execution beginning, ,
20141130_0950_22, Design, FLAME Client, participant_1, 4, X`176369f9.b385435c.b2d59a0f.66ba660c`ATTR`Host_SubsetSum`Host`MON::Set [Host]`Aspect=xADLCoreAspect&Position=1610.385`bb42af9e.ee894de6.a8870ee2.566cbbfe`Architecture`MON::Model [Architecture]`receiveEnergyCost=101.280000&receiveEnergyOverhead=64.990000&transmitEnergyCost=182.000000&transmitEnergyOverhead=217.000000````````````, ,
20141130_0950_23, Notification, XTEAM Engine, participant_1, 4, Simulation execution beginning, ,
20141130_0950_47, Notification, XTEAM Engine, participant_1, 3, Simulation execution completion, ,
20141130_0950_47, XTEAM, XTEAM Engine, participant_1, , ,
20141130_0950_47, XTEAM, XTEAM Engine, participant_1, , ,
20141130_0950_47, XTEAM, XTEAM Engine, participant_1, , ,
20141130_0950_54, Notification, XTEAM Engine, participant_1, 4, Simulation execution completion, ,
20141130_0950_54, XTEAM, XTEAM Engine, participant_1, , ,
20141130_0950_54, XTEAM, XTEAM Engine, participant_1, , ,
20141130_0950_54, XTEAM, XTEAM Engine, participant_1, , ,
20141130_0955_11, Design, FLAME Client, participant_1, 5, X`3f426f4b.6d164164.816fe575.67a4324f`ATTR`generate`Task`MON::Model [Task]`Aspect=xADLBehaviorAspect&Position=301.259`37598ce1.81784bb5.996843e8.1d554a61`Process`MON::Model [Process]`executionTime=7.0&memoryUsage=5500&taskInstruction=nextTask = new Task;|nextTask->getTaskState().value() = 0;|nextTask->getTaskID().value() = taskIDCounter->getNextTaskID().value()++;````````````, ,
20141130_0955_13, Notification, XTEAM Engine, participant_1, 5, Simulation execution beginning, ,
20141130_0955_21, Design, FLAME Client, participant_1, 6, X`3f426f4b.6d164164.816fe575.67a4324f`ATTR`generate`Task`MON::Model [Task]`Aspect=xADLBehaviorAspect&Position=301.259`37598ce1.81784bb5.996843e8.1d554a61`Process`MON::Model [Process]`executionTime=7.0&memoryUsage=11000&taskInstruction=nextTask = new Task;|nextTask->getTaskState().value() = 0;|nextTask->getTaskID().value() = taskIDCounter->getNextTaskID().value()++;````````````, ,
20141130_0955_22, Notification, XTEAM Engine, participant_1, 6, Simulation execution beginning, ,
20141130_0955_39, Design, FLAME Client, participant_1, 7, X`176369f9.b385435c.b2d59a0f.66ba660c`ATTR`Host_SubsetSum`Host`MON::Set [Host]`Aspect=xADLCoreAspect&Position=1610.385`bb42af9e.ee894de6.a8870ee2.566cbbfe`Architecture`MON::Model [Architecture]`receiveEnergyCost=101.280000&receiveEnergyOverhead=64.990000&transmitEnergyCost=330.000000&transmitEnergyOverhead=217.000000````````````, ,
20141130_0955_41, Notification, XTEAM Engine, participant_1, 7, Simulation execution beginning, ,
20141130_0955_45, Notification, XTEAM Engine, participant_1, 5, Simulation execution completion, ,
20141130_0955_45, XTEAM, XTEAM Engine, participant_1, , ,
20141130_0955_45, XTEAM, XTEAM Engine, participant_1, , ,
20141130_0955_45, XTEAM, XTEAM Engine, participant_1, , ,
20141130_0955_49, Design, FLAME Client, participant_1, 8, X`176369f9.b385435c.b2d59a0f.66ba660c`ATTR`Host_SubsetSum`Host`MON::Set [Host]`Aspect=xADLCoreAspect&Position=1610.385`bb42af9e.ee894de6.a8870ee2.566cbbfe`Architecture`MON::Model [Architecture]`receiveEnergyCost=101.280000&receiveEnergyOverhead=64.990000&transmitEnergyCost=330.000000&transmitEnergyOverhead=429.000000````````````, ,
20141130_0955_50, Notification, XTEAM Engine, participant_1, 8, Simulation execution beginning, ,
20141130_0955_55, Notification, XTEAM Engine, participant_1, 6, Simulation execution completion, ,
20141130_0955_55, XTEAM, XTEAM Engine, participant_1, , ,
20141130_0955_55, XTEAM, XTEAM Engine, participant_1, , ,
20141130_0955_55, XTEAM, XTEAM Engine, participant_1, , ,
20141130_0956_13, Notification, XTEAM Engine, participant_1, 7, Simulation execution completion, ,
20141130_0956_13, XTEAM, XTEAM Engine, participant_1, , ,
20141130_0956_13, XTEAM, XTEAM Engine, participant_1, , ,
20141130_0956_13, XTEAM, XTEAM Engine, participant_1, , ,
20141130_0956_22, Notification, XTEAM Engine, participant_1, 8, Simulation execution completion, ,
20141130_0956_22, XTEAM, XTEAM Engine, participant_1, , ,
20141130_0956_22, XTEAM, XTEAM Engine, participant_1, , ,
20141130_0956_22, XTEAM, XTEAM Engine, participant_1, , ,
20141130_0958_56, Design, FLAME Client, participant_0, 1, X`4c379791.2eea468a.a8abbb1d.e5fba9bb`ATTR`perform`Task`MON::Model [Task]`Aspect=xADLBehaviorAspect&Position=336.217`c270ab26.2fff4b88.bf50a288.2d000ee5`Process`MON::Model [Process]`executionTime=350&memoryUsage=27&taskInstruction=nextResult[thread_id] = new Result;|nextResult[thread_id]->getResultState().value() = 0;|nextResult[thread_id]->getResultID().value() = nextTask[thread_id]->getTaskID().value();|nextResult[thread_id]->getResultValue().value() = 1;````````````, ,
20141130_0958_57, Notification, XTEAM Engine, participant_0, 1, Simulation execution beginning, ,
20141130_0958_59, Design, FLAME Client, participant_0, 2, X`4c379791.2eea468a.a8abbb1d.e5fba9bb`ATTR`perform`Task`MON::Model [Task]`Aspect=xADLBehaviorAspect&Position=336.217`c270ab26.2fff4b88.bf50a288.2d000ee5`Process`MON::Model [Process]`executionTime=350&memoryUsage=39&taskInstruction=nextResult[thread_id] = new Result;|nextResult[thread_id]->getResultState().value() = 0;|nextResult[thread_id]->getResultID().value() = nextTask[thread_id]->getTaskID().value();|nextResult[thread_id]->getResultValue().value() = 1;````````````, ,
20141130_0959_00, Notification, XTEAM Engine, participant_0, 2, Simulation execution beginning, ,
20141130_0959_30, Notification, XTEAM Engine, participant_0, 1, Simulation execution completion, ,
20141130_0959_30, XTEAM, XTEAM Engine, participant_0, , ,
20141130_0959_30, XTEAM, XTEAM Engine, participant_0, , ,
20141130_0959_30, XTEAM, XTEAM Engine, participant_0, , ,
20141130_0959_32, Notification, XTEAM Engine, participant_0, 2, Simulation execution completion, ,
20141130_0959_32, XTEAM, XTEAM Engine, participant_0, , ,
20141130_0959_32, XTEAM, XTEAM Engine, participant_0, , ,
20141130_0959_32, XTEAM, XTEAM Engine, participant_0, , ,
20141130_0959_44, Design, FLAME Client, participant_0, 3, X`cdc6010e.7cf74d31.85daf3c3.1e9a4be8`ATTR`Host_Client`Host`MON::Set [Host]`Aspect=xADLCoreAspect&Position=28.560`bb42af9e.ee894de6.a8870ee2.566cbbfe`Architecture`MON::Model [Architecture]`receiveEnergyCost=150.010000&receiveEnergyOverhead=101.860000&transmitEnergyCost=213.000000&transmitEnergyOverhead=129.870000````````````, ,
20141130_0959_45, Notification, XTEAM Engine, participant_0, 3, Simulation execution beginning, ,
20141130_0959_49, Design, FLAME Client, participant_0, 4, X`cdc6010e.7cf74d31.85daf3c3.1e9a4be8`ATTR`Host_Client`Host`MON::Set [Host]`Aspect=xADLCoreAspect&Position=28.560`bb42af9e.ee894de6.a8870ee2.566cbbfe`Architecture`MON::Model [Architecture]`receiveEnergyCost=150.010000&receiveEnergyOverhead=101.860000&transmitEnergyCost=312.000000&transmitEnergyOverhead=129.870000````````````, ,
20141130_0959_51, Notification, XTEAM Engine, participant_0, 4, Simulation execution beginning, ,
20141130_0959_57, Design, FLAME Client, participant_0, 5, X`cdc6010e.7cf74d31.85daf3c3.1e9a4be8`ATTR`Host_Client`Host`MON::Set [Host]`Aspect=xADLCoreAspect&Position=28.560`bb42af9e.ee894de6.a8870ee2.566cbbfe`Architecture`MON::Model [Architecture]`receiveEnergyCost=150.010000&receiveEnergyOverhead=101.860000&transmitEnergyCost=312.000000&transmitEnergyOverhead=341.000000````````````, ,
20141130_0959_58, Notification, XTEAM Engine, participant_0, 5, Simulation execution beginning, ,
20141130_1000_11, Design, FLAME Client, participant_0, 6, X`25fea250.79aa4baf.b62be506.e9d1819a`ATTR`Host_GCE`Host`MON::Set [Host]`Aspect=xADLCoreAspect&Position=161.560`bb42af9e.ee894de6.a8870ee2.566cbbfe`Architecture`MON::Model [Architecture]`receiveEnergyCost=150.010000&receiveEnergyOverhead=101.860000&transmitEnergyCost=0.000000&transmitEnergyOverhead=129.870000````````````, ,
20141130_1000_13, Notification, XTEAM Engine, participant_0, 6, Simulation execution beginning, ,
20141130_1000_16, Design, FLAME Client, participant_0, 7, X`25fea250.79aa4baf.b62be506.e9d1819a`ATTR`Host_GCE`Host`MON::Set [Host]`Aspect=xADLCoreAspect&Position=161.560`bb42af9e.ee894de6.a8870ee2.566cbbfe`Architecture`MON::Model [Architecture]`receiveEnergyCost=150.010000&receiveEnergyOverhead=101.860000&transmitEnergyCost=514.000000&transmitEnergyOverhead=129.870000````````````, ,
20141130_1000_17, Notification, XTEAM Engine, participant_0, 7, Simulation execution beginning, ,
20141130_1000_22, Notification, XTEAM Engine, participant_0, 3, Simulation execution completion, ,
20141130_1000_22, XTEAM, XTEAM Engine, participant_0, , ,
20141130_1000_22, XTEAM, XTEAM Engine, participant_0, , ,
20141130_1000_22, XTEAM, XTEAM Engine, participant_0, , ,
20141130_1000_22, Design, FLAME Client, participant_0, 8, X`25fea250.79aa4baf.b62be506.e9d1819a`ATTR`Host_GCE`Host`MON::Set [Host]`Aspect=xADLCoreAspect&Position=161.560`bb42af9e.ee894de6.a8870ee2.566cbbfe`Architecture`MON::Model [Architecture]`receiveEnergyCost=150.010000&receiveEnergyOverhead=101.860000&transmitEnergyCost=514.000000&transmitEnergyOverhead=755.000000````````````, ,
20141130_1000_24, Notification, XTEAM Engine, participant_0, 8, Simulation execution beginning, ,
20141130_1000_29, Notification, XTEAM Engine, participant_0, 4, Simulation execution completion, ,
20141130_1000_29, XTEAM, XTEAM Engine, participant_0, , ,
20141130_1000_29, XTEAM, XTEAM Engine, participant_0, , ,
20141130_1000_29, XTEAM, XTEAM Engine, participant_0, , ,
20141130_1000_30, Design, FLAME Client, participant_1, 9, X`3a60805b.3a524f70.a064acd1.88108a11`ATTR`generate`Task`MON::Model [Task]`Aspect=xADLBehaviorAspect&Position=301.259`fd961ab4.712348fe.91a8653d.18529735`Process`MON::Model [Process]`executionTime=7.5&memoryUsage=3&taskInstruction=nextTask = new Task;|nextTask->getTaskState().value() = 0;|nextTask->getTaskID().value() = taskIDCounter->getNextTaskID().value()++;````````````, ,
20141130_1000_31, Notification, XTEAM Engine, participant_1, 9, Simulation execution beginning, ,
20141130_1000_35, Design, FLAME Client, participant_1, 10, X`3a60805b.3a524f70.a064acd1.88108a11`ATTR`generate`Task`MON::Model [Task]`Aspect=xADLBehaviorAspect&Position=301.259`fd961ab4.712348fe.91a8653d.18529735`Process`MON::Model [Process]`executionTime=7.5&memoryUsage=5500&taskInstruction=nextTask = new Task;|nextTask->getTaskState().value() = 0;|nextTask->getTaskID().value() = taskIDCounter->getNextTaskID().value()++;````````````, ,
20141130_1000_37, Notification, XTEAM Engine, participant_1, 10, Simulation execution beginning, ,
20141130_1000_37, Notification, XTEAM Engine, participant_0, 5, Simulation execution completion, ,
20141130_1000_37, XTEAM, XTEAM Engine, participant_0, , ,
20141130_1000_37, XTEAM, XTEAM Engine, participant_0, , ,
20141130_1000_37, XTEAM, XTEAM Engine, participant_0, , ,
20141130_1000_54, Design, FLAME Client, participant_1, 11, X`de311a94.5ac54159.8e7ae434.321ec71e`ATTR`HostSAT`Host`MON::Set [Host]`Aspect=xADLCoreAspect&Position=1610.497`bb42af9e.ee894de6.a8870ee2.566cbbfe`Architecture`MON::Model [Architecture]`receiveEnergyCost=101.280000&receiveEnergyOverhead=64.990000&transmitEnergyCost=182.000000&transmitEnergyOverhead=82.450000````````````, ,
20141130_1000_55, Notification, XTEAM Engine, participant_1, 11, Simulation execution beginning, ,
20141130_1000_57, Notification, XTEAM Engine, participant_0, 6, Simulation execution completion, ,
20141130_1000_57, XTEAM, XTEAM Engine, participant_0, , ,
20141130_1000_57, XTEAM, XTEAM Engine, participant_0, , ,
20141130_1000_57, XTEAM, XTEAM Engine, participant_0, , ,
20141130_1000_58, Design, FLAME Client, participant_1, 12, X`de311a94.5ac54159.8e7ae434.321ec71e`ATTR`HostSAT`Host`MON::Set [Host]`Aspect=xADLCoreAspect&Position=1610.497`bb42af9e.ee894de6.a8870ee2.566cbbfe`Architecture`MON::Model [Architecture]`receiveEnergyCost=101.280000&receiveEnergyOverhead=64.990000&transmitEnergyCost=182.000000&transmitEnergyOverhead=217.000000````````````, ,
20141130_1001_00, Notification, XTEAM Engine, participant_1, 12, Simulation execution beginning, ,
20141130_1001_00, Notification, XTEAM Engine, participant_0, 7, Simulation execution completion, ,
20141130_1001_00, XTEAM, XTEAM Engine, participant_0, , ,
20141130_1001_00, XTEAM, XTEAM Engine, participant_0, , ,
20141130_1001_00, XTEAM, XTEAM Engine, participant_0, , ,
20141130_1001_09, Notification, XTEAM Engine, participant_0, 8, Simulation execution completion, ,
20141130_1001_09, XTEAM, XTEAM Engine, participant_0, , ,
20141130_1001_09, XTEAM, XTEAM Engine, participant_0, , ,
20141130_1001_09, XTEAM, XTEAM Engine, participant_0, , ,
20141130_1001_13, Notification, XTEAM Engine, participant_1, 9, Simulation execution completion, ,
20141130_1001_13, XTEAM, XTEAM Engine, participant_1, , ,
20141130_1001_13, XTEAM, XTEAM Engine, participant_1, , ,
20141130_1001_13, XTEAM, XTEAM Engine, participant_1, , ,
20141130_1001_21, Notification, XTEAM Engine, participant_1, 10, Simulation execution completion, ,
20141130_1001_22, XTEAM, XTEAM Engine, participant_1, , ,
20141130_1001_22, XTEAM, XTEAM Engine, participant_1, , ,
20141130_1001_22, XTEAM, XTEAM Engine, participant_1, , ,
20141130_1001_32, Notification, XTEAM Engine, participant_1, 11, Simulation execution completion, ,
20141130_1001_32, XTEAM, XTEAM Engine, participant_1, , ,
20141130_1001_32, XTEAM, XTEAM Engine, participant_1, , ,
20141130_1001_32, XTEAM, XTEAM Engine, participant_1, , ,
20141130_1001_36, Notification, XTEAM Engine, participant_1, 12, Simulation execution completion, ,
20141130_1001_36, XTEAM, XTEAM Engine, participant_1, , ,
20141130_1001_36, XTEAM, XTEAM Engine, participant_1, , ,
20141130_1001_36, XTEAM, XTEAM Engine, participant_1, , ,
20141130_1001_57, Design, FLAME Client, participant_0, 9, X`64e3f498.f1114939.ba695f73.d07188e3`ATTR`perform`Task`MON::Model [Task]`Aspect=xADLBehaviorAspect&Position=308.301`d640f4b9.22e14264.b459176e.af6b895e`Process`MON::Model [Process]`executionTime=200&memoryUsage=27&taskInstruction=nextResult[thread_id] = new Result;|nextResult[thread_id]->getResultState().value() = 0;|nextResult[thread_id]->getResultID().value() = nextTask[thread_id]->getTaskID().value();|nextResult[thread_id]->getResultValue().value() = 1;````````````, ,
20141130_1001_58, Notification, XTEAM Engine, participant_0, 9, Simulation execution beginning, ,
20141130_1002_00, Design, FLAME Client, participant_0, 10, X`64e3f498.f1114939.ba695f73.d07188e3`ATTR`perform`Task`MON::Model [Task]`Aspect=xADLBehaviorAspect&Position=308.301`d640f4b9.22e14264.b459176e.af6b895e`Process`MON::Model [Process]`executionTime=200&memoryUsage=92&taskInstruction=nextResult[thread_id] = new Result;|nextResult[thread_id]->getResultState().value() = 0;|nextResult[thread_id]->getResultID().value() = nextTask[thread_id]->getTaskID().value();|nextResult[thread_id]->getResultValue().value() = 1;````````````, ,
20141130_1002_01, Notification, XTEAM Engine, participant_0, 10, Simulation execution beginning, ,
20141130_1002_32, Notification, XTEAM Engine, participant_0, 9, Simulation execution completion, ,
20141130_1002_32, XTEAM, XTEAM Engine, participant_0, , ,
20141130_1002_32, XTEAM, XTEAM Engine, participant_0, , ,
20141130_1002_32, XTEAM, XTEAM Engine, participant_0, , ,
20141130_1002_35, Notification, XTEAM Engine, participant_0, 10, Simulation execution completion, ,
20141130_1002_35, XTEAM, XTEAM Engine, participant_0, , ,
20141130_1002_35, XTEAM, XTEAM Engine, participant_0, , ,
20141130_1002_35, XTEAM, XTEAM Engine, participant_0, , ,
20141130_1006_21, Design, FLAME Client, participant_1, 13, X`3f426f4b.6d164164.816fe575.67a4324f`ATTR`generate`Task`MON::Model [Task]`Aspect=xADLBehaviorAspect&Position=301.259`37598ce1.81784bb5.996843e8.1d554a61`Process`MON::Model [Process]`executionTime=7.5&memoryUsage=11000&taskInstruction=nextTask = new Task;|nextTask->getTaskState().value() = 0;|nextTask->getTaskID().value() = taskIDCounter->getNextTaskID().value()++;````````````, ,
20141130_1006_22, Notification, XTEAM Engine, participant_1, 13, Simulation execution beginning, ,
20141130_1006_26, Design, FLAME Client, participant_1, 14, X`3f426f4b.6d164164.816fe575.67a4324f`ATTR`generate`Task`MON::Model [Task]`Aspect=xADLBehaviorAspect&Position=301.259`37598ce1.81784bb5.996843e8.1d554a61`Process`MON::Model [Process]`executionTime=7.5&memoryUsage=5500&taskInstruction=nextTask = new Task;|nextTask->getTaskState().value() = 0;|nextTask->getTaskID().value() = taskIDCounter->getNextTaskID().value()++;````````````, ,
20141130_1006_27, Notification, XTEAM Engine, participant_1, 14, Simulation execution beginning, ,
20141130_1006_43, Design, FLAME Client, participant_1, 15, X`176369f9.b385435c.b2d59a0f.66ba660c`ATTR`Host_SubsetSum`Host`MON::Set [Host]`Aspect=xADLCoreAspect&Position=1610.385`bb42af9e.ee894de6.a8870ee2.566cbbfe`Architecture`MON::Model [Architecture]`receiveEnergyCost=101.280000&receiveEnergyOverhead=64.990000&transmitEnergyCost=182.000000&transmitEnergyOverhead=429.000000````````````, ,
20141130_1006_44, Notification, XTEAM Engine, participant_1, 15, Simulation execution beginning, ,
20141130_1006_47, Design, FLAME Client, participant_1, 16, X`176369f9.b385435c.b2d59a0f.66ba660c`ATTR`Host_SubsetSum`Host`MON::Set [Host]`Aspect=xADLCoreAspect&Position=1610.385`bb42af9e.ee894de6.a8870ee2.566cbbfe`Architecture`MON::Model [Architecture]`receiveEnergyCost=101.280000&receiveEnergyOverhead=64.990000&transmitEnergyCost=182.000000&transmitEnergyOverhead=217.000000````````````, ,
20141130_1006_48, Notification, XTEAM Engine, participant_1, 16, Simulation execution beginning, ,
20141130_1006_59, Notification, XTEAM Engine, participant_1, 13, Simulation execution completion, ,
20141130_1006_59, XTEAM, XTEAM Engine, participant_1, , ,
20141130_1006_59, XTEAM, XTEAM Engine, participant_1, , ,
20141130_1006_59, XTEAM, XTEAM Engine, participant_1, , ,
20141130_1007_04, Notification, XTEAM Engine, participant_1, 14, Simulation execution completion, ,
20141130_1007_04, XTEAM, XTEAM Engine, participant_1, , ,
20141130_1007_04, XTEAM, XTEAM Engine, participant_1, , ,
20141130_1007_04, XTEAM, XTEAM Engine, participant_1, , ,
20141130_1007_17, Notification, XTEAM Engine, participant_1, 15, Simulation execution completion, ,
20141130_1007_17, XTEAM, XTEAM Engine, participant_1, , ,
20141130_1007_17, XTEAM, XTEAM Engine, participant_1, , ,
20141130_1007_17, XTEAM, XTEAM Engine, participant_1, , ,
20141130_1007_22, Notification, XTEAM Engine, participant_1, 16, Simulation execution completion, ,
20141130_1007_22, XTEAM, XTEAM Engine, participant_1, , ,
20141130_1007_22, XTEAM, XTEAM Engine, participant_1, , ,
20141130_1007_22, XTEAM, XTEAM Engine, participant_1, , ,
20141130_1010_20, Design, FLAME Client, participant_1, 17, X`176369f9.b385435c.b2d59a0f.66ba660c`ATTR`Host_SubsetSum`Host`MON::Set [Host]`Aspect=xADLCoreAspect&Position=1610.385`bb42af9e.ee894de6.a8870ee2.566cbbfe`Architecture`MON::Model [Architecture]`receiveEnergyCost=101.280000&receiveEnergyOverhead=64.990000&transmitEnergyCost=330.000000&transmitEnergyOverhead=217.000000````````````, ,
20141130_1010_21, Notification, XTEAM Engine, participant_1, 17, Simulation execution beginning, ,
20141130_1010_24, Design, FLAME Client, participant_1, 18, X`176369f9.b385435c.b2d59a0f.66ba660c`ATTR`Host_SubsetSum`Host`MON::Set [Host]`Aspect=xADLCoreAspect&Position=1610.385`bb42af9e.ee894de6.a8870ee2.566cbbfe`Architecture`MON::Model [Architecture]`receiveEnergyCost=101.280000&receiveEnergyOverhead=64.990000&transmitEnergyCost=330.000000&transmitEnergyOverhead=429.000000````````````, ,
20141130_1010_25, Notification, XTEAM Engine, participant_1, 18, Simulation execution beginning, ,
20141130_1010_30, Design, FLAME Client, participant_1, 19, X`de311a94.5ac54159.8e7ae434.321ec71e`ATTR`HostSAT`Host`MON::Set [Host]`Aspect=xADLCoreAspect&Position=1610.497`bb42af9e.ee894de6.a8870ee2.566cbbfe`Architecture`MON::Model [Architecture]`receiveEnergyCost=101.280000&receiveEnergyOverhead=64.990000&transmitEnergyCost=330.000000&transmitEnergyOverhead=217.000000````````````, ,
20141130_1010_31, Notification, XTEAM Engine, participant_1, 19, Simulation execution beginning, ,
20141130_1010_34, Design, FLAME Client, participant_1, 20, X`de311a94.5ac54159.8e7ae434.321ec71e`ATTR`HostSAT`Host`MON::Set [Host]`Aspect=xADLCoreAspect&Position=1610.497`bb42af9e.ee894de6.a8870ee2.566cbbfe`Architecture`MON::Model [Architecture]`receiveEnergyCost=101.280000&receiveEnergyOverhead=64.990000&transmitEnergyCost=330.000000&transmitEnergyOverhead=429.000000````````````, ,
20141130_1010_35, Notification, XTEAM Engine, participant_1, 20, Simulation execution beginning, ,
20141130_1010_46, Design, FLAME Client, participant_1, 21, X`3a60805b.3a524f70.a064acd1.88108a11`ATTR`generate`Task`MON::Model [Task]`Aspect=xADLBehaviorAspect&Position=301.259`fd961ab4.712348fe.91a8653d.18529735`Process`MON::Model [Process]`executionTime=7.0&memoryUsage=5500&taskInstruction=nextTask = new Task;|nextTask->getTaskState().value() = 0;|nextTask->getTaskID().value() = taskIDCounter->getNextTaskID().value()++;````````````, ,
20141130_1010_48, Notification, XTEAM Engine, participant_1, 21, Simulation execution beginning, ,
20141130_1010_51, Design, FLAME Client, participant_1, 22, X`3a60805b.3a524f70.a064acd1.88108a11`ATTR`generate`Task`MON::Model [Task]`Aspect=xADLBehaviorAspect&Position=301.259`fd961ab4.712348fe.91a8653d.18529735`Process`MON::Model [Process]`executionTime=7.0&memoryUsage=11000&taskInstruction=nextTask = new Task;|nextTask->getTaskState().value() = 0;|nextTask->getTaskID().value() = taskIDCounter->getNextTaskID().value()++;````````````, ,
20141130_1010_52, Notification, XTEAM Engine, participant_1, 22, Simulation execution beginning, ,
20141130_1010_58, Design, FLAME Client, participant_1, 23, X`3f426f4b.6d164164.816fe575.67a4324f`ATTR`generate`Task`MON::Model [Task]`Aspect=xADLBehaviorAspect&Position=301.259`37598ce1.81784bb5.996843e8.1d554a61`Process`MON::Model [Process]`executionTime=7.0&memoryUsage=5500&taskInstruction=nextTask = new Task;|nextTask->getTaskState().value() = 0;|nextTask->getTaskID().value() = taskIDCounter->getNextTaskID().value()++;````````````, ,
20141130_1010_59, Notification, XTEAM Engine, participant_1, 23, Simulation execution beginning, ,
20141130_1011_00, Notification, XTEAM Engine, participant_1, 17, Simulation execution completion, ,
20141130_1011_00, XTEAM, XTEAM Engine, participant_1, , ,
20141130_1011_00, XTEAM, XTEAM Engine, participant_1, , ,
20141130_1011_00, XTEAM, XTEAM Engine, participant_1, , ,
20141130_1011_03, Design, FLAME Client, participant_1, 24, X`3f426f4b.6d164164.816fe575.67a4324f`ATTR`generate`Task`MON::Model [Task]`Aspect=xADLBehaviorAspect&Position=301.259`37598ce1.81784bb5.996843e8.1d554a61`Process`MON::Model [Process]`executionTime=7.0&memoryUsage=11000&taskInstruction=nextTask = new Task;|nextTask->getTaskState().value() = 0;|nextTask->getTaskID().value() = taskIDCounter->getNextTaskID().value()++;````````````, ,
20141130_1011_04, Notification, XTEAM Engine, participant_1, 24, Simulation execution beginning, ,
20141130_1011_05, Notification, XTEAM Engine, participant_1, 18, Simulation execution completion, ,
20141130_1011_05, XTEAM, XTEAM Engine, participant_1, , ,
20141130_1011_05, XTEAM, XTEAM Engine, participant_1, , ,
20141130_1011_05, XTEAM, XTEAM Engine, participant_1, , ,
20141130_1011_11, Notification, XTEAM Engine, participant_1, 19, Simulation execution completion, ,
20141130_1011_11, XTEAM, XTEAM Engine, participant_1, , ,
20141130_1011_11, XTEAM, XTEAM Engine, participant_1, , ,
20141130_1011_11, XTEAM, XTEAM Engine, participant_1, , ,
20141130_1011_15, XTEAM, XTEAM Engine, participant_1, , ,
20141130_1011_15, XTEAM, XTEAM Engine, participant_1, , ,
20141130_1011_15, Notification, XTEAM Engine, participant_1, 20, Simulation execution completion, ,
20141130_1011_15, XTEAM, XTEAM Engine, participant_1, , ,
20141130_1011_35, Notification, XTEAM Engine, participant_1, 21, Simulation execution completion, ,
20141130_1011_35, XTEAM, XTEAM Engine, participant_1, , ,
20141130_1011_35, XTEAM, XTEAM Engine, participant_1, , ,
20141130_1011_35, XTEAM, XTEAM Engine, participant_1, , ,
20141130_1011_38, Notification, XTEAM Engine, participant_1, 22, Simulation execution completion, ,
20141130_1011_38, XTEAM, XTEAM Engine, participant_1, , ,
20141130_1011_38, XTEAM, XTEAM Engine, participant_1, , ,
20141130_1011_38, XTEAM, XTEAM Engine, participant_1, , ,
20141130_1011_43, Notification, XTEAM Engine, participant_1, 23, Simulation execution completion, ,
20141130_1011_43, XTEAM, XTEAM Engine, participant_1, , ,
20141130_1011_43, XTEAM, XTEAM Engine, participant_1, , ,
20141130_1011_43, XTEAM, XTEAM Engine, participant_1, , ,
20141130_1011_45, Notification, XTEAM Engine, participant_1, 24, Simulation execution completion, ,
20141130_1011_45, XTEAM, XTEAM Engine, participant_1, , ,
20141130_1011_45, XTEAM, XTEAM Engine, participant_1, , ,
20141130_1011_46, XTEAM, XTEAM Engine, participant_1, , ,
20141130_1011_59, Snapshot, FLAME Client, participant_0, 11, ,
20141130_1012_01, Notification, XTEAM Engine, participant_1, 25, Simulation execution beginning, ,
20141130_1012_33, Notification, XTEAM Engine, participant_1, 25, Simulation execution completion, ,
20141130_1012_33, XTEAM, XTEAM Engine, participant_1, , ,
20141130_1012_33, XTEAM, XTEAM Engine, participant_1, , ,
20141130_1012_33, XTEAM, XTEAM Engine, participant_1, , ,
