TIME, Event name, OriginComponent, SenderUsername, EventID, ,
20140330_1351_01, Snapshot, CoWare XTEAM Client, participant_1, 18, ,
20140330_1351_03, Snapshot, CoWare XTEAM Client, participant_1, 19, ,
20140330_1351_09, Snapshot, CoWare XTEAM Client, participant_1, 20, ,
20140330_1403_30, Snapshot, CoWare XTEAM Client, participant_1, 31, ,
20140330_1403_31, Snapshot, CoWare XTEAM Client, participant_1, 32, ,
20140330_1403_36, Snapshot, CoWare XTEAM Client, participant_1, 33, ,
20140330_1403_41, Snapshot, CoWare XTEAM Client, participant_1, 34, ,
20140330_1404_57, Snapshot, CoWare XTEAM Client, participant_1, 43, ,
20140330_1404_56, Snapshot, CoWare XTEAM Client, participant_1, 42, ,
