TIME, Event name, OriginComponent, SenderUsername, EventID, Value, ,
20140330_1333_52, Login, XTEAM Engine, MRSV, , ,
20140330_1334_53, Login, CoWare XTEAM Client, participant_0, , ,
20140330_1336_07, Design, CoWare XTEAM Client, participant_0, 1, X`823be07d.a4c04349.bb5bd637.1efca24`ATTR`forward`Task`MON::Model [Task]`Aspect=xADLBehaviorAspect&Position=280.196`64012bb1.f194748.9fe467dc.cb2e84f5`Process`MON::Model [Process]`executionTime=07&memoryUsage=1&taskInstruction=````````````, ,
20140330_1336_09, Notification, XTEAM Engine, MRSV, 1, Simulation execution beginning, ,
20140330_1336_12, Design, CoWare XTEAM Client, participant_0, 2, X`823be07d.a4c04349.bb5bd637.1efca24`ATTR`forward`Task`MON::Model [Task]`Aspect=xADLBehaviorAspect&Position=280.196`64012bb1.f194748.9fe467dc.cb2e84f5`Process`MON::Model [Process]`executionTime=7&memoryUsage=1&taskInstruction=````````````, ,
20140330_1336_14, Notification, XTEAM Engine, MRSV, 2, Simulation execution beginning, ,
20140330_1336_19, Login, CoWare XTEAM Client, participant_1, , ,
20140330_1336_35, Notification, XTEAM Engine, MRSV, 1, Simulation execution completion, ,
20140330_1336_35, XTEAM, XTEAM Engine, MRSV, , ,
20140330_1336_35, XTEAM, XTEAM Engine, MRSV, , ,
20140330_1336_35, XTEAM, XTEAM Engine, MRSV, , ,
20140330_1336_40, Notification, XTEAM Engine, MRSV, 2, Simulation execution completion, ,
20140330_1336_40, XTEAM, XTEAM Engine, MRSV, , ,
20140330_1336_40, XTEAM, XTEAM Engine, MRSV, , ,
20140330_1336_40, XTEAM, XTEAM Engine, MRSV, , ,
20140330_1336_43, Design, CoWare XTEAM Client, participant_0, 3, X`823be07d.a4c04349.bb5bd637.1efca24`ATTR`forward`Task`MON::Model [Task]`Aspect=xADLBehaviorAspect&Position=280.196`64012bb1.f194748.9fe467dc.cb2e84f5`Process`MON::Model [Process]`executionTime=7&memoryUsage=15&taskInstruction=````````````, ,
20140330_1336_45, Notification, XTEAM Engine, MRSV, 3, Simulation execution beginning, ,
20140330_1336_55, Design, CoWare XTEAM Client, participant_1, 1, X`2069f451.f9824260.9917292c.9136c77d`REGISTRY`SalinityReqGen`Component`MON::Model [Component]`Aspect=xADLCoreAspect&Position=168.350`53c8e4c.6bec48b1.8f5efd8e.55e34f54`Architecture`MON::Model [Architecture]`description=````````````, ,
20140330_1336_56, Notification, XTEAM Engine, MRSV, 4, Simulation execution beginning, ,
20140330_1337_08, Design, CoWare XTEAM Client, participant_1, 2, X`f5e3fc53.9152438c.8adc2b0b.e095f1c6`REGISTRY`generateRequest`Process`MON::Model [Process]`Aspect=xADLBehaviorAspect&Position=98.126`16be4b61.553e4d03.8cbe8e19.cd3485fc`Component`MON::Model [Component]`initialProcess=true````````````, ,
20140330_1337_08, Notification, XTEAM Engine, MRSV, 3, Simulation execution completion, ,
20140330_1337_08, XTEAM, XTEAM Engine, MRSV, , ,
20140330_1337_08, XTEAM, XTEAM Engine, MRSV, , ,
20140330_1337_08, XTEAM, XTEAM Engine, MRSV, , ,
20140330_1337_09, Notification, XTEAM Engine, MRSV, 5, Simulation execution beginning, ,
20140330_1337_21, Notification, XTEAM Engine, MRSV, 4, Simulation execution completion, ,
20140330_1337_21, XTEAM, XTEAM Engine, MRSV, , ,
20140330_1337_21, XTEAM, XTEAM Engine, MRSV, , ,
20140330_1337_21, XTEAM, XTEAM Engine, MRSV, , ,
20140330_1337_34, Notification, XTEAM Engine, MRSV, 5, Simulation execution completion, ,
20140330_1337_34, XTEAM, XTEAM Engine, MRSV, , ,
20140330_1337_34, XTEAM, XTEAM Engine, MRSV, , ,
20140330_1337_34, XTEAM, XTEAM Engine, MRSV, , ,
20140330_1337_36, Design, CoWare XTEAM Client, participant_0, 4, X`cc6f3a99.39734696.be3c4499.34632100`ATTR`Host_Salinity`Host`MON::Set [Host]`Aspect=xADLCoreAspect&Position=966.763`53c8e4c.6bec48b1.8f5efd8e.55e34f54`Architecture`MON::Model [Architecture]`receiveEnergyCost=13.000000&receiveEnergyOverhead=45.000000&transmitEnergyCost=12.000000&transmitEnergyOverhead=40.000000````````````, ,
20140330_1337_38, Design, CoWare XTEAM Client, participant_0, 5, X`cc6f3a99.39734696.be3c4499.34632100`ATTR`Host_Salinity`Host`MON::Set [Host]`Aspect=xADLCoreAspect&Position=966.763`53c8e4c.6bec48b1.8f5efd8e.55e34f54`Architecture`MON::Model [Architecture]`receiveEnergyCost=20.000000&receiveEnergyOverhead=45.000000&transmitEnergyCost=12.000000&transmitEnergyOverhead=40.000000````````````, ,
20140330_1337_39, Notification, XTEAM Engine, MRSV, 6, Simulation execution beginning, ,
20140330_1337_40, Design, CoWare XTEAM Client, participant_0, 6, X`cc6f3a99.39734696.be3c4499.34632100`ATTR`Host_Salinity`Host`MON::Set [Host]`Aspect=xADLCoreAspect&Position=966.763`53c8e4c.6bec48b1.8f5efd8e.55e34f54`Architecture`MON::Model [Architecture]`receiveEnergyCost=20.000000&receiveEnergyOverhead=70.000000&transmitEnergyCost=12.000000&transmitEnergyOverhead=40.000000````````````, ,
20140330_1337_40, Notification, XTEAM Engine, MRSV, 7, Simulation execution beginning, ,
20140330_1337_41, Notification, XTEAM Engine, MRSV, 8, Simulation execution beginning, ,
20140330_1337_57, Notification, XTEAM Engine, MRSV, 6, Simulation execution completion, ,
20140330_1337_57, XTEAM, XTEAM Engine, MRSV, , ,
20140330_1337_57, XTEAM, XTEAM Engine, MRSV, , ,
20140330_1337_57, XTEAM, XTEAM Engine, MRSV, , ,
20140330_1338_00, Notification, XTEAM Engine, MRSV, 7, Simulation execution completion, ,
20140330_1338_00, XTEAM, XTEAM Engine, MRSV, , ,
20140330_1338_00, XTEAM, XTEAM Engine, MRSV, , ,
20140330_1338_00, XTEAM, XTEAM Engine, MRSV, , ,
20140330_1338_01, Notification, XTEAM Engine, MRSV, 8, Simulation execution completion, ,
20140330_1338_01, XTEAM, XTEAM Engine, MRSV, , ,
20140330_1338_01, XTEAM, XTEAM Engine, MRSV, , ,
20140330_1338_01, XTEAM, XTEAM Engine, MRSV, , ,
20140330_1338_03, Design, CoWare XTEAM Client, participant_0, 7, X`f603f85b.e43844a4.b3627b58.f951dcdf`ATTR`Host_Temp`Host`MON::Set [Host]`Aspect=xADLCoreAspect&Position=1106.763`53c8e4c.6bec48b1.8f5efd8e.55e34f54`Architecture`MON::Model [Architecture]`receiveEnergyCost=13.000000&receiveEnergyOverhead=45.000000&transmitEnergyCost=12.000000&transmitEnergyOverhead=40.000000````````````, ,
20140330_1338_05, Design, CoWare XTEAM Client, participant_0, 8, X`f603f85b.e43844a4.b3627b58.f951dcdf`ATTR`Host_Temp`Host`MON::Set [Host]`Aspect=xADLCoreAspect&Position=1106.763`53c8e4c.6bec48b1.8f5efd8e.55e34f54`Architecture`MON::Model [Architecture]`receiveEnergyCost=2.000000&receiveEnergyOverhead=45.000000&transmitEnergyCost=12.000000&transmitEnergyOverhead=40.000000````````````, ,
20140330_1338_05, Notification, XTEAM Engine, MRSV, 9, Simulation execution beginning, ,
20140330_1338_06, Notification, XTEAM Engine, MRSV, 10, Simulation execution beginning, ,
20140330_1338_10, Design, CoWare XTEAM Client, participant_0, 9, X`f603f85b.e43844a4.b3627b58.f951dcdf`ATTR`Host_Temp`Host`MON::Set [Host]`Aspect=xADLCoreAspect&Position=1106.763`53c8e4c.6bec48b1.8f5efd8e.55e34f54`Architecture`MON::Model [Architecture]`receiveEnergyCost=20.000000&receiveEnergyOverhead=45.000000&transmitEnergyCost=12.000000&transmitEnergyOverhead=40.000000````````````, ,
20140330_1338_12, Design, CoWare XTEAM Client, participant_0, 10, X`f603f85b.e43844a4.b3627b58.f951dcdf`ATTR`Host_Temp`Host`MON::Set [Host]`Aspect=xADLCoreAspect&Position=1106.763`53c8e4c.6bec48b1.8f5efd8e.55e34f54`Architecture`MON::Model [Architecture]`receiveEnergyCost=20.000000&receiveEnergyOverhead=70.000000&transmitEnergyCost=12.000000&transmitEnergyOverhead=40.000000````````````, ,
20140330_1338_13, Notification, XTEAM Engine, MRSV, 11, Simulation execution beginning, ,
20140330_1338_14, Notification, XTEAM Engine, MRSV, 12, Simulation execution beginning, ,
20140330_1338_29, Notification, XTEAM Engine, MRSV, 10, Simulation execution completion, ,
20140330_1338_29, XTEAM, XTEAM Engine, MRSV, , ,
20140330_1338_29, XTEAM, XTEAM Engine, MRSV, , ,
20140330_1338_29, XTEAM, XTEAM Engine, MRSV, , ,
20140330_1338_31, Notification, XTEAM Engine, MRSV, 9, Simulation execution completion, ,
20140330_1338_31, XTEAM, XTEAM Engine, MRSV, , ,
20140330_1338_31, XTEAM, XTEAM Engine, MRSV, , ,
20140330_1338_31, XTEAM, XTEAM Engine, MRSV, , ,
20140330_1338_34, Notification, XTEAM Engine, MRSV, 11, Simulation execution completion, ,
20140330_1338_34, XTEAM, XTEAM Engine, MRSV, , ,
20140330_1338_34, XTEAM, XTEAM Engine, MRSV, , ,
20140330_1338_34, XTEAM, XTEAM Engine, MRSV, , ,
20140330_1338_35, Notification, XTEAM Engine, MRSV, 12, Simulation execution completion, ,
20140330_1338_35, XTEAM, XTEAM Engine, MRSV, , ,
20140330_1338_35, XTEAM, XTEAM Engine, MRSV, , ,
20140330_1338_35, XTEAM, XTEAM Engine, MRSV, , ,
20140330_1338_42, Design, CoWare XTEAM Client, participant_0, 11, X`94210f92.7f2948b5.85ae7022.b47edab9`ATTR`forward`Task`MON::Model [Task]`Aspect=xADLBehaviorAspect&Position=280.196`bae5c031.c23642cf.9833b82f.3b18d72d`Process`MON::Model [Process]`executionTime=7&memoryUsage=1&taskInstruction=````````````, ,
20140330_1338_42, Design, CoWare XTEAM Client, participant_0, 12, X`94210f92.7f2948b5.85ae7022.b47edab9`ATTR`forward`Task`MON::Model [Task]`Aspect=xADLBehaviorAspect&Position=280.196`bae5c031.c23642cf.9833b82f.3b18d72d`Process`MON::Model [Process]`executionTime=7&memoryUsage=15&taskInstruction=````````````, ,
20140330_1338_43, Notification, XTEAM Engine, MRSV, 13, Simulation execution beginning, ,
20140330_1338_44, Notification, XTEAM Engine, MRSV, 14, Simulation execution beginning, ,
20140330_1338_46, Design, CoWare XTEAM Client, participant_1, 3, X`422c11c0.c89a428f.838be7f4.7ffbcbd6`ATTR`generate`Task`MON::Model [Task]`Aspect=xADLBehaviorAspect&Position=231.196`f5e3fc53.9152438c.8adc2b0b.e095f1c6`Process`MON::Model [Process]`executionTime=4&memoryUsage=3&taskInstruction=nextRequest = new Request;|nextRequest->getRequestKind().value() = "Salinity";````````````, ,
20140330_1338_47, Notification, XTEAM Engine, MRSV, 15, Simulation execution beginning, ,
20140330_1338_53, Design, CoWare XTEAM Client, participant_1, 4, X`422c11c0.c89a428f.838be7f4.7ffbcbd6`ATTR`generate`Task`MON::Model [Task]`Aspect=xADLBehaviorAspect&Position=231.196`f5e3fc53.9152438c.8adc2b0b.e095f1c6`Process`MON::Model [Process]`executionTime=4&memoryUsage=250&taskInstruction=nextRequest = new Request;|nextRequest->getRequestKind().value() = "Salinity";````````````, ,
20140330_1338_54, Notification, XTEAM Engine, MRSV, 16, Simulation execution beginning, ,
20140330_1339_08, Notification, XTEAM Engine, MRSV, 14, Simulation execution completion, ,
20140330_1339_08, XTEAM, XTEAM Engine, MRSV, , ,
20140330_1339_08, XTEAM, XTEAM Engine, MRSV, , ,
20140330_1339_08, XTEAM, XTEAM Engine, MRSV, , ,
20140330_1339_08, Notification, XTEAM Engine, MRSV, 13, Simulation execution completion, ,
20140330_1339_08, XTEAM, XTEAM Engine, MRSV, , ,
20140330_1339_08, XTEAM, XTEAM Engine, MRSV, , ,
20140330_1339_08, XTEAM, XTEAM Engine, MRSV, , ,
20140330_1339_09, Notification, XTEAM Engine, MRSV, 15, Simulation execution completion, ,
20140330_1339_09, XTEAM, XTEAM Engine, MRSV, , ,
20140330_1339_09, XTEAM, XTEAM Engine, MRSV, , ,
20140330_1339_09, XTEAM, XTEAM Engine, MRSV, , ,
20140330_1339_16, Notification, XTEAM Engine, MRSV, 16, Simulation execution completion, ,
20140330_1339_16, XTEAM, XTEAM Engine, MRSV, , ,
20140330_1339_16, XTEAM, XTEAM Engine, MRSV, , ,
20140330_1339_16, XTEAM, XTEAM Engine, MRSV, , ,
20140330_1339_25, Design, CoWare XTEAM Client, participant_1, 5, X`26cde46c.9c5842b6.86a460a7.9af47b0b`ATTR`generate`Task`MON::Model [Task]`Aspect=xADLBehaviorAspect&Position=231.196`8bf46823.a38b47d7.afbbc04e.7988ae39`Process`MON::Model [Process]`executionTime=4&memoryUsage=3&taskInstruction=nextRequest = new Request;|nextRequest->getRequestKind().value() = "Salinity";````````````, ,
20140330_1339_27, Notification, XTEAM Engine, MRSV, 17, Simulation execution beginning, ,
20140330_1339_30, Design, CoWare XTEAM Client, participant_1, 6, X`26cde46c.9c5842b6.86a460a7.9af47b0b`ATTR`generate`Task`MON::Model [Task]`Aspect=xADLBehaviorAspect&Position=231.196`8bf46823.a38b47d7.afbbc04e.7988ae39`Process`MON::Model [Process]`executionTime=4&memoryUsage=250&taskInstruction=nextRequest = new Request;|nextRequest->getRequestKind().value() = "Salinity";````````````, ,
20140330_1339_31, Notification, XTEAM Engine, MRSV, 18, Simulation execution beginning, ,
20140330_1339_51, Notification, XTEAM Engine, MRSV, 17, Simulation execution completion, ,
20140330_1339_51, XTEAM, XTEAM Engine, MRSV, , ,
20140330_1339_51, XTEAM, XTEAM Engine, MRSV, , ,
20140330_1339_51, XTEAM, XTEAM Engine, MRSV, , ,
20140330_1339_57, Notification, XTEAM Engine, MRSV, 18, Simulation execution completion, ,
20140330_1339_57, XTEAM, XTEAM Engine, MRSV, , ,
20140330_1339_57, XTEAM, XTEAM Engine, MRSV, , ,
20140330_1339_57, XTEAM, XTEAM Engine, MRSV, , ,
20140330_1340_04, Design, CoWare XTEAM Client, participant_1, 7, X`3709314b.7a93486e.8dc9b26c.f4772d70`ATTR`Host_1`Host`MON::Set [Host]`Aspect=xADLCoreAspect&Position=42.49`53c8e4c.6bec48b1.8f5efd8e.55e34f54`Architecture`MON::Model [Architecture]`receiveEnergyCost=18.000000&receiveEnergyOverhead=48.000000&transmitEnergyCost=50.000000&transmitEnergyOverhead=45.000000````````````, ,
20140330_1340_05, Notification, XTEAM Engine, MRSV, 19, Simulation execution beginning, ,
20140330_1340_08, Design, CoWare XTEAM Client, participant_1, 8, X`3709314b.7a93486e.8dc9b26c.f4772d70`ATTR`Host_1`Host`MON::Set [Host]`Aspect=xADLCoreAspect&Position=42.49`53c8e4c.6bec48b1.8f5efd8e.55e34f54`Architecture`MON::Model [Architecture]`receiveEnergyCost=18.000000&receiveEnergyOverhead=48.000000&transmitEnergyCost=50.000000&transmitEnergyOverhead=200.000000````````````, ,
20140330_1340_10, Notification, XTEAM Engine, MRSV, 20, Simulation execution beginning, ,
20140330_1340_12, Design, CoWare XTEAM Client, participant_1, 9, X`3709314b.7a93486e.8dc9b26c.f4772d70`ATTR`Host_1`Host`MON::Set [Host]`Aspect=xADLCoreAspect&Position=42.49`53c8e4c.6bec48b1.8f5efd8e.55e34f54`Architecture`MON::Model [Architecture]`receiveEnergyCost=75.000000&receiveEnergyOverhead=48.000000&transmitEnergyCost=50.000000&transmitEnergyOverhead=200.000000````````````, ,
20140330_1340_14, Notification, XTEAM Engine, MRSV, 21, Simulation execution beginning, ,
20140330_1340_19, Design, CoWare XTEAM Client, participant_1, 10, X`3709314b.7a93486e.8dc9b26c.f4772d70`ATTR`Host_1`Host`MON::Set [Host]`Aspect=xADLCoreAspect&Position=42.49`53c8e4c.6bec48b1.8f5efd8e.55e34f54`Architecture`MON::Model [Architecture]`receiveEnergyCost=65.000000&receiveEnergyOverhead=48.000000&transmitEnergyCost=50.000000&transmitEnergyOverhead=200.000000````````````, ,
20140330_1340_21, Notification, XTEAM Engine, MRSV, 22, Simulation execution beginning, ,
20140330_1340_23, Design, CoWare XTEAM Client, participant_1, 11, X`3709314b.7a93486e.8dc9b26c.f4772d70`ATTR`Host_1`Host`MON::Set [Host]`Aspect=xADLCoreAspect&Position=42.49`53c8e4c.6bec48b1.8f5efd8e.55e34f54`Architecture`MON::Model [Architecture]`receiveEnergyCost=65.000000&receiveEnergyOverhead=240.000000&transmitEnergyCost=50.000000&transmitEnergyOverhead=200.000000````````````, ,
20140330_1340_24, Notification, XTEAM Engine, MRSV, 23, Simulation execution beginning, ,
20140330_1340_27, Notification, XTEAM Engine, MRSV, 19, Simulation execution completion, ,
20140330_1340_27, XTEAM, XTEAM Engine, MRSV, , ,
20140330_1340_27, XTEAM, XTEAM Engine, MRSV, , ,
20140330_1340_27, XTEAM, XTEAM Engine, MRSV, , ,
20140330_1340_33, Notification, XTEAM Engine, MRSV, 20, Simulation execution completion, ,
20140330_1340_33, XTEAM, XTEAM Engine, MRSV, , ,
20140330_1340_33, XTEAM, XTEAM Engine, MRSV, , ,
20140330_1340_33, XTEAM, XTEAM Engine, MRSV, , ,
20140330_1340_39, Notification, XTEAM Engine, MRSV, 21, Simulation execution completion, ,
20140330_1340_39, XTEAM, XTEAM Engine, MRSV, , ,
20140330_1340_39, XTEAM, XTEAM Engine, MRSV, , ,
20140330_1340_39, XTEAM, XTEAM Engine, MRSV, , ,
20140330_1340_44, Notification, XTEAM Engine, MRSV, 22, Simulation execution completion, ,
20140330_1340_44, XTEAM, XTEAM Engine, MRSV, , ,
20140330_1340_44, XTEAM, XTEAM Engine, MRSV, , ,
20140330_1340_44, XTEAM, XTEAM Engine, MRSV, , ,
20140330_1340_48, Notification, XTEAM Engine, MRSV, 23, Simulation execution completion, ,
20140330_1340_48, XTEAM, XTEAM Engine, MRSV, , ,
20140330_1340_48, XTEAM, XTEAM Engine, MRSV, , ,
20140330_1340_48, XTEAM, XTEAM Engine, MRSV, , ,
20140330_1340_50, Design, CoWare XTEAM Client, participant_1, 12, X`6e9c8fd6.f1e64dd2.b80f329b.5eaf84d5`ATTR`generate`Task`MON::Model [Task]`Aspect=xADLBehaviorAspect&Position=231.196`949ce290.11ad4a14.a3b729fe.76f3e91a`Process`MON::Model [Process]`executionTime=7&memoryUsage=3&taskInstruction=nextRequest = new Request;|nextRequest->getRequestKind().value() = "Salinity";````````````, ,
20140330_1340_51, Notification, XTEAM Engine, MRSV, 24, Simulation execution beginning, ,
20140330_1341_08, Design, CoWare XTEAM Client, participant_1, 13, X`1d380676.204a4521.b3bb7c52.2bae3451`ATTR`Host_2`Host`MON::Set [Host]`Aspect=xADLCoreAspect&Position=42.350`53c8e4c.6bec48b1.8f5efd8e.55e34f54`Architecture`MON::Model [Architecture]`receiveEnergyCost=18.000000&receiveEnergyOverhead=48.000000&transmitEnergyCost=50.000000&transmitEnergyOverhead=45.000000````````````, ,
20140330_1341_09, Notification, XTEAM Engine, MRSV, 25, Simulation execution beginning, ,
20140330_1341_10, Design, CoWare XTEAM Client, participant_1, 14, X`1d380676.204a4521.b3bb7c52.2bae3451`ATTR`Host_2`Host`MON::Set [Host]`Aspect=xADLCoreAspect&Position=42.350`53c8e4c.6bec48b1.8f5efd8e.55e34f54`Architecture`MON::Model [Architecture]`receiveEnergyCost=18.000000&receiveEnergyOverhead=48.000000&transmitEnergyCost=50.000000&transmitEnergyOverhead=200.000000````````````, ,
20140330_1341_12, Notification, XTEAM Engine, MRSV, 26, Simulation execution beginning, ,
20140330_1341_14, Design, CoWare XTEAM Client, participant_1, 15, X`1d380676.204a4521.b3bb7c52.2bae3451`ATTR`Host_2`Host`MON::Set [Host]`Aspect=xADLCoreAspect&Position=42.350`53c8e4c.6bec48b1.8f5efd8e.55e34f54`Architecture`MON::Model [Architecture]`receiveEnergyCost=65.000000&receiveEnergyOverhead=48.000000&transmitEnergyCost=50.000000&transmitEnergyOverhead=200.000000````````````, ,
20140330_1341_15, Notification, XTEAM Engine, MRSV, 24, Simulation execution completion, ,
20140330_1341_15, XTEAM, XTEAM Engine, MRSV, , ,
20140330_1341_15, XTEAM, XTEAM Engine, MRSV, , ,
20140330_1341_15, XTEAM, XTEAM Engine, MRSV, , ,
20140330_1341_16, Notification, XTEAM Engine, MRSV, 27, Simulation execution beginning, ,
20140330_1341_19, Design, CoWare XTEAM Client, participant_1, 16, X`1d380676.204a4521.b3bb7c52.2bae3451`ATTR`Host_2`Host`MON::Set [Host]`Aspect=xADLCoreAspect&Position=42.350`53c8e4c.6bec48b1.8f5efd8e.55e34f54`Architecture`MON::Model [Architecture]`receiveEnergyCost=65.000000&receiveEnergyOverhead=240.000000&transmitEnergyCost=50.000000&transmitEnergyOverhead=200.000000````````````, ,
20140330_1341_21, Notification, XTEAM Engine, MRSV, 28, Simulation execution beginning, ,
20140330_1341_39, Notification, XTEAM Engine, MRSV, 25, Simulation execution completion, ,
20140330_1341_39, XTEAM, XTEAM Engine, MRSV, , ,
20140330_1341_39, XTEAM, XTEAM Engine, MRSV, , ,
20140330_1341_39, XTEAM, XTEAM Engine, MRSV, , ,
20140330_1341_41, Notification, XTEAM Engine, MRSV, 26, Simulation execution completion, ,
20140330_1341_41, XTEAM, XTEAM Engine, MRSV, , ,
20140330_1341_41, XTEAM, XTEAM Engine, MRSV, , ,
20140330_1341_41, XTEAM, XTEAM Engine, MRSV, , ,
20140330_1341_41, Notification, XTEAM Engine, MRSV, 27, Simulation execution completion, ,
20140330_1341_41, XTEAM, XTEAM Engine, MRSV, , ,
20140330_1341_41, XTEAM, XTEAM Engine, MRSV, , ,
20140330_1341_41, XTEAM, XTEAM Engine, MRSV, , ,
20140330_1341_43, Design, CoWare XTEAM Client, participant_1, 17, X`422c11c0.c89a428f.838be7f4.7ffbcbd6`ATTR`generate`Task`MON::Model [Task]`Aspect=xADLBehaviorAspect&Position=231.196`f5e3fc53.9152438c.8adc2b0b.e095f1c6`Process`MON::Model [Process]`executionTime=6&memoryUsage=250&taskInstruction=nextRequest = new Request;|nextRequest->getRequestKind().value() = "Salinity";````````````, ,
20140330_1341_44, Notification, XTEAM Engine, MRSV, 28, Simulation execution completion, ,
20140330_1341_44, XTEAM, XTEAM Engine, MRSV, , ,
20140330_1341_44, XTEAM, XTEAM Engine, MRSV, , ,
20140330_1341_44, XTEAM, XTEAM Engine, MRSV, , ,
20140330_1341_45, Notification, XTEAM Engine, MRSV, 29, Simulation execution beginning, ,
20140330_1342_11, XTEAM, XTEAM Engine, MRSV, , ,
20140330_1342_11, XTEAM, XTEAM Engine, MRSV, , ,
20140330_1342_11, Notification, XTEAM Engine, MRSV, 29, Simulation execution completion, ,
20140330_1342_11, XTEAM, XTEAM Engine, MRSV, , ,
20140330_1351_01, Snapshot, CoWare XTEAM Client, participant_1, 18, ,
20140330_1351_03, Snapshot, CoWare XTEAM Client, participant_1, 19, ,
20140330_1351_09, Snapshot, CoWare XTEAM Client, participant_1, 20, ,
20140330_1352_33, Design, CoWare XTEAM Client, participant_1, 21, X`6e9c8fd6.f1e64dd2.b80f329b.5eaf84d5`ATTR`generate`Task`MON::Model [Task]`Aspect=xADLBehaviorAspect&Position=231.196`949ce290.11ad4a14.a3b729fe.76f3e91a`Process`MON::Model [Process]`executionTime=4&memoryUsage=3&taskInstruction=nextRequest = new Request;|nextRequest->getRequestKind().value() = "Salinity";````````````, ,
20140330_1352_34, Notification, XTEAM Engine, MRSV, 30, Simulation execution beginning, ,
20140330_1352_40, Design, CoWare XTEAM Client, participant_1, 22, X`6e9c8fd6.f1e64dd2.b80f329b.5eaf84d5`ATTR`generate`Task`MON::Model [Task]`Aspect=xADLBehaviorAspect&Position=231.196`949ce290.11ad4a14.a3b729fe.76f3e91a`Process`MON::Model [Process]`executionTime=4&memoryUsage=250&taskInstruction=nextRequest = new Request;|nextRequest->getRequestKind().value() = "Salinity";````````````, ,
20140330_1352_41, Notification, XTEAM Engine, MRSV, 31, Simulation execution beginning, ,
20140330_1352_59, Notification, XTEAM Engine, MRSV, 30, Simulation execution completion, ,
20140330_1352_59, XTEAM, XTEAM Engine, MRSV, , ,
20140330_1352_59, XTEAM, XTEAM Engine, MRSV, , ,
20140330_1352_59, XTEAM, XTEAM Engine, MRSV, , ,
20140330_1353_04, Notification, XTEAM Engine, MRSV, 31, Simulation execution completion, ,
20140330_1353_04, XTEAM, XTEAM Engine, MRSV, , ,
20140330_1353_04, XTEAM, XTEAM Engine, MRSV, , ,
20140330_1353_04, XTEAM, XTEAM Engine, MRSV, , ,
20140330_1354_37, Design, CoWare XTEAM Client, participant_0, 13, X`823be07d.a4c04349.bb5bd637.1efca24`ATTR`forward`Task`MON::Model [Task]`Aspect=xADLBehaviorAspect&Position=280.196`64012bb1.f194748.9fe467dc.cb2e84f5`Process`MON::Model [Process]`executionTime=0&memoryUsage=15&taskInstruction=````````````, ,
20140330_1354_38, Design, CoWare XTEAM Client, participant_0, 14, X`823be07d.a4c04349.bb5bd637.1efca24`ATTR`forward`Task`MON::Model [Task]`Aspect=xADLBehaviorAspect&Position=280.196`64012bb1.f194748.9fe467dc.cb2e84f5`Process`MON::Model [Process]`executionTime=0&memoryUsage=1&taskInstruction=````````````, ,
20140330_1354_39, Notification, XTEAM Engine, MRSV, 32, Simulation execution beginning, ,
20140330_1354_40, Notification, XTEAM Engine, MRSV, 33, Simulation execution beginning, ,
20140330_1354_43, Design, CoWare XTEAM Client, participant_0, 15, X`94210f92.7f2948b5.85ae7022.b47edab9`ATTR`forward`Task`MON::Model [Task]`Aspect=xADLBehaviorAspect&Position=280.196`bae5c031.c23642cf.9833b82f.3b18d72d`Process`MON::Model [Process]`executionTime=0&memoryUsage=15&taskInstruction=````````````, ,
20140330_1354_43, Design, CoWare XTEAM Client, participant_0, 16, X`94210f92.7f2948b5.85ae7022.b47edab9`ATTR`forward`Task`MON::Model [Task]`Aspect=xADLBehaviorAspect&Position=280.196`bae5c031.c23642cf.9833b82f.3b18d72d`Process`MON::Model [Process]`executionTime=0&memoryUsage=1&taskInstruction=````````````, ,
20140330_1354_44, Notification, XTEAM Engine, MRSV, 34, Simulation execution beginning, ,
20140330_1354_49, Notification, XTEAM Engine, MRSV, 35, Simulation execution beginning, ,
20140330_1355_07, Notification, XTEAM Engine, MRSV, 33, Simulation execution completion, ,
20140330_1355_07, XTEAM, XTEAM Engine, MRSV, , ,
20140330_1355_07, XTEAM, XTEAM Engine, MRSV, , ,
20140330_1355_07, XTEAM, XTEAM Engine, MRSV, , ,
20140330_1355_07, Notification, XTEAM Engine, MRSV, 32, Simulation execution completion, ,
20140330_1355_07, XTEAM, XTEAM Engine, MRSV, , ,
20140330_1355_07, XTEAM, XTEAM Engine, MRSV, , ,
20140330_1355_07, XTEAM, XTEAM Engine, MRSV, , ,
20140330_1355_10, Notification, XTEAM Engine, MRSV, 34, Simulation execution completion, ,
20140330_1355_10, XTEAM, XTEAM Engine, MRSV, , ,
20140330_1355_10, XTEAM, XTEAM Engine, MRSV, , ,
20140330_1355_10, XTEAM, XTEAM Engine, MRSV, , ,
20140330_1355_11, Notification, XTEAM Engine, MRSV, 35, Simulation execution completion, ,
20140330_1355_11, XTEAM, XTEAM Engine, MRSV, , ,
20140330_1355_11, XTEAM, XTEAM Engine, MRSV, , ,
20140330_1355_11, XTEAM, XTEAM Engine, MRSV, , ,
20140330_1358_05, Design, CoWare XTEAM Client, participant_1, 23, X`6e9c8fd6.f1e64dd2.b80f329b.5eaf84d5`ATTR`generate`Task`MON::Model [Task]`Aspect=xADLBehaviorAspect&Position=231.196`949ce290.11ad4a14.a3b729fe.76f3e91a`Process`MON::Model [Process]`executionTime=7&memoryUsage=250&taskInstruction=nextRequest = new Request;|nextRequest->getRequestKind().value() = "Salinity";````````````, ,
20140330_1358_07, Notification, XTEAM Engine, MRSV, 36, Simulation execution beginning, ,
20140330_1358_09, Design, CoWare XTEAM Client, participant_1, 24, X`6e9c8fd6.f1e64dd2.b80f329b.5eaf84d5`ATTR`generate`Task`MON::Model [Task]`Aspect=xADLBehaviorAspect&Position=231.196`949ce290.11ad4a14.a3b729fe.76f3e91a`Process`MON::Model [Process]`executionTime=7&memoryUsage=3&taskInstruction=nextRequest = new Request;|nextRequest->getRequestKind().value() = "Salinity";````````````, ,
20140330_1358_11, Notification, XTEAM Engine, MRSV, 37, Simulation execution beginning, ,
20140330_1358_34, Notification, XTEAM Engine, MRSV, 36, Simulation execution completion, ,
20140330_1358_34, XTEAM, XTEAM Engine, MRSV, , ,
20140330_1358_34, XTEAM, XTEAM Engine, MRSV, , ,
20140330_1358_34, XTEAM, XTEAM Engine, MRSV, , ,
20140330_1358_39, Notification, XTEAM Engine, MRSV, 37, Simulation execution completion, ,
20140330_1358_39, XTEAM, XTEAM Engine, MRSV, , ,
20140330_1358_39, XTEAM, XTEAM Engine, MRSV, , ,
20140330_1358_39, XTEAM, XTEAM Engine, MRSV, , ,
20140330_1358_48, Design, CoWare XTEAM Client, participant_1, 25, X`422c11c0.c89a428f.838be7f4.7ffbcbd6`ATTR`generate`Task`MON::Model [Task]`Aspect=xADLBehaviorAspect&Position=231.196`f5e3fc53.9152438c.8adc2b0b.e095f1c6`Process`MON::Model [Process]`executionTime=7&memoryUsage=250&taskInstruction=nextRequest = new Request;|nextRequest->getRequestKind().value() = "Salinity";````````````, ,
20140330_1358_49, Notification, XTEAM Engine, MRSV, 38, Simulation execution beginning, ,
20140330_1358_51, Design, CoWare XTEAM Client, participant_1, 26, X`422c11c0.c89a428f.838be7f4.7ffbcbd6`ATTR`generate`Task`MON::Model [Task]`Aspect=xADLBehaviorAspect&Position=231.196`f5e3fc53.9152438c.8adc2b0b.e095f1c6`Process`MON::Model [Process]`executionTime=7&memoryUsage=3&taskInstruction=nextRequest = new Request;|nextRequest->getRequestKind().value() = "Salinity";````````````, ,
20140330_1358_52, Notification, XTEAM Engine, MRSV, 39, Simulation execution beginning, ,
20140330_1359_01, Design, CoWare XTEAM Client, participant_1, 27, X`6f385993.f08a4164.b815faa2.88dc52fb`ATTR`Host_3`Host`MON::Set [Host]`Aspect=xADLCoreAspect&Position=42.630`53c8e4c.6bec48b1.8f5efd8e.55e34f54`Architecture`MON::Model [Architecture]`receiveEnergyCost=18.000000&receiveEnergyOverhead=48.000000&transmitEnergyCost=50.000000&transmitEnergyOverhead=45.000000````````````, ,
20140330_1359_02, Notification, XTEAM Engine, MRSV, 40, Simulation execution beginning, ,
20140330_1359_04, Design, CoWare XTEAM Client, participant_1, 28, X`6f385993.f08a4164.b815faa2.88dc52fb`ATTR`Host_3`Host`MON::Set [Host]`Aspect=xADLCoreAspect&Position=42.630`53c8e4c.6bec48b1.8f5efd8e.55e34f54`Architecture`MON::Model [Architecture]`receiveEnergyCost=18.000000&receiveEnergyOverhead=48.000000&transmitEnergyCost=50.000000&transmitEnergyOverhead=200.000000````````````, ,
20140330_1359_05, Notification, XTEAM Engine, MRSV, 41, Simulation execution beginning, ,
20140330_1359_07, Design, CoWare XTEAM Client, participant_1, 29, X`6f385993.f08a4164.b815faa2.88dc52fb`ATTR`Host_3`Host`MON::Set [Host]`Aspect=xADLCoreAspect&Position=42.630`53c8e4c.6bec48b1.8f5efd8e.55e34f54`Architecture`MON::Model [Architecture]`receiveEnergyCost=65.000000&receiveEnergyOverhead=48.000000&transmitEnergyCost=50.000000&transmitEnergyOverhead=200.000000````````````, ,
20140330_1359_08, Notification, XTEAM Engine, MRSV, 42, Simulation execution beginning, ,
20140330_1359_09, Notification, XTEAM Engine, MRSV, 38, Simulation execution completion, ,
20140330_1359_09, XTEAM, XTEAM Engine, MRSV, , ,
20140330_1359_09, XTEAM, XTEAM Engine, MRSV, , ,
20140330_1359_09, XTEAM, XTEAM Engine, MRSV, , ,
20140330_1359_10, Design, CoWare XTEAM Client, participant_1, 30, X`6f385993.f08a4164.b815faa2.88dc52fb`ATTR`Host_3`Host`MON::Set [Host]`Aspect=xADLCoreAspect&Position=42.630`53c8e4c.6bec48b1.8f5efd8e.55e34f54`Architecture`MON::Model [Architecture]`receiveEnergyCost=65.000000&receiveEnergyOverhead=240.000000&transmitEnergyCost=50.000000&transmitEnergyOverhead=200.000000````````````, ,
20140330_1359_11, Notification, XTEAM Engine, MRSV, 43, Simulation execution beginning, ,
20140330_1359_16, Notification, XTEAM Engine, MRSV, 39, Simulation execution completion, ,
20140330_1359_16, XTEAM, XTEAM Engine, MRSV, , ,
20140330_1359_16, XTEAM, XTEAM Engine, MRSV, , ,
20140330_1359_16, XTEAM, XTEAM Engine, MRSV, , ,
20140330_1359_24, Notification, XTEAM Engine, MRSV, 40, Simulation execution completion, ,
20140330_1359_24, XTEAM, XTEAM Engine, MRSV, , ,
20140330_1359_24, XTEAM, XTEAM Engine, MRSV, , ,
20140330_1359_24, XTEAM, XTEAM Engine, MRSV, , ,
20140330_1359_25, Notification, XTEAM Engine, MRSV, 41, Simulation execution completion, ,
20140330_1359_25, XTEAM, XTEAM Engine, MRSV, , ,
20140330_1359_25, XTEAM, XTEAM Engine, MRSV, , ,
20140330_1359_25, XTEAM, XTEAM Engine, MRSV, , ,
20140330_1359_33, Notification, XTEAM Engine, MRSV, 42, Simulation execution completion, ,
20140330_1359_33, XTEAM, XTEAM Engine, MRSV, , ,
20140330_1359_33, XTEAM, XTEAM Engine, MRSV, , ,
20140330_1359_33, XTEAM, XTEAM Engine, MRSV, , ,
20140330_1359_37, Notification, XTEAM Engine, MRSV, 43, Simulation execution completion, ,
20140330_1359_37, XTEAM, XTEAM Engine, MRSV, , ,
20140330_1359_37, XTEAM, XTEAM Engine, MRSV, , ,
20140330_1359_37, XTEAM, XTEAM Engine, MRSV, , ,
20140330_1401_13, Design, CoWare XTEAM Client, participant_0, 17, X`823be07d.a4c04349.bb5bd637.1efca24`ATTR`forward`Task`MON::Model [Task]`Aspect=xADLBehaviorAspect&Position=280.196`64012bb1.f194748.9fe467dc.cb2e84f5`Process`MON::Model [Process]`executionTime=0&memoryUsage=15&taskInstruction=````````````, ,
20140330_1401_14, Notification, XTEAM Engine, MRSV, 44, Simulation execution beginning, ,
20140330_1401_16, Design, CoWare XTEAM Client, participant_0, 18, X`94210f92.7f2948b5.85ae7022.b47edab9`ATTR`forward`Task`MON::Model [Task]`Aspect=xADLBehaviorAspect&Position=280.196`bae5c031.c23642cf.9833b82f.3b18d72d`Process`MON::Model [Process]`executionTime=0&memoryUsage=15&taskInstruction=````````````, ,
20140330_1401_18, Notification, XTEAM Engine, MRSV, 45, Simulation execution beginning, ,
20140330_1401_29, Design, CoWare XTEAM Client, participant_0, 19, X`cc6f3a99.39734696.be3c4499.34632100`ATTR`Host_Salinity`Host`MON::Set [Host]`Aspect=xADLCoreAspect&Position=966.763`53c8e4c.6bec48b1.8f5efd8e.55e34f54`Architecture`MON::Model [Architecture]`receiveEnergyCost=20.000000&receiveEnergyOverhead=70.000000&transmitEnergyCost=1.000000&transmitEnergyOverhead=40.000000````````````, ,
20140330_1401_30, Notification, XTEAM Engine, MRSV, 46, Simulation execution beginning, ,
20140330_1401_31, Design, CoWare XTEAM Client, participant_0, 20, X`cc6f3a99.39734696.be3c4499.34632100`ATTR`Host_Salinity`Host`MON::Set [Host]`Aspect=xADLCoreAspect&Position=966.763`53c8e4c.6bec48b1.8f5efd8e.55e34f54`Architecture`MON::Model [Architecture]`receiveEnergyCost=20.000000&receiveEnergyOverhead=70.000000&transmitEnergyCost=11.000000&transmitEnergyOverhead=40.000000````````````, ,
20140330_1401_33, Notification, XTEAM Engine, MRSV, 47, Simulation execution beginning, ,
20140330_1401_37, Design, CoWare XTEAM Client, participant_0, 21, X`cc6f3a99.39734696.be3c4499.34632100`ATTR`Host_Salinity`Host`MON::Set [Host]`Aspect=xADLCoreAspect&Position=966.763`53c8e4c.6bec48b1.8f5efd8e.55e34f54`Architecture`MON::Model [Architecture]`receiveEnergyCost=13.000000&receiveEnergyOverhead=70.000000&transmitEnergyCost=11.000000&transmitEnergyOverhead=40.000000````````````, ,
20140330_1401_38, Notification, XTEAM Engine, MRSV, 48, Simulation execution beginning, ,
20140330_1401_39, Notification, XTEAM Engine, MRSV, 44, Simulation execution completion, ,
20140330_1401_39, XTEAM, XTEAM Engine, MRSV, , ,
20140330_1401_39, XTEAM, XTEAM Engine, MRSV, , ,
20140330_1401_39, XTEAM, XTEAM Engine, MRSV, , ,
20140330_1401_41, Design, CoWare XTEAM Client, participant_0, 22, X`cc6f3a99.39734696.be3c4499.34632100`ATTR`Host_Salinity`Host`MON::Set [Host]`Aspect=xADLCoreAspect&Position=966.763`53c8e4c.6bec48b1.8f5efd8e.55e34f54`Architecture`MON::Model [Architecture]`receiveEnergyCost=13.000000&receiveEnergyOverhead=45.000000&transmitEnergyCost=11.000000&transmitEnergyOverhead=40.000000````````````, ,
20140330_1401_42, Notification, XTEAM Engine, MRSV, 49, Simulation execution beginning, ,
20140330_1401_44, Notification, XTEAM Engine, MRSV, 45, Simulation execution completion, ,
20140330_1401_44, XTEAM, XTEAM Engine, MRSV, , ,
20140330_1401_44, XTEAM, XTEAM Engine, MRSV, , ,
20140330_1401_44, XTEAM, XTEAM Engine, MRSV, , ,
20140330_1401_45, Design, CoWare XTEAM Client, participant_0, 23, X`f603f85b.e43844a4.b3627b58.f951dcdf`ATTR`Host_Temp`Host`MON::Set [Host]`Aspect=xADLCoreAspect&Position=1106.763`53c8e4c.6bec48b1.8f5efd8e.55e34f54`Architecture`MON::Model [Architecture]`receiveEnergyCost=20.000000&receiveEnergyOverhead=70.000000&transmitEnergyCost=11.000000&transmitEnergyOverhead=40.000000````````````, ,
20140330_1401_46, Notification, XTEAM Engine, MRSV, 50, Simulation execution beginning, ,
20140330_1401_49, Design, CoWare XTEAM Client, participant_0, 24, X`f603f85b.e43844a4.b3627b58.f951dcdf`ATTR`Host_Temp`Host`MON::Set [Host]`Aspect=xADLCoreAspect&Position=1106.763`53c8e4c.6bec48b1.8f5efd8e.55e34f54`Architecture`MON::Model [Architecture]`receiveEnergyCost=13.000000&receiveEnergyOverhead=70.000000&transmitEnergyCost=11.000000&transmitEnergyOverhead=40.000000````````````, ,
20140330_1401_51, Design, CoWare XTEAM Client, participant_0, 25, X`f603f85b.e43844a4.b3627b58.f951dcdf`ATTR`Host_Temp`Host`MON::Set [Host]`Aspect=xADLCoreAspect&Position=1106.763`53c8e4c.6bec48b1.8f5efd8e.55e34f54`Architecture`MON::Model [Architecture]`receiveEnergyCost=13.000000&receiveEnergyOverhead=45.000000&transmitEnergyCost=11.000000&transmitEnergyOverhead=40.000000````````````, ,
20140330_1401_53, Notification, XTEAM Engine, MRSV, 51, Simulation execution beginning, ,
20140330_1401_53, Notification, XTEAM Engine, MRSV, 46, Simulation execution completion, ,
20140330_1401_53, XTEAM, XTEAM Engine, MRSV, , ,
20140330_1401_53, XTEAM, XTEAM Engine, MRSV, , ,
20140330_1401_53, XTEAM, XTEAM Engine, MRSV, , ,
20140330_1401_54, Notification, XTEAM Engine, MRSV, 52, Simulation execution beginning, ,
20140330_1401_54, Notification, XTEAM Engine, MRSV, 47, Simulation execution completion, ,
20140330_1401_54, XTEAM, XTEAM Engine, MRSV, , ,
20140330_1401_54, XTEAM, XTEAM Engine, MRSV, , ,
20140330_1401_54, XTEAM, XTEAM Engine, MRSV, , ,
20140330_1402_13, Notification, XTEAM Engine, MRSV, 48, Simulation execution completion, ,
20140330_1402_13, XTEAM, XTEAM Engine, MRSV, , ,
20140330_1402_13, XTEAM, XTEAM Engine, MRSV, , ,
20140330_1402_13, Notification, XTEAM Engine, MRSV, 49, Simulation execution completion, ,
20140330_1402_13, XTEAM, XTEAM Engine, MRSV, , ,
20140330_1402_13, XTEAM, XTEAM Engine, MRSV, , ,
20140330_1402_13, XTEAM, XTEAM Engine, MRSV, , ,
20140330_1402_13, XTEAM, XTEAM Engine, MRSV, , ,
20140330_1402_17, Notification, XTEAM Engine, MRSV, 50, Simulation execution completion, ,
20140330_1402_17, XTEAM, XTEAM Engine, MRSV, , ,
20140330_1402_17, XTEAM, XTEAM Engine, MRSV, , ,
20140330_1402_17, XTEAM, XTEAM Engine, MRSV, , ,
20140330_1402_21, Notification, XTEAM Engine, MRSV, 52, Simulation execution completion, ,
20140330_1402_21, XTEAM, XTEAM Engine, MRSV, , ,
20140330_1402_21, XTEAM, XTEAM Engine, MRSV, , ,
20140330_1402_21, XTEAM, XTEAM Engine, MRSV, , ,
20140330_1402_21, Notification, XTEAM Engine, MRSV, 51, Simulation execution completion, ,
20140330_1402_21, XTEAM, XTEAM Engine, MRSV, , ,
20140330_1402_21, XTEAM, XTEAM Engine, MRSV, , ,
20140330_1402_21, XTEAM, XTEAM Engine, MRSV, , ,
20140330_1403_30, Snapshot, CoWare XTEAM Client, participant_1, 31, ,
20140330_1403_31, Snapshot, CoWare XTEAM Client, participant_1, 32, ,
20140330_1403_36, Snapshot, CoWare XTEAM Client, participant_1, 33, ,
20140330_1403_41, Snapshot, CoWare XTEAM Client, participant_1, 34, ,
20140330_1404_09, Design, CoWare XTEAM Client, participant_1, 35, X`f5e3fc53.9152438c.8adc2b0b.e095f1c6`REGISTRY`generateRequest`Process`MON::Model [Process]`Aspect=xADLBehaviorAspect&Position=98.126`16be4b61.553e4d03.8cbe8e19.cd3485fc`Component`MON::Model [Component]`initialProcess=true````````````, ,
20140330_1404_11, Notification, XTEAM Engine, MRSV, 53, Simulation execution beginning, ,
20140330_1404_20, Design, CoWare XTEAM Client, participant_1, 36, X`422c11c0.c89a428f.838be7f4.7ffbcbd6`ATTR`generate`Task`MON::Model [Task]`Aspect=xADLBehaviorAspect&Position=231.196`f5e3fc53.9152438c.8adc2b0b.e095f1c6`Process`MON::Model [Process]`executionTime=6&memoryUsage=3&taskInstruction=nextRequest = new Request;|nextRequest->getRequestKind().value() = "Salinity";````````````, ,
20140330_1404_21, Notification, XTEAM Engine, MRSV, 54, Simulation execution beginning, ,
20140330_1404_23, Design, CoWare XTEAM Client, participant_1, 37, X`422c11c0.c89a428f.838be7f4.7ffbcbd6`ATTR`generate`Task`MON::Model [Task]`Aspect=xADLBehaviorAspect&Position=231.196`f5e3fc53.9152438c.8adc2b0b.e095f1c6`Process`MON::Model [Process]`executionTime=6&memoryUsage=250&taskInstruction=nextRequest = new Request;|nextRequest->getRequestKind().value() = "Salinity";````````````, ,
20140330_1404_25, Notification, XTEAM Engine, MRSV, 55, Simulation execution beginning, ,
20140330_1404_37, Design, CoWare XTEAM Client, participant_1, 38, X`6f385993.f08a4164.b815faa2.88dc52fb`ATTR`Host_3`Host`MON::Set [Host]`Aspect=xADLCoreAspect&Position=42.630`53c8e4c.6bec48b1.8f5efd8e.55e34f54`Architecture`MON::Model [Architecture]`receiveEnergyCost=65.000000&receiveEnergyOverhead=240.000000&transmitEnergyCost=12.000000&transmitEnergyOverhead=200.000000````````````, ,
20140330_1404_38, Notification, XTEAM Engine, MRSV, 53, Simulation execution completion, ,
20140330_1404_38, XTEAM, XTEAM Engine, MRSV, , ,
20140330_1404_38, XTEAM, XTEAM Engine, MRSV, , ,
20140330_1404_38, XTEAM, XTEAM Engine, MRSV, , ,
20140330_1404_38, Notification, XTEAM Engine, MRSV, 56, Simulation execution beginning, ,
20140330_1404_40, Design, CoWare XTEAM Client, participant_1, 39, X`6f385993.f08a4164.b815faa2.88dc52fb`ATTR`Host_3`Host`MON::Set [Host]`Aspect=xADLCoreAspect&Position=42.630`53c8e4c.6bec48b1.8f5efd8e.55e34f54`Architecture`MON::Model [Architecture]`receiveEnergyCost=65.000000&receiveEnergyOverhead=240.000000&transmitEnergyCost=12.000000&transmitEnergyOverhead=45.000000````````````, ,
20140330_1404_42, Notification, XTEAM Engine, MRSV, 57, Simulation execution beginning, ,
20140330_1404_44, Design, CoWare XTEAM Client, participant_1, 40, X`6f385993.f08a4164.b815faa2.88dc52fb`ATTR`Host_3`Host`MON::Set [Host]`Aspect=xADLCoreAspect&Position=42.630`53c8e4c.6bec48b1.8f5efd8e.55e34f54`Architecture`MON::Model [Architecture]`receiveEnergyCost=18.000000&receiveEnergyOverhead=240.000000&transmitEnergyCost=12.000000&transmitEnergyOverhead=45.000000````````````, ,
20140330_1404_45, Notification, XTEAM Engine, MRSV, 58, Simulation execution beginning, ,
20140330_1404_49, Design, CoWare XTEAM Client, participant_1, 41, X`6f385993.f08a4164.b815faa2.88dc52fb`ATTR`Host_3`Host`MON::Set [Host]`Aspect=xADLCoreAspect&Position=42.630`53c8e4c.6bec48b1.8f5efd8e.55e34f54`Architecture`MON::Model [Architecture]`receiveEnergyCost=18.000000&receiveEnergyOverhead=48.000000&transmitEnergyCost=12.000000&transmitEnergyOverhead=45.000000````````````, ,
20140330_1404_57, Snapshot, CoWare XTEAM Client, participant_1, 43, ,
20140330_1404_56, Snapshot, CoWare XTEAM Client, participant_1, 42, ,
20140330_1404_59, Notification, XTEAM Engine, MRSV, 59, Simulation execution beginning, ,
20140330_1405_01, Notification, XTEAM Engine, MRSV, 55, Simulation execution completion, ,
20140330_1405_01, XTEAM, XTEAM Engine, MRSV, , ,
20140330_1405_01, XTEAM, XTEAM Engine, MRSV, , ,
20140330_1405_01, XTEAM, XTEAM Engine, MRSV, , ,
20140330_1405_01, Notification, XTEAM Engine, MRSV, 54, Simulation execution completion, ,
20140330_1405_01, XTEAM, XTEAM Engine, MRSV, , ,
20140330_1405_01, XTEAM, XTEAM Engine, MRSV, , ,
20140330_1405_01, XTEAM, XTEAM Engine, MRSV, , ,
20140330_1405_10, Notification, XTEAM Engine, MRSV, 56, Simulation execution completion, ,
20140330_1405_10, XTEAM, XTEAM Engine, MRSV, , ,
20140330_1405_10, XTEAM, XTEAM Engine, MRSV, , ,
20140330_1405_10, XTEAM, XTEAM Engine, MRSV, , ,
20140330_1405_13, Notification, XTEAM Engine, MRSV, 57, Simulation execution completion, ,
20140330_1405_13, XTEAM, XTEAM Engine, MRSV, , ,
20140330_1405_13, XTEAM, XTEAM Engine, MRSV, , ,
20140330_1405_13, XTEAM, XTEAM Engine, MRSV, , ,
20140330_1405_15, Notification, XTEAM Engine, MRSV, 58, Simulation execution completion, ,
20140330_1405_15, XTEAM, XTEAM Engine, MRSV, , ,
20140330_1405_15, XTEAM, XTEAM Engine, MRSV, , ,
20140330_1405_15, XTEAM, XTEAM Engine, MRSV, , ,
20140330_1405_20, Notification, XTEAM Engine, MRSV, 59, Simulation execution completion, ,
20140330_1405_20, XTEAM, XTEAM Engine, MRSV, , ,
20140330_1405_20, XTEAM, XTEAM Engine, MRSV, , ,
20140330_1405_20, XTEAM, XTEAM Engine, MRSV, , ,
20140330_1405_36, Design, CoWare XTEAM Client, participant_1, 44, X`26cde46c.9c5842b6.86a460a7.9af47b0b`ATTR`generate`Task`MON::Model [Task]`Aspect=xADLBehaviorAspect&Position=231.196`8bf46823.a38b47d7.afbbc04e.7988ae39`Process`MON::Model [Process]`executionTime=4&memoryUsage=250&taskInstruction=nextRequest = new Request;|nextRequest->getRequestKind().value() = "Salinity";````````````, ,
20140330_1405_37, Notification, XTEAM Engine, MRSV, 60, Simulation execution beginning, ,
20140330_1405_55, Design, CoWare XTEAM Client, participant_1, 45, X`26cde46c.9c5842b6.86a460a7.9af47b0b`ATTR`generate`Task`MON::Model [Task]`Aspect=xADLBehaviorAspect&Position=231.196`8bf46823.a38b47d7.afbbc04e.7988ae39`Process`MON::Model [Process]`executionTime=6&memoryUsage=250&taskInstruction=nextRequest = new Request;|nextRequest->getRequestKind().value() = "Salinity";````````````, ,
20140330_1405_56, Notification, XTEAM Engine, MRSV, 61, Simulation execution beginning, ,
20140330_1406_02, Notification, XTEAM Engine, MRSV, 60, Simulation execution completion, ,
20140330_1406_02, XTEAM, XTEAM Engine, MRSV, , ,
20140330_1406_02, XTEAM, XTEAM Engine, MRSV, , ,
20140330_1406_02, XTEAM, XTEAM Engine, MRSV, , ,
20140330_1406_04, Design, CoWare XTEAM Client, participant_1, 46, X`3709314b.7a93486e.8dc9b26c.f4772d70`ATTR`Host_1`Host`MON::Set [Host]`Aspect=xADLCoreAspect&Position=42.49`53c8e4c.6bec48b1.8f5efd8e.55e34f54`Architecture`MON::Model [Architecture]`receiveEnergyCost=65.000000&receiveEnergyOverhead=240.000000&transmitEnergyCost=15.000000&transmitEnergyOverhead=200.000000````````````, ,
20140330_1406_05, Notification, XTEAM Engine, MRSV, 62, Simulation execution beginning, ,
20140330_1406_08, Design, CoWare XTEAM Client, participant_1, 47, X`3709314b.7a93486e.8dc9b26c.f4772d70`ATTR`Host_1`Host`MON::Set [Host]`Aspect=xADLCoreAspect&Position=42.49`53c8e4c.6bec48b1.8f5efd8e.55e34f54`Architecture`MON::Model [Architecture]`receiveEnergyCost=65.000000&receiveEnergyOverhead=240.000000&transmitEnergyCost=15.000000&transmitEnergyOverhead=48.000000````````````, ,
20140330_1406_09, Notification, XTEAM Engine, MRSV, 63, Simulation execution beginning, ,
20140330_1406_14, Design, CoWare XTEAM Client, participant_1, 48, X`3709314b.7a93486e.8dc9b26c.f4772d70`ATTR`Host_1`Host`MON::Set [Host]`Aspect=xADLCoreAspect&Position=42.49`53c8e4c.6bec48b1.8f5efd8e.55e34f54`Architecture`MON::Model [Architecture]`receiveEnergyCost=65.000000&receiveEnergyOverhead=240.000000&transmitEnergyCost=12.000000&transmitEnergyOverhead=48.000000````````````, ,
20140330_1406_15, Notification, XTEAM Engine, MRSV, 64, Simulation execution beginning, ,
20140330_1406_17, Notification, XTEAM Engine, MRSV, 61, Simulation execution completion, ,
20140330_1406_17, XTEAM, XTEAM Engine, MRSV, , ,
20140330_1406_17, XTEAM, XTEAM Engine, MRSV, , ,
20140330_1406_17, XTEAM, XTEAM Engine, MRSV, , ,
20140330_1406_18, Design, CoWare XTEAM Client, participant_1, 49, X`3709314b.7a93486e.8dc9b26c.f4772d70`ATTR`Host_1`Host`MON::Set [Host]`Aspect=xADLCoreAspect&Position=42.49`53c8e4c.6bec48b1.8f5efd8e.55e34f54`Architecture`MON::Model [Architecture]`receiveEnergyCost=65.000000&receiveEnergyOverhead=240.000000&transmitEnergyCost=12.000000&transmitEnergyOverhead=45.000000````````````, ,
20140330_1406_19, Notification, XTEAM Engine, MRSV, 65, Simulation execution beginning, ,
20140330_1406_23, Design, CoWare XTEAM Client, participant_1, 50, X`3709314b.7a93486e.8dc9b26c.f4772d70`ATTR`Host_1`Host`MON::Set [Host]`Aspect=xADLCoreAspect&Position=42.49`53c8e4c.6bec48b1.8f5efd8e.55e34f54`Architecture`MON::Model [Architecture]`receiveEnergyCost=18.000000&receiveEnergyOverhead=240.000000&transmitEnergyCost=12.000000&transmitEnergyOverhead=45.000000````````````, ,
20140330_1406_26, Notification, XTEAM Engine, MRSV, 66, Simulation execution beginning, ,
20140330_1406_31, Notification, XTEAM Engine, MRSV, 62, Simulation execution completion, ,
20140330_1406_31, XTEAM, XTEAM Engine, MRSV, , ,
20140330_1406_31, XTEAM, XTEAM Engine, MRSV, , ,
20140330_1406_31, XTEAM, XTEAM Engine, MRSV, , ,
20140330_1406_32, Design, CoWare XTEAM Client, participant_1, 51, X`3709314b.7a93486e.8dc9b26c.f4772d70`ATTR`Host_1`Host`MON::Set [Host]`Aspect=xADLCoreAspect&Position=42.49`53c8e4c.6bec48b1.8f5efd8e.55e34f54`Architecture`MON::Model [Architecture]`receiveEnergyCost=18.000000&receiveEnergyOverhead=48.000000&transmitEnergyCost=12.000000&transmitEnergyOverhead=45.000000````````````, ,
20140330_1406_36, Notification, XTEAM Engine, MRSV, 67, Simulation execution beginning, ,
20140330_1406_39, Notification, XTEAM Engine, MRSV, 63, Simulation execution completion, ,
20140330_1406_39, XTEAM, XTEAM Engine, MRSV, , ,
20140330_1406_39, XTEAM, XTEAM Engine, MRSV, , ,
20140330_1406_39, XTEAM, XTEAM Engine, MRSV, , ,
20140330_1406_49, Notification, XTEAM Engine, MRSV, 64, Simulation execution completion, ,
20140330_1406_49, XTEAM, XTEAM Engine, MRSV, , ,
20140330_1406_49, XTEAM, XTEAM Engine, MRSV, , ,
20140330_1406_49, XTEAM, XTEAM Engine, MRSV, , ,
20140330_1406_56, Notification, XTEAM Engine, MRSV, 65, Simulation execution completion, ,
20140330_1406_56, XTEAM, XTEAM Engine, MRSV, , ,
20140330_1406_56, XTEAM, XTEAM Engine, MRSV, , ,
20140330_1406_56, XTEAM, XTEAM Engine, MRSV, , ,
20140330_1407_00, Notification, XTEAM Engine, MRSV, 66, Simulation execution completion, ,
20140330_1407_00, XTEAM, XTEAM Engine, MRSV, , ,
20140330_1407_00, XTEAM, XTEAM Engine, MRSV, , ,
20140330_1407_00, XTEAM, XTEAM Engine, MRSV, , ,
20140330_1407_05, Notification, XTEAM Engine, MRSV, 67, Simulation execution completion, ,
20140330_1407_05, XTEAM, XTEAM Engine, MRSV, , ,
20140330_1407_05, XTEAM, XTEAM Engine, MRSV, , ,
20140330_1407_05, XTEAM, XTEAM Engine, MRSV, , ,
